<?xml version="1.0" encoding="UTF-8" standalone="no" ?>
<COLLADA version="1.4.1" xmlns="http://www.collada.org/2005/11/COLLADASchema">

  <asset>
    <contributor>
      <authoring_tool>ONSHAPE BY PTC INC, 1.198</authoring_tool>
    </contributor>
    <created>2025-06-01T08:32:22</created>
    <modified>2025-06-01T08:32:22</modified>
    <unit meter="1" name="meters"/>
    <up_axis>Z_UP</up_axis>
  </asset>

  <library_materials>
    <material id="ID9" name="ID9">
      <instance_effect url="#ID9-fx"/>
    </material>
    <material id="ID16" name="ID16">
      <instance_effect url="#ID16-fx"/>
    </material>
    <material id="ID23" name="ID23">
      <instance_effect url="#ID23-fx"/>
    </material>
    <material id="ID30" name="ID30">
      <instance_effect url="#ID30-fx"/>
    </material>
    <material id="ID37" name="ID37">
      <instance_effect url="#ID37-fx"/>
    </material>
    <material id="ID44" name="ID44">
      <instance_effect url="#ID44-fx"/>
    </material>
  </library_materials>

  <library_effects>
    <effect id="ID9-fx" name="ID9">
      <profile_COMMON>
        <technique sid="COMMON">
          <lambert>
            <diffuse>
              <color sid="diffuse">0.968627 0.52549 0.00392157 1</color>
            </diffuse>
            <transparent opaque="A_ONE">
              <color sid="transparent">1 1 1 1</color>
            </transparent>
            <transparency>
              <float sid="transparency">1</float>
            </transparency>
          </lambert>
        </technique>
        <extra>
          <technique profile="OTHER">
            <double_sided>1</double_sided>
          </technique>
        </extra>
      </profile_COMMON>
    </effect>
    <effect id="ID16-fx" name="ID16">
      <profile_COMMON>
        <technique sid="COMMON">
          <lambert>
            <diffuse>
              <color sid="diffuse">0.764706 0.886275 0.94902 1</color>
            </diffuse>
            <transparent opaque="A_ONE">
              <color sid="transparent">1 1 1 1</color>
            </transparent>
            <transparency>
              <float sid="transparency">1</float>
            </transparency>
          </lambert>
        </technique>
        <extra>
          <technique profile="OTHER">
            <double_sided>1</double_sided>
          </technique>
        </extra>
      </profile_COMMON>
    </effect>
    <effect id="ID23-fx" name="ID23">
      <profile_COMMON>
        <technique sid="COMMON">
          <lambert>
            <diffuse>
              <color sid="diffuse">0.231373 0.376471 0.705882 1</color>
            </diffuse>
            <transparent opaque="A_ONE">
              <color sid="transparent">1 1 1 1</color>
            </transparent>
            <transparency>
              <float sid="transparency">1</float>
            </transparency>
          </lambert>
        </technique>
        <extra>
          <technique profile="OTHER">
            <double_sided>1</double_sided>
          </technique>
        </extra>
      </profile_COMMON>
    </effect>
    <effect id="ID30-fx" name="ID30">
      <profile_COMMON>
        <technique sid="COMMON">
          <lambert>
            <diffuse>
              <color sid="diffuse">0.913725 0.913725 0.913725 1</color>
            </diffuse>
            <transparent opaque="A_ONE">
              <color sid="transparent">1 1 1 1</color>
            </transparent>
            <transparency>
              <float sid="transparency">1</float>
            </transparency>
          </lambert>
        </technique>
        <extra>
          <technique profile="OTHER">
            <double_sided>1</double_sided>
          </technique>
        </extra>
      </profile_COMMON>
    </effect>
    <effect id="ID37-fx" name="ID37">
      <profile_COMMON>
        <technique sid="COMMON">
          <lambert>
            <diffuse>
              <color sid="diffuse">0.615686 0.811765 0.92549 1</color>
            </diffuse>
            <transparent opaque="A_ONE">
              <color sid="transparent">1 1 1 1</color>
            </transparent>
            <transparency>
              <float sid="transparency">1</float>
            </transparency>
          </lambert>
        </technique>
        <extra>
          <technique profile="OTHER">
            <double_sided>1</double_sided>
          </technique>
        </extra>
      </profile_COMMON>
    </effect>
    <effect id="ID44-fx" name="ID44">
      <profile_COMMON>
        <technique sid="COMMON">
          <lambert>
            <diffuse>
              <color sid="diffuse">0.647059 0.647059 0.647059 1</color>
            </diffuse>
            <transparent opaque="A_ONE">
              <color sid="transparent">1 1 1 1</color>
            </transparent>
            <transparency>
              <float sid="transparency">1</float>
            </transparency>
          </lambert>
        </technique>
        <extra>
          <technique profile="OTHER">
            <double_sided>1</double_sided>
          </technique>
        </extra>
      </profile_COMMON>
    </effect>
  </library_effects>

  <library_geometries>
    <geometry id="ID3">
      <mesh>
        <source id="ID4">
          <float_array count="3396" id="ID5">-0.0153802 0.0472441 0 -0.0178058 0.0472289 0.01524 -0.0178058 0.0472289 -7.10543e-18 -0.0153756 0.0472441 0.01524 0.0169021 0.0472104 3.55271e-18 -0.0153756 0.0472441 0.01524 -0.0153802 0.0472441 0 0.0169021 0.0472104 0.01524 0.0193492 0.0472104 0 0.0169021 0.0472104 0.01524 0.0169021 0.0472104 3.55271e-18 0.0193492 0.0472104 0.01524 0.0214148 0.0540571 -7.10543e-18 0.0218729 0.050038 0.01524 0.0218729 0.050038 -7.10543e-18 0.0214148 0.0540571 0.01524 -0.0172966 0.0560824 -7.10543e-18 0.0188752 0.0563095 0.01524 0.0188752 0.0563095 -7.10543e-18 -0.0172966 0.0560824 0.01524 -0.020336 0.0501293 -1.06581e-17 -0.019795 0.0539029 0.01524 -0.019795 0.0539029 -1.06581e-17 -0.020336 0.0501293 0.01524 0.0193492 0.0497504 0.01778 0.0188911 0.0537695 0.01778 0.0169022 0.0497504 0.01778 -0.0172807 0.0535424 0.01778 -0.0153869 0.0497841 0.01778 -0.0178218 0.0497688 0.01778 -0.0172966 0.0560824 -7.10543e-18 -0.0180967 0.0559908 0 -0.0177154 0.0560581 0 0.0195074 0.0562637 0 0.0198173 0.0561958 0 0.0188752 0.0563095 -7.10543e-18 0.0191922 0.0562999 0 0.0201166 0.0560904 0 0.0203975 0.0559432 0 0.0208696 0.0555234 0 0.0206511 0.0557529 0 0.0210487 0.0552621 0 0.0211889 0.054978 0 0.0212935 0.0546789 0 0.0213674 0.0543707 0 0.0214148 0.0540571 -7.10543e-18 -0.0184404 0.0558804 0 -0.0187465 0.055727 0 -0.0190151 0.0555306 0 -0.0192462 0.0552912 0 -0.0194397 0.0550087 0 -0.0195957 0.0546831 0 -0.0197141 0.0543145 0 -0.019795 0.0539029 -1.06581e-17 -0.020336 0.0501293 -1.06581e-17 0.0218729 0.050038 -7.10543e-18 -0.020392 0.0491957 0 -0.0203971 0.0494623 0 -0.0153802 0.0472441 0 -0.0203784 0.0497735 0 -0.0195832 0.0476515 0 -0.0198151 0.0478417 0 -0.0201615 0.0483175 0 -0.0202749 0.0485914 0 -0.0187245 0.047297 0 -0.0178058 0.0472289 -7.10543e-18 -0.0181543 0.0472331 0 -0.019313 0.0474946 0 -0.0190165 0.047375 0 -0.0184261 0.0472505 0 -0.0200085 0.0480653 0 -0.0203523 0.048891 0 0.0169021 0.0472104 3.55271e-18 0.0217718 0.0485506 0 0.0218562 0.0488497 0 0.0202568 0.0472863 0 0.0196972 0.0472188 0 0.0193492 0.0472104 0 0.0199998 0.0472441 0 0.0205448 0.0473668 0 0.0208234 0.0474826 0 0.0210737 0.0476292 0 0.0214918 0.0480251 0 0.0212986 0.0478101 0 0.0216495 0.0482719 0 0.0219017 0.0491411 0 0.0219161 0.0494347 0 0.021905 0.0497002 0 -0.0198151 0.0478417 0 -0.0195832 0.0476515 0 -0.0197536 0.0477853 0.01524 -0.0199126 0.0479447 0.01524 -0.0200085 0.0480653 0 -0.0200491 0.0481235 0.01524 -0.0201615 0.0483175 0 -0.0201629 0.0483209 0.01524 -0.0202541 0.0485333 0.01524 -0.0203227 0.0487576 0.01524 -0.0202749 0.0485914 0 -0.0203691 0.0489895 0.01524 -0.0203523 0.048891 0 -0.020392 0.0491957 0 -0.0203942 0.0492242 0.01524 -0.0203971 0.0494623 0 -0.0204003 0.0494567 0.01524 -0.0203899 0.0496858 0.01524 -0.0203784 0.0497735 0 -0.0203667 0.0499098 0.01524 -0.020336 0.0501293 -1.06581e-17 -0.020336 0.0501293 0.01524 -0.019574 0.0476458 0.01524 -0.0193751 0.0475266 0.01524 -0.019313 0.0474946 0 -0.0190165 0.047375 0 -0.0191617 0.0474283 0.01524 -0.0187245 0.047297 0 -0.0189386 0.0473511 0.01524 -0.0184803 0.047257 0.01524 -0.0187105 0.0472941 0.01524 -0.0184261 0.0472505 0 -0.0182524 0.0472371 0.01524 -0.0181543 0.0472331 0 -0.0180275 0.0472283 0.01524 -0.0178058 0.0472289 -7.10543e-18 -0.0178058 0.0472289 0.01524 -0.0196252 0.0500275 0.0172231 -0.0190487 0.0537959 0.017254 -0.0192743 0.0538282 0.017026 -0.020336 0.0501293 0.01524 -0.0203364 0.0501293 0.0154397 -0.019795 0.0539029 0.01524 -0.0197828 0.0500496 0.0170653 -0.0194438 0.0500012 0.0173658 -0.019923 0.0500691 0.0168838 -0.0184931 0.0537162 0.0175868 -0.0187854 0.0537582 0.0174414 -0.0192342 0.0499713 0.0174928 -0.0181852 0.0536721 0.0176891 -0.0189982 0.0499375 0.0176006 -0.0187505 0.049902 0.017684 -0.0185648 0.0498756 0.017727 -0.0178752 0.0536276 0.01775 -0.018353 0.0498463 0.017757 -0.0175732 0.0535843 0.0177758 -0.0181029 0.0498111 0.0177766 -0.0178218 0.0497688 0.01778 -0.0172807 0.0535424 0.01778 -0.0194598 0.0538548 0.0167601 -0.0196037 0.0538755 0.0164648 -0.0200495 0.0500869 0.0166731 -0.019705 0.05389 0.0161537 -0.0201601 0.0501036 0.0164199 -0.0202899 0.0501226 0.0159492 -0.0202399 0.0501155 0.0161787 -0.0197653 0.0538986 0.0158406 -0.0203211 0.0501272 0.0156788 -0.0197909 0.0539023 0.0155355 -0.0190151 0.0555306 -3.39589e-17 -0.0192405 0.0552993 -3.4063e-17 -0.0190151 0.0555306 0.01524 -0.0192405 0.0552993 0.01524 -0.0194288 0.0550346 -3.4037e-17 -0.0195768 0.0547495 -3.40535e-17 -0.0194288 0.0550346 0.01524 -0.019683 0.0544594 -3.4037e-17 -0.0195768 0.0547495 0.01524 -0.019683 0.0544594 0.01524 -0.0197513 0.0541762 -3.41808e-17 -0.019795 0.0539029 -1.06581e-17 -0.0197513 0.0541762 0.01524 -0.019795 0.0539029 0.01524 -0.0187554 0.0557225 0.01524 -0.0184675 0.0558732 0.01524 -0.0187554 0.0557225 -3.4058e-17 -0.0184675 0.0558732 -3.3998e-17 -0.018165 0.0559811 0.01524 -0.0178632 0.0560469 0.01524 -0.018165 0.0559811 -3.40387e-17 -0.0175733 0.0560761 0.01524 -0.0178632 0.0560469 -3.40838e-17 -0.0175733 0.0560761 -3.40838e-17 -0.0172966 0.0560824 0.01524 -0.0172966 0.0560824 -7.10543e-18 -0.0178091 0.0477549 0.017026 -0.0153767 0.0477702 0.017026 -0.0153778 0.0479981 0.017254 -0.0178079 0.0475675 0.0167601 -0.0153759 0.0475828 0.0167601 -0.0153754 0.0474374 0.0164648 -0.017807 0.0474221 0.0164648 -0.0178064 0.0473197 0.0161537 -0.0153751 0.047335 0.0161537 -0.017806 0.0472589 0.0158406 -0.0153751 0.0472741 0.0158406 -0.0153753 0.0472483 0.0155355 -0.0178058 0.047233 0.0155355 -0.0178058 0.0472289 0.01524 -0.0153756 0.0472441 0.01524 -0.0178105 0.0479828 0.017254 -0.0153791 0.048264 0.0174414 -0.0178122 0.0482487 0.0174414 -0.0153806 0.0485593 0.0175868 -0.0178141 0.048544 0.0175868 -0.017816 0.0488551 0.0176891 -0.0153822 0.0488704 0.0176891 -0.0153838 0.0491835 0.01775 -0.017818 0.0491682 0.01775 -0.0153854 0.0494886 0.0177758 -0.0178199 0.0494733 0.0177758 -0.0153869 0.0497841 0.01778 -0.0178218 0.0497688 0.01778 -0.0153843 0.0477702 0.017026 0.0168999 0.047549 0.0167601 0.0169001 0.0477364 0.017026 -0.0153845 0.0475827 0.0167601 0.0168998 0.0474036 0.0164648 0.0168997 0.0473012 0.0161537 -0.0153847 0.0474373 0.0164648 -0.0153848 0.047335 0.0161537 0.0168996 0.0472404 0.0158406 -0.0153849 0.0472741 0.0158406 0.0168996 0.0472145 0.0155355 0.0169021 0.0472104 0.01524 -0.0153849 0.0472483 0.0155355 -0.0153841 0.0479981 0.017254 -0.0153756 0.0472441 0.01524 0.0169004 0.0479643 0.017254 -0.0153838 0.048264 0.0174414 0.0169006 0.0482302 0.0174414 -0.0153835 0.0485593 0.0175868 -0.0153832 0.0488704 0.0176891 0.016901 0.0485255 0.0175868 0.0169013 0.0488367 0.0176891 -0.0153829 0.0491835 0.01775 0.0169016 0.0491498 0.01775 -0.0153825 0.0494886 0.0177758 -0.0153869 0.0497841 0.01778 0.0169019 0.0494549 0.0177758 0.0169022 0.0497504 0.01778 0.0188804 0.0554756 0.017317 -0.0172902 0.0550625 0.0174414 0.0188818 0.0552535 0.0174619 0.0188752 0.0563095 0.01524 -0.0172966 0.0560824 0.01524 0.0188752 0.0563077 0.0154793 -0.0172919 0.0553284 0.017254 -0.0172884 0.0547672 0.0175868 0.0188849 0.0547612 0.0176674 0.0188833 0.0550132 0.0175789 -0.0172864 0.0544561 0.0176891 0.0188865 0.0545061 0.0177277 -0.0172845 0.054143 0.01775 0.0188881 0.0542545 0.0177622 -0.0172807 0.0535424 0.01778 0.0188896 0.0540088 0.0177783 -0.0172826 0.0538379 0.0177758 0.0188911 0.0537695 0.01778 0.0188792 0.0556742 0.0171451 0.0188781 0.0558463 0.016947 -0.0172933 0.0555563 0.017026 0.0188772 0.0559913 0.0167248 -0.0172945 0.0557437 0.0167601 -0.0172954 0.0558891 0.0164648 0.0188765 0.0561084 0.0164842 -0.0172961 0.0559915 0.0161537 0.0188759 0.056197 0.016233 0.0188755 0.0562579 0.0159778 -0.0172965 0.0560524 0.0158406 0.0188753 0.0562933 0.0157252 -0.0172966 0.0560782 0.0155355 0.0206507 0.0557535 -1.36673e-15 0.0203856 0.0559513 -1.25307e-15 0.0204254 0.0559257 0.01524 0.0201762 0.056066 0.01524 0.02009 0.0561055 -1.13586e-15 0.0197778 0.0562147 -1.01867e-15 0.0199116 0.0561733 0.01524 0.019465 0.0562797 -9.01355e-16 0.0196423 0.0562472 0.01524 0.0193775 0.0562898 0.01524 0.0191636 0.0563066 -7.87711e-16 0.0188752 0.0563095 -7.10543e-18 0.0191216 0.0563084 0.01524 0.0188752 0.0563095 0.01524 0.0208484 0.0555508 0.01524 0.0206507 0.0557535 0.01524 0.0210174 0.0553211 0.01524 0.0208787 0.055514 -1.48382e-15 0.0210672 0.0552389 -1.60124e-15 0.0211557 0.0550718 0.01524 0.0212619 0.0548129 0.01524 0.0212129 0.0549419 -1.71823e-15 0.0213367 0.0545539 0.01524 0.0213148 0.0546391 -1.83593e-15 0.0213775 0.0543431 -1.94944e-15 0.0213844 0.0543016 0.01524 0.0214148 0.0540571 -7.10543e-18 0.0214148 0.0540571 0.01524 0.0216299 0.0482371 0.01524 0.021486 0.0480176 0.01524 0.0214918 0.0480251 0 0.0216495 0.0482719 0 0.0217441 0.0484784 0.01524 0.0217718 0.0485506 0 0.0218285 0.0487353 0.01524 0.0218836 0.0490008 0.01524 0.0218562 0.0488497 0 0.0219017 0.0491411 0 0.021911 0.0492677 0.01524 0.0219161 0.0494347 0 0.0219142 0.0495306 0.01524 0.0218996 0.0497873 0.01524 0.021905 0.0497002 0 0.0218729 0.050038 -7.10543e-18 0.0218729 0.050038 0.01524 0.0213129 0.0478235 0.01524 0.0212986 0.0478101 0 0.0211114 0.0476558 0.01524 0.0208852 0.047515 0.01524 0.0210737 0.0476292 0 0.0206397 0.0474019 0.01524 0.0208234 0.0474826 0 0.0205448 0.0473668 0 0.0203822 0.0473168 0.01524 0.0201196 0.047259 0.01524 0.0202568 0.0472863 0 0.0198581 0.0472257 0.01524 0.0199998 0.0472441 0 0.0196972 0.0472188 0 0.0196013 0.0472122 0.01524 0.0193492 0.0472104 0 0.0193492 0.0472104 0.01524 0.0168999 0.047549 0.0167601 0.0193501 0.0476761 0.0169501 0.0169001 0.0477364 0.017026 0.0168998 0.0474036 0.0164648 0.0193503 0.0475348 0.0167343 0.0193493 0.0473318 0.016261 0.0193499 0.0474203 0.0165031 0.0168997 0.0473012 0.0161537 0.019349 0.0472689 0.0160107 0.0168996 0.0472404 0.0158406 0.0193491 0.0472315 0.0157556 0.0193493 0.0472126 0.0154986 0.0168996 0.0472145 0.0155355 0.0169021 0.0472104 0.01524 0.0193492 0.0472104 0.01524 0.0169004 0.0479643 0.017254 0.0193492 0.0478456 0.0171452 0.0193492 0.0480399 0.017314 0.0169006 0.0482302 0.0174414 0.0193493 0.0482552 0.0174562 0.016901 0.0485255 0.0175868 0.0193491 0.0484868 0.0175708 0.0193492 0.0487298 0.0176588 0.0193495 0.0489793 0.0177213 0.0169013 0.0488367 0.0176891 0.0193494 0.0492341 0.01776 0.0169016 0.0491498 0.01775 0.0169019 0.0494549 0.0177758 0.0193487 0.0494919 0.017778 0.0169022 0.0497504 0.01778 0.0193492 0.0497504 0.01778 0.0206657 0.0539717 0.017254 0.0204015 0.0539416 0.0174414 0.0210443 0.0499436 0.017317 0.020585 0.0498912 0.0175789 0.0208237 0.0499184 0.0174619 0.0201081 0.0539082 0.0175868 0.019799 0.053873 0.0176891 0.0203345 0.0498627 0.0176674 0.0200811 0.0498338 0.0177277 0.0194879 0.0538375 0.01775 0.0198311 0.0498053 0.0177622 0.0191847 0.053803 0.0177758 0.0188911 0.0537695 0.01778 0.0193492 0.0497504 0.01778 0.019587 0.0497775 0.0177783 0.0212417 0.049966 0.0171451 0.0214127 0.0499855 0.016947 0.0208921 0.0539976 0.017026 0.0215568 0.050002 0.0167248 0.0210784 0.0540188 0.0167601 0.0212228 0.0540352 0.0164648 0.0216731 0.0500152 0.0164842 0.0213245 0.0540468 0.0161537 0.0217612 0.0500253 0.016233 0.0218217 0.0500322 0.0159778 0.021385 0.0540537 0.0158406 0.0218568 0.0500361 0.0157252 0.0214107 0.0540567 0.0155355 0.0214148 0.0540571 0.01524 0.0218711 0.0500378 0.0154793 0.0218729 0.050038 0.01524 -0.018338 0.0472445 0.0154852 -0.0182524 0.0472371 0.01524 -0.0180275 0.0472283 0.01524 -0.0190492 0.0473885 0.0155201 -0.0190424 0.0474165 0.0158677 -0.0192173 0.0474618 0.0156877 -0.0183 0.0474593 0.01653 -0.018492 0.0474181 0.0163736 -0.0183298 0.0473426 0.0161908 -0.0191617 0.0474283 0.01524 -0.0193804 0.047531 0.0154964 -0.0193751 0.0475266 0.01524 -0.0186896 0.0473253 0.0158611 -0.018861 0.0473981 0.0160405 -0.0188699 0.0473447 0.0156943 -0.019373 0.0476399 0.016186 -0.0193298 0.0477766 0.016519 -0.0195191 0.047796 0.016325 -0.0184452 0.0475614 0.0167045 -0.0186443 0.0475184 0.0165512 -0.0185851 0.0480939 0.0172843 -0.0188147 0.0480304 0.0171576 -0.0187046 0.0478478 0.0170227 -0.0184803 0.047257 0.01524 -0.0185158 0.0472744 0.015676 -0.0186692 0.0482982 0.0173936 -0.0189069 0.0482348 0.0172715 -0.0190284 0.0474955 0.0162124 -0.0188382 0.0474975 0.0163857 -0.0189895 0.0476237 0.0165512 -0.0186975 0.0472947 0.015514 -0.0184837 0.0485945 0.0175698 -0.0187363 0.0485178 0.0174824 -0.0189386 0.0473511 0.01524 -0.0188812 0.0473346 0.0153442 -0.0190389 0.0486854 0.0174383 -0.0187886 0.0487461 0.0175517 -0.0188291 0.0489781 0.0176014 -0.0180631 0.0494313 0.0177723 -0.0178151 0.0495394 0.0177796 -0.0178218 0.0497688 0.01778 -0.0181561 0.0472421 0.0156484 -0.0181583 0.0472893 0.0160059 -0.0183369 0.0472728 0.0158391 -0.0194566 0.0479594 0.0166482 -0.0196479 0.0479797 0.0164475 -0.0187105 0.0472941 0.01524 -0.017969 0.0472301 0.0154547 -0.0179785 0.0472557 0.0158197 -0.0192122 0.0475139 0.0160326 -0.0193835 0.0475589 0.015845 -0.0191862 0.047621 0.016373 -0.0178058 0.0472289 0.01524 -0.0195431 0.0476839 0.0159899 -0.0195382 0.0476298 0.0156464 -0.0202003 0.0487771 0.0162258 -0.0201435 0.0485371 0.0161724 -0.020072 0.0487038 0.0164721 -0.0196909 0.0478392 0.0161205 -0.0196923 0.0477543 0.0157833 -0.0201488 0.0482973 0.0155323 -0.0201629 0.0483209 0.01524 -0.0200422 0.0481138 0.0154393 -0.0199659 0.0480929 0.0160124 -0.0199549 0.0480048 0.0156799 -0.0198383 0.0479084 0.0159058 -0.0197569 0.0481876 0.0165519 -0.0196525 0.0483894 0.0168509 -0.0198442 0.0484141 0.0166381 -0.0200665 0.048306 0.0161016 -0.0200743 0.0481888 0.0157791 -0.0195588 0.0488611 0.0171806 -0.0197706 0.0488658 0.0169807 -0.0197206 0.0486248 0.0169246 -0.0202407 0.0486285 0.0159232 -0.0201685 0.0483997 0.0158601 -0.0203756 0.0490447 0.0154323 -0.0203691 0.0489895 0.01524 -0.020336 0.0488171 0.0153929 -0.0203954 0.0492782 0.0154606 -0.0203942 0.0492242 0.01524 -0.019823 0.0493479 0.0170452 -0.0200018 0.0493784 0.0168169 -0.0199881 0.0491379 0.0167937 -0.0203447 0.0498949 0.0157883 -0.0203539 0.0499793 0.015512 -0.0203815 0.0497479 0.0154954 -0.0203966 0.0495137 0.0154804 -0.0204003 0.0494567 0.01524 -0.0203702 0.0496644 0.0157699 -0.0203305 0.0495798 0.016043 -0.0203809 0.0494309 0.015754 -0.020336 0.0493441 0.0160253 -0.0203364 0.0501293 0.0154397 -0.020336 0.0501293 0.01524 -0.0203211 0.0501272 0.0156788 -0.0178048 0.047231 0.0154689 -0.0178053 0.0472434 0.0156984 -0.0178062 0.0472714 0.0159261 -0.0179749 0.0473241 0.0161724 -0.0185103 0.047325 0.0160262 -0.0181428 0.0473813 0.0163517 -0.017946 0.0474382 0.016505 -0.0178072 0.0473859 0.0163705 -0.0178064 0.0473188 0.0161509 -0.019574 0.0476458 0.01524 -0.0186776 0.0473992 0.0162092 -0.0180979 0.0475208 0.0166753 -0.0178081 0.0474734 0.016582 -0.0178835 0.0475957 0.0168072 -0.0197536 0.0477853 0.01524 -0.0196743 0.0477199 0.0154337 -0.0198185 0.0478487 0.0155642 -0.0199126 0.0479447 0.01524 -0.0182376 0.0476251 0.0168425 -0.0180174 0.0477045 0.0169637 -0.0178088 0.0477125 0.0169737 -0.0178086 0.0475819 0.0167848 -0.0200491 0.0481235 0.01524 -0.0185801 0.0476905 0.0168702 -0.018787 0.0476465 0.0167184 -0.018366 0.0477548 0.017003 -0.0179017 0.0479282 0.0172066 -0.0181397 0.0478363 0.0171143 -0.0178098 0.047864 0.0171451 -0.0191284 0.0477794 0.0167017 -0.0189191 0.0478034 0.0168708 -0.0190366 0.0479859 0.0170061 -0.0182497 0.0479933 0.0172551 -0.018483 0.0479117 0.0171524 -0.0180048 0.0480857 0.0173345 -0.0178125 0.0480366 0.017297 -0.0198205 0.0480236 0.0162352 -0.019136 0.0481903 0.0171223 -0.0193562 0.0481668 0.0169501 -0.0192516 0.0479618 0.0168352 -0.0195646 0.0481655 0.0167589 -0.0183447 0.0481744 0.0173803 -0.0178151 0.0482255 0.0174272 -0.0180937 0.0482648 0.0174495 -0.0202358 0.0485031 0.0156066 -0.0202541 0.0485333 0.01524 -0.0203227 0.0487576 0.01524 -0.0199267 0.0482345 0.0163323 -0.0200098 0.048464 0.0164111 -0.0189809 0.0484553 0.0173648 -0.0184225 0.0483769 0.0174849 -0.0181667 0.0484637 0.0175479 -0.0179028 0.04855 0.0175893 -0.0178162 0.0484269 0.0175359 -0.0194416 0.0483888 0.0170456 -0.0192166 0.0484113 0.0172183 -0.018303 0.0491281 0.0177301 -0.0185312 0.0488206 0.017635 -0.0182679 0.0489012 0.0176892 -0.0182237 0.0486779 0.0176284 -0.0178147 0.0486394 0.0176233 -0.0179571 0.0487595 0.0176624 -0.0203029 0.0487265 0.0156635 -0.0202923 0.0488658 0.0159698 -0.0203491 0.0489592 0.0157051 -0.0201151 0.0489474 0.0165171 -0.019958 0.0488948 0.0167575 -0.0199105 0.048652 0.0167062 -0.0195086 0.0486221 0.0171222 -0.0192799 0.048643 0.0172946 -0.0178122 0.0488589 0.0176895 -0.0179996 0.0489796 0.0177174 -0.0202378 0.0490198 0.0162643 -0.0203237 0.0491055 0.0160025 -0.0203745 0.0491951 0.015734 -0.0195943 0.0491015 0.0172217 -0.0198043 0.0491078 0.0170205 -0.0193281 0.04888 0.0173522 -0.0190834 0.0489201 0.0174926 -0.0185684 0.0490498 0.0176802 -0.0188618 0.0492102 0.0176316 -0.0185995 0.0492783 0.0177062 -0.0178114 0.0493108 0.0177651 -0.0180341 0.0492052 0.0177536 -0.0178108 0.0490831 0.0177366 -0.0203899 0.0496858 0.01524 -0.0202565 0.0492614 0.0162913 -0.02014 0.0491905 0.0165488 -0.0193638 0.0491182 0.0173917 -0.0191179 0.0491555 0.017528 -0.0193896 0.0493549 0.0174126 -0.0191456 0.0493893 0.0175446 -0.0183331 0.049354 0.0177527 -0.0203667 0.0499098 0.01524 -0.0201475 0.0494306 0.0165702 -0.0201381 0.0496669 0.0165849 -0.0202571 0.0494999 0.0163111 -0.0196171 0.0493403 0.0172457 -0.0196286 0.0495761 0.0172527 -0.02 0.0496153 0.0168298 -0.019828 0.0495846 0.0170562 -0.0188904 0.0494404 0.017644 -0.0186291 0.0495047 0.0177151 -0.0183631 0.0495779 0.0177591 -0.0180923 0.0496558 0.0177771 -0.0203084 0.0498122 0.0160614 -0.0202405 0.0497348 0.016328 -0.0198203 0.0498186 0.017054 -0.0194073 0.0495889 0.0174142 -0.0191689 0.0496205 0.0175427 -0.0189182 0.0496684 0.0176404 -0.0186602 0.0497301 0.0177098 -0.018353 0.0498463 0.017757 -0.0181029 0.0498111 0.0177766 -0.0202899 0.0501226 0.0159492 -0.0202737 0.0500421 0.016084 -0.0202087 0.0499663 0.0163459 -0.0201126 0.0499001 0.0165974 -0.0199829 0.0498495 0.0168354 -0.0196302 0.0498092 0.0172431 -0.0196252 0.0500275 0.0172231 -0.0194179 0.0498207 0.017399 -0.0191879 0.0498506 0.0175248 -0.0189982 0.0499375 0.0176006 -0.0185648 0.0498756 0.017727 -0.0187505 0.049902 0.017684 -0.0202399 0.0501155 0.0161787 -0.0201601 0.0501036 0.0164199 -0.0200495 0.0500869 0.0166731 -0.019923 0.0500691 0.0168838 -0.0197828 0.0500496 0.0170653 -0.0194438 0.0500012 0.0173658 -0.0192342 0.0499713 0.0174928 -0.0178427 0.0560049 0.0158954 -0.0181774 0.0559491 0.0156978 -0.0181357 0.0559133 0.0159787 -0.0189057 0.0556195 0.0152399 -0.0190062 0.0555201 0.015528 -0.0187625 0.0557044 0.0155144 -0.0192836 0.05447 0.0167799 -0.0195233 0.0543047 0.0164406 -0.0194306 0.0542105 0.0166924 -0.019727 0.0538931 0.0160616 -0.019691 0.0540876 0.0160798 -0.0197717 0.0538994 0.0157899 -0.0197293 0.0541385 0.0158059 -0.0197907 0.0539011 0.0155146 -0.0196276 0.0540191 0.0163439 -0.0197454 0.0541774 0.0155299 -0.0196544 0.053883 0.016327 -0.019795 0.0539029 0.01524 -0.0194566 0.0546498 0.0162559 -0.0192885 0.0549067 0.0163196 -0.0195106 0.0547101 0.015979 -0.0191542 0.0552162 0.0160813 -0.0193486 0.0549728 0.0160415 -0.0190907 0.0551457 0.0163597 -0.0188672 0.0553638 0.0163739 -0.0189313 0.0554362 0.0160953 -0.0197538 0.0541651 0.0152331 -0.0184429 0.0553446 0.0168837 -0.0185424 0.0554632 0.0166313 -0.0187841 0.0552695 0.0166428 -0.0186842 0.0556285 0.0160819 -0.0183599 0.055722 0.0163222 -0.0184175 0.055788 0.0160423 -0.0184967 0.0558525 0.0154766 -0.018663 0.0557767 0.0152398 -0.0196376 0.0544313 0.0158979 -0.0195917 0.0543772 0.0161735 -0.0175263 0.0560789 0.0152327 -0.0175753 0.0560724 0.0155266 -0.0172966 0.0560824 0.01524 -0.0189027 0.05494 0.0168821 -0.0190072 0.0550543 0.0166286 -0.0192076 0.0548207 0.0165891 -0.0172953 0.056074 0.015515 -0.0179203 0.0560368 0.0153426 -0.01788 0.0560321 0.015617 -0.0194212 0.0538501 0.0168236 -0.019315 0.0540934 0.0169185 -0.0192588 0.0538263 0.0170442 -0.0191794 0.0539533 0.0171104 -0.019381 0.0545708 0.0165245 -0.0191638 0.0543459 0.0170107 -0.0190222 0.0541983 0.0172057 -0.0186913 0.053845 0.0174864 -0.0188631 0.0540303 0.0173632 -0.0188471 0.0537674 0.0174025 -0.0189816 0.054581 0.017073 -0.018496 0.054059 0.0175566 -0.0186729 0.0542494 0.0174342 -0.0183111 0.0538531 0.0176446 -0.0181 0.0540497 0.0176865 -0.0180921 0.0536627 0.0177084 -0.017689 0.0540132 0.0177537 -0.0179062 0.0538262 0.0177403 -0.0174856 0.0537806 0.0177761 -0.0175524 0.0535854 0.0177713 -0.0172807 0.0535424 0.01778 -0.0178233 0.0536262 0.0177499 -0.0196657 0.0545133 0.015344 -0.0196907 0.0544289 0.0152339 -0.0196624 0.0544732 0.0156198 -0.0196013 0.0546905 0.0152381 -0.0195529 0.0547949 0.0154191 -0.0194047 0.0550599 0.0154773 -0.0194766 0.0549501 0.0152403 -0.0195529 0.0538689 0.0165826 -0.0182145 0.0559631 0.0154181 -0.0193105 0.0552102 0.0152399 -0.0195433 0.0547562 0.0156986 -0.0188363 0.0544247 0.0172724 -0.0190662 0.0537985 0.0172387 -0.0192215 0.0553035 0.0155148 -0.0193879 0.0550225 0.0157597 -0.0191055 0.0547129 0.0168428 -0.0186084 0.053733 0.0175354 -0.0191191 0.0554331 0.01524 -0.0191983 0.0552681 0.0157987 -0.0187772 0.0548017 0.0171119 -0.0186315 0.0546397 0.0173104 -0.0184673 0.0544584 0.0174735 -0.0182882 0.0542614 0.0175988 -0.0183555 0.0536968 0.0176378 -0.0183896 0.055905 0.0152399 -0.0189776 0.0554881 0.0158123 -0.0186804 0.0551513 0.0168961 -0.0185561 0.0550089 0.017126 -0.0184118 0.0548431 0.0173248 -0.0182502 0.054657 0.017488 -0.0180741 0.0544543 0.0176131 -0.0178861 0.0542386 0.0177009 -0.017853 0.0546404 0.0176023 -0.0176698 0.0544254 0.0176867 -0.0186223 0.0555575 0.0163615 -0.0187301 0.0556778 0.0157987 -0.0183221 0.0552011 0.0171137 -0.01818 0.0550333 0.0173161 -0.0180225 0.0548449 0.0174806 -0.0177893 0.0550211 0.0174388 -0.0179412 0.0552083 0.0172786 -0.0174744 0.0542036 0.0177398 -0.0172865 0.0538174 0.0177711 -0.0172905 0.0540916 0.0177514 -0.0180836 0.0558545 0.0162577 -0.0177328 0.055874 0.016441 -0.0177958 0.0559526 0.0161728 -0.0184618 0.0558317 0.0157596 -0.0182856 0.0556323 0.0165935 -0.0181922 0.0555169 0.0168483 -0.0180774 0.0553751 0.0170792 -0.017821 0.0555231 0.0170163 -0.0176933 0.0553608 0.0172079 -0.0176251 0.0548194 0.0175578 -0.0174465 0.0546083 0.0176438 -0.0172886 0.0543634 0.0177093 -0.0180923 0.0560004 0.015239 -0.0180158 0.0557716 0.0165292 -0.0179287 0.0556609 0.0167863 -0.017548 0.0551793 0.0173625 -0.0172882 0.054629 0.0176377 -0.0172895 0.0548847 0.0175356 -0.0177926 0.0560578 0.0152358 -0.0176512 0.0557674 0.0166922 -0.0175498 0.0556353 0.016917 -0.0174289 0.0554815 0.0171084 -0.0172935 0.0555409 0.017044 -0.0172921 0.0553463 0.0172385 -0.0172909 0.0551257 0.0174027 -0.017539 0.0560523 0.0158024 -0.0174938 0.0560066 0.0160772 -0.0174341 0.0559337 0.0163415 -0.0172957 0.0558377 0.0165817 -0.0172952 0.0557049 0.0168228 -0.0172959 0.0560556 0.0157891 -0.0172965 0.0560139 0.0160607 -0.0172959 0.0559399 0.0163262 0.0196369 0.0561341 0.0161459 0.0193041 0.0561506 0.0163127 0.0195786 0.0560646 0.016398 0.0190702 0.0562569 0.0159699 0.0188753 0.0562933 0.0157252 0.0188755 0.0562579 0.0159778 0.0190186 0.0562002 0.0162199 0.0191479 0.0563047 0.0154587 0.0194367 0.056276 0.0155485 0.0193775 0.0562898 0.01524 0.0188759 0.056197 0.016233 0.0191116 0.0562903 0.0157144 0.0188752 0.0563077 0.0154793 0.019683 0.0561833 0.0158885 0.0193579 0.0562116 0.016061 0.0200987 0.0557978 0.0165172 0.0201677 0.0558772 0.0162635 0.019844 0.0559463 0.0164682 0.0194002 0.0562526 0.0158054 0.0196423 0.0562472 0.01524 0.0197595 0.0562188 0.0153717 0.0199116 0.0561733 0.01524 0.0191216 0.0563084 0.01524 0.0192363 0.0560659 0.0165538 0.0188752 0.0563095 0.01524 0.0188765 0.0561084 0.0164842 0.0202219 0.0559375 0.0160045 0.0199079 0.0560219 0.016215 0.0205647 0.0554229 0.0165402 0.0206377 0.055503 0.0162874 0.0203403 0.0556218 0.0165411 0.0204126 0.0557029 0.016288 0.0204691 0.0557655 0.0160289 0.0207676 0.0552051 0.0165155 0.0204735 0.0553238 0.0167824 0.020892 0.0553415 0.0160031 0.020694 0.0555656 0.0160283 0.0208385 0.0552813 0.0162622 0.0210599 0.0550976 0.015955 0.0211943 0.0548381 0.0158874 0.0212985 0.0545678 0.0158048 0.0213156 0.054607 0.0155487 0.0213785 0.0543249 0.0154603 0.0213695 0.0542872 0.0157155 0.0188772 0.0559913 0.0167248 0.0191523 0.0559566 0.0167772 0.0214122 0.0540588 0.0154981 0.0214148 0.0540571 0.01524 0.0194152 0.055864 0.016872 0.0195053 0.0559753 0.0166425 0.0190506 0.0558244 0.0169755 0.0193072 0.0557257 0.0170737 0.0191821 0.0555639 0.0172424 0.0197645 0.0558513 0.0167128 0.0190417 0.0553887 0.0173789 0.0194191 0.0554266 0.0173201 0.0192727 0.0552445 0.017457 0.0194947 0.0550826 0.0175089 0.0191143 0.0550531 0.0175605 0.0195435 0.0547147 0.0176341 0.0197131 0.0549092 0.0175275 0.0193311 0.0548868 0.0176127 0.0191565 0.0546854 0.0176854 0.0191881 0.0539005 0.017775 0.0188896 0.0540088 0.0177783 0.0188911 0.0537695 0.01778 0.0189844 0.0540837 0.0177749 0.0191765 0.0542995 0.0177548 0.0188881 0.0542545 0.0177622 0.0201762 0.056066 0.01524 0.0200325 0.056126 0.0154354 0.0202942 0.0559981 0.0154808 0.021092 0.0547223 0.0163983 0.0212093 0.0544611 0.0163142 0.021264 0.054521 0.0160612 0.0197213 0.0562135 0.0156293 0.0196675 0.0557349 0.0169424 0.0188781 0.0558463 0.016947 0.0188792 0.0556742 0.0171451 0.0188804 0.0554756 0.017317 0.0213367 0.0545539 0.01524 0.0213844 0.0543016 0.01524 0.0199985 0.0561135 0.0156961 0.0199582 0.0560777 0.0159566 0.0202507 0.0555206 0.0167831 0.0199101 0.0555762 0.0169865 0.0201427 0.0553982 0.0170087 0.0195518 0.0555926 0.0171472 0.0188818 0.0552535 0.0174619 0.0188833 0.0550132 0.0175789 0.0204254 0.0559257 0.01524 0.0205379 0.055836 0.015504 0.0202635 0.055978 0.0157433 0.0200134 0.0556979 0.01676 0.0197874 0.0554317 0.0171918 0.0196473 0.0552661 0.0173686 0.0188849 0.0547612 0.0176674 0.0206507 0.0557535 0.01524 0.020755 0.0556426 0.0155033 0.0205107 0.0558099 0.0157671 0.020234 0.055063 0.0172098 0.0200156 0.0552543 0.0172118 0.0198712 0.0550903 0.0173866 0.0193638 0.0545106 0.0177091 0.0188865 0.0545061 0.0177277 0.0208484 0.0555508 0.01524 0.020941 0.0554226 0.0154794 0.0207333 0.0556119 0.0157663 0.0203634 0.0552042 0.0170081 0.0200867 0.0549018 0.0173824 0.019924 0.0547248 0.0175237 0.0197497 0.0545341 0.0176325 0.0195675 0.054331 0.0177089 0.0199481 0.0543442 0.0176098 0.0193798 0.0541185 0.017755 0.0210174 0.0553211 0.01524 0.021096 0.0551811 0.0154351 0.0209269 0.0553879 0.0157416 0.0206781 0.0551106 0.0167582 0.0202895 0.054703 0.0173601 0.0206261 0.0546453 0.017142 0.020439 0.0548595 0.0171865 0.020569 0.0549959 0.0169842 0.0201241 0.0545306 0.0175016 0.0203115 0.0543283 0.0174547 0.0195843 0.053937 0.0177333 0.0197675 0.0541451 0.0176852 0.0194023 0.0538337 0.0177551 0.019147 0.0538023 0.0177722 0.0211557 0.0550718 0.01524 0.02122 0.0549227 0.0153728 0.0210898 0.0551428 0.0156948 0.021011 0.0550415 0.0162137 0.0209446 0.0549709 0.0164676 0.0208598 0.0548828 0.0167112 0.0207547 0.0547749 0.0169384 0.020787 0.0544182 0.0170721 0.0204762 0.0544953 0.0173158 0.0201384 0.054147 0.0175602 0.0196563 0.05386 0.0177193 0.0199055 0.053886 0.0176585 0.0212619 0.0548129 0.01524 0.0212205 0.0548806 0.0156287 0.0211525 0.054787 0.0161451 0.0210128 0.0546411 0.0166427 0.0209127 0.0545406 0.0168708 0.0211319 0.0543848 0.0165559 0.0204801 0.0541138 0.0173793 0.0205908 0.0539632 0.0173142 0.0206393 0.0542746 0.0172416 0.0203763 0.0539389 0.0174562 0.0201465 0.0539128 0.0175708 0.0210317 0.0542897 0.0167789 0.0209114 0.0541736 0.0169769 0.0207841 0.0539854 0.0171445 0.0213408 0.0542423 0.0159713 0.0212894 0.0541848 0.0162219 0.0212068 0.0540342 0.0165034 0.0210929 0.0540219 0.0167344 0.0209519 0.0540054 0.0169497 0.0213939 0.0540551 0.0157551 0.0213565 0.0540488 0.0160101 0.0212942 0.0540435 0.0162605 0.0204762 0.0474247 0.0159694 0.0206424 0.0474199 0.0156613 0.0207263 0.047507 0.0159163 0.0216439 0.0487084 0.0163083 0.021648 0.0485266 0.016124 0.0217638 0.0487152 0.0159592 0.0208422 0.0477708 0.0163912 0.0205964 0.0476731 0.0164588 0.0207941 0.0476262 0.0161596 0.0214722 0.0487301 0.0166436 0.0214928 0.0485372 0.0164638 0.0206251 0.0478349 0.0166846 0.0206305 0.0480174 0.016895 0.0203803 0.0479304 0.0169571 0.0203729 0.0477507 0.0167426 0.0202575 0.0485783 0.0174645 0.0203215 0.0483476 0.0173213 0.0205713 0.0484327 0.0172584 0.0205458 0.0475353 0.0162198 0.0206125 0.0482177 0.0170872 0.0209636 0.0476128 0.0158454 0.0210862 0.0476424 0.0155108 0.0211774 0.0477408 0.0157552 0.0196001 0.0495197 0.0177755 0.0197129 0.0492596 0.0177529 0.019963 0.0493199 0.0177339 0.0214732 0.048181 0.0160755 0.0215792 0.0481932 0.0157316 0.0216274 0.0483536 0.0159327 0.0204231 0.0488955 0.0175281 0.0200735 0.0490667 0.017672 0.0201737 0.0488191 0.0175808 0.0214276 0.0480243 0.0158672 0.0212418 0.0478716 0.0159843 0.0213584 0.0478882 0.015645 0.0193492 0.0497504 0.01778 0.019587 0.0497775 0.0177783 0.0215061 0.048051 0.0155157 0.0216227 0.048225 0.0153686 0.0216928 0.0483744 0.015579 0.0217422 0.0485405 0.0157746 0.0217747 0.0485621 0.0154103 0.0212663 0.0477813 0.0154064 0.0218212 0.0487339 0.015601 0.0218707 0.0489268 0.0154119 0.0218435 0.0489113 0.0157797 0.0218912 0.0491074 0.0155859 0.0219128 0.049303 0.0153811 0.0219142 0.0495306 0.01524 0.0219114 0.0494875 0.0155456 0.0218904 0.0492862 0.0157527 0.020876 0.0475207 0.0155957 0.0218996 0.0497873 0.01524 0.0218729 0.050038 0.01524 0.0218881 0.0498751 0.0155008 0.0208852 0.047515 0.01524 0.0208685 0.047937 0.0166103 0.0205538 0.0473709 0.0153918 0.020394 0.0473431 0.0157091 0.0201374 0.0472887 0.0157425 0.0200535 0.0472513 0.0154703 0.0203089 0.0473 0.015438 0.0202194 0.0473632 0.0160078 0.0203822 0.0473168 0.01524 0.0206397 0.0474019 0.01524 0.0200303 0.0474118 0.0162983 0.0202895 0.0474645 0.0162648 0.0201196 0.047259 0.01524 0.0193499 0.0474203 0.0165031 0.01951 0.0473619 0.0163476 0.0195642 0.0474684 0.0165986 0.0198581 0.0472257 0.01524 0.0197932 0.047224 0.0154921 0.0196013 0.0472122 0.01524 0.0195319 0.0472145 0.0155102 0.0193491 0.0472315 0.0157556 0.0193493 0.0472126 0.0154986 0.0193492 0.0472104 0.01524 0.0194406 0.0472853 0.0160863 0.019349 0.0472689 0.0160107 0.0196177 0.0472389 0.0157862 0.0198779 0.0472542 0.0157657 0.0211114 0.0476558 0.01524 0.0193493 0.0473318 0.016261 0.0196996 0.0472946 0.0160595 0.0199597 0.0473195 0.0160357 0.020363 0.0481305 0.0171511 0.0213129 0.0478235 0.01524 0.021486 0.0480176 0.01524 0.0193492 0.0487298 0.0176588 0.0195722 0.0489418 0.0177094 0.0193495 0.0489793 0.0177213 0.0193503 0.0475348 0.0167343 0.0201091 0.048058 0.0171981 0.0197701 0.0473767 0.0163245 0.0210284 0.0477384 0.0160815 0.0216299 0.0482371 0.01524 0.0217441 0.0484784 0.01524 0.0195989 0.0476042 0.0168343 0.0198244 0.0474902 0.0165779 0.0203418 0.0475943 0.0165108 0.0200838 0.0475334 0.0165496 0.0210735 0.0478885 0.0163057 0.0212857 0.0480255 0.0162007 0.0218285 0.0487353 0.01524 0.0193501 0.0476761 0.0169501 0.0196107 0.047768 0.0170492 0.0198582 0.0476338 0.0168161 0.0201164 0.0476834 0.0167859 0.0210807 0.0484401 0.0169043 0.0208122 0.0485323 0.017177 0.0208534 0.0483206 0.0170054 0.0210981 0.048058 0.016518 0.0213087 0.048197 0.0164061 0.0214945 0.0483533 0.0162739 0.0218836 0.0490008 0.01524 0.021911 0.0492677 0.01524 0.0193492 0.0478456 0.0171452 0.0195966 0.0479571 0.017238 0.0198684 0.0478049 0.0170346 0.0201253 0.0478594 0.0170032 0.0208722 0.0481213 0.0168157 0.0211007 0.0482429 0.0167179 0.0213098 0.0483818 0.0166007 0.021759 0.0488938 0.0161361 0.0218401 0.049088 0.01595 0.0193492 0.0480399 0.017314 0.0195575 0.0481675 0.0173975 0.0198535 0.0479999 0.0172278 0.0205073 0.0486596 0.0174056 0.021289 0.0485767 0.0167837 0.021039 0.0486474 0.0170758 0.0217044 0.0492622 0.0164732 0.0217391 0.0490763 0.0163072 0.0218206 0.0492648 0.0161172 0.0216238 0.0488975 0.0164843 0.0218716 0.0494619 0.0159189 0.0218932 0.049666 0.0157131 0.0193493 0.0482552 0.0174562 0.0193491 0.0484868 0.0175708 0.0196684 0.0486917 0.0176341 0.0198135 0.0482153 0.0173925 0.0200682 0.0482757 0.0173668 0.0200044 0.0485085 0.0175056 0.0211881 0.0489888 0.0171116 0.0212476 0.0487795 0.0169543 0.0214334 0.048929 0.0168126 0.0215879 0.0490912 0.0166516 0.0217854 0.0494434 0.016283 0.0217255 0.049626 0.0164454 0.0218352 0.0496365 0.0160863 0.0218581 0.0498385 0.0158848 0.0218711 0.0500378 0.0154793 0.0218568 0.0500361 0.0157252 0.0194973 0.0483935 0.0175267 0.0199209 0.0487524 0.0176151 0.0197505 0.0484476 0.0175282 0.0207492 0.048754 0.0173279 0.020978 0.0488632 0.0172303 0.0213736 0.0491311 0.0169711 0.0215271 0.0492861 0.0168108 0.0216434 0.0494504 0.0166336 0.0215566 0.0496444 0.0167828 0.0217782 0.0498144 0.0162519 0.0218217 0.0500322 0.0159778 0.0203223 0.0491378 0.017626 0.0206658 0.0489839 0.0174559 0.0208973 0.0490867 0.0173636 0.0211084 0.0492047 0.0172496 0.0212906 0.0493382 0.0171128 0.0214404 0.0494853 0.0169559 0.0211841 0.0495555 0.0172278 0.0216429 0.0498158 0.0165993 0.0216731 0.0500152 0.0164842 0.0217612 0.0500253 0.016233 0.0198219 0.0490035 0.0176984 0.0205645 0.0492205 0.0175588 0.0207952 0.0493173 0.0174701 0.0210046 0.049429 0.0173596 0.0208834 0.0496631 0.0174409 0.0213331 0.0496961 0.0170776 0.021453 0.0498501 0.0169127 0.0215568 0.050002 0.0167248 0.0193494 0.0492341 0.01776 0.0194661 0.0491964 0.0177554 0.0193487 0.0494919 0.017778 0.0198497 0.0495783 0.0177621 0.020211 0.049387 0.0176941 0.0204512 0.0494652 0.0176319 0.0206778 0.0495569 0.0175469 0.0210623 0.0497839 0.0173166 0.0214127 0.0499855 0.016947 0.0212417 0.049966 0.0171451 0.020096 0.0496441 0.0177281 0.0203329 0.0497201 0.0176723 0.0203345 0.0498627 0.0176674 0.020585 0.0498912 0.0175789 0.0208237 0.0499184 0.0174619 0.0210443 0.0499436 0.017317 0.0198311 0.0498053 0.0177622 0.0200811 0.0498338 0.0177277</float_array>
          <technique_common>
            <accessor count="1132" source="#ID5" stride="3">
              <param name="X" type="float"/>
              <param name="Y" type="float"/>
              <param name="Z" type="float"/>
            </accessor>
          </technique_common>
        </source>
        <source id="ID6">
          <float_array count="3396" id="ID7">0.00627825 -0.99998 0 0.00627825 -0.99998 0 0.00627825 -0.99998 0 0.00627825 -0.99998 0 -0.00104522 -0.999999 0 -0.00104522 -0.999999 0 -0.00104522 -0.999999 0 -0.00104522 -0.999999 0 0 -1 0 0 -1 0 0 -1 0 0 -1 0 0.993568 0.113238 0 0.993568 0.113238 0 0.993568 0.113238 0 0.993568 0.113238 0 -0.00627825 0.99998 0 -0.00627825 0.99998 0 -0.00627825 0.99998 0 -0.00627825 0.99998 0 -0.989877 0.141931 0 -0.989877 0.141931 0 -0.989877 0.141931 0 -0.989877 0.141931 0 0 0 1 0 0 1 0 0 1 0 0 1 0 0 1 0 0 1 -0 -0 -1 -0 -0 -1 -0 -0 -1 -0 -0 -1 -0 -0 -1 -0 -0 -1 -0 -0 -1 -0 -0 -1 -0 -0 -1 -0 -0 -1 -0 -0 -1 -0 -0 -1 -0 -0 -1 -0 -0 -1 -0 -0 -1 -0 -0 -1 -0 -0 -1 -0 -0 -1 -0 -0 -1 -0 -0 -1 -0 -0 -1 -0 -0 -1 -0 -0 -1 -0 -0 -1 -0 -0 -1 -0 -0 -1 -0 -0 -1 -0 -0 -1 -0 -0 -1 -0 -0 -1 -0 -0 -1 -0 -0 -1 -0 -0 -1 -0 -0 -1 -0 -0 -1 -0 -0 -1 -0 -0 -1 -0 -0 -1 -0 -0 -1 -0 -0 -1 -0 -0 -1 -0 -0 -1 -0 -0 -1 -0 -0 -1 -0 -0 -1 -0 -0 -1 -0 -0 -1 -0 -0 -1 -0 -0 -1 -0 -0 -1 -0 -0 -1 -0 -0 -1 -0 -0 -1 -0 -0 -1 -0 -0 -1 -0 -0 -1 -0 -0 -1 -0 -0 -1 -0.692891 -0.721043 -2.25902e-13 -0.563437 -0.826159 -3.9592e-13 -0.661128 -0.750273 5.61101e-13 -0.753563 -0.657376 4.07797e-13 -0.808406 -0.588625 -1.70587e-13 -0.833056 -0.553189 3.77126e-13 -0.894982 -0.446103 -1.90186e-13 -0.894982 -0.446103 4.11869e-13 -0.939753 -0.341854 4.49005e-13 -0.970023 -0.243013 4.44023e-13 -0.951306 -0.308247 -2.07934e-13 -0.988631 -0.150361 3.81048e-13 -0.983569 -0.180533 -1.87756e-13 -0.997919 -0.0644774 -1.27736e-13 -0.997919 -0.0644774 2.76326e-13 -0.999342 0.0362683 -5.67185e-14 -0.999916 0.0129347 1.5758e-13 -0.996951 0.0780291 6.09382e-14 -0.993773 0.111422 -9.8696e-15 -0.992262 0.124161 9.15026e-15 -0.989877 0.141931 0 -0.989877 0.141931 -4.08079e-16 -0.563437 -0.826159 8.61027e-13 -0.466228 -0.884665 1.27947e-12 -0.4345 -0.900672 -6.59225e-13 -0.312346 -0.949968 -9.46267e-13 -0.37241 -0.928068 1.75289e-12 -0.199312 -0.979936 -1.14538e-12 -0.28314 -0.959079 2.19529e-12 -0.122887 -0.992421 2.54441e-12 -0.199312 -0.979936 2.49658e-12 -0.0996912 -0.995018 -1.13907e-12 -0.0579924 -0.998317 2.21933e-12 -0.024477 -0.9997 -8.01112e-13 -0.0116509 -0.999932 1.41023e-12 0.00627825 -0.99998 -1.71498e-15 0.00627825 -0.99998 7.16437e-15 -0.651403 0.0933997 0.752961 -0.636205 0.0912207 0.766108 -0.758352 0.108734 0.642712 -0.989877 0.141931 2.21535e-07 -0.989576 0.141888 0.0246564 -0.989877 0.141931 -4.29956e-14 -0.745093 0.106833 0.658348 -0.550019 0.078863 0.831421 -0.82281 0.117976 0.555937 -0.371902 0.0533242 0.926739 -0.502926 0.0721107 0.861316 -0.44824 0.0642697 0.8916 -0.247136 0.035435 0.968333 -0.349302 0.0500838 0.935671 -0.254204 0.0364484 0.966463 -0.164396 0.0235715 0.986113 -0.132106 0.0189417 0.991055 -0.0844328 0.0121062 0.996356 -0.0398302 0.00571095 0.99919 -0.0242784 0.0034811 0.999699 0 0 1 -5.12244e-17 -3.57258e-16 1 -0.852597 0.122247 0.508069 -0.917357 0.131533 0.375706 -0.882429 0.126525 0.453112 -0.95853 0.137436 0.249664 -0.926095 0.132786 0.353152 -0.976089 0.139954 0.166324 -0.95661 0.137161 0.25707 -0.981022 0.140661 0.133457 -0.986252 0.141411 0.0855029 -0.989075 0.141816 0.0402375 -0.657376 0.753563 1.15699e-16 -0.769313 0.638872 1.35727e-16 -0.657376 0.753563 -2.76121e-15 -0.769313 0.638872 -3.21211e-15 -0.85444 0.51955 6.2972e-16 -0.916069 0.40102 -2.00683e-15 -0.85444 0.51955 -9.18067e-16 -0.958298 0.285772 1.43982e-15 -0.916069 0.40102 3.69897e-16 -0.958298 0.285772 -1.15401e-15 -0.982359 0.187007 -6.06158e-16 -0.989877 0.141931 0 -0.982359 0.187007 -7.68679e-17 -0.989877 0.141931 1.3307e-15 -0.528555 0.848899 -4.53255e-15 -0.398785 0.917045 -3.50098e-15 -0.528555 0.848899 -5.347e-16 -0.398785 0.917045 4.62373e-16 -0.272987 0.962018 -1.68509e-15 -0.153074 0.988215 -8.78054e-16 -0.272987 0.962018 2.21552e-16 -0.0519579 0.998649 -1.13862e-15 -0.153074 0.988215 6.7678e-16 -0.0519579 0.998649 -3.54792e-15 -0.00627825 0.99998 -2.91907e-16 -0.00627825 0.99998 1.77632e-15 0.00480981 -0.766093 0.642712 0.00480981 -0.766093 0.642712 0.0040351 -0.642699 0.766108 0.00540756 -0.861299 0.508069 0.00540756 -0.861299 0.508069 0.0058183 -0.926721 0.375706 0.0058183 -0.926721 0.375706 0.00607943 -0.968314 0.249664 0.00607943 -0.968314 0.249664 0.00622209 -0.991035 0.133457 0.00622209 -0.991035 0.133457 0.00627316 -0.99917 0.0402375 0.00627316 -0.99917 0.0402375 0.00627825 -0.99998 -1.13246e-13 0.00627825 -0.99998 -2.99833e-14 0.0040351 -0.642699 0.766108 0.00318978 -0.508059 0.861316 0.00318978 -0.508059 0.861316 0.00235877 -0.375699 0.926739 0.00235877 -0.375698 0.926739 0.00156745 -0.249659 0.968333 0.00156745 -0.249659 0.968333 0.000837877 -0.133455 0.991055 0.000837877 -0.133455 0.991055 0.000252621 -0.0402367 0.99919 0.000252621 -0.0402367 0.99919 -4.24664e-16 2.28488e-14 1 -7.07509e-16 4.10251e-14 1 -0.00080075 -0.766107 0.642712 -0.000900264 -0.861316 0.508069 -0.00080075 -0.766108 0.642712 -0.000900264 -0.861316 0.508069 -0.000968645 -0.926739 0.375706 -0.00101212 -0.968332 0.249664 -0.000968645 -0.926739 0.375706 -0.00101212 -0.968332 0.249664 -0.00103587 -0.991054 0.133457 -0.00103587 -0.991054 0.133457 -0.00104437 -0.99919 0.0402375 -0.00104522 -0.999999 6.74208e-15 -0.00104437 -0.99919 0.0402375 -0.000671774 -0.642712 0.766108 -0.00104522 -0.999999 -3.20279e-14 -0.000671775 -0.642712 0.766108 -0.000531043 -0.508069 0.861316 -0.000531044 -0.508069 0.861316 -0.000392695 -0.375706 0.926739 -0.000260953 -0.249664 0.968333 -0.000392695 -0.375706 0.926739 -0.000260954 -0.249664 0.968332 -0.000139492 -0.133457 0.991055 -0.000139492 -0.133458 0.991055 -4.2057e-05 -0.0402375 0.99919 0 0 1 -4.20574e-05 -0.0402379 0.99919 -1.78413e-17 1.86481e-20 1 -0.00377299 0.600951 0.799277 -0.00318978 0.508059 0.861316 -0.00308421 0.491244 0.871017 -0.00627825 0.99998 2.4344e-14 -0.00627825 0.99998 -7.95141e-14 -0.00627588 0.999603 0.0274663 -0.0040351 0.642699 0.766108 -0.00235877 0.375698 0.926739 -0.00176091 0.280473 0.95986 -0.00240966 0.383803 0.923412 -0.00156745 0.249659 0.968333 -0.00114628 0.182576 0.983191 -0.000837877 0.133455 0.991055 -0.000593889 0.0945928 0.995516 -2.72346e-16 -1.70989e-18 1 -0.00017244 0.0274657 0.999623 -0.000252621 0.0402367 0.99919 0 0 1 -0.00443939 0.707093 0.707107 -0.00501806 0.799261 0.600963 -0.00480981 0.766093 0.642712 -0.00546846 0.871 0.491253 -0.00540756 0.861299 0.508069 -0.0058183 0.926721 0.375706 -0.00579741 0.923393 0.383811 -0.00607943 0.968314 0.249664 -0.00602624 0.959841 0.280479 -0.00617272 0.983172 0.18258 -0.00622209 0.991035 0.133457 -0.00625009 0.995496 0.0945947 -0.00627316 0.99917 0.0402375 0.663523 0.748155 1.47332e-16 0.529792 0.848127 -2.60091e-15 0.549242 0.835663 7.28657e-16 0.433124 0.901334 -1.03986e-15 0.395044 0.918662 -8.80689e-16 0.265118 0.964216 1.91828e-16 0.320144 0.947369 -9.40094e-16 0.142322 0.98982 5.04436e-16 0.211268 0.977428 1.13014e-15 0.109866 0.993946 -7.99942e-16 0.039746 0.99921 2.41539e-16 -0.00627825 0.99998 3.55264e-15 0.0285358 0.999593 -4.98261e-15 -0.00627825 0.99998 -6.46575e-15 0.764058 0.645147 1.73541e-15 0.663523 0.748155 -4.90234e-17 0.843132 0.537707 5.13809e-16 0.778757 0.627326 4.52508e-16 0.864885 0.50197 -3.87169e-17 0.902335 0.431036 1.6189e-15 0.945186 0.326531 6.85257e-16 0.925635 0.378417 -2.96509e-16 0.973701 0.227829 5.61569e-16 0.965727 0.259559 1.83074e-15 0.987304 0.15884 8.61686e-16 0.989024 0.147756 -1.31494e-15 0.993568 0.113238 4.02301e-16 0.993568 0.113238 -1.02106e-15 0.872925 -0.487855 3.10189e-16 0.793873 -0.608084 8.49714e-16 0.799858 -0.600189 4.21777e-16 0.885946 -0.463788 -2.86666e-16 0.929327 -0.369258 -1.13646e-15 0.943633 -0.330992 7.57003e-16 0.966466 -0.256796 1.02723e-16 0.988418 -0.151756 -5.17383e-16 0.978382 -0.206808 5.27776e-16 0.995688 -0.0927691 -6.11521e-16 0.998459 -0.055496 2.16237e-16 0.999974 0.00725174 3.79054e-17 0.999614 0.0277727 -9.30815e-17 0.996039 0.0889164 -1.80281e-16 0.996589 0.0825198 -2.7583e-16 0.993568 0.113238 0 0.993568 0.113238 -9.41118e-16 0.694069 -0.719909 7.37804e-16 0.686903 -0.726749 -3.95858e-16 0.583564 -0.812067 9.67243e-16 0.472118 -0.881535 1.76724e-15 0.561127 -0.82773 -1.09802e-15 0.364585 -0.93117 2.59302e-15 0.435718 -0.900083 2.62153e-16 0.316267 -0.94867 -2.18982e-15 0.262706 -0.964876 1.35788e-15 0.168202 -0.985753 1.79576e-16 0.204922 -0.978778 -1.29142e-15 0.0855998 -0.99633 3.16788e-16 0.106029 -0.994363 2.63774e-15 0.0308623 -0.999524 -1.37056e-17 0.0244445 -0.999701 6.09323e-16 -0 -1 -1.77636e-15 -0 -1 -1.38778e-16 3.2478e-16 -0.861316 0.508069 1.25462e-16 -0.799154 0.601126 1.19589e-14 -0.766108 0.642712 -5.21763e-15 -0.926739 0.375706 -2.25232e-15 -0.870915 0.491435 5.56432e-15 -0.959801 0.28068 1.46054e-15 -0.923332 0.384004 -3.12379e-15 -0.968333 0.249664 1.44106e-15 -0.983153 0.182783 3.39539e-15 -0.991055 0.133457 -8.87311e-17 -0.995498 0.0947808 -9.52442e-16 -0.999619 0.0275934 -1.16737e-15 -0.99919 0.0402375 0 -1 0 -1.01856e-16 -1 2.20403e-07 -1.18447e-14 -0.642712 0.766108 -2.1216e-15 -0.706973 0.707241 2.03717e-15 -0.600836 0.799372 3.02927e-16 -0.508069 0.861316 1.20362e-15 -0.491145 0.871078 -2.93304e-15 -0.375706 0.926739 1.03285e-16 -0.383723 0.923448 -1.45632e-15 -0.280412 0.95988 1.32064e-15 -0.182533 0.9832 -8.27055e-16 -0.249664 0.968333 -7.54117e-16 -0.0945681 0.995518 -1.21808e-15 -0.133457 0.991055 -4.90403e-15 -0.0402375 0.99919 4.26595e-16 -0.0274578 0.999623 0 0 1 -1.27849e-15 0 1 0.638578 0.0727791 0.766108 0.504801 0.0575325 0.861316 0.597098 0.0680516 0.799277 0.381342 0.0434618 0.923412 0.488094 0.0556283 0.871017 0.373289 0.042544 0.926739 0.248058 0.0282713 0.968333 0.278675 0.0317607 0.95986 0.181405 0.0206749 0.983191 0.132599 0.0151124 0.991055 0.0939862 0.0107117 0.995516 0.0399787 0.0045564 0.99919 2.51438e-17 -2.20616e-16 1 -1.00575e-16 8.82466e-16 1 0.0272896 0.00311021 0.999623 0.702559 0.080071 0.707107 0.794136 0.0905081 0.600963 0.76118 0.0867522 0.642712 0.865414 0.0986318 0.491253 0.855776 0.0975333 0.508069 0.920778 0.104942 0.375706 0.917472 0.104565 0.383811 0.962104 0.109652 0.249664 0.953686 0.108692 0.280479 0.976867 0.111334 0.18258 0.98468 0.112225 0.133457 0.989113 0.11273 0.0945946 0.992763 0.113146 0.0402375 0.993568 0.113238 -3.45603e-14 0.993193 0.113195 0.0274663 0.993568 0.113238 1.67423e-14 -0.081023 -0.996313 0.0282023 -0.061685 -0.998096 -7.40406e-05 -0.0128186 -0.999918 0.000100759 -0.325148 -0.945281 0.0268848 -0.309692 -0.93881 0.150752 -0.393679 -0.916587 0.0698952 -0.0673914 -0.912362 0.403799 -0.137645 -0.933405 0.331374 -0.0844486 -0.962413 0.258129 -0.372309 -0.928109 0.000119242 -0.468116 -0.883457 0.0192447 -0.463991 -0.88584 0.000119725 -0.186936 -0.970619 0.151507 -0.242118 -0.945153 0.219237 -0.247771 -0.964881 0.0872617 -0.468937 -0.828506 0.306065 -0.4728 -0.751471 0.460165 -0.549827 -0.741063 0.385377 -0.118953 -0.865848 0.485961 -0.1965 -0.888099 0.415534 -0.195144 -0.584725 0.787411 -0.300837 -0.621584 0.723278 -0.244171 -0.719548 0.650101 -0.126893 -0.991916 7.24472e-05 -0.134831 -0.987194 0.0852529 -0.234462 -0.474503 0.848454 -0.340547 -0.513603 0.787553 -0.310933 -0.903448 0.29513 -0.258523 -0.900492 0.349685 -0.329996 -0.83471 0.440865 -0.192397 -0.980694 0.0349566 -0.150779 -0.348944 0.924935 -0.258548 -0.380406 0.887944 -0.285227 -0.95846 -5.48924e-05 -0.26117 -0.965286 0.00356074 -0.384247 -0.320708 0.865737 -0.275972 -0.290925 0.91608 -0.287128 -0.204772 0.935749 -0.0205731 -0.0514754 0.998462 0.00034403 -0.0248558 0.999691 -7.10752e-05 0.000262714 1 -0.0348467 -0.996808 0.071826 -0.037782 -0.980787 0.191387 -0.0855912 -0.987026 0.135847 -0.543979 -0.652671 0.52736 -0.622504 -0.639125 0.451673 -0.203356 -0.979105 6.11037e-05 -0.00317132 -0.999739 0.0226169 -0.0046614 -0.992027 0.125937 -0.384051 -0.895891 0.223346 -0.468859 -0.873601 0.130353 -0.392769 -0.837162 0.380647 0.00666979 -0.999978 -0.000538832 -0.549341 -0.809694 0.206443 -0.544488 -0.837089 0.0530503 -0.915398 -0.238888 0.324006 -0.890926 -0.331932 0.309954 -0.852367 -0.280198 0.441542 -0.626822 -0.723757 0.288566 -0.623915 -0.774836 0.101779 -0.890924 -0.45363 0.0217881 -0.896565 -0.442912 1.82081e-05 -0.829275 -0.558814 0.00547771 -0.788268 -0.568402 0.235698 -0.778064 -0.626064 0.0515727 -0.705239 -0.689524 0.164911 -0.686532 -0.527608 0.500304 -0.651048 -0.441195 0.617644 -0.7377 -0.41694 0.530999 -0.853243 -0.436065 0.28605 -0.856032 -0.507775 0.0968166 -0.614906 -0.262354 0.743681 -0.713829 -0.25147 0.653613 -0.687343 -0.342295 0.64062 -0.939706 -0.290349 0.180695 -0.910382 -0.386278 0.148306 -0.991436 -0.129437 0.0173247 -0.988324 -0.152367 -2.0019e-05 -0.975631 -0.219127 0.0112859 -0.998689 -0.0460606 0.022343 -0.997658 -0.0684001 5.82261e-05 -0.74598 -0.0855388 0.660452 -0.829355 -0.0612183 0.555358 -0.818093 -0.14104 0.557523 -0.985448 0.12428 0.115963 -0.990263 0.134867 0.0344995 -0.995254 0.0928979 0.0289789 -0.999205 0.0302415 0.0259774 -0.999964 0.00848248 -4.10294e-05 -0.991309 0.0720619 0.110061 -0.97583 0.0432983 0.2142 -0.994296 0.00287813 0.106615 -0.976503 -0.0305469 0.213328 -0.989697 0.141844 0.0195007 -0.989863 0.142025 -0.000166235 -0.986656 0.141699 0.0801981 0.00620005 -0.999658 0.0253987 0.0059243 -0.996284 0.0859296 0.0062329 -0.986479 0.163766 -0.00274585 -0.966515 0.256595 -0.141285 -0.969441 0.200558 -0.028024 -0.944372 0.327682 0.000603355 -0.919595 0.392867 0.00592617 -0.941791 0.336147 0.0060452 -0.968648 0.248365 -0.560151 -0.828391 -0.000200425 -0.196637 -0.942983 0.268544 -0.0183333 -0.883264 0.468518 0.00562336 -0.90455 0.42633 0.00396901 -0.847573 0.530665 -0.658877 -0.752251 5.23811e-05 -0.616967 -0.786935 0.00922001 -0.696991 -0.716623 0.0255917 -0.753262 -0.657721 0.000240042 -0.0507177 -0.834154 0.549195 -0.0066829 -0.792321 0.610067 0.00500961 -0.788537 0.614967 0.00539503 -0.854346 0.519677 -0.834572 -0.550899 -0.000168047 -0.180859 -0.800606 0.571245 -0.262534 -0.821602 0.50601 -0.0946329 -0.768772 0.632482 0.00204153 -0.67166 0.740857 -0.0261124 -0.722383 0.691 0.00439787 -0.707005 0.707195 -0.400689 -0.751058 0.524748 -0.327396 -0.739328 0.588393 -0.386017 -0.644691 0.659821 -0.0512768 -0.638915 0.767566 -0.144251 -0.68728 0.711925 -0.0049663 -0.588545 0.808449 0.00369629 -0.614326 0.789044 -0.702804 -0.612701 0.361476 -0.434192 -0.540911 0.720342 -0.521283 -0.550636 0.651969 -0.465608 -0.654663 0.595504 -0.603448 -0.546297 0.58087 -0.0851531 -0.539789 0.837482 0.00344271 -0.519544 0.854437 -0.0191476 -0.498231 0.866833 -0.935596 -0.349284 0.0515795 -0.940637 -0.339414 0.000254482 -0.970105 -0.242687 0.00017944 -0.771769 -0.489262 0.406197 -0.820394 -0.378016 0.42902 -0.36641 -0.412939 0.833801 -0.123006 -0.438011 0.890514 -0.0409917 -0.407088 0.912469 -0.000637443 -0.372905 0.927869 0.00257494 -0.426298 0.904579 -0.563093 -0.448081 0.69437 -0.468943 -0.437678 0.767157 -0.0879786 -0.148219 0.985033 -0.170838 -0.260522 0.950233 -0.0764926 -0.230673 0.97002 -0.0605882 -0.319224 0.94574 0.00197319 -0.336079 0.941832 -0.00531797 -0.287346 0.957812 -0.963894 -0.255296 0.0757119 -0.959301 -0.198598 0.200752 -0.98242 -0.162153 0.0925108 -0.873808 -0.190622 0.44735 -0.800288 -0.225685 0.555522 -0.77447 -0.316698 0.54763 -0.593197 -0.351476 0.72428 -0.492111 -0.343036 0.800096 0.00161904 -0.2488 0.968554 -0.0114138 -0.201429 0.979437 -0.931563 -0.151161 0.330667 -0.971281 -0.11165 0.210113 -0.991899 -0.0759252 0.101839 -0.630952 -0.178423 0.755026 -0.732978 -0.166373 0.659593 -0.507615 -0.255872 0.822713 -0.395088 -0.23432 0.888256 -0.184703 -0.175928 0.96692 -0.293807 -0.123446 0.94786 -0.196364 -0.0988431 0.975536 0.000429762 -0.086428 0.996258 -0.0170051 -0.120717 0.992541 0.00105089 -0.16404 0.986453 -0.997206 0.0746983 -0.000104098 -0.940938 -0.0685796 0.331561 -0.887772 -0.107121 0.447646 -0.517955 -0.173434 0.837642 -0.40017 -0.152071 0.903736 -0.525654 -0.088455 0.846087 -0.40542 -0.0729183 0.911218 -0.0973148 -0.0758265 0.992361 -0.992391 0.123125 -4.88968e-05 -0.895421 -0.0286103 0.444299 -0.897327 0.0432511 0.439242 -0.944235 0.00823657 0.32917 -0.641853 -0.0954331 0.760866 -0.646178 -0.0125253 0.763084 -0.834613 0.013453 0.550672 -0.752672 -0.00676506 0.65836 -0.298945 -0.0546895 0.952702 -0.205286 -0.0322175 0.978172 -0.109087 -0.0105053 0.993977 -0.0289872 -0.0020039 0.999578 -0.970725 0.104777 0.216136 -0.942129 0.0765008 0.326406 -0.752226 0.0671084 0.655479 -0.530999 -0.00483891 0.847359 -0.417911 0.00502851 0.908474 -0.312257 0.0122483 0.949919 -0.214648 0.01811 0.976523 -0.110694 0.0160322 0.993725 -0.0369463 0.00516601 0.999304 -0.975061 0.139569 0.172558 -0.965176 0.13694 0.222896 -0.936651 0.125397 0.327047 -0.894191 0.10384 0.435477 -0.833287 0.0810815 0.546862 -0.647351 0.0628867 0.759593 -0.654596 0.0955178 0.74992 -0.537477 0.0616386 0.841023 -0.432652 0.057032 0.899756 -0.356601 0.0510733 0.93286 -0.185481 0.0264403 0.982292 -0.25646 0.037003 0.965846 -0.955862 0.137261 0.259783 -0.924425 0.133646 0.35718 -0.875248 0.125653 0.467068 -0.81437 0.115273 0.568783 -0.741066 0.106036 0.663006 -0.559934 0.0812701 0.824542 -0.459974 0.06626 0.885457 -0.182167 0.969501 0.163961 -0.296886 0.947043 0.122347 -0.30013 0.931139 0.20713 -0.601803 0.798645 0.000363739 -0.6545 0.749218 0.1015 -0.537018 0.838542 0.0919762 -0.782808 0.357251 0.509493 -0.886406 0.285666 0.364251 -0.849005 0.237149 0.472176 -0.966908 0.138755 0.214093 -0.957176 0.187081 0.22094 -0.983149 0.141667 0.11554 -0.971213 0.203453 0.123909 -0.989204 0.142286 0.0350776 -0.933282 0.155903 0.323541 -0.978808 0.198591 0.0499564 -0.938357 0.135282 0.318096 -0.989852 0.142103 -1.5401e-05 -0.859954 0.40782 0.306858 -0.788698 0.510473 0.342596 -0.884157 0.415265 0.21406 -0.72995 0.625679 0.275134 -0.814787 0.522543 0.251139 -0.705099 0.60709 0.366439 -0.613483 0.69559 0.373889 -0.633061 0.720635 0.282699 -0.982966 0.183785 0.000239969 -0.453316 0.681176 0.574895 -0.490755 0.73632 0.465824 -0.583182 0.659758 0.473939 -0.525305 0.806667 0.27082 -0.403941 0.851712 0.333794 -0.407954 0.879841 0.24383 -0.413866 0.907438 0.0726039 -0.485379 0.874303 0.00114103 -0.937669 0.303522 0.169266 -0.917073 0.301709 0.260668 -0.0388457 0.999245 0.00114402 -0.0507968 0.997905 0.0400609 -0.0062435 0.99998 -0.000437576 -0.622463 0.534306 0.571889 -0.67034 0.57771 0.465721 -0.752658 0.488543 0.441397 -0.00683305 0.999354 0.0352703 -0.178 0.983957 0.0120384 -0.182424 0.980125 0.0779554 -0.833863 0.1198 0.538813 -0.794381 0.169135 0.583398 -0.750012 0.107568 0.652618 -0.715924 0.115824 0.688504 -0.827743 0.388991 0.404384 -0.717341 0.29794 0.629805 -0.639621 0.211578 0.738999 -0.464522 0.0723792 0.882599 -0.554422 0.126143 0.82262 -0.533332 0.0758875 0.842495 -0.635405 0.396571 0.662564 -0.386273 0.125932 0.913748 -0.470044 0.221261 0.85446 -0.304339 0.0586101 0.950759 -0.227498 0.109196 0.967637 -0.212076 0.0303437 0.976782 -0.077643 0.0903772 0.992876 -0.150996 0.040519 0.987704 -0.021703 0.0257843 0.999432 -0.0350488 0.00535647 0.999371 0.000430173 -0.000482737 1 -0.115094 0.0163958 0.993219 -0.951478 0.307436 0.0131184 -0.961624 0.274372 0.000428468 -0.948855 0.301817 0.0926324 -0.926067 0.377359 0.000197206 -0.905953 0.420927 0.0454866 -0.84234 0.533808 0.074251 -0.875003 0.484117 0.000799722 -0.895333 0.128464 0.426469 -0.293447 0.954823 0.0469192 -0.802061 0.597241 0.00121636 -0.899944 0.415809 0.131161 -0.556663 0.318244 0.767363 -0.645609 0.092596 0.758033 -0.758366 0.645054 0.0937388 -0.832928 0.528421 0.164323 -0.702516 0.453236 0.548679 -0.42183 0.0605632 0.90465 -0.710086 0.704115 0.000353679 -0.747525 0.637287 0.187272 -0.558655 0.471049 0.682655 -0.481103 0.391552 0.784364 -0.395634 0.300719 0.86778 -0.310152 0.203211 0.928715 -0.315629 0.0446968 0.947829 -0.365201 0.930928 0.000891552 -0.646136 0.738021 0.194508 -0.538724 0.610707 0.580357 -0.478908 0.543582 0.689322 -0.40935 0.457012 0.789667 -0.329078 0.3595 0.873194 -0.239747 0.264491 0.934112 -0.152648 0.173764 0.972885 -0.154832 0.32257 0.933796 -0.073582 0.236531 0.968834 -0.513219 0.777426 0.363614 -0.531991 0.826348 0.184757 -0.400607 0.611984 0.681902 -0.335347 0.526475 0.78126 -0.249675 0.422419 0.871335 -0.134409 0.498619 0.856337 -0.234781 0.592737 0.770416 -0.0188579 0.156036 0.987571 -0.000538443 0.0357355 0.999361 -0.00077808 0.116319 0.993212 -0.295837 0.908709 0.294496 -0.138128 0.920932 0.364424 -0.169589 0.950753 0.25944 -0.40865 0.89862 0.15965 -0.392438 0.809326 0.437017 -0.366445 0.749774 0.55096 -0.316947 0.67422 0.667062 -0.174439 0.753006 0.634471 -0.0999393 0.66196 0.742846 -0.0550479 0.400265 0.914745 -0.0125311 0.310306 0.950554 -0.00149597 0.214257 0.976776 -0.243552 0.969888 -0.000173075 -0.2753 0.875431 0.397278 -0.235835 0.826202 0.511636 -0.0383034 0.566731 0.823012 -0.00174553 0.318435 0.947943 -0.00300721 0.426251 0.9046 -0.126306 0.991991 -0.000803815 -0.0930644 0.875657 0.473882 -0.0454539 0.810793 0.583566 -0.0138516 0.726309 0.687229 -0.00479645 0.757798 0.652471 -0.00422306 0.652298 0.757951 -0.00316568 0.538561 0.84258 -0.0451162 0.991618 0.121075 -0.0340093 0.9748 0.220474 -0.0195866 0.945941 0.323747 -0.00569158 0.904477 0.426485 -0.00549 0.842589 0.538529 -0.0066124 0.993267 0.115658 -0.0063555 0.976757 0.214255 -0.00618261 0.948044 0.318078 0.245871 0.931874 0.266757 0.132013 0.942381 0.307394 0.240356 0.904522 0.352234 0.0413902 0.982596 0.181085 -0.00562905 0.99456 0.104016 -0.00635432 0.980763 0.195099 0.0186109 0.961527 0.274081 0.038806 0.998743 0.0317288 0.132184 0.988752 0.0699847 0.125283 0.992121 5.12391e-05 -0.00554059 0.956511 0.291643 0.0472179 0.994328 0.0952969 -0.00509126 0.999501 0.031171 0.246895 0.951377 0.184186 0.137724 0.966379 0.217126 0.45267 0.785795 0.421444 0.468938 0.817909 0.33335 0.347027 0.852492 0.390934 0.134846 0.980522 0.142808 0.228675 0.973503 0.000135018 0.258715 0.965808 0.0167726 0.334899 0.942254 5.78658e-05 0.0353228 0.999376 -9.22588e-05 0.0999025 0.906686 0.409806 -0.0059636 0.999982 -0.000127178 -0.00573668 0.919767 0.392422 0.478403 0.841421 0.251281 0.359109 0.881784 0.305772 0.640632 0.63044 0.438332 0.669603 0.655239 0.349706 0.55075 0.710137 0.438611 0.572438 0.74157 0.34984 0.587706 0.763668 0.267232 0.726212 0.544605 0.419549 0.601272 0.59516 0.533157 0.78162 0.571623 0.249634 0.690874 0.672055 0.266526 0.758901 0.560607 0.331345 0.85733 0.464947 0.220928 0.918662 0.351198 0.180888 0.951766 0.273486 0.139095 0.963351 0.259561 0.0676987 0.987922 0.152847 0.0254693 0.984416 0.149661 0.092338 -0.00522889 0.868253 0.496094 0.0486429 0.857895 0.511517 0.992922 0.114603 0.0311834 0.993647 0.112544 -0.00022215 0.171883 0.820061 0.545853 0.220479 0.871731 0.437577 0.00935513 0.788251 0.615282 0.101895 0.736814 0.668373 0.0444823 0.646805 0.761357 0.334464 0.811087 0.479867 0.00884009 0.556369 0.830888 0.15757 0.581478 0.798157 0.0760231 0.489358 0.868763 0.179242 0.41746 0.890842 0.0226753 0.40102 0.915788 0.185501 0.265288 0.946156 0.270003 0.351509 0.896404 0.0986821 0.327599 0.939649 0.0376236 0.248074 0.96801 0.0426265 0.00940309 0.999047 -5.00947e-05 0.0314513 0.999505 4.55153e-05 1.50238e-05 1 0.00399977 0.0442093 0.999014 0.0413863 0.111222 0.992933 -0.000680063 0.104449 0.99453 0.44301 0.896517 6.2794e-05 0.372115 0.92711 0.0446881 0.487896 0.869893 0.0724158 0.870619 0.350104 0.345614 0.920694 0.239388 0.308245 0.938505 0.268322 0.217284 0.249214 0.962546 0.106759 0.30745 0.747394 0.588963 -0.00486594 0.797621 0.603139 -0.00439357 0.706994 0.707206 -0.00354414 0.60268 0.797975 0.969934 0.243366 -1.88754e-05 0.988053 0.154113 -0.00021807 0.369704 0.91858 0.13975 0.364544 0.90431 0.222106 0.517614 0.667604 0.535145 0.395542 0.676652 0.621038 0.471101 0.611812 0.635413 0.243485 0.665538 0.705531 -0.0032942 0.495842 0.868406 -0.00222277 0.39226 0.919851 0.554035 0.832493 0.000728462 0.604622 0.791761 0.0868754 0.485119 0.858459 0.166455 0.429413 0.739223 0.518801 0.342392 0.601899 0.721447 0.268687 0.515841 0.813459 -0.00198356 0.291872 0.956455 0.663289 0.748364 -0.000493215 0.717281 0.691584 0.0849702 0.597639 0.780454 0.183627 0.482522 0.471245 0.73831 0.414647 0.537257 0.734454 0.350059 0.447273 0.823046 0.106902 0.187126 0.976502 -0.00110581 0.195351 0.980733 0.760441 0.649407 -6.05837e-05 0.808476 0.584475 0.0689613 0.706059 0.683884 0.183801 0.54853 0.543716 0.635207 0.410661 0.388498 0.82488 0.331631 0.302316 0.893659 0.249899 0.216065 0.943857 0.174038 0.129906 0.976133 0.318549 0.148337 0.936228 0.10466 0.0548919 0.992992 0.837282 0.546771 0.000166562 0.87617 0.479978 0.0441402 0.79827 0.579105 0.165539 0.682896 0.516927 0.516178 0.474655 0.32736 0.81703 0.627382 0.327563 0.706466 0.554185 0.404017 0.72777 0.626548 0.470393 0.621424 0.395097 0.239067 0.886987 0.471773 0.145 0.869716 0.170151 0.0241303 0.985123 0.24252 0.0704683 0.967584 0.10399 0.0118516 0.994508 0.0313563 0.00374982 0.999501 0.895465 0.445131 0.00014695 0.928683 0.370619 0.0137744 0.868685 0.475575 0.138617 0.835292 0.46086 0.299825 0.807544 0.446584 0.385273 0.764764 0.427874 0.481727 0.701554 0.3949 0.593192 0.71926 0.184637 0.669757 0.552772 0.237656 0.798726 0.393516 0.0755625 0.916207 0.194149 0.0220577 0.980724 0.290138 0.0330458 0.956414 0.939266 0.34319 5.07692e-05 0.929474 0.351422 0.112163 0.899571 0.352224 0.258284 0.838376 0.326337 0.436613 0.793062 0.265926 0.548029 0.891506 0.191567 0.41051 0.550611 0.0748387 0.831401 0.598901 0.0683992 0.797897 0.636572 0.119204 0.761949 0.492793 0.0560166 0.868342 0.389621 0.0443382 0.919907 0.84683 0.139855 0.513146 0.780865 0.100615 0.616544 0.702816 0.0801696 0.70684 0.973528 0.13925 0.181254 0.953268 0.123689 0.275648 0.913839 0.104053 0.392518 0.862775 0.0986263 0.495874 0.792768 0.0902948 0.602799 0.988147 0.112872 0.104043 0.974414 0.111045 0.195413 0.950379 0.108616 0.291519 0.30274 -0.917969 0.256284 0.365988 -0.923432 0.115441 0.400441 -0.882445 0.246857 0.874436 -0.303663 0.378352 0.872263 -0.370752 0.318904 0.936404 -0.267313 0.227358 0.481277 -0.756225 0.443279 0.388323 -0.803093 0.451937 0.444741 -0.824036 0.350955 0.785159 -0.34148 0.516639 0.791805 -0.401629 0.46015 0.416491 -0.728932 0.543317 0.429957 -0.647435 0.629257 0.349341 -0.682039 0.642482 0.335617 -0.766097 0.548139 0.288935 -0.387858 0.875261 0.326001 -0.489243 0.808928 0.404614 -0.46937 0.784844 0.34869 -0.867536 0.354678 0.426066 -0.560661 0.710019 0.507149 -0.833259 0.220181 0.569429 -0.821033 0.0406924 0.620769 -0.764878 0.172068 0.0272743 -0.0269015 0.999266 0.068112 -0.116582 0.990843 0.14107 -0.109682 0.983905 0.772431 -0.548846 0.319559 0.841792 -0.522714 0.134748 0.862673 -0.449305 0.232208 0.324074 -0.289032 0.900798 0.192838 -0.215334 0.957311 0.242118 -0.299272 0.922938 0.753836 -0.617965 0.22327 0.654172 -0.697682 0.29206 0.724361 -0.681191 0.106211 -0.000144605 -0.000208092 1 0.0303768 0.0033005 0.999533 0.806139 -0.590064 0.0443251 0.869208 -0.494382 0.0079303 0.905369 -0.42078 0.0570223 0.928039 -0.346794 0.135932 0.943553 -0.330976 0.0127783 0.667963 -0.744082 0.0129544 0.964254 -0.258338 0.0589573 0.983607 -0.179897 0.012451 0.973941 -0.179916 0.13809 0.992241 -0.10867 0.0604085 0.998976 -0.0440249 0.0104637 0.99976 0.0219153 5.09683e-05 0.998937 0.012155 0.0444569 0.991286 -0.0541503 0.120085 0.467682 -0.880356 0.0790365 0.996236 0.0866798 0.000101829 0.993488 0.113932 -0.000864901 0.994105 0.103676 0.0317346 0.471891 -0.881657 0.000527208 0.50548 -0.682112 0.528406 0.329764 -0.94397 0.0132513 0.266932 -0.95332 0.141169 0.182123 -0.9718 0.149786 0.147239 -0.988572 0.0323486 0.234802 -0.971734 0.024516 0.222456 -0.942057 0.251082 0.267212 -0.963638 0.000458054 0.367466 -0.930037 -0.000236784 0.193728 -0.922001 0.335237 0.265967 -0.899215 0.347382 0.174855 -0.984594 0.000359614 -2.38334e-05 -0.919754 0.392494 0.038474 -0.944214 0.327078 0.0618453 -0.898466 0.434666 0.0905004 -0.995896 0.000413149 0.0692098 -0.997032 0.0337276 0.0262934 -0.999654 0.000575979 0.0140667 -0.999286 0.0350557 -0.000611118 -0.994481 0.104915 0.000843489 -0.999506 0.0314294 -0.000652225 -1 -0.00047406 0.0146235 -0.974638 0.223309 0.000272555 -0.980718 0.19543 0.043569 -0.990087 0.133527 0.103537 -0.984125 0.144146 0.582644 -0.812727 4.31349e-05 0.000247404 -0.956379 0.29213 0.088342 -0.971448 0.220194 0.147971 -0.959415 0.240059 0.346203 -0.588848 0.730343 0.693716 -0.720249 1.70418e-05 0.794608 -0.607123 3.37204e-05 0.000469402 -0.291722 0.956503 0.0555017 -0.210569 0.976002 -0.000256541 -0.195193 0.980765 3.20504e-05 -0.868145 0.49631 0.269257 -0.612371 0.743305 0.122146 -0.93848 0.323011 0.548301 -0.767373 0.332422 0.873751 -0.486373 2.94606e-05 0.92934 -0.369226 2.19035e-05 0.0816269 -0.834203 0.545383 0.153524 -0.886648 0.436218 0.30622 -0.839278 0.449268 0.231703 -0.866973 0.441215 0.579434 -0.698346 0.420201 0.677132 -0.629884 0.380444 0.965777 -0.259372 0.000235983 0.000254329 -0.797919 0.602764 0.0908316 -0.750163 0.654984 0.177843 -0.818441 0.546376 0.258734 -0.795395 0.548091 0.602646 -0.474793 0.641397 0.492704 -0.440662 0.750373 0.512341 -0.523918 0.680453 0.598914 -0.625853 0.49961 0.693348 -0.557779 0.456236 0.785855 -0.473428 0.397867 0.987588 -0.157068 -0.000122176 0.998061 -0.0622401 8.67067e-05 -0.00131816 -0.70693 0.707282 0.0827244 -0.647309 0.757725 0.190241 -0.733149 0.652917 0.272478 -0.70972 0.649656 0.516008 -0.604232 0.607157 0.606426 -0.551061 0.573218 0.700256 -0.484246 0.524545 0.934872 -0.205324 0.28958 0.971129 -0.122839 0.204498 -0.000552279 -0.602927 0.797796 0.0604432 -0.539697 0.839687 0.184869 -0.630875 0.753538 0.368213 -0.375701 0.850451 0.694869 -0.413032 0.588694 0.585702 -0.400752 0.704522 0.917457 -0.107899 0.382923 0.930577 -0.168568 0.324979 0.966489 -0.0862022 0.2418 0.868749 -0.257579 0.423 0.985703 -0.00852037 0.168278 0.993692 0.0613296 0.0938899 0.000294214 -0.495939 0.868357 -0.000960414 -0.392261 0.919853 0.101546 -0.308876 0.945666 0.163358 -0.522488 0.836851 0.2482 -0.506107 0.825986 0.214609 -0.394996 0.893264 0.650889 -0.283885 0.704097 0.67792 -0.348683 0.647182 0.766997 -0.283293 0.575726 0.852244 -0.199769 0.483501 0.955109 -0.024229 0.295264 0.928476 0.0484123 0.368224 0.974126 0.0467663 0.221116 0.984033 0.0965139 0.149548 0.99307 0.113282 0.0312953 0.988148 0.112498 0.104439 0.0316326 -0.43296 0.900858 0.174556 -0.298779 0.938222 0.135433 -0.413708 0.90028 0.45516 -0.356217 0.816051 0.550659 -0.329157 0.767092 0.744572 -0.211959 0.632998 0.827565 -0.116849 0.549074 0.889765 -0.0223818 0.45587 0.852578 0.0468019 0.5205 0.953137 0.0926432 0.288005 0.974454 0.111062 0.195204 0.277999 -0.201183 0.939277 0.408324 -0.270513 0.871834 0.501885 -0.239842 0.831016 0.608647 -0.18582 0.771375 0.708938 -0.108694 0.696845 0.79092 -0.023434 0.611471 0.653853 -0.00167876 0.75662 0.89634 0.0889216 0.43436 0.913951 0.104021 0.392268 0.950261 0.108337 0.292006 0.124634 -0.214834 0.968665 0.365094 -0.174126 0.914542 0.455806 -0.128537 0.880749 0.55606 -0.0661331 0.828507 0.505525 0.0201339 0.862577 0.738146 0.0515131 0.672671 0.807442 0.0853245 0.583745 0.862608 0.0982956 0.496232 -0.000374823 -0.104668 0.994507 0.0133562 -0.118971 0.992808 0.000908723 -0.0312444 0.999511 0.0958932 -0.0152833 0.995274 0.227884 -0.0912697 0.969401 0.320042 -0.0624068 0.945346 0.412254 -0.0230602 0.910777 0.59826 0.0554172 0.799383 0.792464 0.0903882 0.603184 0.702538 0.0799582 0.70714 0.181489 0.00127092 0.983392 0.272688 0.0198795 0.961897 0.290359 0.0331075 0.956345 0.389823 0.0442719 0.919825 0.492902 0.0561532 0.868271 0.598689 0.0682497 0.798068 0.104866 0.0124505 0.994408 0.193645 0.021395 0.980838</float_array>
          <technique_common>
            <accessor count="1132" source="#ID7" stride="3">
              <param name="X" type="float"/>
              <param name="Y" type="float"/>
              <param name="Z" type="float"/>
            </accessor>
          </technique_common>
        </source>
        <vertices id="ID8">
          <input semantic="POSITION" source="#ID4"/>
          <input semantic="NORMAL" source="#ID6"/>
        </vertices>
        <triangles count="1633" material="ID9">
          <input offset="0" semantic="VERTEX" source="#ID8"/>
          <p>0 1 2 1 0 3 4 5 6 5 4 7 8 9 10 9 8 11 12 13 14 13 12 15 16 17 18 17 16 19 20 21 22 21 20 23 24 25 26 26 25 27 28 27 29 26 27 28 30 31 32 33 34 35 33 35 36 35 37 38 34 37 35 39 35 40 35 38 40 41 42 35 41 35 39 35 43 44 42 43 35 30 35 44 30 44 45 31 30 46 47 46 30 48 30 49 48 47 30 50 30 51 50 49 30 30 45 52 52 51 30 52 45 53 54 53 55 56 57 58 59 54 58 58 60 61 62 63 58 64 65 66 60 65 67 68 65 64 69 64 66 65 60 58 65 68 67 58 70 62 58 61 70 58 63 71 56 58 71 59 58 57 72 58 54 73 72 74 75 76 77 76 75 78 79 77 80 79 75 77 77 72 81 81 80 77 72 82 83 81 72 83 72 73 84 82 72 84 85 72 86 72 85 74 87 72 55 87 86 72 53 45 55 55 72 54 88 89 90 91 92 88 88 90 91 92 93 94 93 92 91 94 95 96 93 95 94 97 98 96 94 96 98 97 99 100 100 98 97 101 99 102 99 101 100 103 101 104 102 104 101 105 106 103 103 104 105 106 107 108 107 106 105 107 109 108 90 89 110 111 89 112 89 111 110 113 114 112 111 112 114 113 115 116 116 114 113 117 118 115 115 118 116 119 120 117 117 115 119 120 121 122 121 120 119 121 123 122 122 123 124 125 126 127 128 129 130 125 127 131 132 126 125 133 131 127 134 135 136 135 132 136 137 134 138 138 134 136 139 140 137 138 139 137 141 137 140 140 142 141 142 143 141 135 126 132 144 145 146 144 146 143 144 143 142 133 127 147 148 149 147 133 147 149 148 150 151 151 149 148 152 153 150 150 153 151 154 155 152 152 150 154 155 156 129 156 155 154 156 130 129 157 158 159 160 158 161 158 160 159 162 163 161 160 161 163 162 164 165 165 163 162 166 164 167 164 166 165 168 169 167 166 167 169 170 169 168 171 157 159 171 172 173 173 157 171 174 172 175 172 174 173 176 177 175 174 175 177 176 178 179 179 177 176 180 178 181 178 180 179 180 181 182 183 184 185 184 186 187 186 184 183 188 187 189 186 189 187 190 191 188 188 189 190 191 192 193 192 191 190 194 193 195 192 195 193 196 197 194 194 195 196 183 185 198 199 200 198 198 185 199 200 201 202 201 200 199 203 202 204 201 204 202 205 206 203 203 204 205 206 207 208 207 206 205 207 209 208 208 209 210 211 212 213 212 214 215 214 212 211 216 215 217 214 217 215 218 219 216 216 217 218 219 220 221 220 219 218 222 221 223 220 223 221 211 213 224 225 222 223 226 227 224 224 213 226 227 228 229 228 227 226 230 229 231 228 231 229 232 233 230 230 231 232 233 234 235 234 233 232 236 235 237 234 237 235 236 237 238 239 240 241 242 243 244 245 240 239 246 247 248 240 246 241 249 250 247 247 246 249 250 251 252 251 250 249 241 246 248 253 254 255 254 252 255 252 251 255 254 253 256 239 257 245 258 259 257 245 257 259 258 260 261 261 259 258 262 260 263 260 262 261 264 262 265 263 265 262 266 267 264 264 265 266 267 268 269 268 267 266 243 269 244 268 244 269 270 271 272 273 271 274 271 273 272 275 276 274 273 274 276 275 277 278 278 276 275 279 277 280 277 279 278 281 282 280 279 280 282 283 282 281 284 270 285 270 272 285 284 286 287 287 270 284 288 286 289 286 288 287 290 291 289 288 289 291 290 292 293 293 291 290 294 292 295 292 294 293 294 295 296 296 295 297 298 299 300 301 302 298 298 300 301 302 303 304 303 302 301 305 304 306 303 306 304 307 308 305 305 306 307 308 309 310 309 308 307 311 310 312 309 312 310 313 314 311 311 312 313 299 315 300 316 315 317 315 316 300 318 319 317 316 317 319 318 320 321 321 319 318 322 320 323 320 322 321 324 325 323 322 323 325 324 326 327 327 325 324 328 326 329 326 328 327 328 329 330 330 329 331 332 333 334 332 335 336 336 333 332 337 338 335 335 338 336 339 340 337 337 335 339 340 341 342 341 340 339 343 342 344 341 344 342 345 346 343 343 344 345 347 334 348 333 348 334 349 350 347 347 348 349 350 351 352 351 350 349 352 353 354 351 353 352 355 356 354 352 354 356 355 357 358 358 356 355 359 357 360 357 359 358 359 360 361 361 360 362 363 364 365 366 367 368 364 367 365 369 370 368 366 368 370 371 370 369 371 372 373 369 372 371 367 364 368 372 374 373 375 376 377 375 377 374 377 373 374 365 378 363 379 380 378 363 378 380 379 381 382 382 380 379 383 381 384 381 383 382 385 383 386 384 386 383 387 388 385 385 386 387 388 389 390 389 388 387 391 390 392 389 392 390 391 392 393 394 395 396 397 398 399 400 401 402 403 404 405 406 407 408 409 410 411 412 413 401 414 415 416 417 394 418 415 419 420 421 422 423 418 406 424 419 425 426 427 428 397 429 430 431 432 433 434 435 436 437 427 397 403 403 397 404 408 428 424 411 438 439 424 440 417 394 396 435 441 435 396 408 398 397 421 398 407 442 435 441 398 443 399 399 444 404 445 410 409 441 396 446 444 447 448 449 450 451 439 452 411 447 452 453 454 455 456 457 458 459 460 461 462 463 464 457 465 466 467 450 468 469 470 471 472 473 474 470 475 476 477 478 479 480 473 481 482 478 480 483 484 485 486 487 488 479 478 489 479 441 446 490 394 417 395 491 441 490 440 428 427 436 435 442 440 424 428 418 424 417 492 442 491 491 442 441 394 435 437 492 493 442 402 494 437 436 495 402 495 493 496 418 394 437 406 408 424 436 442 493 437 494 418 436 402 437 497 493 498 493 492 498 404 499 405 397 428 408 494 500 406 397 399 404 443 398 421 495 496 501 406 418 494 407 398 408 493 495 436 407 406 500 402 401 494 502 496 497 497 496 493 495 501 400 502 503 496 504 499 505 448 505 499 506 507 504 458 456 507 404 448 499 500 422 407 444 448 404 445 409 443 399 443 444 508 412 400 501 503 509 500 494 401 421 407 422 500 401 413 503 501 496 402 495 400 412 401 400 501 509 508 510 503 511 503 502 511 455 512 456 409 444 443 506 505 453 445 443 421 447 453 448 513 514 413 409 447 444 515 513 412 513 416 514 422 500 413 445 421 423 516 517 509 422 413 514 412 513 413 503 510 509 400 501 508 508 517 515 518 509 510 506 504 505 512 507 456 464 454 456 453 505 448 411 447 409 506 459 458 445 423 519 459 453 452 520 415 521 452 447 411 520 514 416 515 522 523 423 422 514 519 410 445 416 523 414 514 520 423 524 517 516 508 509 517 412 508 515 523 513 515 509 518 516 517 524 522 525 516 518 507 506 458 526 459 452 459 506 453 464 456 458 410 438 411 457 464 458 527 528 529 459 526 457 529 410 519 452 439 526 439 438 530 523 531 414 519 423 520 438 410 529 416 513 523 520 521 519 415 414 419 415 520 416 532 533 524 524 516 525 515 517 522 522 533 531 532 524 525 455 534 535 536 472 471 534 455 454 537 457 526 534 454 469 460 526 439 469 464 463 463 537 538 457 537 463 438 528 530 526 460 537 527 521 420 430 539 426 529 519 521 438 529 528 419 414 540 529 521 527 531 533 541 415 420 521 533 542 541 522 524 533 523 522 531 531 541 540 543 533 532 535 472 536 481 483 480 454 464 469 470 474 471 463 538 450 534 469 468 537 462 538 469 463 450 461 530 544 545 544 528 460 439 530 460 462 537 539 430 429 530 461 460 545 527 539 544 530 528 546 547 548 527 545 528 549 540 541 527 420 539 419 426 420 550 551 542 414 531 540 425 540 549 533 543 542 541 551 549 550 542 543 534 472 535 534 552 472 553 468 449 552 534 468 552 554 472 555 451 556 468 553 552 538 557 451 468 450 449 557 462 467 538 451 450 467 461 558 557 538 462 544 559 558 467 462 461 545 429 559 544 558 461 539 420 426 559 544 545 426 547 430 429 545 539 549 548 425 551 560 561 419 540 425 547 425 548 541 542 551 549 561 548 550 560 551 470 472 554 482 474 473 553 562 563 554 552 553 554 564 470 562 449 555 553 563 554 466 565 566 449 562 553 557 466 556 451 555 449 567 465 558 557 556 451 568 567 559 466 557 467 431 568 429 465 467 558 431 430 569 567 558 559 570 431 571 568 559 429 572 432 573 561 574 573 426 425 547 546 569 547 549 551 561 548 573 546 560 574 561 473 470 564 481 575 482 563 576 486 564 554 563 485 473 564 562 577 576 486 564 563 555 477 577 576 563 562 556 566 477 555 577 562 565 465 578 477 555 556 578 567 579 566 556 466 580 578 581 565 466 465 431 570 568 578 465 567 569 571 431 579 568 570 546 582 569 546 573 432 430 547 569 571 569 582 548 561 573 546 432 582 574 572 573 481 473 485 480 583 575 584 585 586 485 564 486 483 485 484 586 486 576 486 586 484 577 476 584 586 576 584 587 588 475 584 576 577 589 476 590 476 577 477 587 566 565 566 587 475 580 565 578 565 580 587 581 578 579 570 591 579 567 568 579 579 591 581 592 570 571 570 592 591 593 571 582 571 593 592 434 594 432 593 582 594 572 433 432 575 481 480 583 479 488 484 595 483 481 485 483 483 595 478 596 484 586 595 484 596 589 590 597 586 585 596 589 584 476 584 589 585 590 476 475 587 580 598 477 566 475 590 475 588 580 581 599 587 598 588 581 591 600 580 599 598 591 592 601 581 600 599 591 601 600 602 593 603 601 592 602 582 432 594 593 594 603 434 603 594 583 480 479 487 479 489 489 478 604 605 478 595 605 604 478 596 606 595 595 606 605 607 596 585 596 607 606 608 585 589 585 608 607 597 609 610 589 597 608 588 609 590 590 609 597 611 588 598 588 611 609 612 598 599 598 612 611 613 599 600 612 599 613 601 614 615 615 600 601 601 602 614 592 593 602 604 605 616 616 606 617 616 605 606 617 607 618 617 606 607 608 619 618 618 607 608 620 619 608 608 597 620 610 620 597 610 609 621 609 611 621 621 611 622 611 612 622 622 612 613 613 600 615 623 624 625 626 627 628 629 630 631 632 633 634 634 633 635 635 636 634 637 633 632 636 635 638 637 632 639 636 638 640 641 642 643 644 645 646 644 647 648 638 649 640 650 651 652 653 654 655 656 657 628 641 658 659 660 661 662 635 659 658 663 664 665 662 661 666 661 667 668 637 631 630 630 633 637 669 670 631 670 671 672 659 673 641 674 670 675 675 670 672 676 677 678 629 674 679 680 677 676 680 681 677 680 682 683 684 683 682 685 686 687 688 689 687 687 686 690 649 691 692 638 693 691 694 691 695 638 691 649 695 696 697 693 638 658 633 659 635 639 698 637 698 631 637 633 630 659 669 631 698 692 691 694 697 694 695 668 699 624 638 635 658 700 697 696 673 659 630 643 701 693 658 641 643 679 674 702 674 631 670 670 669 671 630 629 673 674 629 631 672 677 675 671 703 672 691 693 701 701 695 691 700 696 704 643 693 658 701 705 695 665 641 673 705 701 645 706 673 629 643 642 645 642 665 664 642 641 665 672 703 677 706 665 673 675 681 702 686 683 684 677 703 678 702 674 675 681 675 677 707 680 676 678 707 676 696 695 705 708 700 704 704 627 708 645 701 643 705 709 696 642 664 646 644 705 645 663 706 710 642 646 645 710 679 711 712 711 702 706 629 679 706 663 665 713 712 681 710 706 679 713 680 683 702 711 679 681 712 702 714 682 707 682 680 707 713 681 680 684 682 714 704 696 709 626 708 627 715 656 699 709 705 644 704 709 716 647 646 652 644 648 709 652 664 717 647 644 646 717 663 718 652 646 664 710 719 718 717 664 663 711 720 719 718 663 710 712 721 720 719 710 711 713 722 721 711 712 720 723 721 724 712 713 721 683 685 722 688 687 690 684 690 686 627 704 716 657 626 628 653 648 725 716 709 648 716 726 627 647 651 725 648 653 716 727 650 717 647 725 648 728 727 718 651 647 652 729 728 719 650 652 717 730 731 728 727 717 718 721 723 720 728 718 719 722 724 721 729 720 723 685 732 722 683 686 685 713 683 722 722 732 724 687 733 734 734 685 687 689 733 687 628 627 726 715 657 656 735 736 737 726 716 653 726 738 628 654 725 739 655 726 653 651 740 739 654 653 725 650 741 740 739 725 651 727 731 741 740 651 650 742 741 743 650 727 741 723 744 729 723 724 745 719 720 729 729 744 730 746 745 724 723 745 744 746 732 734 746 724 732 734 732 685 656 628 738 747 715 699 655 735 625 738 726 655 656 738 624 654 748 735 625 738 655 739 740 749 735 655 654 740 741 742 748 739 749 731 743 741 749 740 742 730 750 731 728 729 730 727 728 731 731 750 743 744 750 730 745 751 752 752 744 745 746 751 745 699 656 624 753 747 667 735 737 625 624 738 625 624 623 668 748 736 735 625 737 623 749 754 748 749 742 755 654 739 748 748 754 736 755 756 757 749 755 754 743 756 742 742 756 755 758 750 759 758 743 750 759 750 752 744 752 750 699 668 667 747 699 667 760 668 623 760 661 668 761 623 737 761 760 623 762 737 736 762 761 737 754 762 736 763 762 754 754 755 764 757 764 755 757 756 758 758 756 743 661 753 667 753 661 660 760 765 666 666 661 760 761 766 765 765 760 761 762 767 766 766 761 762 762 763 767 754 764 763 768 769 770 771 772 773 771 773 774 775 776 777 773 778 774 772 779 780 781 782 768 783 784 785 771 786 779 787 788 789 775 777 790 769 774 791 790 792 775 791 774 793 784 794 795 796 797 798 799 800 784 801 796 802 797 803 804 805 806 803 770 785 795 807 808 809 774 769 782 810 808 811 812 813 793 814 815 810 813 816 817 768 782 769 818 816 813 819 818 820 817 816 821 820 822 823 824 823 822 825 824 826 827 828 829 830 829 826 831 832 833 834 835 836 780 779 775 775 792 780 837 838 839 779 772 771 779 776 775 782 786 771 793 774 778 771 774 782 791 793 813 777 788 787 788 838 789 779 786 776 837 789 838 840 841 842 786 843 776 816 844 821 786 782 781 791 817 770 812 845 818 818 813 812 791 770 769 791 813 817 845 846 818 846 820 818 819 816 818 847 820 846 776 843 788 776 788 777 848 809 849 786 781 843 838 843 850 768 795 851 781 851 850 785 817 821 851 781 768 852 853 854 768 770 795 855 844 819 817 785 770 823 855 820 847 822 820 819 844 816 820 855 819 856 824 822 847 856 822 856 826 824 857 826 856 838 788 843 858 837 839 858 839 859 843 781 850 839 850 860 799 804 800 860 851 794 783 821 861 851 795 794 861 844 853 785 784 795 853 855 862 785 821 783 828 825 829 844 861 821 823 824 863 844 855 853 823 863 862 825 863 824 825 826 829 864 826 857 838 850 839 865 858 859 865 859 866 850 851 860 867 859 860 799 783 798 794 800 867 798 861 852 784 800 794 868 869 870 783 799 784 862 854 853 861 798 783 863 869 862 863 825 870 855 823 862 869 854 862 827 829 830 870 869 863 864 830 826 870 825 828 871 830 835 872 835 830 830 864 872 830 871 827 836 835 872 839 860 859 873 865 866 873 866 874 860 794 867 867 875 866 798 797 799 804 875 800 852 796 798 804 799 797 854 802 852 854 869 876 861 853 852 802 796 852 877 870 828 876 802 854 878 828 827 876 869 868 879 827 871 868 870 877 879 880 881 877 828 878 882 880 835 878 827 879 882 834 831 871 835 880 834 882 835 832 831 834 836 832 834 859 867 866 883 873 874 874 884 883 867 800 875 874 875 885 796 805 797 885 804 803 886 802 876 805 803 797 887 888 889 805 796 801 876 868 890 801 802 886 877 889 868 886 876 890 878 887 877 890 868 889 879 891 878 889 877 887 891 881 892 878 891 887 893 894 882 895 893 882 871 880 879 882 894 880 831 896 895 895 882 831 831 833 896 866 875 874 897 883 884 897 884 898 875 804 885 899 884 885 805 801 900 899 803 806 886 901 801 806 805 900 890 902 886 801 901 900 889 903 890 901 886 902 904 888 905 902 890 903 891 892 905 903 889 888 906 892 881 887 891 905 880 894 881 879 881 891 894 906 881 907 908 894 894 893 907 895 907 893 874 885 884 909 897 898 900 807 806 885 803 899 898 899 910 900 901 911 910 806 807 902 840 901 807 900 911 903 912 902 911 901 840 912 913 914 902 912 840 913 888 904 888 913 903 915 916 917 915 917 892 887 905 888 892 917 905 906 918 915 906 915 892 919 906 908 894 908 906 884 899 898 848 909 898 848 898 809 899 806 910 898 910 809 808 911 842 807 911 808 912 914 841 911 840 842 920 914 913 840 912 841 921 920 904 903 913 912 904 920 913 905 917 904 921 904 917 922 921 917 916 915 918 918 906 919 810 849 809 807 809 910 808 810 809 923 811 842 842 811 808 924 923 841 841 923 842 914 924 841 925 920 926 924 914 925 921 927 926 926 920 921 921 922 927 917 916 922 815 849 810 814 811 928 814 810 811 928 923 929 928 811 923 929 924 930 929 923 924 930 924 925 914 920 925 931 932 933 934 935 936 937 938 939 934 940 941 942 943 944 945 938 942 946 947 948 949 933 939 948 947 950 951 952 953 954 955 956 957 958 959 960 961 962 963 964 965 966 954 967 968 969 958 958 969 970 970 971 959 968 958 963 972 971 970 953 952 973 974 975 976 976 975 977 978 979 980 973 968 965 980 981 978 982 951 933 983 984 985 952 982 986 987 942 937 988 932 989 988 982 932 990 991 992 993 989 931 988 994 995 996 993 997 992 994 988 994 992 998 998 992 991 999 1000 1001 991 1002 998 1002 991 1003 1004 1002 1003 1005 1006 1007 1005 1008 1004 1005 1007 1008 1009 1010 1011 1004 1003 1005 1005 1003 1011 1003 1012 1011 990 1012 991 1012 1003 991 992 989 990 986 982 995 982 988 995 988 989 992 1013 952 986 1011 1006 1005 1006 1011 1010 1014 1000 999 1014 1009 1000 1009 1011 1015 1016 990 993 1015 1011 1012 943 950 1017 1012 990 1016 993 990 989 932 931 989 982 933 932 1018 973 1013 952 1013 973 952 951 982 953 973 965 1019 968 1018 973 1018 968 1010 1009 1014 1020 1021 1022 1012 1016 1015 999 1001 1023 1024 944 1017 996 1025 1016 997 931 949 996 1016 993 1026 939 951 997 993 931 953 964 1026 933 949 931 933 951 939 951 953 1026 953 965 964 1027 969 1019 968 1019 969 965 968 963 1028 969 1027 1015 1025 1000 1000 1009 1015 1023 1001 1029 1015 1016 1025 1001 1025 1030 997 1031 1032 1032 1030 996 1031 949 938 996 997 1032 1033 937 1026 1031 997 949 1033 964 1034 938 949 939 1034 963 957 937 939 1026 941 935 934 1026 964 1033 1034 964 963 1028 972 970 970 969 1028 958 957 963 959 958 970 1035 974 972 1028 1035 972 1000 1025 1001 1036 1023 1029 1036 1029 1037 1025 996 1030 1029 1030 1038 1031 945 1039 1039 1038 1032 1040 1041 1042 1031 1039 1032 987 1033 1043 1031 938 945 1043 1034 1044 938 937 942 1044 957 1045 937 1033 987 1045 959 935 1033 1034 1043 935 971 936 1034 957 1044 971 972 974 957 959 1045 971 935 959 1046 975 1035 975 974 1035 936 974 976 1047 975 1046 1001 1030 1029 1048 1036 1037 1048 1037 1049 1030 1032 1038 1037 1038 1050 945 944 1051 1039 1051 1050 1052 943 987 1039 945 1051 1052 1043 1053 945 942 944 1053 1044 1054 942 987 943 1054 1045 941 1043 1052 987 1053 1054 1040 1043 1044 1053 936 976 1055 1045 1054 1044 976 977 1056 978 981 977 971 974 936 936 1055 934 1056 1055 976 978 977 1047 975 1047 977 977 981 1056 979 978 1047 1029 1038 1037 1057 1048 1049 1057 1049 1058 1038 1039 1050 1049 1050 1059 946 1060 962 1051 1024 1059 1042 950 1052 1051 944 1024 1042 1053 1040 943 1017 944 1040 1054 1061 1052 950 943 1062 1041 1040 1053 1042 1052 1063 1064 1065 934 1055 1066 1045 935 941 940 1061 941 1055 1056 1064 940 934 1066 981 1065 1056 1066 1055 1064 980 1067 981 1064 1056 1065 985 980 983 981 1067 1065 980 985 1068 979 983 980 1037 1050 1049 1069 1057 1058 1070 1071 1020 1050 1051 1059 1059 1072 1058 1073 1024 1017 1072 1024 1073 947 946 1074 1017 947 1073 1075 1076 1077 950 947 1017 1061 1062 1040 1041 948 1042 940 1076 1061 940 1066 1077 1054 941 1061 1062 1061 1076 1064 1078 1066 1077 1076 940 1079 1065 1067 1078 1077 1066 1080 1079 1081 1078 1064 1063 1082 1081 1068 1063 1065 1079 1067 1068 1081 985 1083 1084 980 1068 1067 985 1082 1068 985 984 1083 1049 1059 1058 1070 1069 1085 1074 946 1086 1059 1024 1072 1072 1087 1085 947 1074 1073 1074 1087 1073 1041 1060 948 1041 1062 1088 950 1042 948 946 948 1060 1076 1089 1062 1088 1060 1041 1090 1077 1078 1089 1088 1062 1091 1078 1063 1089 1076 1075 1092 1063 1079 1075 1077 1090 1092 1080 1093 1090 1078 1091 1094 1080 1081 1091 1063 1092 1095 1082 1084 1067 1081 1079 1082 1094 1081 985 1084 1082 1072 1085 1058 1069 1058 1085 1072 1073 1087 1087 1071 1085 1096 960 1097 1071 1074 1086 1060 1088 960 1086 946 962 1088 1089 1097 962 1060 960 1089 1075 1098 960 1088 1097 1090 1099 1075 1097 1089 1098 1091 1100 1090 1075 1099 1098 1101 1102 1100 1090 1100 1099 1101 1092 1093 1092 1101 1091 1093 1080 1103 1104 1103 1094 1079 1080 1092 1094 1103 1080 1094 1082 1095 1105 1094 1095 1070 1085 1071 1071 1086 1021 1074 1071 1087 1071 1021 1020 962 1106 1086 1086 1106 1021 1107 1097 1098 1106 962 961 1108 1098 1099 961 960 1096 1109 1099 1100 1096 1097 1107 1109 1102 1110 1107 1098 1108 1111 1102 1101 1108 1099 1109 1112 1111 1093 1103 1113 1112 1091 1101 1100 1093 1111 1101 1113 1103 1104 1103 1112 1093 1104 1094 1105 1114 1022 1115 1114 1115 1116 1021 1115 1022 956 1117 954 1115 1106 955 956 1096 1118 1096 956 961 1118 1107 1119 1107 1118 1096 1119 1108 1120 1108 1119 1107 1120 1109 1110 1109 1120 1108 1110 1102 1121 1100 1102 1109 1111 1121 1102 1112 1122 1123 1123 1111 1112 1113 1122 1112 1106 961 955 1021 1106 1115 1116 1115 955 1124 1117 1118 961 956 955 1118 1117 956 1125 1124 1119 1119 1124 1118 1120 1126 1125 1120 1125 1119 1127 1110 1128 1128 1121 1129 1128 1110 1121 1129 1121 1123 1111 1123 1121 1116 955 954 966 1116 954 967 1117 1130 967 954 1117 1130 1124 1131 1130 1117 1124 1131 1125 1126 1131 1124 1125 1126 1120 1127 1120 1110 1127</p>
        </triangles>
      </mesh>
    </geometry>
    <geometry id="ID10">
      <mesh>
        <source id="ID11">
          <float_array count="1356" id="ID12">0.0156411 0.014511 0.00254 0.0201769 -0.0252864 0.00762 0.0201769 -0.0252864 0.00254 0.0156411 0.014511 0.00762 -0.0178996 -0.0142329 0.00762 -0.0178344 -0.0141115 0.00833251 -0.0178996 -0.0142329 0.00254 -0.0177357 -0.013929 0.00152532 -0.0178339 -0.0141107 0.00182716 -0.0177358 -0.0139293 0.00863477 -0.0178881 -0.0142114 0.00798565 -0.017309 -0.0131595 0.000875695 -0.017465 -0.0134372 0.00105707 -0.017309 -0.0131596 0.00928441 -0.0176091 -0.0136975 0.00127119 -0.0176093 -0.0136979 0.00888905 -0.0174651 -0.0134374 0.00910307 -0.0169725 -0.0125746 0.000589862 -0.0167953 -0.0122742 0.00968302 -0.0167953 -0.0122742 0.000477056 -0.0171442 -0.0128707 0.00943856 -0.0169726 -0.0125747 0.00957023 -0.0171442 -0.0128706 0.000721498 -0.0162362 -0.0113615 0.00993472 -0.0162362 -0.0113615 0.000225306 -0.0164266 -0.0116665 0.000296854 -0.0164267 -0.0116665 0.00986318 -0.016613 -0.0119709 0.000380206 -0.0166131 -0.011971 0.00977982 -0.0156419 -0.0104487 0.0100864 -0.0158437 -0.0107521 0.000114309 -0.0158437 -0.0107521 0.0100457 -0.0160418 -0.0110565 0.00016469 -0.0160419 -0.0110565 0.00999531 -0.0152271 -0.00984619 2.27243e-05 -0.0154364 -0.0101466 4.33167e-05 -0.0152271 -0.00984621 0.0101373 -0.0156419 -0.0104487 7.35112e-05 -0.0154364 -0.0101466 0.0101167 -0.0147977 -0.00925214 0.0101577 -0.0150142 -0.00954794 9.52912e-06 -0.0150142 -0.00954796 0.0101505 -0.0145774 -0.00895899 0.01016 -0.0145774 -0.00895899 5.32907e-18 -0.0147977 -0.00925213 2.26871e-06 -0.0135021 -0.0076404 0.01016 -0.0135022 -0.00763956 0 -0.0140507 -0.0082899 0 -0.0140506 -0.00829022 0.01016 -0.0129317 -0.00700983 0.01016 -0.0117074 -0.00582838 0.01016 -0.011707 -0.00582709 0 -0.0123322 -0.00640504 0 -0.0123332 -0.00640527 0.01016 -0.0129298 -0.00701083 0 -0.00966046 -0.00430733 0.01016 -0.0103704 -0.00477459 0 -0.0103711 -0.00477486 0.01016 -0.0110532 -0.00528261 0 -0.0110536 -0.00528277 0.01016 -0.00815976 -0.00350653 0.01016 -0.0089208 -0.00388494 0 -0.00892217 -0.00388369 0.01016 -0.00965878 -0.00430759 0 -0.00657625 -0.0028845 0 -0.00737493 -0.00317635 0 -0.00657806 -0.00287979 0.01016 -0.00815856 -0.00350735 0 -0.00737715 -0.00317293 0.01016 -0.00495064 -0.0023828 0 -0.0041374 -0.00213311 0.01016 -0.00413456 -0.00214122 0 -0.0057687 -0.00261753 0.01016 -0.00495381 -0.00237251 0.01016 -0.00576685 -0.00262274 0 -0.00175802 -0.0012234 0.01016 -0.00175238 -0.00122782 0 -0.00252537 -0.00158553 0 -0.00253077 -0.00157734 0.01016 -0.00332515 -0.00187988 0 -0.00332629 -0.00187676 0.01016 0.000288522 0.000286019 0 0.000863419 0.000912042 0.01016 0.000862939 0.000912529 0 -0.00101904 -0.000799074 0 -0.000337827 -0.000293369 0.01016 -0.000335376 -0.000290822 0 0.00283436 0.00368351 0 0.00283626 0.00368217 0.01016 0.00328832 0.00440298 0.01016 0.00189622 0.00226367 0.01016 0.00189281 0.0022665 0 0.00139668 0.00157419 0.01016 0.00462786 0.00657539 0.01016 0.00507766 0.00729754 0 0.00462485 0.00657729 0 0.00418045 0.00585184 0.01016 0.00373346 0.00512799 0 0.00373467 0.00512726 0.01016 0.00754597 0.0107594 0 0.00810962 0.0113957 0.01016 0.00810747 0.0113991 0 0.00650589 0.00941218 0.01016 0.00650301 0.00941467 0 0.00601638 0.00871642 0.01016 0.0100023 0.0131019 0.01016 0.0100021 0.0131064 0 0.00933129 0.0125815 0 0.00933286 0.0125768 0.01016 0.0107146 0.0135685 0.01016 0.0107146 0.0135697 0 0.0114709 0.013964 0 0.011469 0.0139594 0.01016 0.0130881 0.014481 0.01016 0.0122622 0.0142681 0 0.0122621 0.0142681 0.01016 0.0136723 0.0145677 2.87572e-05 0.0133798 0.0145306 4.36125e-06 0.0136725 0.0145677 0.0101314 0.0130881 0.014481 2.84217e-17 0.0133799 0.0145306 0.010156 0.0142454 0.0146044 0.00999174 0.0139621 0.0145924 8.2705e-05 0.0139624 0.0145924 0.0100774 0.0147676 0.0145986 0.00971542 0.0145142 0.0146053 0.000290355 0.0145164 0.0146054 0.00987179 0.0142445 0.0146048 0.000169272 0.0149934 0.0145857 0.00952433 0.0149929 0.0145863 0.000634994 0.0147662 0.0145988 0.00044516 0.0153445 0.0145526 0.00905129 0.0153461 0.0145528 0.00110693 0.0151871 0.0145699 0.000857832 0.0151866 0.0145696 0.00930085 0.0154677 0.0145363 0.00878309 0.0155564 0.0145243 0.0085012 0.0154685 0.0145367 0.00137622 0.0156112 0.0145169 0.00821062 0.0156116 0.0145168 0.00194911 0.0155564 0.0145242 0.00165848 0.0156368 0.0145127 0.00791589 0.0156411 0.014511 0.00762 0.0156411 0.014511 0.00254 0.015637 0.0145127 0.00224401 0.00870152 0.0120078 0 0.00870271 0.0120059 0.01016 0.00754899 0.0107558 0.01016 0.00701304 0.0100956 0 0.00701547 0.0100934 0.01016 0.00554218 0.00801019 0.01016 0.00601285 0.00871915 0 0.00553928 0.0080122 0 0.00508026 0.00729583 0.01016 0.0041782 0.00585321 0 0.00328645 0.00440417 0 0.00237205 0.00296932 0 0.00237303 0.00296862 0.01016 0.00139245 0.00157863 0 0.000291996 0.000279802 0.01016 -0.0010217 -0.000796619 0.01016 -0.017889 -0.0142131 0.00217373 -0.0194845 -0.0252864 0.00254 -0.0178996 -0.0142329 0.00762 -0.0178996 -0.0142329 0.00254 -0.0194845 -0.0252864 0.00762 0.0185146 -0.0252864 0.0100754 0.0182529 -0.0252864 0.0101239 0.0179593 -0.0252864 0.010151 0.0176204 -0.0252864 0.01016 0.0195303 -0.0252864 0.00953189 0.0193104 -0.0252864 0.00971714 0.0187893 -0.0252864 0.00999076 0.0190652 -0.0252864 0.00986925 0.0197208 -0.0252864 0.00931374 0.0198794 -0.0252864 0.00906429 0.0200052 -0.0252864 0.00878772 0.0200932 -0.0252864 0.00850338 0.020148 -0.0252864 0.0082134 0.0201698 -0.0252864 0.00795221 0.0176204 -0.0252864 0 0.0201769 -0.0252864 0.00254 -0.0169185 -0.0252864 0 0.0201769 -0.0252864 0.00762 0.0182113 -0.0252864 2.7899e-05 0.0184992 -0.0252864 8.06351e-05 0.0179514 -0.0252864 6.85616e-06 0.0187827 -0.0252864 0.000165705 0.0190619 -0.0252864 0.00028912 0.0193145 -0.0252864 0.000445256 0.0195355 -0.0252864 0.000633113 0.0197236 -0.0252864 0.000850579 0.0200024 -0.0252864 0.00136747 0.0198784 -0.0252864 0.00109363 0.0200892 -0.0252864 0.00164138 0.0201394 -0.0252864 0.00190419 0.0201675 -0.0252864 0.00219935 -0.0186126 -0.0252864 0.000441357 -0.0188337 -0.0252864 0.000626352 -0.0180898 -0.0252864 0.000168542 -0.0178144 -0.0252864 8.42318e-05 -0.0175522 -0.0252864 3.59192e-05 -0.0172581 -0.0252864 8.9798e-06 -0.0183665 -0.0252864 0.000289649 -0.0191848 -0.0252864 0.00109381 -0.0190253 -0.0252864 0.000844421 -0.0194001 -0.0252864 0.00165509 -0.0193114 -0.0252864 0.00137042 -0.0194773 -0.0252864 0.00220721 -0.0194553 -0.0252864 0.00194554 -0.0194845 -0.0252864 0.00254 -0.0194845 -0.0252864 0.00762 -0.0169185 -0.0252864 0.01016 -0.019475 -0.0252864 0.00796127 -0.0190278 -0.0252864 0.00931159 -0.0191837 -0.0252864 0.00906856 -0.0193085 -0.0252864 0.00879453 -0.019396 -0.0252864 0.00852029 -0.0177988 -0.0252864 0.0100798 -0.018083 -0.0252864 0.00999506 -0.0186168 -0.0252864 0.0097162 -0.0188388 -0.0252864 0.00952876 -0.01725 -0.0252864 0.0101532 -0.0175104 -0.0252864 0.0101322 -0.0183632 -0.0252864 0.00987198 -0.0194467 -0.0252864 0.008257 0.0122621 0.0142681 0.01016 0.011469 0.0139594 0.01016 0.0107146 0.0135685 0.01016 0.0100023 0.0131019 0.01016 0.0130881 0.014481 0.01016 0.00933286 0.0125768 0.01016 0.00870271 0.0120059 0.01016 0.00810962 0.0113957 0.01016 -0.0010217 -0.000796619 0.01016 -0.00175802 -0.0012234 0.01016 0.0176204 -0.0252864 0.01016 0.00754899 0.0107558 0.01016 0.00701547 0.0100934 0.01016 0.00650589 0.00941218 0.01016 0.00601638 0.00871642 0.01016 0.00554218 0.00801019 0.01016 0.00508026 0.00729583 0.01016 0.00462786 0.00657539 0.01016 0.00418045 0.00585184 0.01016 0.00373467 0.00512726 0.01016 0.00328832 0.00440298 0.01016 0.00283626 0.00368217 0.01016 0.00237303 0.00296862 0.01016 0.00189622 0.00226367 0.01016 0.00139668 0.00157419 0.01016 0.000291996 0.000279802 0.01016 0.000863419 0.000912042 0.01016 -0.000337827 -0.000293369 0.01016 -0.00657806 -0.00287979 0.01016 -0.0169185 -0.0252864 0.01016 -0.0057687 -0.00261753 0.01016 -0.00253077 -0.00157734 0.01016 -0.00332629 -0.00187676 0.01016 -0.0110536 -0.00528277 0.01016 -0.0117074 -0.00582838 0.01016 -0.00737715 -0.00317293 0.01016 -0.00892217 -0.00388369 0.01016 -0.00966046 -0.00430733 0.01016 -0.0103711 -0.00477486 0.01016 -0.00815976 -0.00350653 0.01016 -0.0123332 -0.00640527 0.01016 -0.0129317 -0.00700983 0.01016 -0.0135021 -0.0076404 0.01016 -0.0140506 -0.00829022 0.01016 -0.0145774 -0.00895899 0.01016 -0.00495381 -0.00237251 0.01016 -0.0041374 -0.00213311 0.01016 -0.0089208 -0.00388494 0 -0.0103704 -0.00477459 0 -0.00965878 -0.00430759 0 0.0122622 0.0142681 0 0.0107146 0.0135697 0 0.0114709 0.013964 0 0.0130881 0.014481 2.84217e-17 0.0100021 0.0131064 0 0.00933129 0.0125815 0 0.00870152 0.0120078 0 0.00810747 0.0113991 0 -0.00101904 -0.000799074 0 -0.000335376 -0.000290822 0 0.0176204 -0.0252864 0 0.00701304 0.0100956 0 0.00754597 0.0107594 0 0.00601285 0.00871915 0 0.00650301 0.00941467 0 0.00507766 0.00729754 0 0.00553928 0.0080122 0 0.00462485 0.00657729 0 0.00373346 0.00512799 0 0.0041782 0.00585321 0 0.00283436 0.00368351 0 0.00328645 0.00440417 0 0.00189281 0.0022665 0 0.00237205 0.00296932 0 0.000862939 0.000912529 0 0.00139245 0.00157863 0 0.000288522 0.000286019 0 -0.00252537 -0.00158553 0 -0.00175238 -0.00122782 0 -0.00413456 -0.00214122 0 -0.00332515 -0.00187988 0 -0.00495064 -0.0023828 0 -0.0169185 -0.0252864 0 -0.00576685 -0.00262274 0 -0.0110532 -0.00528261 0 -0.0123322 -0.00640504 0 -0.011707 -0.00582709 0 -0.00815856 -0.00350735 0 -0.00737493 -0.00317635 0 -0.0129298 -0.00701083 0 -0.0135022 -0.00763956 0 -0.00657625 -0.0028845 0 -0.0145774 -0.00895899 5.32907e-18 -0.0140507 -0.0082899 0 -0.0177988 -0.0252864 0.0100798 -0.0175104 -0.0252864 0.0101322 -0.0154364 -0.0101466 0.0101167 -0.0158437 -0.0107521 0.0100457 -0.0156419 -0.0104487 0.0100864 -0.018083 -0.0252864 0.00999506 -0.0152271 -0.00984621 0.0101373 -0.01725 -0.0252864 0.0101532 -0.0160419 -0.0110565 0.00999531 -0.0162362 -0.0113615 0.00993472 -0.0183632 -0.0252864 0.00987198 -0.0147977 -0.00925214 0.0101577 -0.0150142 -0.00954796 0.0101505 -0.0169185 -0.0252864 0.01016 -0.0145774 -0.00895899 0.01016 -0.0164267 -0.0116665 0.00986318 -0.0166131 -0.011971 0.00977982 -0.0167953 -0.0122742 0.00968302 -0.0186168 -0.0252864 0.0097162 -0.0188388 -0.0252864 0.00952876 -0.0169726 -0.0125747 0.00957023 -0.0190278 -0.0252864 0.00931159 -0.0171442 -0.0128707 0.00943856 -0.0174651 -0.0134374 0.00910307 -0.017309 -0.0131596 0.00928441 -0.0176093 -0.0136979 0.00888905 -0.0191837 -0.0252864 0.00906856 -0.0193085 -0.0252864 0.00879453 -0.0177358 -0.0139293 0.00863477 -0.0178344 -0.0141115 0.00833251 -0.019396 -0.0252864 0.00852029 -0.0178881 -0.0142114 0.00798565 -0.0194467 -0.0252864 0.008257 -0.019475 -0.0252864 0.00796127 -0.0178996 -0.0142329 0.00762 -0.0194845 -0.0252864 0.00762 -0.017889 -0.0142131 0.00217373 -0.0194553 -0.0252864 0.00194554 -0.0194773 -0.0252864 0.00220721 -0.0193114 -0.0252864 0.00137042 -0.0194001 -0.0252864 0.00165509 -0.0177357 -0.013929 0.00152532 -0.0176091 -0.0136975 0.00127119 -0.0178339 -0.0141107 0.00182716 -0.0191848 -0.0252864 0.00109381 -0.0178996 -0.0142329 0.00254 -0.0194845 -0.0252864 0.00254 -0.017465 -0.0134372 0.00105707 -0.0190253 -0.0252864 0.000844421 -0.017309 -0.0131595 0.000875695 -0.0171442 -0.0128706 0.000721498 -0.0188337 -0.0252864 0.000626352 -0.0169725 -0.0125746 0.000589862 -0.0186126 -0.0252864 0.000441357 -0.0167953 -0.0122742 0.000477056 -0.016613 -0.0119709 0.000380206 -0.0183665 -0.0252864 0.000289649 -0.0164266 -0.0116665 0.000296854 -0.0162362 -0.0113615 0.000225306 -0.0180898 -0.0252864 0.000168542 -0.0160418 -0.0110565 0.00016469 -0.0178144 -0.0252864 8.42318e-05 -0.0158437 -0.0107521 0.000114309 -0.0154364 -0.0101466 4.33167e-05 -0.0156419 -0.0104487 7.35112e-05 -0.0152271 -0.00984619 2.27243e-05 -0.0175522 -0.0252864 3.59192e-05 -0.0172581 -0.0252864 8.9798e-06 -0.0150142 -0.00954794 9.52912e-06 -0.0169185 -0.0252864 0 -0.0147977 -0.00925213 2.26871e-06 -0.0145774 -0.00895899 5.32907e-18 0.0149934 0.0145857 0.00952433 0.0147676 0.0145986 0.00971542 0.0195303 -0.0252864 0.00953189 0.0193104 -0.0252864 0.00971714 0.0145164 0.0146054 0.00987179 0.0187893 -0.0252864 0.00999076 0.0139624 0.0145924 0.0100774 0.0185146 -0.0252864 0.0100754 0.0142454 0.0146044 0.00999174 0.0190652 -0.0252864 0.00986925 0.0133799 0.0145306 0.010156 0.0130881 0.014481 0.01016 0.0179593 -0.0252864 0.010151 0.0182529 -0.0252864 0.0101239 0.0136725 0.0145677 0.0101314 0.0176204 -0.0252864 0.01016 0.0197208 -0.0252864 0.00931374 0.0198794 -0.0252864 0.00906429 0.0151866 0.0145696 0.00930085 0.0200052 -0.0252864 0.00878772 0.0153445 0.0145526 0.00905129 0.0155564 0.0145243 0.0085012 0.0154677 0.0145363 0.00878309 0.0200932 -0.0252864 0.00850338 0.0156112 0.0145169 0.00821062 0.020148 -0.0252864 0.0082134 0.0201698 -0.0252864 0.00795221 0.0156368 0.0145127 0.00791589 0.0201769 -0.0252864 0.00762 0.0156411 0.014511 0.00762 0.0198784 -0.0252864 0.00109363 0.0151871 0.0145699 0.000857832 0.0153461 0.0145528 0.00110693 0.0200024 -0.0252864 0.00136747 0.0197236 -0.0252864 0.000850579 0.0154685 0.0145367 0.00137622 0.0149929 0.0145863 0.000634994 0.0155564 0.0145242 0.00165848 0.0200892 -0.0252864 0.00164138 0.0156116 0.0145168 0.00194911 0.0201394 -0.0252864 0.00190419 0.0195355 -0.0252864 0.000633113 0.015637 0.0145127 0.00224401 0.0201675 -0.0252864 0.00219935 0.0156411 0.014511 0.00254 0.0201769 -0.0252864 0.00254 0.0147662 0.0145988 0.00044516 0.0193145 -0.0252864 0.000445256 0.0145142 0.0146053 0.000290355 0.0190619 -0.0252864 0.00028912 0.0142445 0.0146048 0.000169272 0.0139621 0.0145924 8.2705e-05 0.0187827 -0.0252864 0.000165705 0.0184992 -0.0252864 8.06351e-05 0.0136723 0.0145677 2.87572e-05 0.0182113 -0.0252864 2.7899e-05 0.0133798 0.0145306 4.36125e-06 0.0130881 0.014481 2.84217e-17 0.0179514 -0.0252864 6.85616e-06 0.0176204 -0.0252864 0</float_array>
          <technique_common>
            <accessor count="452" source="#ID12" stride="3">
              <param name="X" type="float"/>
              <param name="Y" type="float"/>
              <param name="Z" type="float"/>
            </accessor>
          </technique_common>
        </source>
        <source id="ID13">
          <float_array count="1356" id="ID14">0.993568 0.113238 0 0.993568 0.113238 0 0.993568 0.113238 0 0.993568 0.113238 0 -0.881643 0.471916 0 -0.880457 0.474127 0 -0.881643 0.471916 0 -0.87863 0.477503 0 -0.880449 0.474141 0 -0.878633 0.477498 0 -0.881435 0.472306 0 -0.8703 0.492523 0 -0.87343 0.48695 0 -0.8703 0.492521 0 -0.876234 0.481885 0 -0.876238 0.481879 0 -0.873432 0.486947 0 -0.863197 0.504867 0 -0.859253 0.511551 0 -0.859253 0.511551 0 -0.866883 0.498512 0 -0.863198 0.504866 0 -0.866882 0.498513 0 -0.845826 0.533458 0 -0.845826 0.533459 0 -0.850575 0.525853 0 -0.850576 0.525853 0 -0.855046 0.518552 0 -0.855047 0.51855 0 -0.829749 0.558137 0 -0.835431 0.549595 0 -0.835431 0.549595 0 -0.840784 0.541371 0 -0.840784 0.541371 0 -0.817302 0.57621 0 -0.823713 0.567007 0 -0.817301 0.576211 0 -0.829749 0.558137 0 -0.823713 0.567007 0 -0.803254 0.595637 0 -0.810492 0.58575 0 -0.810491 0.585752 0 -0.795561 0.605874 0 -0.795561 0.605874 0 -0.803255 0.595636 0 -0.752793 0.658257 0 -0.752818 0.658229 0 -0.775738 0.631055 0 -0.775736 0.631058 0 -0.726324 0.687353 0 -0.660008 0.751259 0 -0.660028 0.751241 0 -0.695497 0.718529 0 -0.695527 0.7185 0 -0.726236 0.687445 0 -0.52367 0.851921 0 -0.573778 0.819011 0 -0.573793 0.819 0 -0.619442 0.785042 0 -0.619449 0.785037 0 -0.41685 0.908975 0 -0.470437 0.882434 0 -0.470506 0.882397 0 -0.523612 0.851957 0 -0.323498 0.946229 0 -0.366305 0.930495 0 -0.323564 0.946206 0 -0.416805 0.908996 0 -0.366388 0.930462 0 -0.280319 0.959907 0 -0.288906 0.957357 0 -0.288974 0.957337 0 -0.293286 0.956025 0 -0.280328 0.959904 0 -0.293243 0.956038 0 -0.458148 0.888876 0 -0.45888 0.888498 0 -0.380212 0.924899 0 -0.379715 0.925104 0 -0.322051 0.946722 0 -0.321992 0.946742 0 -0.712486 0.701687 0 -0.763445 0.645873 0 -0.763426 0.645895 0 -0.54833 0.836262 0 -0.63644 0.771326 0 -0.636942 0.770912 0 -0.84382 0.536626 0 -0.84384 0.536595 0 -0.849578 0.527463 0 -0.819216 0.573485 0 -0.819138 0.573597 0 -0.796913 0.604094 0 -0.849107 0.528221 0 -0.843762 0.536717 0 -0.849122 0.528196 0 -0.851905 0.523696 0 -0.852123 0.523341 0 -0.852125 0.523339 0 -0.766507 0.642236 0 -0.735499 0.677526 0 -0.735544 0.677477 0 -0.809777 0.586738 0 -0.809825 0.586671 0 -0.824488 0.56588 0 -0.584009 0.811747 0 -0.583906 0.811821 0 -0.646455 0.762952 0 -0.646459 0.762949 0 -0.50672 0.862111 0 -0.506689 0.862129 0 -0.413475 0.910515 0 -0.413849 0.910345 0 -0.188839 0.982008 0 -0.306465 0.951882 0 -0.306472 0.95188 0 -0.103545 0.994625 0 -0.142471 0.989799 0 -0.103038 0.994677 0 -0.188839 0.982008 0 -0.142871 0.989741 0 -0.0248728 0.999691 0 -0.0638818 0.997957 0 -0.0648015 0.997898 0 0.0460717 0.998938 0 0.0137743 0.999905 0 0.0131724 0.999913 0 -0.0236185 0.999721 0 0.0744785 0.997223 0 0.0749503 0.997187 0 0.0466405 0.998912 0 0.117817 0.993035 0 0.118038 0.993009 0 0.0985891 0.995128 0 0.0982742 0.995159 0 0.133292 0.991077 0 0.144403 0.989519 0 0.13356 0.991041 0 0.150784 0.988567 0 0.150613 0.988593 0 0.144325 0.98953 0 0.153625 0.988129 0 0.154356 0.988015 0 0.154356 0.988015 0 0.153635 0.988128 0 -0.696227 0.717821 0 -0.696198 0.71785 0 -0.766441 0.642315 0 -0.790813 0.612058 0 -0.790762 0.612123 0 -0.835642 0.549275 0 -0.824537 0.565809 0 -0.835674 0.549225 0 -0.843742 0.536749 0 -0.851909 0.523689 0 -0.849568 0.527479 0 -0.834116 0.551589 0 -0.834131 0.551567 0 -0.796779 0.604271 0 -0.712648 0.701522 0 -0.547964 0.836502 0 -0.881451 0.472275 0 -0.989877 0.141931 0 -0.989877 0.141931 0 -0.989877 0.141931 0 -0.989877 0.141931 0 0 -1 0 0 -1 0 0 -1 0 0 -1 0 0 -1 0 0 -1 0 0 -1 0 0 -1 0 0 -1 0 0 -1 0 0 -1 0 0 -1 0 0 -1 0 0 -1 0 0 -1 0 0 -1 0 0 -1 0 0 -1 0 0 -1 0 0 -1 0 0 -1 0 0 -1 0 0 -1 0 0 -1 0 0 -1 0 0 -1 0 0 -1 0 0 -1 0 0 -1 0 0 -1 0 0 -1 0 0 -1 0 0 -1 0 0 -1 0 0 -1 0 0 -1 0 0 -1 0 0 -1 0 0 -1 0 0 -1 0 0 -1 0 0 -1 0 0 -1 0 0 -1 0 0 -1 0 0 -1 0 0 -1 0 0 -1 0 0 -1 0 0 -1 0 0 -1 0 0 -1 0 0 -1 0 0 -1 0 0 -1 0 0 -1 0 0 -1 0 0 -1 0 0 -1 0 0 -1 0 0 0 1 0 0 1 0 0 1 0 0 1 0 0 1 0 0 1 0 0 1 0 0 1 0 0 1 0 0 1 0 0 1 0 0 1 0 0 1 0 0 1 0 0 1 0 0 1 0 0 1 0 0 1 0 0 1 0 0 1 0 0 1 0 0 1 0 0 1 0 0 1 0 0 1 0 0 1 0 0 1 0 0 1 0 0 1 0 0 1 0 0 1 0 0 1 0 0 1 0 0 1 0 0 1 0 0 1 0 0 1 0 0 1 0 0 1 0 0 1 0 0 1 0 0 1 0 0 1 0 0 1 0 0 1 0 0 1 0 0 1 -0 -0 -1 -0 -0 -1 -0 -0 -1 -0 -0 -1 -0 -0 -1 -0 -0 -1 -0 -0 -1 -0 -0 -1 -0 -0 -1 -0 -0 -1 -0 -0 -1 -0 -0 -1 -0 -0 -1 -0 -0 -1 -0 -0 -1 -0 -0 -1 -0 -0 -1 -0 -0 -1 -0 -0 -1 -0 -0 -1 -0 -0 -1 -0 -0 -1 -0 -0 -1 -0 -0 -1 -0 -0 -1 -0 -0 -1 -0 -0 -1 -0 -0 -1 -0 -0 -1 -0 -0 -1 -0 -0 -1 -0 -0 -1 -0 -0 -1 -0 -0 -1 -0 -0 -1 -0 -0 -1 -0 -0 -1 -0 -0 -1 -0 -0 -1 -0 -0 -1 -0 -0 -1 -0 -0 -1 -0 -0 -1 -0 -0 -1 -0 -0 -1 -0 -0 -1 -0 -0 -1 -0.231709 0.033223 0.972218 -0.126559 0.0181463 0.991793 -0.160498 0.0230125 0.986768 -0.280202 0.0401761 0.9591 -0.219878 0.0315267 0.975018 -0.34284 0.0491573 0.938107 -0.103672 0.0148648 0.9945 -0.0392685 0.00563041 0.999213 -0.3416 0.0489794 0.938568 -0.404278 0.0579663 0.912798 -0.458558 0.0657491 0.886229 -0.0152756 0.00219025 0.999881 -0.0531092 0.00761492 0.99856 1.52651e-17 1.06464e-16 1 3.1515e-17 2.19797e-16 1 -0.468724 0.0672068 0.880784 -0.535276 0.0767491 0.841183 -0.60441 0.0866617 0.791946 -0.578726 0.0829791 0.81129 -0.697046 0.0999442 0.710026 -0.674834 0.0967593 0.731599 -0.798777 0.114531 0.590625 -0.74365 0.106626 0.660012 -0.862628 0.123686 0.490484 -0.807014 0.115712 0.579084 -0.909693 0.130434 0.394266 -0.87428 0.125356 0.468957 -0.926763 0.132882 0.351358 -0.947544 0.135861 0.289314 -0.974848 0.139776 0.17359 -0.961448 0.137855 0.237937 -0.988165 0.141685 0.0587775 -0.981442 0.140721 0.130265 -0.989066 0.141815 0.0404653 -0.989877 0.141931 -9.85015e-13 -0.989877 0.141931 -4.77685e-13 -0.988175 0.141687 -0.0586073 -0.981452 0.140723 -0.130189 -0.989066 0.141815 -0.0404717 -0.927033 0.13292 -0.35063 -0.961579 0.137874 -0.237394 -0.947519 0.135857 -0.289397 -0.909619 0.130423 -0.39444 -0.974849 0.139776 -0.173585 -0.874517 0.12539 -0.468506 -0.989877 0.141931 5.04203e-11 -0.989877 0.141931 1.14013e-12 -0.862578 0.123678 -0.490575 -0.798779 0.114531 -0.590623 -0.80699 0.115708 -0.57912 -0.743644 0.106625 -0.660019 -0.697064 0.0999467 -0.710009 -0.674823 0.0967577 -0.731609 -0.578841 0.0829956 -0.811206 -0.604362 0.0866549 -0.791983 -0.535244 0.0767445 -0.841204 -0.459105 0.0658275 -0.88594 -0.468705 0.0672041 -0.880794 -0.404265 0.0579644 -0.912803 -0.343421 0.0492405 -0.93789 -0.341586 0.0489774 -0.938574 -0.232165 0.0332884 -0.972107 -0.280199 0.0401756 -0.959101 -0.160475 0.0230093 -0.986772 -0.219838 0.0315208 -0.975027 -0.103677 0.0148655 -0.9945 -0.126721 0.0181696 -0.991772 -0.0391614 0.00561505 -0.999217 -0.0531104 0.00761509 -0.99856 0 0 -1 -0.0152769 0.00219043 -0.999881 0 0 -1 0.70264 0.0800803 0.707025 0.584197 0.0665813 0.808876 0.70074 0.0798637 0.708933 0.582103 0.0663427 0.810404 0.463611 0.0528381 0.884462 0.3455 0.0393768 0.937592 0.235381 0.0268265 0.971533 0.233631 0.0266271 0.971961 0.347343 0.0395869 0.936902 0.461794 0.0526309 0.885424 0.0399624 0.00455454 0.999191 3.43763e-18 -3.01624e-17 1 0.0394407 0.00449508 0.999212 0.127568 0.014539 0.991723 0.128974 0.0146992 0.991539 0 0 1 0.802573 0.0914697 0.5895 0.878299 0.1001 0.467515 0.803601 0.0915869 0.588079 0.930787 0.106082 0.349832 0.878572 0.100131 0.466995 0.965201 0.110004 0.237249 0.930725 0.106075 0.349998 0.96531 0.110017 0.236799 0.985129 0.112276 0.130054 0.98516 0.112279 0.129817 0.992759 0.113145 0.0403378 0.992759 0.113145 0.0403339 0.993568 0.113238 -1.92418e-11 0.993568 0.113238 -1.74943e-11 0.878058 0.100073 -0.467974 0.803661 0.0915937 -0.587997 0.878755 0.100152 -0.466646 0.930515 0.106051 -0.350563 0.802568 0.0914691 -0.589507 0.930846 0.106089 -0.349672 0.702478 0.0800618 -0.707188 0.96526 0.110011 -0.237004 0.965178 0.110002 -0.237342 0.985144 0.112277 -0.129945 0.98515 0.112278 -0.129893 0.700723 0.0798618 -0.70895 0.992759 0.113145 -0.0403435 0.99276 0.113145 -0.0403314 0.993568 0.113238 -1.32267e-11 0.993568 0.113238 1.79313e-11 0.584304 0.0665935 -0.808798 0.581993 0.0663301 -0.810484 0.463978 0.0528799 -0.884267 0.461246 0.0525685 -0.885714 0.347713 0.0396291 -0.936763 0.235571 0.0268481 -0.971486 0.344916 0.0393103 -0.93781 0.233172 0.0265748 -0.972072 0.12906 0.014709 -0.991528 0.127403 0.0145202 -0.991745 0.0399501 0.00455314 -0.999191 -1.85673e-12 -2.11613e-13 -1 0.0395514 0.0045077 -0.999207 -1.14728e-13 -1.30756e-14 -1</float_array>
          <technique_common>
            <accessor count="452" source="#ID14" stride="3">
              <param name="X" type="float"/>
              <param name="Y" type="float"/>
              <param name="Z" type="float"/>
            </accessor>
          </technique_common>
        </source>
        <vertices id="ID15">
          <input semantic="POSITION" source="#ID11"/>
          <input semantic="NORMAL" source="#ID13"/>
        </vertices>
        <triangles count="432" material="ID16">
          <input offset="0" semantic="VERTEX" source="#ID15"/>
          <p>0 1 2 1 0 3 4 5 6 7 8 9 4 10 5 11 12 13 14 15 16 17 18 19 20 21 22 23 24 25 26 27 28 29 30 31 32 24 33 34 35 36 37 38 35 39 40 41 34 36 41 42 43 44 44 39 42 45 46 47 47 43 48 49 46 45 50 51 52 53 54 49 55 56 57 58 51 59 60 61 62 63 55 62 64 65 66 67 68 65 69 70 71 72 73 74 75 76 77 78 79 80 81 82 83 84 85 86 87 88 89 90 91 92 93 94 95 96 97 98 99 100 101 102 103 104 105 106 107 107 108 105 106 109 110 109 106 105 111 110 112 109 112 110 113 114 115 111 112 115 116 117 118 119 120 117 121 122 123 116 118 123 124 125 126 127 121 126 128 129 130 130 124 128 131 132 133 133 129 134 135 136 137 135 132 131 138 139 140 138 140 136 138 141 142 138 142 139 143 144 139 142 143 139 132 135 137 140 137 136 128 134 129 133 134 131 126 125 127 125 124 130 123 122 116 127 122 121 120 119 113 120 118 117 115 114 111 113 119 114 107 145 108 146 145 101 145 146 108 100 99 147 146 101 100 148 149 147 147 99 148 149 103 102 103 149 148 150 104 151 151 104 103 152 153 150 150 151 152 94 153 152 95 96 93 94 93 153 96 154 97 95 154 96 89 98 155 155 98 97 88 87 156 89 155 87 156 91 157 157 88 156 91 158 92 91 90 157 83 82 158 92 158 82 86 159 81 81 159 82 160 85 84 85 159 86 160 76 75 76 160 84 78 77 79 78 75 77 70 80 71 71 80 79 74 73 69 69 73 70 64 66 72 74 64 72 60 68 67 66 65 68 63 62 61 61 60 67 58 57 56 55 63 56 51 50 59 58 59 57 53 52 54 53 50 52 48 45 47 46 49 54 39 44 40 42 48 43 36 35 38 41 40 34 37 30 29 38 37 29 31 32 33 31 30 32 25 26 23 23 33 24 27 19 28 25 27 26 18 17 21 28 19 18 20 22 11 21 17 22 16 13 12 13 20 11 7 15 14 14 16 12 8 5 9 7 9 15 161 6 8 5 8 6 162 163 164 163 162 165 166 167 168 169 170 171 169 172 166 166 168 169 169 171 173 172 169 173 174 169 175 169 174 170 176 169 177 176 175 169 178 169 179 178 177 169 180 181 182 183 179 169 184 185 186 186 185 180 185 187 180 188 189 180 188 180 187 180 190 191 189 190 180 192 180 193 180 191 193 194 195 180 194 180 192 180 196 181 195 196 180 197 182 198 199 200 182 201 202 200 182 203 199 182 200 202 197 203 182 204 205 182 198 182 205 206 207 182 182 207 204 208 209 182 182 209 206 210 182 181 182 210 208 210 181 183 210 183 211 212 213 211 183 169 211 212 214 215 212 216 217 212 218 219 220 221 212 218 212 222 218 222 223 212 224 220 212 219 224 215 216 212 214 212 221 225 213 212 217 225 212 211 169 212 226 227 228 228 229 230 230 226 228 231 232 230 231 230 229 233 230 232 234 235 236 230 237 238 233 237 230 230 239 240 238 239 230 230 241 242 240 241 230 243 244 236 243 236 242 245 246 236 245 236 244 247 248 236 247 236 246 249 250 236 249 236 248 251 236 252 252 236 250 234 236 253 253 236 251 254 255 256 257 258 236 259 260 261 255 261 260 262 263 264 262 264 259 261 265 259 265 262 259 266 267 255 255 260 266 255 254 261 255 267 268 255 269 270 268 269 255 255 271 256 272 255 236 255 272 271 272 236 258 257 236 235 236 230 242 273 274 275 276 277 278 277 279 280 279 277 276 281 279 282 281 280 279 283 282 279 284 285 286 279 287 288 283 279 288 279 289 290 287 279 290 279 291 292 289 279 292 293 291 286 279 286 291 294 295 286 286 295 293 296 297 286 286 297 294 298 299 286 286 299 296 300 301 286 286 301 298 286 285 302 286 302 300 286 303 304 284 286 304 286 305 306 303 286 306 307 308 309 307 305 308 310 274 273 308 311 312 313 314 310 310 273 313 308 315 311 310 314 312 315 308 316 312 314 308 317 308 314 318 319 308 308 319 316 308 317 309 305 286 308 320 321 322 323 320 324 320 322 324 325 320 323 322 321 326 326 321 327 328 325 323 325 329 330 325 328 329 331 332 327 327 332 326 333 334 331 331 327 333 335 330 329 330 335 336 336 337 338 338 330 336 339 337 340 337 339 338 341 339 342 340 342 339 343 341 344 341 342 344 343 345 346 346 341 343 347 345 348 345 347 346 349 350 348 347 348 350 349 351 352 352 350 349 353 351 354 351 353 352 353 354 355 356 357 358 359 360 361 362 359 361 357 363 360 361 360 363 362 364 359 363 357 356 365 358 366 358 365 356 364 367 368 362 367 364 368 369 370 367 369 368 368 370 371 370 372 371 373 371 374 372 374 371 375 376 373 373 374 375 377 378 376 377 376 375 379 378 380 378 379 376 381 379 382 380 382 379 383 381 384 381 382 384 383 385 386 386 381 383 387 385 388 385 387 386 389 387 390 388 390 387 389 390 391 392 393 394 395 393 396 393 395 394 397 398 399 396 400 401 402 403 404 405 399 406 406 402 405 404 405 402 399 398 406 407 404 403 400 397 401 400 398 397 395 396 401 394 408 392 409 410 408 392 408 410 409 411 412 412 410 409 413 414 411 411 414 412 415 416 413 413 411 415 417 418 416 417 416 415 419 418 420 418 419 416 419 420 421 422 423 424 424 425 422 422 426 423 425 424 427 426 428 423 429 430 427 425 427 430 431 432 430 430 429 431 433 428 426 434 432 431 432 434 435 436 437 435 435 434 436 428 433 438 439 440 438 438 433 439 440 441 442 441 440 439 443 442 444 441 444 442 445 446 443 443 444 445 446 447 448 447 446 445 449 448 450 447 450 448 449 450 451</p>
        </triangles>
      </mesh>
    </geometry>
    <geometry id="ID17">
      <mesh>
        <source id="ID18">
          <float_array count="2115" id="ID19">-0.020336 -0.0312257 0.00254 -0.019797 -0.0274659 0.011684 -0.019797 -0.0274659 0.00254 -0.020336 -0.0312257 0.011684 0.0189327 -0.0338955 6.86274e-06 0.0191991 -0.0338938 2.91409e-05 0.0194767 -0.0338921 8.07577e-05 0.0186019 -0.0338976 -5.32907e-18 0.0200395 -0.0338886 0.000288401 0.0197637 -0.0338903 0.000166462 0.020295 -0.033887 0.000445528 0.0205156 -0.0338856 0.000632971 0.0207039 -0.0338844 0.000850447 0.0208586 -0.0338834 0.00109421 0.020981 -0.0338827 0.00136176 0.0210707 -0.0338821 0.00164709 0.0211194 -0.0338818 0.00190556 0.0211471 -0.0338816 0.00219947 0.0211565 -0.0338816 0.00254 -0.0178058 -0.0341262 -5.32907e-18 0.0211565 -0.0338816 0.011684 -0.0178058 -0.0341262 0.011684 0.0201769 -0.0252864 0.00254 0.0211565 -0.0338816 0.011684 0.0211565 -0.0338816 0.00254 0.0201769 -0.0252864 0.011684 0.0185091 -0.0252864 8.27488e-05 0.0179593 -0.0252864 9.02139e-06 0.0187957 -0.0252864 0.000170461 0.0182517 -0.0252864 3.5787e-05 0.0176204 -0.0252864 0 0.019065 -0.0252864 0.000290551 0.0193109 -0.0252864 0.000442734 0.0197208 -0.0252864 0.000846259 0.0195309 -0.0252864 0.000628379 0.0200047 -0.0252864 0.00137243 0.0198802 -0.0252864 0.00109848 0.0200932 -0.0252864 0.00166039 0.0201467 -0.0252864 0.00193996 0.0201769 -0.0252864 0.00254 0.0201698 -0.0252864 0.00220779 -0.0169185 -0.0252864 0 -0.0172827 -0.0252864 0.011684 -0.0172827 -0.0252864 0 0.0201769 -0.0252864 0.011684 -0.0172827 -0.0278264 0.014224 -0.0178218 -0.0315862 0.014224 0.0183126 -0.0313594 0.014224 0.0179099 -0.0278264 0.014224 -0.0178058 -0.0341262 -5.32907e-18 -0.0181854 -0.0341221 0 -0.0169185 -0.0252864 0 0.0186019 -0.0338976 -5.32907e-18 0.0176204 -0.0252864 0 -0.0184829 -0.0340968 3.81286e-06 -0.0169185 -0.0252864 0 -0.0181854 -0.0341221 0 -0.0172827 -0.0252864 0 -0.0187752 -0.0340443 3.01263e-05 -0.0178195 -0.0253144 8.45856e-05 -0.0175534 -0.0252909 3.3867e-05 -0.0190573 -0.0339641 8.4136e-05 -0.0187515 -0.0256408 0.000509023 -0.0185456 -0.0255279 0.000372967 -0.0197698 -0.0335547 0.000421176 -0.018319 -0.0254343 0.000255724 -0.0193218 -0.0338552 0.000169088 -0.0195612 -0.0337177 0.000282735 -0.0190994 -0.025912 0.000824126 -0.0201946 -0.032968 0.000940641 -0.0192414 -0.0260654 0.000996288 -0.0199447 -0.0333719 0.000580211 -0.0200855 -0.0331748 0.000755071 -0.0189362 -0.0257697 0.0006608 -0.0203749 -0.0323222 0.00153192 -0.019555 -0.026569 0.00155346 -0.0194666 -0.0263967 0.00136313 -0.0203354 -0.0325394 0.0013308 -0.0193635 -0.0262286 0.00117695 -0.0202762 -0.0327551 0.00113313 -0.0204002 -0.0318846 0.0019374 -0.0196891 -0.0269226 0.00194337 -0.01963 -0.0267445 0.00174706 -0.020396 -0.0321038 0.0017346 -0.0203904 -0.0316652 0.00213975 -0.0197344 -0.0271027 0.00214134 -0.0197699 -0.027284 0.0023403 -0.0203671 -0.0314454 0.00234071 -0.020336 -0.0312257 0.00254 -0.019797 -0.0274659 0.00254 -0.018076 -0.0253624 0.000159075 0.0192166 -0.0263648 0.013917 0.0190379 -0.0265652 0.0140141 0.0198081 -0.0326832 0.013983 0.0201769 -0.0252864 0.011684 0.0201741 -0.0252908 0.0119697 0.0211565 -0.0338816 0.011684 0.0195996 -0.0324991 0.014059 0.0188541 -0.0267696 0.0140915 0.0186673 -0.0269776 0.0141493 0.0193878 -0.0323124 0.0141202 0.0184787 -0.027188 0.0141892 0.0191741 -0.0321238 0.0141658 0.018959 -0.0319341 0.0141968 0.0200116 -0.0328642 0.0138873 0.0182889 -0.0273999 0.0142132 0.0193883 -0.0261706 0.0137979 0.0187434 -0.0317432 0.0142148 0.0180993 -0.0276129 0.0142229 0.0179099 -0.0278264 0.014224 0.018528 -0.0315514 0.0142229 0.0183126 -0.0313594 0.014224 0.020208 -0.0330403 0.0137707 0.0203962 -0.0332073 0.0136297 0.0195515 -0.0259872 0.013652 0.0197019 -0.0258187 0.0134774 0.0205726 -0.0333636 0.0134635 0.0207322 -0.0335051 0.0132696 0.0198356 -0.0256689 0.013275 0.0208706 -0.033628 0.0130483 0.0199498 -0.0255409 0.0130469 0.0209846 -0.0337291 0.0128032 0.0200419 -0.0254377 0.012797 0.0201102 -0.0253611 0.0125305 0.0210709 -0.0338055 0.0125385 0.0211267 -0.0338549 0.0122596 0.0201529 -0.0253141 0.0122529 0.0211522 -0.0338761 0.0119729 -0.0178134 -0.0329112 0.0139871 0.0198081 -0.0326832 0.013983 0.0195996 -0.0324991 0.014059 -0.0178121 -0.0331219 0.0138761 0.0200116 -0.0328642 0.0138873 0.0193878 -0.0323124 0.0141202 -0.0178148 -0.0326903 0.0140755 0.0191741 -0.0321238 0.0141658 -0.0178162 -0.0324647 0.0141416 -0.0178177 -0.0322384 0.0141863 0.020208 -0.0330403 0.0137707 -0.0178109 -0.0333157 0.0137432 0.018959 -0.0319341 0.0141968 -0.0178191 -0.0320161 0.014211 0.0187434 -0.0317432 0.0142148 0.018528 -0.0315514 0.0142229 -0.0178204 -0.0317987 0.0142232 0.0183126 -0.0313594 0.014224 -0.0178218 -0.0315862 0.014224 0.0203962 -0.0332073 0.0136297 -0.0178098 -0.0334909 0.0135891 0.0205726 -0.0333636 0.0134635 -0.0178088 -0.0336453 0.0134142 -0.017808 -0.0337782 0.0132199 0.0207322 -0.0335051 0.0132696 -0.0178073 -0.0338892 0.0130105 0.0208706 -0.033628 0.0130483 0.0209846 -0.0337291 0.0128032 -0.0178067 -0.0339779 0.0127897 0.0210709 -0.0338055 0.0125385 -0.0178063 -0.0340441 0.012563 -0.017806 -0.0340889 0.0123369 0.0211267 -0.0338549 0.0122596 -0.0178059 -0.0341149 0.0121141 0.0211522 -0.0338761 0.0119729 0.0211565 -0.0338816 0.011684 -0.0178058 -0.0341253 0.0118964 -0.0178058 -0.0341262 0.011684 -0.0178058 -0.0341262 -5.32907e-18 -0.0178058 -0.0341262 0.011684 -0.0180275 -0.0341268 0.011684 -0.0182524 -0.034118 0.011684 -0.0184803 -0.034098 0.011684 -0.0184829 -0.0340968 3.81286e-06 -0.0181854 -0.0341221 0 -0.0187752 -0.0340443 3.01263e-05 -0.0187105 -0.0340609 0.011684 -0.0195612 -0.0337177 0.000282735 -0.0193218 -0.0338552 0.000169088 -0.0193751 -0.0338285 0.011684 -0.0190573 -0.0339641 8.4136e-05 -0.0189386 -0.034004 0.011684 -0.0191617 -0.0339268 0.011684 -0.0197698 -0.0335547 0.000421176 -0.0199126 -0.0334104 0.011684 -0.0199447 -0.0333719 0.000580211 -0.019574 -0.0337092 0.011684 -0.0197536 -0.0335698 0.011684 -0.0202541 -0.0328218 0.011684 -0.0202762 -0.0327551 0.00113313 -0.0201946 -0.032968 0.000940641 -0.0201629 -0.0330342 0.011684 -0.0200855 -0.0331748 0.000755071 -0.0200491 -0.0332316 0.011684 -0.020396 -0.0321038 0.0017346 -0.0203749 -0.0323222 0.00153192 -0.0203942 -0.0321309 0.011684 -0.0203354 -0.0325394 0.0013308 -0.0203227 -0.0325975 0.011684 -0.0203691 -0.0323655 0.011684 -0.0204003 -0.0318983 0.011684 -0.0204002 -0.0318846 0.0019374 -0.0203899 -0.0316693 0.011684 -0.0203904 -0.0316652 0.00213975 -0.0203671 -0.0314454 0.00234071 -0.0203667 -0.0314453 0.011684 -0.020336 -0.0312257 0.011684 -0.020336 -0.0312257 0.00254 -0.0192389 -0.0260629 0.011684 -0.0192414 -0.0260654 0.000996288 -0.0193635 -0.0262286 0.00117695 -0.0194285 -0.0263283 0.011684 -0.0194666 -0.0263967 0.00136313 -0.0195774 -0.0266146 0.011684 -0.0190994 -0.025912 0.000824126 -0.0190121 -0.0258313 0.011684 -0.019555 -0.026569 0.00155346 -0.0189362 -0.0257697 0.0006608 -0.01963 -0.0267445 0.00174706 -0.0196891 -0.0269226 0.00194337 -0.0196842 -0.0269061 0.011684 -0.0197344 -0.0271027 0.00214134 -0.019753 -0.0271909 0.011684 -0.019797 -0.0274659 0.011684 -0.0197699 -0.027284 0.0023403 -0.0187507 -0.0256397 0.011684 -0.019797 -0.0274659 0.00254 -0.0187515 -0.0256408 0.000509023 -0.018461 -0.0254897 0.011684 -0.0185456 -0.0255279 0.000372967 -0.018319 -0.0254343 0.000255724 -0.0181566 -0.0253829 0.011684 -0.0178528 -0.0253186 0.011684 -0.018076 -0.0253624 0.000159075 -0.0175611 -0.0252909 0.011684 -0.0178195 -0.0253144 8.45856e-05 -0.0175534 -0.0252909 3.3867e-05 -0.0172827 -0.0252864 0.011684 -0.0172827 -0.0252864 0 0.0201741 -0.0252908 0.0119697 -0.0172827 -0.0252864 0.011684 -0.0172827 -0.0252906 0.0119795 -0.0172827 -0.0253773 0.0125977 0.0201102 -0.0253611 0.0125305 -0.0172827 -0.0253164 0.0122846 0.0200419 -0.0254377 0.012797 -0.0172827 -0.0254797 0.0129088 0.0199498 -0.0255409 0.0130469 0.0201529 -0.0253141 0.0122529 -0.0172827 -0.0256251 0.0132041 0.0198356 -0.0256689 0.013275 0.0201769 -0.0252864 0.011684 0.0197019 -0.0258187 0.0134774 -0.0172827 -0.0258125 0.01347 -0.0172827 -0.0260404 0.013698 0.0195515 -0.0259872 0.013652 0.0193883 -0.0261706 0.0137979 -0.0172827 -0.0263063 0.0138854 0.0192166 -0.0263648 0.013917 0.0190379 -0.0265652 0.0140141 -0.0172827 -0.0266016 0.0140308 -0.0172827 -0.0269127 0.0141331 0.0188541 -0.0267696 0.0140915 0.0186673 -0.0269776 0.0141493 -0.0172827 -0.0272258 0.014194 0.0182889 -0.0273999 0.0142132 0.0184787 -0.027188 0.0141892 -0.0172827 -0.027531 0.0142198 0.0180993 -0.0276129 0.0142229 -0.0172827 -0.0278264 0.014224 0.0179099 -0.0278264 0.014224 -0.0197828 -0.0313055 0.0135093 -0.0196252 -0.0313276 0.0136671 -0.0192762 -0.0275406 0.01347 -0.020336 -0.0312257 0.011684 -0.0203364 -0.0312257 0.0118837 -0.019797 -0.0274659 0.011684 -0.0187874 -0.0276107 0.0138854 -0.0190506 -0.0275729 0.013698 -0.0194438 -0.0313538 0.0138098 -0.0192342 -0.0313838 0.0139368 -0.0184951 -0.0276526 0.0140308 -0.019923 -0.031286 0.0133278 -0.0189982 -0.0314176 0.0140446 -0.0181871 -0.0276968 0.0141331 -0.0187505 -0.031453 0.014128 -0.0185648 -0.0314794 0.014171 -0.0178772 -0.0277412 0.014194 -0.018353 -0.0315088 0.014201 -0.0181029 -0.031544 0.0142206 -0.0175752 -0.0277845 0.0142198 -0.0178218 -0.0315862 0.014224 -0.0172827 -0.0278264 0.014224 -0.0194618 -0.027514 0.0132041 -0.0196057 -0.0274934 0.0129088 -0.0200495 -0.0312681 0.0131171 -0.019707 -0.0274788 0.0125977 -0.0201601 -0.0312514 0.0128639 -0.0202899 -0.0312324 0.0123932 -0.0202399 -0.0312395 0.0126227 -0.0197673 -0.0274702 0.0122846 -0.0203211 -0.0312279 0.0121228 -0.0197928 -0.0274665 0.0119795 -0.018338 -0.0341106 0.0119292 -0.0182524 -0.034118 0.011684 -0.0180275 -0.0341268 0.011684 -0.0190492 -0.0339665 0.0119641 -0.0190424 -0.0339385 0.0123117 -0.0192173 -0.0338933 0.0121317 -0.0183 -0.0338957 0.012974 -0.018492 -0.033937 0.0128176 -0.0183298 -0.0340125 0.0126348 -0.0191617 -0.0339268 0.011684 -0.0193804 -0.033824 0.0119404 -0.0193751 -0.0338285 0.011684 -0.0186896 -0.0340298 0.0123051 -0.018861 -0.0339569 0.0124845 -0.0188699 -0.0340104 0.0121383 -0.019373 -0.0337152 0.01263 -0.0193298 -0.0335784 0.012963 -0.0195191 -0.033559 0.012769 -0.0184452 -0.0337936 0.0131485 -0.0186443 -0.0338366 0.0129952 -0.0185851 -0.0332612 0.0137283 -0.0188147 -0.0333246 0.0136016 -0.0187046 -0.0335073 0.0134667 -0.0184803 -0.034098 0.011684 -0.0185158 -0.0340806 0.01212 -0.0186692 -0.0330568 0.0138376 -0.0189069 -0.0331202 0.0137155 -0.0190284 -0.0338596 0.0126564 -0.0188382 -0.0338575 0.0128297 -0.0189895 -0.0337314 0.0129952 -0.0186975 -0.0340604 0.011958 -0.0184837 -0.0327605 0.0140138 -0.0187363 -0.0328372 0.0139264 -0.0189386 -0.034004 0.011684 -0.0188812 -0.0340205 0.0117882 -0.0190389 -0.0326696 0.0138823 -0.0187886 -0.0326089 0.0139957 -0.0188291 -0.0323769 0.0140454 -0.0180631 -0.0319238 0.0142163 -0.0178204 -0.0317987 0.0142232 -0.0178218 -0.0315862 0.014224 -0.0181561 -0.034113 0.0120924 -0.0181583 -0.0340658 0.0124499 -0.0183369 -0.0340823 0.0122831 -0.0194566 -0.0333957 0.0130922 -0.0196479 -0.0333753 0.0128915 -0.0187105 -0.0340609 0.011684 -0.017969 -0.034125 0.0118987 -0.0179785 -0.0340993 0.0122637 -0.0192122 -0.0338412 0.0124766 -0.0193835 -0.0337961 0.012289 -0.0191862 -0.033734 0.012817 -0.0178058 -0.0341262 0.011684 -0.0195431 -0.0336711 0.0124339 -0.0195382 -0.0337253 0.0120904 -0.0202003 -0.032578 0.0126698 -0.0201435 -0.0328179 0.0126164 -0.020072 -0.0326512 0.0129161 -0.0196909 -0.0335159 0.0125645 -0.0196923 -0.0336008 0.0122273 -0.0201488 -0.0330578 0.0119763 -0.0201629 -0.0330342 0.011684 -0.0200422 -0.0332412 0.0118833 -0.0199659 -0.0332621 0.0124564 -0.0199549 -0.0333503 0.0121239 -0.0198383 -0.0334466 0.0123498 -0.0197569 -0.0331675 0.0129959 -0.0196525 -0.0329657 0.0132949 -0.0198442 -0.0329409 0.0130821 -0.0200665 -0.033049 0.0125456 -0.0200743 -0.0331663 0.0122231 -0.0195588 -0.0324939 0.0136246 -0.0197706 -0.0324893 0.0134247 -0.0197206 -0.0327303 0.0133686 -0.0202407 -0.0327266 0.0123672 -0.0201685 -0.0329554 0.0123041 -0.0203756 -0.0323104 0.0118763 -0.0203691 -0.0323655 0.011684 -0.020336 -0.032538 0.0118369 -0.0203954 -0.0320769 0.0119046 -0.0203942 -0.0321309 0.011684 -0.019823 -0.0320071 0.0134892 -0.0200018 -0.0319766 0.0132609 -0.0199881 -0.0322172 0.0132377 -0.0203447 -0.0314601 0.0122323 -0.0203539 -0.0313758 0.011956 -0.0203815 -0.0316072 0.0119394 -0.0203966 -0.0318413 0.0119244 -0.0204003 -0.0318983 0.011684 -0.0203702 -0.0316907 0.0122139 -0.0203305 -0.0317752 0.012487 -0.0203809 -0.0319241 0.012198 -0.020336 -0.032011 0.0124693 -0.0203364 -0.0312257 0.0118837 -0.020336 -0.0312257 0.011684 -0.0203211 -0.0312279 0.0121228 -0.0178058 -0.0341253 0.0118964 -0.0178059 -0.0341149 0.0121141 -0.017806 -0.0340889 0.0123369 -0.0179749 -0.0340309 0.0126164 -0.0185103 -0.0340301 0.0124702 -0.0181428 -0.0339737 0.0127957 -0.017946 -0.0339168 0.012949 -0.0178067 -0.0339779 0.0127897 -0.0178063 -0.0340441 0.012563 -0.019574 -0.0337092 0.011684 -0.0186776 -0.0339559 0.0126532 -0.0180979 -0.0338343 0.0131193 -0.0178073 -0.0338892 0.0130105 -0.0178835 -0.0337594 0.0132512 -0.0197536 -0.0335698 0.011684 -0.0196743 -0.0336352 0.0118777 -0.0198185 -0.0335063 0.0120082 -0.0199126 -0.0334104 0.011684 -0.0182376 -0.0337299 0.0132865 -0.0180174 -0.0336505 0.0134077 -0.0178088 -0.0336453 0.0134142 -0.017808 -0.0337782 0.0132199 -0.0200491 -0.0332316 0.011684 -0.0185801 -0.0336645 0.0133142 -0.018787 -0.0337085 0.0131624 -0.018366 -0.0336003 0.013447 -0.0179017 -0.0334269 0.0136506 -0.0181397 -0.0335187 0.0135583 -0.0178098 -0.0334909 0.0135891 -0.0191284 -0.0335756 0.0131457 -0.0189191 -0.0335517 0.0133148 -0.0190366 -0.0333691 0.0134501 -0.0182497 -0.0333617 0.0136991 -0.018483 -0.0334434 0.0135964 -0.0180048 -0.0332693 0.0137786 -0.0178109 -0.0333157 0.0137432 -0.0198205 -0.0333315 0.0126792 -0.019136 -0.0331648 0.0135663 -0.0193562 -0.0331882 0.0133941 -0.0192516 -0.0333932 0.0132792 -0.0195646 -0.0331896 0.0132029 -0.0183447 -0.0331807 0.0138243 -0.0178121 -0.0331219 0.0138761 -0.0180937 -0.0330903 0.0138935 -0.0202358 -0.0328519 0.0120506 -0.0202541 -0.0328218 0.011684 -0.0203227 -0.0325975 0.011684 -0.0199267 -0.0331205 0.0127763 -0.0200098 -0.032891 0.0128551 -0.0189809 -0.0328998 0.0138088 -0.0184225 -0.0329781 0.0139289 -0.0181667 -0.0328913 0.0139919 -0.0179028 -0.0328051 0.0140333 -0.0178134 -0.0329112 0.0139871 -0.0194416 -0.0329662 0.0134896 -0.0192166 -0.0329438 0.0136623 -0.018303 -0.0322269 0.0141741 -0.0185312 -0.0325345 0.014079 -0.0182679 -0.0324538 0.0141332 -0.0182237 -0.0326772 0.0140724 -0.0178148 -0.0326903 0.0140755 -0.0179571 -0.0325955 0.0141064 -0.0203029 -0.0326285 0.0121075 -0.0202923 -0.0324892 0.0124138 -0.0203491 -0.0323958 0.0121491 -0.0201151 -0.0324077 0.0129611 -0.019958 -0.0324603 0.0132015 -0.0199105 -0.032703 0.0131502 -0.0195086 -0.0327329 0.0135662 -0.0192799 -0.0327121 0.0137386 -0.0178162 -0.0324647 0.0141416 -0.0179996 -0.0323754 0.0141614 -0.0202378 -0.0323353 0.0127083 -0.0203237 -0.0322496 0.0124465 -0.0203745 -0.0321599 0.012178 -0.0195943 -0.0322535 0.0136657 -0.0198043 -0.0322472 0.0134645 -0.0193281 -0.0324751 0.0137962 -0.0190834 -0.032435 0.0139366 -0.0185684 -0.0323053 0.0141242 -0.0188618 -0.0321448 0.0140756 -0.0185995 -0.0320768 0.0141502 -0.0178191 -0.0320161 0.014211 -0.0180341 -0.0321499 0.0141976 -0.0178177 -0.0322384 0.0141863 -0.0203899 -0.0316693 0.011684 -0.0202565 -0.0320937 0.0127353 -0.02014 -0.0321646 0.0129928 -0.0193638 -0.0322369 0.0138357 -0.0191179 -0.0321995 0.013972 -0.0193896 -0.0320002 0.0138566 -0.0191456 -0.0319658 0.0139886 -0.0183331 -0.032001 0.0141967 -0.0203667 -0.0314453 0.011684 -0.0201475 -0.0319245 0.0130142 -0.0201381 -0.0316881 0.0130289 -0.0202571 -0.0318551 0.0127551 -0.0196171 -0.0320147 0.0136897 -0.0196286 -0.0317789 0.0136967 -0.02 -0.0317397 0.0132738 -0.019828 -0.0317704 0.0135002 -0.0188904 -0.0319146 0.014088 -0.0186291 -0.0318503 0.0141591 -0.0183631 -0.0317771 0.0142031 -0.0180923 -0.0316992 0.0142211 -0.0203084 -0.0315428 0.0125054 -0.0202405 -0.0316202 0.012772 -0.0198203 -0.0315364 0.013498 -0.0194073 -0.0317661 0.0138582 -0.0191689 -0.0317345 0.0139867 -0.0189182 -0.0316867 0.0140844 -0.0186602 -0.031625 0.0141538 -0.018353 -0.0315088 0.014201 -0.0181029 -0.031544 0.0142206 -0.0202899 -0.0312324 0.0123932 -0.0202737 -0.0313129 0.012528 -0.0202087 -0.0313887 0.0127899 -0.0201126 -0.0314549 0.0130414 -0.0199829 -0.0315056 0.0132794 -0.0196302 -0.0315458 0.0136871 -0.0196252 -0.0313276 0.0136671 -0.0194179 -0.0315344 0.013843 -0.0191879 -0.0315045 0.0139688 -0.0189982 -0.0314176 0.0140446 -0.0185648 -0.0314794 0.014171 -0.0187505 -0.031453 0.014128 -0.0202399 -0.0312395 0.0126227 -0.0201601 -0.0312514 0.0128639 -0.0200495 -0.0312681 0.0131171 -0.019923 -0.031286 0.0133278 -0.0197828 -0.0313055 0.0135093 -0.0194438 -0.0313538 0.0138098 -0.0192342 -0.0313838 0.0139368 -0.0178321 -0.0253603 0.0123366 -0.0181687 -0.0254146 0.0121402 -0.0181269 -0.0254505 0.012421 -0.018902 -0.0257425 0.0116839 -0.0190032 -0.0258419 0.011972 -0.0187578 -0.0256577 0.0119583 -0.0192079 -0.0265437 0.0130319 -0.0189018 -0.0264241 0.0133252 -0.019006 -0.0263095 0.0130719 -0.0197289 -0.0274757 0.0125056 -0.0196936 -0.0272798 0.01252 -0.0197737 -0.0274695 0.0122339 -0.0197315 -0.0272288 0.012246 -0.0197927 -0.0274678 0.0119586 -0.0196306 -0.0273483 0.0127843 -0.0197472 -0.0271897 0.0119701 -0.0196564 -0.0274859 0.012771 -0.019797 -0.0274659 0.011684 -0.0194579 -0.0267152 0.0126981 -0.0192886 -0.0264575 0.0127626 -0.0195117 -0.0266547 0.0124213 -0.0191528 -0.0261469 0.012525 -0.0193486 -0.026391 0.0124846 -0.0190893 -0.0262178 0.0128031 -0.0188642 -0.0259992 0.0128175 -0.0189282 -0.0259264 0.0125391 -0.019756 -0.0272043 0.0116768 -0.0184386 -0.0260191 0.0133269 -0.0185377 -0.0259001 0.0130747 -0.0187812 -0.0260939 0.0130862 -0.0186793 -0.0257341 0.0125256 -0.0183531 -0.0256413 0.0127651 -0.0184106 -0.025575 0.0124854 -0.0184901 -0.0255101 0.01192 -0.0186578 -0.0255856 0.0116838 -0.0196393 -0.0269348 0.0123392 -0.0195938 -0.0269889 0.0126148 -0.0175126 -0.0252884 0.0116766 -0.0175632 -0.0252945 0.0119669 -0.0172827 -0.0252864 0.011684 -0.0192854 -0.0268954 0.013222 -0.0195257 -0.0270616 0.0128818 -0.0194334 -0.0271558 0.0131338 -0.0172814 -0.0252948 0.011959 -0.0179103 -0.0253283 0.0117842 -0.0178695 -0.025333 0.0120584 -0.0194232 -0.0275188 0.0132676 -0.0193183 -0.0272731 0.0133601 -0.0192607 -0.0275426 0.0134882 -0.0191831 -0.0274134 0.0135522 -0.0193825 -0.0267945 0.0129666 -0.019166 -0.0270197 0.0134529 -0.0190249 -0.0271676 0.0136482 -0.018695 -0.0275216 0.0139294 -0.0188663 -0.0273359 0.013806 -0.0188491 -0.0276015 0.0138465 -0.0189826 -0.026784 0.0135158 -0.0184984 -0.0273072 0.014 -0.0186749 -0.0271163 0.0138775 -0.0183141 -0.0275136 0.0140881 -0.0181016 -0.0273169 0.0141303 -0.0180941 -0.027706 0.0141524 -0.0176897 -0.0273541 0.0141977 -0.0179084 -0.0275412 0.0141842 -0.0174869 -0.0275875 0.0142201 -0.0175544 -0.0277834 0.0142152 -0.0172827 -0.0278264 0.014224 -0.0178252 -0.0277425 0.0141939 -0.0196669 -0.0268519 0.0117855 -0.0196927 -0.0269395 0.0116776 -0.0196639 -0.0268925 0.0120612 -0.0196026 -0.0266755 0.011682 -0.0195535 -0.0265692 0.0118616 -0.0194044 -0.0263032 0.0119206 -0.0194766 -0.0264132 0.0116844 -0.0195548 -0.0274999 0.0130266 -0.0182061 -0.0254005 0.0118606 -0.0193093 -0.0261521 0.0116839 -0.0195442 -0.0266083 0.012141 -0.0188378 -0.0269406 0.0137154 -0.0190681 -0.0275703 0.0136828 -0.01922 -0.0260589 0.0119586 -0.0193878 -0.026341 0.012203 -0.0191061 -0.0266518 0.0132855 -0.0186104 -0.0276359 0.0139794 -0.0191167 -0.0259288 0.011684 -0.0191968 -0.0260946 0.0122425 -0.0187767 -0.0265628 0.0135551 -0.0186315 -0.0267251 0.0137537 -0.0184678 -0.0269069 0.013917 -0.0182893 -0.0271045 0.0140425 -0.0183575 -0.027672 0.0140818 -0.0183826 -0.0254581 0.0116839 -0.0189745 -0.0258742 0.0122563 -0.0186779 -0.0262125 0.0133395 -0.018554 -0.0263553 0.0135693 -0.0184103 -0.0265215 0.0137683 -0.0182492 -0.0267081 0.0139316 -0.0180737 -0.0269115 0.0140569 -0.0178862 -0.0271279 0.0141448 -0.0178511 -0.0267253 0.0140461 -0.0176685 -0.0269411 0.0141306 -0.0186175 -0.0258054 0.0128049 -0.0187252 -0.0256844 0.0122425 -0.0183183 -0.026163 0.013557 -0.0181768 -0.0263312 0.0137595 -0.0180199 -0.0265202 0.0139243 -0.0177851 -0.026344 0.0138822 -0.0179363 -0.0261564 0.0137218 -0.0174737 -0.0271637 0.0141837 -0.0172868 -0.0275514 0.014215 -0.0172892 -0.0272772 0.0141954 -0.0180749 -0.0255094 0.0126998 -0.0177227 -0.0254912 0.0128822 -0.0177853 -0.0254125 0.012614 -0.018455 -0.025531 0.0122029 -0.0182791 -0.0257313 0.0130364 -0.0181861 -0.025847 0.0132912 -0.0180719 -0.0259891 0.0135221 -0.0178137 -0.0258416 0.0134587 -0.0176867 -0.0260043 0.0136506 -0.0176217 -0.0265465 0.0140013 -0.0174437 -0.0267582 0.0140874 -0.0172855 -0.0270054 0.0141533 -0.018083 -0.0253639 0.011683 -0.0180074 -0.0255926 0.0129713 -0.0179208 -0.0257035 0.0132285 -0.0175421 -0.0261863 0.0138053 -0.0172834 -0.0267398 0.0140817 -0.0172831 -0.0264841 0.0139796 -0.0177806 -0.0253078 0.0116797 -0.0176416 -0.0255979 0.0131336 -0.0175409 -0.0257302 0.0133586 -0.0174206 -0.0258844 0.0135502 -0.017283 -0.0258279 0.013488 -0.0172827 -0.0260225 0.0136825 -0.0172829 -0.0262431 0.0138467 -0.0175268 -0.0253145 0.0122425 -0.0174817 -0.0253601 0.0125174 -0.0174224 -0.025433 0.0127818 -0.0172833 -0.0255311 0.0130257 -0.0172836 -0.0256639 0.0132668 -0.0172821 -0.0253132 0.0122331 -0.0172829 -0.0253549 0.0125047 -0.0172829 -0.0254288 0.0127702 0.0197208 -0.0252864 0.000846259 0.0207039 -0.0338844 0.000850447 0.0205156 -0.0338856 0.000632971 0.0198802 -0.0252864 0.00109848 0.0208586 -0.0338834 0.00109421 0.020981 -0.0338827 0.00136176 0.0195309 -0.0252864 0.000628379 0.0200047 -0.0252864 0.00137243 0.0210707 -0.0338821 0.00164709 0.0200932 -0.0252864 0.00166039 0.0201467 -0.0252864 0.00193996 0.0211194 -0.0338818 0.00190556 0.0201698 -0.0252864 0.00220779 0.0201769 -0.0252864 0.00254 0.0211471 -0.0338816 0.00219947 0.0211565 -0.0338816 0.00254 0.020295 -0.033887 0.000445528 0.0200395 -0.0338886 0.000288401 0.0193109 -0.0252864 0.000442734 0.019065 -0.0252864 0.000290551 0.0187957 -0.0252864 0.000170461 0.0185091 -0.0252864 8.27488e-05 0.0197637 -0.0338903 0.000166462 0.0191991 -0.0338938 2.91409e-05 0.0194767 -0.0338921 8.07577e-05 0.0189327 -0.0338955 6.86274e-06 0.0182517 -0.0252864 3.5787e-05 0.0179593 -0.0252864 9.02139e-06 0.0186019 -0.0338976 -5.32907e-18 0.0176204 -0.0252864 0</float_array>
          <technique_common>
            <accessor count="705" source="#ID19" stride="3">
              <param name="X" type="float"/>
              <param name="Y" type="float"/>
              <param name="Z" type="float"/>
            </accessor>
          </technique_common>
        </source>
        <source id="ID20">
          <float_array count="2115" id="ID21">-0.989877 0.141931 0 -0.989877 0.141931 0 -0.989877 0.141931 0 -0.989877 0.141931 0 0.00627825 -0.99998 0 0.00627825 -0.99998 0 0.00627825 -0.99998 0 0.00627825 -0.99998 0 0.00627825 -0.99998 0 0.00627825 -0.99998 0 0.00627825 -0.99998 0 0.00627825 -0.99998 0 0.00627825 -0.99998 0 0.00627825 -0.99998 0 0.00627825 -0.99998 0 0.00627825 -0.99998 0 0.00627825 -0.99998 0 0.00627825 -0.99998 0 0.00627825 -0.99998 0 0.00627825 -0.99998 0 0.00627825 -0.99998 0 0.00627825 -0.99998 0 0.993568 0.113238 0 0.993568 0.113238 0 0.993568 0.113238 0 0.993568 0.113238 0 0 1 0 0 1 0 0 1 0 0 1 0 0 1 0 0 1 0 0 1 0 0 1 0 0 1 0 0 1 0 0 1 0 0 1 0 0 1 0 0 1 0 0 1 0 0 1 0 0 1 0 0 1 0 0 1 0 0 0 1 0 0 1 0 0 1 0 0 1 -0 -0 -1 -0 -0 -1 -0 -0 -1 -0 -0 -1 -0 -0 -1 -0.0404881 0.00580528 -0.999163 5.9403e-14 -8.51734e-15 -1 3.1254e-16 -4.48127e-17 -1 -0.0566231 0.00811876 -0.998363 -0.130181 0.0186656 -0.991315 -0.236866 0.0339625 -0.970948 -0.141365 0.0202692 -0.98975 -0.236651 0.0339316 -0.971002 -0.624925 0.0896032 -0.775526 -0.529695 0.0759489 -0.844781 -0.565717 0.0811139 -0.8206 -0.432265 0.0619792 -0.899614 -0.346519 0.0496848 -0.936726 -0.456704 0.0654833 -0.887205 -0.787547 0.11292 -0.605821 -0.829071 0.118874 -0.54636 -0.845986 0.121299 -0.519225 -0.669221 0.0959545 -0.736842 -0.758961 0.108822 -0.641979 -0.713131 0.10225 -0.693534 -0.948359 0.135978 -0.286576 -0.950707 0.136315 -0.27852 -0.925033 0.132633 -0.35598 -0.920063 0.131921 -0.36889 -0.890834 0.12773 -0.436005 -0.881365 0.126372 -0.45522 -0.980954 0.140651 -0.133967 -0.981198 0.140686 -0.13213 -0.969169 0.138962 -0.203471 -0.968237 0.138828 -0.207954 -0.987552 0.141597 -0.0684989 -0.987584 0.141602 -0.0680241 -0.989686 0.141903 -0.0196337 -0.989687 0.141904 -0.0195855 -0.989877 0.141931 -4.16657e-14 -0.989877 0.141931 -3.43299e-14 -0.334488 0.0479597 -0.941179 0.478393 0.0545227 0.876452 0.389628 0.0444061 0.919901 0.421162 0.0480001 0.905714 0.993568 0.113238 -2.57075e-12 0.992856 0.113156 0.0378615 0.993568 0.113238 -3.03205e-12 0.34229 0.039011 0.938784 0.304546 0.0347093 0.951865 0.222895 0.0254035 0.974511 0.266347 0.0303557 0.963399 0.145271 0.0165567 0.989253 0.193446 0.0220472 0.980863 0.124575 0.0141979 0.992109 0.503683 0.057405 0.861979 0.075271 0.00857868 0.997126 0.571203 0.0651003 0.818223 0.0635507 0.00724291 0.997952 0.0218586 0.00249124 0.999758 4.22769e-17 -3.70946e-16 1 0.0181505 0.00206863 0.999833 0 0 1 0.590112 0.0672554 0.804515 0.679279 0.0774179 0.729785 0.666845 0.0760008 0.74131 0.757744 0.0863605 0.646812 0.763897 0.0870618 0.639439 0.836486 0.0953348 0.539632 0.83462 0.0951222 0.542551 0.894132 0.101905 0.436054 0.894283 0.101922 0.435741 0.9374 0.106836 0.331464 0.938111 0.106917 0.329419 0.968298 0.110358 0.224097 0.967724 0.110292 0.226596 0.985814 0.112354 0.124686 0.986082 0.112384 0.122524 0.992826 0.113153 0.0386268 0.00263192 -0.419204 0.907888 0.00265979 -0.423643 0.905825 0.00216088 -0.344178 0.938902 0.00323681 -0.515549 0.856854 0.00318166 -0.506765 0.862078 0.00168162 -0.267843 0.963461 0.00204573 -0.325838 0.945424 0.00122128 -0.194522 0.980897 0.00148257 -0.23614 0.971718 0.000952848 -0.151767 0.988416 0.00372833 -0.593837 0.804577 0.00384915 -0.613082 0.79001 0.000786626 -0.125291 0.99212 0.000485505 -0.0773298 0.997005 0.000401673 -0.0639773 0.997951 0.000114713 -0.0182712 0.999833 0.00013841 -0.0220455 0.999757 -1.28367e-16 -8.05936e-19 1 2.2204e-16 1.39405e-18 1 0.00429126 -0.683499 0.729939 0.00443939 -0.707093 0.707107 0.00482677 -0.768794 0.639478 0.00495988 -0.789995 0.613094 0.00537954 -0.856837 0.51556 0.00528562 -0.841878 0.539642 0.00569995 -0.90787 0.419213 0.00564946 -0.899828 0.436207 0.00592297 -0.943393 0.331624 0.0059356 -0.945405 0.325844 0.00611479 -0.973945 0.226704 0.00610069 -0.971699 0.236144 0.00620552 -0.988396 0.15177 0.00622934 -0.992191 0.124576 0.00625945 -0.996986 0.0773313 0.00627356 -0.999234 0.0386176 0.00627825 -0.99998 5.89293e-12 0.00627672 -0.999737 0.022046 0.00627825 -0.99998 -7.99823e-14 0.00627825 -0.99998 -1.06468e-14 0.00627825 -0.99998 -1.38653e-15 -0.0116509 -0.999932 2.41114e-16 -0.0579924 -0.998317 -1.6398e-15 -0.122887 -0.992421 -6.31832e-16 -0.123692 -0.992321 -4.15736e-15 -0.0419306 -0.999121 -1.07195e-14 -0.222614 -0.974907 -6.26336e-15 -0.199312 -0.979936 -2.2309e-15 -0.557043 -0.830484 -3.38056e-15 -0.441885 -0.897072 -5.72257e-15 -0.466228 -0.884665 -1.50731e-15 -0.329735 -0.944074 -6.30055e-15 -0.28314 -0.959079 -3.26581e-16 -0.37241 -0.928068 4.39104e-16 -0.67049 -0.741919 -5.38881e-15 -0.753563 -0.657376 -2.15328e-16 -0.772311 -0.635245 -4.28827e-15 -0.563437 -0.826159 -7.58261e-16 -0.661128 -0.750273 -1.67494e-16 -0.939753 -0.341854 -7.03927e-16 -0.949789 -0.312893 -6.18433e-16 -0.91068 -0.413112 -8.72492e-16 -0.894982 -0.446103 -4.94172e-16 -0.853151 -0.521664 -1.84566e-15 -0.833056 -0.553189 -8.81947e-16 -0.998485 -0.0550256 7.33088e-17 -0.990898 -0.134617 1.83399e-15 -0.997919 -0.0644774 3.60942e-16 -0.975396 -0.220458 6.66434e-16 -0.970023 -0.243013 -6.72231e-16 -0.988631 -0.150361 -4.05727e-16 -0.999916 0.0129347 -5.5873e-16 -0.999849 0.0173495 -3.85237e-18 -0.996951 0.0780291 -2.25804e-16 -0.996844 0.0793813 -1.14197e-15 -0.992246 0.124288 3.30256e-16 -0.992262 0.124161 -4.19777e-16 -0.989877 0.141931 -2.78584e-16 -0.989877 0.141931 0 -0.767947 0.640513 -6.21462e-16 -0.768903 0.639365 1.1195e-15 -0.825065 0.565038 -1.25524e-15 -0.853761 0.520666 -3.55444e-16 -0.870375 0.49239 7.30144e-16 -0.915794 0.401648 -1.1863e-16 -0.699458 0.714674 -6.71065e-16 -0.655007 0.755623 3.39739e-16 -0.907293 0.4205 3.66317e-17 -0.61671 0.787191 1.43695e-15 -0.937009 0.349305 5.33786e-16 -0.960258 0.279114 1.02339e-15 -0.958221 0.28603 7.86653e-16 -0.976837 0.213986 4.02211e-16 -0.982348 0.187061 8.44782e-17 -0.989877 0.141931 -3.10099e-16 -0.986614 0.163071 -1.08371e-15 -0.525034 0.851081 -4.3634e-16 -0.989877 0.141931 -1.57413e-15 -0.525743 0.850644 -5.52374e-16 -0.39422 0.919016 7.90334e-16 -0.431131 0.90229 -1.5432e-15 -0.334306 0.942465 7.40538e-16 -0.267602 0.963529 -2.10325e-15 -0.147133 0.989117 1.20369e-16 -0.235001 0.971995 -1.57771e-16 -0.0457422 0.998953 2.05205e-16 -0.133905 0.990994 1.89722e-15 -0.0434536 0.999055 4.20513e-15 0 1 -6.10623e-16 0 1 0 -1.3148e-15 0.999283 0.037873 -1.89085e-16 1 0 -5.11181e-16 0.99919 0.0402375 -5.57233e-16 0.968333 0.249664 -1.16666e-15 0.974622 0.223855 6.70199e-16 0.991055 0.133457 -1.06984e-15 0.944254 0.329218 -7.97815e-16 0.926739 0.375706 -4.84238e-16 0.90009 0.435704 -8.84187e-16 0.992456 0.122597 -3.23783e-16 0.861316 0.508069 -8.51703e-16 0.840044 0.542519 -1.33227e-15 1 0 -8.43857e-16 0.762663 0.646796 -6.11613e-17 0.766108 0.642712 1.3143e-16 0.642712 0.766108 -1.2335e-15 0.670979 0.741476 -9.63846e-16 0.575224 0.817996 -1.14703e-16 0.508069 0.861316 -1.90782e-15 0.48179 0.876287 -1.35281e-15 0.392352 0.919815 -1.67888e-16 0.375706 0.926739 3.25114e-16 0.249664 0.968333 -1.42002e-15 0.306769 0.951784 -1.03514e-15 0.224651 0.974439 2.03977e-16 0.133457 0.991055 -9.13871e-16 0.0757664 0.997126 -8.08609e-16 0.146374 0.989229 -8.13086e-17 0.0402375 0.99919 -3.44058e-16 0.0219897 0.999758 8.58688e-17 0 1 0 0 1 -0.745093 0.106833 0.658348 -0.651403 0.0933997 0.752961 -0.758352 0.108734 0.642712 -0.989877 0.141931 2.21535e-07 -0.989576 0.141888 0.0246564 -0.989877 0.141931 -3.77493e-14 -0.502926 0.0721107 0.861316 -0.636205 0.0912207 0.766108 -0.550019 0.078863 0.831421 -0.44824 0.0642697 0.8916 -0.371902 0.0533242 0.926739 -0.82281 0.117976 0.555937 -0.349302 0.0500838 0.935671 -0.247136 0.035435 0.968333 -0.254204 0.0364484 0.966463 -0.164396 0.0235715 0.986113 -0.132106 0.0189417 0.991055 -0.0844328 0.0121062 0.996356 -0.0242784 0.0034811 0.999699 -0.0398302 0.00571095 0.99919 1.02449e-16 7.14515e-16 1 5.12244e-17 3.57258e-16 1 -0.852597 0.122247 0.508069 -0.917357 0.131533 0.375706 -0.882429 0.126525 0.453112 -0.95853 0.137436 0.249664 -0.926095 0.132786 0.353152 -0.976089 0.139954 0.166324 -0.95661 0.137161 0.25707 -0.981022 0.140661 0.133457 -0.986252 0.141411 0.0855029 -0.989075 0.141816 0.0402375 -0.081023 -0.996313 0.0282023 -0.061685 -0.998096 -7.40406e-05 -0.0128186 -0.999918 0.000100759 -0.325148 -0.945281 0.0268848 -0.309692 -0.93881 0.150752 -0.393679 -0.916587 0.0698952 -0.0673914 -0.912362 0.403799 -0.137645 -0.933405 0.331374 -0.0844486 -0.962413 0.258129 -0.372309 -0.928109 0.000119242 -0.468116 -0.883457 0.0192447 -0.463991 -0.88584 0.000119725 -0.186936 -0.970619 0.151507 -0.242118 -0.945153 0.219237 -0.247771 -0.964881 0.0872617 -0.468937 -0.828506 0.306065 -0.4728 -0.751471 0.460165 -0.549827 -0.741063 0.385377 -0.118953 -0.865848 0.485961 -0.1965 -0.888099 0.415534 -0.195144 -0.584725 0.787411 -0.300837 -0.621584 0.723278 -0.244171 -0.719548 0.650101 -0.126893 -0.991916 7.24472e-05 -0.134831 -0.987194 0.0852529 -0.234462 -0.474503 0.848454 -0.340547 -0.513603 0.787553 -0.310933 -0.903448 0.29513 -0.258523 -0.900492 0.349685 -0.329996 -0.83471 0.440865 -0.192397 -0.980694 0.0349566 -0.150779 -0.348944 0.924935 -0.258548 -0.380406 0.887944 -0.285227 -0.95846 -5.48924e-05 -0.26117 -0.965286 0.00356074 -0.384247 -0.320708 0.865737 -0.275972 -0.290925 0.91608 -0.287128 -0.204772 0.935749 -0.0205731 -0.0514754 0.998462 0.00034403 -0.0248558 0.999691 -7.10752e-05 0.000262714 1 -0.0348467 -0.996808 0.071826 -0.037782 -0.980787 0.191387 -0.0855912 -0.987026 0.135847 -0.543979 -0.652671 0.52736 -0.622504 -0.639125 0.451673 -0.203356 -0.979105 6.11037e-05 -0.00317132 -0.999739 0.0226169 -0.0046614 -0.992027 0.125937 -0.384051 -0.895891 0.223346 -0.468859 -0.873601 0.130353 -0.392769 -0.837162 0.380647 0.00666979 -0.999978 -0.000538832 -0.549341 -0.809694 0.206443 -0.544488 -0.837089 0.0530503 -0.915398 -0.238888 0.324006 -0.890926 -0.331932 0.309954 -0.852367 -0.280198 0.441542 -0.626822 -0.723757 0.288566 -0.623915 -0.774836 0.101779 -0.890924 -0.45363 0.0217881 -0.896565 -0.442912 1.82081e-05 -0.829275 -0.558814 0.00547771 -0.788268 -0.568402 0.235698 -0.778064 -0.626064 0.0515727 -0.705239 -0.689524 0.164911 -0.686532 -0.527608 0.500304 -0.651048 -0.441195 0.617644 -0.7377 -0.41694 0.530999 -0.853243 -0.436065 0.28605 -0.856032 -0.507775 0.0968166 -0.614906 -0.262354 0.743681 -0.713829 -0.25147 0.653613 -0.687343 -0.342295 0.64062 -0.939706 -0.290349 0.180695 -0.910382 -0.386278 0.148306 -0.991436 -0.129437 0.0173247 -0.988324 -0.152367 -2.0019e-05 -0.975631 -0.219127 0.0112859 -0.998689 -0.0460606 0.022343 -0.997658 -0.0684001 5.82261e-05 -0.74598 -0.0855388 0.660452 -0.829355 -0.0612183 0.555358 -0.818093 -0.14104 0.557523 -0.985448 0.12428 0.115963 -0.990263 0.134867 0.0344995 -0.995254 0.0928979 0.0289789 -0.999205 0.0302415 0.0259774 -0.999964 0.00848248 -4.10294e-05 -0.991309 0.0720619 0.110061 -0.97583 0.0432983 0.2142 -0.994296 0.00287813 0.106615 -0.976503 -0.0305469 0.213328 -0.989697 0.141844 0.0195007 -0.989863 0.142025 -0.000166235 -0.986656 0.141699 0.0801981 0.00620005 -0.999658 0.0253987 0.0059243 -0.996284 0.0859296 0.0062329 -0.986479 0.163766 -0.00274585 -0.966515 0.256595 -0.141285 -0.969441 0.200558 -0.028024 -0.944372 0.327682 0.000603355 -0.919595 0.392867 0.00592617 -0.941791 0.336147 0.0060452 -0.968648 0.248365 -0.560151 -0.828391 -0.000200425 -0.196637 -0.942983 0.268544 -0.0183333 -0.883264 0.468518 0.00562336 -0.90455 0.42633 0.00396901 -0.847573 0.530665 -0.658877 -0.752251 5.23811e-05 -0.616967 -0.786935 0.00922001 -0.696991 -0.716623 0.0255917 -0.753262 -0.657721 0.000240042 -0.0507177 -0.834154 0.549195 -0.0066829 -0.792321 0.610067 0.00500961 -0.788537 0.614967 0.00539503 -0.854346 0.519677 -0.834572 -0.550899 -0.000168047 -0.180859 -0.800606 0.571245 -0.262534 -0.821602 0.50601 -0.0946329 -0.768772 0.632482 0.00204153 -0.67166 0.740857 -0.0261124 -0.722383 0.691 0.00439787 -0.707005 0.707195 -0.400689 -0.751058 0.524748 -0.327396 -0.739328 0.588393 -0.386017 -0.644691 0.659821 -0.0512768 -0.638915 0.767566 -0.144251 -0.68728 0.711925 -0.0049663 -0.588545 0.808449 0.00369629 -0.614326 0.789044 -0.702804 -0.612701 0.361476 -0.434192 -0.540911 0.720342 -0.521283 -0.550636 0.651969 -0.465608 -0.654663 0.595504 -0.603448 -0.546297 0.58087 -0.0851531 -0.539789 0.837482 0.00344271 -0.519544 0.854437 -0.0191476 -0.498231 0.866833 -0.935596 -0.349284 0.0515795 -0.940637 -0.339414 0.000254482 -0.970105 -0.242687 0.00017944 -0.771769 -0.489262 0.406197 -0.820394 -0.378016 0.42902 -0.36641 -0.412939 0.833801 -0.123006 -0.438011 0.890514 -0.0409917 -0.407088 0.912469 -0.000637443 -0.372905 0.927869 0.00257494 -0.426298 0.904579 -0.563093 -0.448081 0.69437 -0.468943 -0.437678 0.767157 -0.0879786 -0.148219 0.985033 -0.170838 -0.260522 0.950233 -0.0764926 -0.230673 0.97002 -0.0605882 -0.319224 0.94574 0.00197319 -0.336079 0.941832 -0.00531797 -0.287346 0.957812 -0.963894 -0.255296 0.0757119 -0.959301 -0.198598 0.200752 -0.98242 -0.162153 0.0925108 -0.873808 -0.190622 0.44735 -0.800288 -0.225685 0.555522 -0.77447 -0.316698 0.54763 -0.593197 -0.351476 0.72428 -0.492111 -0.343036 0.800096 0.00161904 -0.2488 0.968554 -0.0114138 -0.201429 0.979437 -0.931563 -0.151161 0.330667 -0.971281 -0.11165 0.210113 -0.991899 -0.0759252 0.101839 -0.630952 -0.178423 0.755026 -0.732978 -0.166373 0.659593 -0.507615 -0.255872 0.822713 -0.395088 -0.23432 0.888256 -0.184703 -0.175928 0.96692 -0.293807 -0.123446 0.94786 -0.196364 -0.0988431 0.975536 0.000429762 -0.086428 0.996258 -0.0170051 -0.120717 0.992541 0.00105089 -0.16404 0.986453 -0.997206 0.0746983 -0.000104098 -0.940938 -0.0685796 0.331561 -0.887772 -0.107121 0.447646 -0.517955 -0.173434 0.837642 -0.40017 -0.152071 0.903736 -0.525654 -0.088455 0.846087 -0.40542 -0.0729183 0.911218 -0.0973148 -0.0758265 0.992361 -0.992391 0.123125 -4.88968e-05 -0.895421 -0.0286103 0.444299 -0.897327 0.0432511 0.439242 -0.944235 0.00823657 0.32917 -0.641853 -0.0954331 0.760866 -0.646178 -0.0125253 0.763084 -0.834613 0.013453 0.550672 -0.752672 -0.00676506 0.65836 -0.298945 -0.0546895 0.952702 -0.205286 -0.0322175 0.978172 -0.109087 -0.0105053 0.993977 -0.0289872 -0.0020039 0.999578 -0.970725 0.104777 0.216136 -0.942129 0.0765008 0.326406 -0.752226 0.0671084 0.655479 -0.530999 -0.00483891 0.847359 -0.417911 0.00502851 0.908474 -0.312257 0.0122483 0.949919 -0.214648 0.01811 0.976523 -0.110694 0.0160322 0.993725 -0.0369463 0.00516601 0.999304 -0.975061 0.139569 0.172558 -0.965176 0.13694 0.222896 -0.936651 0.125397 0.327047 -0.894191 0.10384 0.435477 -0.833287 0.0810815 0.546862 -0.647351 0.0628867 0.759593 -0.654596 0.0955178 0.74992 -0.537477 0.0616386 0.841023 -0.432652 0.057032 0.899756 -0.356601 0.0510733 0.93286 -0.185481 0.0264403 0.982292 -0.25646 0.037003 0.965846 -0.955862 0.137261 0.259783 -0.924425 0.133646 0.35718 -0.875248 0.125653 0.467068 -0.81437 0.115273 0.568783 -0.741066 0.106036 0.663006 -0.559934 0.0812701 0.824542 -0.459974 0.06626 0.885457 -0.17609 0.970755 0.163179 -0.291188 0.948794 0.122471 -0.294634 0.932905 0.207072 -0.598933 0.800799 0.000356167 -0.652126 0.751215 0.102021 -0.533505 0.840709 0.0926333 -0.751934 0.489552 0.441513 -0.621255 0.53561 0.571982 -0.668905 0.579025 0.466151 -0.966911 0.13877 0.214072 -0.957429 0.187471 0.219511 -0.983158 0.14161 0.115529 -0.971349 0.203505 0.122744 -0.989198 0.142327 0.0350698 -0.933751 0.156261 0.32201 -0.978917 0.198247 0.0491846 -0.938356 0.135269 0.318104 -0.989854 0.142091 -1.81835e-05 -0.859775 0.408371 0.306627 -0.787968 0.511382 0.342921 -0.883948 0.415681 0.214115 -0.728486 0.627001 0.276004 -0.81408 0.523395 0.251657 -0.703613 0.60839 0.367139 -0.611103 0.69723 0.374732 -0.630632 0.722374 0.283689 -0.983074 0.18321 0.000263315 -0.45055 0.682898 0.575027 -0.487666 0.738099 0.466254 -0.580964 0.661328 0.474475 -0.521804 0.808638 0.271706 -0.399583 0.853637 0.334121 -0.40342 0.881782 0.244361 -0.409474 0.909432 0.0725563 -0.481498 0.876447 0.00115413 -0.937757 0.303541 0.168744 -0.917222 0.301953 0.25986 -0.0322945 0.999478 0.00119933 -0.044582 0.998237 0.0391847 7.77277e-05 1 -0.00045652 -0.782681 0.358292 0.508957 -0.886594 0.286421 0.363199 -0.849406 0.238192 0.470929 -0.000619865 0.999378 0.0352578 -0.171905 0.985048 0.0113603 -0.176127 0.981311 0.077511 -0.833858 0.119798 0.538822 -0.795089 0.170066 0.582161 -0.750012 0.107559 0.65262 -0.716951 0.116376 0.687341 -0.827625 0.389691 0.403953 -0.717442 0.299433 0.628981 -0.640203 0.213128 0.73805 -0.465394 0.0727329 0.88211 -0.555187 0.1271 0.821957 -0.533334 0.0758729 0.842495 -0.635168 0.397823 0.662041 -0.38656 0.126882 0.913495 -0.47015 0.222659 0.854039 -0.30481 0.0590031 0.950584 -0.227414 0.109841 0.967583 -0.212073 0.0303409 0.976783 -0.0773503 0.0906069 0.992878 -0.151111 0.0407691 0.987676 -0.0215821 0.0258093 0.999434 -0.0350585 0.00533976 0.999371 0.000411494 -0.00046329 1 -0.115091 0.0163999 0.99322 -0.951397 0.307709 0.0126066 -0.96185 0.273578 0.000399262 -0.948833 0.302008 0.0922288 -0.926108 0.377258 0.00018427 -0.905701 0.421506 0.0451504 -0.84167 0.534832 0.074471 -0.874492 0.48504 0.000804592 -0.895338 0.128459 0.42646 -0.288161 0.95649 0.0457281 -0.800957 0.59872 0.00122315 -0.899753 0.416209 0.131203 -0.556688 0.319742 0.766722 -0.645603 0.0926011 0.758039 -0.756991 0.646592 0.0942506 -0.832257 0.529324 0.164817 -0.701935 0.454312 0.548532 -0.42182 0.060571 0.904654 -0.708193 0.706019 0.00034776 -0.746098 0.638713 0.188106 -0.557808 0.47239 0.682421 -0.480555 0.392941 0.784005 -0.39528 0.302037 0.867483 -0.309957 0.20431 0.928539 -0.315631 0.0446926 0.947829 -0.3604 0.932797 0.000862181 -0.643731 0.739868 0.195463 -0.536767 0.612277 0.580515 -0.47735 0.545143 0.689171 -0.408255 0.458436 0.789407 -0.328327 0.360656 0.873 -0.2392 0.265365 0.934005 -0.152209 0.174296 0.972858 -0.153839 0.323262 0.933721 -0.0726756 0.236896 0.968813 -0.509875 0.779315 0.364273 -0.528506 0.828404 0.185547 -0.3984 0.613739 0.681617 -0.333761 0.52809 0.780848 -0.248474 0.423568 0.87112 -0.132334 0.499718 0.856019 -0.232592 0.594307 0.76987 -0.018093 0.156284 0.987546 -0.000301149 0.0357467 0.999361 -5.98409e-05 0.116318 0.993212 -0.290674 0.910421 0.294351 -0.132997 0.922105 0.363365 -0.163936 0.951985 0.258552 -0.404025 0.900619 0.160151 -0.388385 0.811259 0.437054 -0.36308 0.751612 0.550684 -0.31435 0.675961 0.666529 -0.170901 0.754567 0.633578 -0.0966249 0.663279 0.742108 -0.0531026 0.400982 0.914546 -0.010784 0.310898 0.950382 -0.000145731 0.21426 0.976777 -0.237866 0.971298 -0.00017479 -0.270658 0.877117 0.39675 -0.231848 0.8279 0.510713 -0.0351808 0.567793 0.822419 0.000256785 0.318435 0.947945 -0.000339924 0.42626 0.904601 -0.119812 0.992796 -0.000804825 -0.0882524 0.876826 0.472639 -0.0408251 0.811948 0.582301 -0.00950042 0.7275 0.686042 -3.80786e-05 0.757811 0.652474 -0.000125214 0.652311 0.757952 0.000222728 0.538562 0.842586 -0.0390014 0.992037 0.119757 -0.0280171 0.975319 0.219017 -0.0137962 0.946561 0.322231 -1.6626e-05 0.904498 0.426479 -0.000192282 0.842606 0.53853 -0.00033678 0.993288 0.115664 -0.000237244 0.976782 0.214235 -0.000210274 0.948061 0.318088 0.802573 0.0914697 -0.5895 0.802719 0.0914864 -0.589298 0.700923 0.0798847 -0.708749 0.878299 0.1001 -0.467515 0.878154 0.100084 -0.467791 0.93057 0.106058 -0.350415 0.70074 0.0798637 -0.708933 0.930787 0.106082 -0.349832 0.965205 0.110005 -0.237231 0.96531 0.110017 -0.236799 0.98516 0.112279 -0.129817 0.985159 0.112279 -0.129824 0.992759 0.113145 -0.0403378 0.993568 0.113238 -7.03523e-12 0.992761 0.113146 -0.0403064 0.993568 0.113238 -3.046e-12 0.5822 0.0663537 -0.810333 0.461429 0.0525894 -0.885617 0.582103 0.0663427 -0.810404 0.461794 0.0526309 -0.885424 0.345499 0.0393768 -0.937592 0.233631 0.0266271 -0.971961 0.345066 0.0393273 -0.937754 0.127473 0.0145281 -0.991736 0.233285 0.0265876 -0.972045 0.0395771 0.00451062 -0.999206 0.127568 0.014539 -0.991723 0.0394407 0.00449508 -0.999212 3.75748e-15 4.28243e-16 -1 3.12966e-14 3.56689e-15 -1</float_array>
          <technique_common>
            <accessor count="705" source="#ID21" stride="3">
              <param name="X" type="float"/>
              <param name="Y" type="float"/>
              <param name="Z" type="float"/>
            </accessor>
          </technique_common>
        </source>
        <vertices id="ID22">
          <input semantic="POSITION" source="#ID18"/>
          <input semantic="NORMAL" source="#ID20"/>
        </vertices>
        <triangles count="949" material="ID23">
          <input offset="0" semantic="VERTEX" source="#ID22"/>
          <p>0 1 2 1 0 3 4 5 6 4 6 7 8 7 9 7 6 9 10 7 8 11 12 7 11 7 10 13 14 7 13 7 12 15 16 7 15 7 14 17 18 7 17 7 16 18 19 7 20 21 18 18 21 19 22 23 24 23 22 25 26 27 28 26 29 27 28 27 30 31 30 32 31 28 30 30 33 34 32 30 34 35 36 30 30 36 33 37 30 38 37 35 30 30 39 40 38 30 40 41 39 30 42 39 41 43 42 41 42 44 39 45 46 47 45 47 48 49 50 51 51 52 49 51 53 52 54 55 56 57 54 58 55 54 57 59 60 61 62 63 64 65 66 67 68 69 70 71 72 73 74 75 76 77 78 79 80 81 82 82 75 83 81 84 85 84 81 80 86 85 87 84 87 85 88 89 86 86 87 88 75 74 83 82 83 80 77 76 78 77 74 76 69 79 70 70 79 78 73 72 68 68 72 69 62 64 71 73 62 71 63 65 67 64 63 67 66 90 61 66 65 90 60 58 61 90 59 61 58 60 57 91 92 93 94 95 96 97 92 98 92 97 93 99 100 98 97 98 100 99 101 102 102 100 99 103 102 101 104 91 93 101 105 103 106 91 104 107 105 108 105 107 103 109 110 108 107 108 110 111 110 109 106 104 112 112 113 114 114 106 112 115 113 116 113 115 114 117 118 116 115 116 118 117 119 120 120 118 117 120 121 122 121 120 119 123 122 124 121 124 122 125 126 123 123 124 125 126 127 95 127 126 125 127 96 95 128 129 130 128 131 132 132 129 128 133 134 130 128 130 134 133 135 136 136 134 133 137 136 135 138 132 131 139 138 131 137 135 140 141 140 142 140 141 137 143 144 142 141 142 144 143 145 146 146 144 143 138 139 147 148 147 139 149 148 150 148 149 147 151 152 150 149 150 152 151 153 154 154 152 151 155 153 156 153 155 154 157 155 158 156 158 155 159 160 157 157 158 159 160 161 162 161 160 159 163 162 164 161 164 162 163 164 165 166 167 168 169 170 171 166 168 172 173 171 174 172 168 169 175 176 177 178 179 180 181 182 183 184 185 175 186 187 188 189 190 191 192 193 194 195 196 197 198 199 192 192 194 198 199 200 201 200 199 198 202 201 203 200 203 201 204 205 202 202 203 204 197 194 193 195 197 193 196 187 186 196 195 187 189 188 190 189 186 188 182 191 183 183 191 190 175 185 181 181 185 182 180 177 176 184 175 177 173 179 178 178 180 176 171 170 174 173 174 179 171 172 169 206 207 208 209 208 210 208 209 206 210 211 209 207 206 212 213 212 206 214 211 210 212 213 215 214 216 211 216 217 218 218 211 216 218 219 220 219 218 217 221 220 222 219 222 220 215 213 223 221 222 224 215 223 225 223 226 227 227 225 223 228 226 229 226 228 227 230 231 229 228 229 231 230 232 233 233 231 230 234 232 235 232 234 233 234 235 236 237 238 239 240 241 242 243 244 245 243 240 244 246 242 241 237 239 246 242 246 239 244 247 245 240 243 241 247 248 245 238 237 249 250 248 251 247 251 248 251 252 253 253 250 251 254 252 255 252 254 253 255 256 254 257 256 258 255 258 256 258 259 260 260 257 258 261 259 262 259 261 260 262 263 264 261 262 264 263 265 266 265 263 262 265 267 266 266 267 268 269 270 271 272 273 274 275 276 277 276 271 270 270 277 276 278 275 277 275 278 279 271 280 269 281 279 278 282 283 284 281 282 279 285 284 286 284 285 282 287 288 286 285 286 288 287 289 290 290 288 287 282 281 283 280 271 291 292 293 291 280 291 293 292 294 295 295 293 292 296 297 294 294 297 295 298 299 296 296 294 298 299 300 273 300 299 298 300 274 273 301 302 303 304 305 306 307 308 309 310 311 312 313 314 315 316 317 318 319 320 308 321 322 323 324 301 325 322 326 327 328 329 330 325 313 331 326 332 333 334 335 304 336 337 338 339 340 341 342 343 344 334 304 310 310 304 311 315 335 331 318 345 346 331 347 324 301 303 342 348 342 303 315 305 304 328 305 314 349 342 348 305 350 306 306 351 311 352 317 316 348 303 353 351 354 355 356 357 358 346 359 318 354 359 360 361 362 363 364 365 366 367 368 369 370 371 364 372 373 374 357 375 376 377 378 379 380 381 377 382 383 384 385 386 387 380 388 389 385 387 390 391 392 393 394 395 386 385 396 386 348 353 397 301 324 302 398 348 397 347 335 334 343 342 349 347 331 335 325 331 324 399 349 398 398 349 348 301 342 344 399 400 349 309 401 344 343 402 309 402 400 403 325 301 344 313 315 331 343 349 400 344 401 325 343 309 344 404 400 405 400 399 405 311 406 312 304 335 315 401 407 313 304 306 311 350 305 328 402 403 408 313 325 401 314 305 315 400 402 343 314 313 407 309 308 401 409 403 404 404 403 400 402 408 307 409 410 403 411 406 412 355 412 406 413 414 411 365 363 414 311 355 406 407 329 314 351 355 311 352 316 350 306 350 351 415 319 307 408 410 416 407 401 308 328 314 329 407 308 320 410 408 403 309 402 307 319 308 307 408 416 415 417 410 418 410 409 418 362 419 363 316 351 350 413 412 360 352 350 328 354 360 355 420 421 320 316 354 351 422 420 319 420 323 421 329 407 320 352 328 330 423 424 416 329 320 421 319 420 320 410 417 416 307 408 415 415 424 422 425 416 417 413 411 412 419 414 363 371 361 363 360 412 355 318 354 316 413 366 365 352 330 426 366 360 359 427 322 428 359 354 318 427 421 323 422 429 430 330 329 421 426 317 352 323 430 321 421 427 330 431 424 423 415 416 424 319 415 422 430 420 422 416 425 423 424 431 429 432 423 425 414 413 365 433 366 359 366 413 360 371 363 365 317 345 318 364 371 365 434 435 436 366 433 364 436 317 426 359 346 433 346 345 437 430 438 321 426 330 427 345 317 436 323 420 430 427 428 426 322 321 326 322 427 323 439 440 431 431 423 432 422 424 429 429 440 438 439 431 432 362 441 442 443 379 378 441 362 361 444 364 433 441 361 376 367 433 346 376 371 370 370 444 445 364 444 370 345 435 437 433 367 444 434 428 327 337 446 333 436 426 428 345 436 435 326 321 447 436 428 434 438 440 448 322 327 428 440 449 448 429 431 440 430 429 438 438 448 447 450 440 439 442 379 443 388 390 387 361 371 376 377 381 378 370 445 357 441 376 375 444 369 445 376 370 357 368 437 451 452 451 435 367 346 437 367 369 444 446 337 336 437 368 367 452 434 446 451 437 435 453 454 455 434 452 435 456 447 448 434 327 446 326 333 327 457 458 449 321 438 447 332 447 456 440 450 449 448 458 456 457 449 450 441 379 442 441 459 379 460 375 356 459 441 375 459 461 379 462 358 463 375 460 459 445 464 358 375 357 356 464 369 374 445 358 357 374 368 465 464 445 369 451 466 465 374 369 368 452 336 466 451 465 368 446 327 333 466 451 452 333 454 337 336 452 446 456 455 332 458 467 468 326 447 332 454 332 455 448 449 458 456 468 455 457 467 458 377 379 461 389 381 380 460 469 470 461 459 460 461 471 377 469 356 462 460 470 461 373 472 473 356 469 460 464 373 463 358 462 356 474 372 465 464 463 358 475 474 466 373 464 374 338 475 336 372 374 465 338 337 476 474 465 466 477 338 478 475 466 336 479 339 480 468 481 480 333 332 454 453 476 454 456 458 468 455 480 453 467 481 468 380 377 471 388 482 389 470 483 393 471 461 470 392 380 471 469 484 483 393 471 470 462 384 484 483 470 469 463 473 384 462 484 469 472 372 485 384 462 463 485 474 486 473 463 373 487 485 488 472 373 372 338 477 475 485 372 474 476 478 338 486 475 477 453 489 476 453 480 339 337 454 476 478 476 489 455 468 480 453 339 489 481 479 480 388 380 392 387 490 482 491 492 493 392 471 393 390 392 391 493 393 483 393 493 391 484 383 491 493 483 491 494 495 382 491 483 484 496 383 497 383 484 384 494 473 472 473 494 382 487 472 485 472 487 494 488 485 486 477 498 486 474 475 486 486 498 488 499 477 478 477 499 498 500 478 489 478 500 499 341 501 339 500 489 501 479 340 339 482 388 387 490 386 395 391 502 390 388 392 390 390 502 385 503 391 493 502 391 503 496 497 504 493 492 503 496 491 383 491 496 492 497 383 382 494 487 505 384 473 382 497 382 495 487 488 506 494 505 495 488 498 507 487 506 505 498 499 508 488 507 506 498 508 507 509 500 510 508 499 509 489 339 501 500 501 510 341 510 501 490 387 386 394 386 396 396 385 511 512 385 502 512 511 385 503 513 502 502 513 512 514 503 492 503 514 513 515 492 496 492 515 514 504 516 517 496 504 515 495 516 497 497 516 504 518 495 505 495 518 516 519 505 506 505 519 518 520 506 507 519 506 520 508 521 522 522 507 508 508 509 521 499 500 509 511 512 523 523 513 524 523 512 513 524 514 525 524 513 514 515 526 525 525 514 515 527 526 515 515 504 527 517 527 504 517 516 528 516 518 528 528 518 529 518 519 529 529 519 520 520 507 522 530 531 532 533 534 535 536 537 538 539 540 541 541 540 542 542 543 541 544 540 539 543 542 545 544 539 546 543 545 547 548 549 550 551 552 553 551 554 555 545 556 547 557 558 559 560 561 562 563 564 535 548 565 566 567 568 569 570 571 572 569 568 573 568 574 575 544 572 571 542 566 565 571 540 544 576 577 572 577 578 579 566 580 548 581 577 582 582 577 579 583 584 585 570 581 586 587 584 583 587 588 584 587 589 590 591 590 589 592 593 594 595 596 594 594 593 597 556 598 599 545 600 598 601 598 602 545 598 556 602 603 604 600 545 565 540 566 542 546 605 544 605 572 544 540 571 566 576 572 605 599 598 601 604 601 602 575 606 531 545 542 565 607 604 603 580 566 571 550 608 600 565 548 550 586 581 609 581 572 577 577 576 578 571 570 580 581 570 572 579 584 582 578 610 579 598 600 608 608 602 598 607 603 611 550 600 565 608 612 602 536 548 580 612 608 552 613 580 570 550 549 552 549 536 538 549 548 536 579 610 584 613 536 580 582 588 609 593 590 591 584 610 585 609 581 582 588 582 584 614 587 583 585 614 583 603 602 612 615 607 611 611 534 615 552 608 550 612 616 603 549 538 553 551 612 552 537 613 617 549 553 552 617 586 618 619 618 609 613 570 586 613 537 536 620 619 588 617 613 586 620 587 590 609 618 586 588 619 609 621 589 614 589 587 614 620 588 587 591 589 621 611 603 616 533 615 534 622 563 606 616 612 551 611 616 623 554 553 559 551 555 616 559 538 624 554 551 553 624 537 625 559 553 538 617 626 625 624 538 537 618 627 626 625 537 617 619 628 627 626 617 618 620 629 628 618 619 627 630 628 631 619 620 628 590 592 629 595 594 597 591 597 593 534 611 623 564 533 535 560 555 632 623 616 555 623 633 534 554 558 632 555 560 623 634 557 624 554 632 555 635 634 625 558 554 559 636 635 626 557 559 624 637 638 635 634 624 625 628 630 627 635 625 626 629 631 628 636 627 630 592 639 629 590 593 592 620 590 629 629 639 631 594 640 641 641 592 594 596 640 594 535 534 633 622 564 563 642 643 644 633 623 560 633 645 535 561 632 646 562 633 560 558 647 646 561 560 632 557 648 647 646 632 558 634 638 648 647 558 557 649 648 650 557 634 648 630 651 636 630 631 652 626 627 636 636 651 637 653 652 631 630 652 651 653 639 641 653 631 639 641 639 592 563 535 645 654 622 606 562 642 532 645 633 562 563 645 531 561 655 642 532 645 562 646 647 656 642 562 561 647 648 649 655 646 656 638 650 648 656 647 649 637 657 638 635 636 637 634 635 638 638 657 650 651 657 637 652 658 659 659 651 652 653 658 652 606 563 531 660 654 574 642 644 532 531 645 532 531 530 575 655 643 642 532 644 530 656 661 655 656 649 662 561 646 655 655 661 643 662 663 664 656 662 661 650 663 649 649 663 662 665 657 666 665 650 657 666 657 659 651 659 657 606 575 574 654 606 574 667 575 530 667 568 575 668 530 644 668 667 530 669 644 643 669 668 644 661 669 643 670 669 661 661 662 671 664 671 662 664 663 665 665 663 650 568 660 574 660 568 567 667 672 573 573 568 667 668 673 672 672 667 668 669 674 673 673 668 669 669 670 674 661 671 670 675 676 677 678 679 676 676 675 678 680 679 678 681 675 677 682 683 680 680 678 682 684 685 683 684 683 682 686 685 687 685 686 683 688 689 687 686 687 689 690 689 688 691 681 677 692 693 691 681 691 693 694 692 695 694 693 692 696 695 697 692 697 695 698 696 699 696 697 699 698 700 701 701 696 698 702 700 703 700 702 701 702 703 704</p>
        </triangles>
      </mesh>
    </geometry>
    <geometry id="ID24">
      <mesh>
        <source id="ID25">
          <float_array count="2295" id="ID26">0.0169021 0.0375143 0.0127 0.0169021 0.0375143 -0.00254 0.0169021 0.0472104 -0.00254 0.0169021 0.0472104 0.0127 0.0150334 0.0472123 -0.00503781 0.0156182 0.0472117 -0.0048744 0.0153096 0.047212 -0.00498019 -0.0135115 0.0472421 0.0151978 -0.0140964 0.0472428 0.0150344 -0.0137878 0.0472424 0.0151402 0.0158976 0.0472114 -0.00473249 0.0147239 0.0472126 -0.00506945 0.0161492 0.0472111 -0.00455298 0.0143621 0.0472117 -0.00508 0.0163684 0.0472109 -0.00433511 0.0166987 0.0472106 -0.00378979 0.0165516 0.0472107 -0.00408071 0.0168675 0.0472104 -0.00317357 0.0168024 0.0472105 -0.00348701 0.0169021 0.0472104 -0.00254 0.0168939 0.0472104 -0.00289403 0.0143621 0.047213 0.01524 0.0169021 0.0472104 0.0127 -0.0128402 0.0472414 0.01524 0.0147161 0.0472126 0.0152318 0.0153091 0.047212 0.0151403 0.0156119 0.0472117 0.0150366 0.0149957 0.0472124 0.0152054 0.0161572 0.0472111 0.0147063 0.0159028 0.0472114 0.0148895 0.0163751 0.0472109 0.0144871 0.0166965 0.0472106 0.0139561 0.0165546 0.0472107 0.0142355 0.0168023 0.0472105 0.0136475 0.0168599 0.0472104 0.0133713 0.0168916 0.0472104 0.0130618 -0.0153456 0.0472441 0.0133336 -0.0152805 0.047244 0.013647 -0.0132021 0.0472418 0.0152295 -0.0150297 0.0472437 0.0142407 -0.0151768 0.0472439 0.0139498 -0.0146273 0.0472433 0.014713 -0.0143758 0.0472431 0.0148925 -0.0148466 0.0472435 0.0144951 -0.0153802 0.0472428 0.0127 -0.015372 0.0472441 0.013054 -0.0153802 0.0472441 -0.00254 -0.0137872 0.0472424 -0.0049803 -0.01409 0.0472428 -0.00487658 -0.0131943 0.0472418 -0.00507181 -0.0134738 0.0472421 -0.00504538 -0.0143809 0.0472431 -0.00472949 -0.0146353 0.0472433 -0.00454633 -0.0148532 0.0472436 -0.00432709 -0.0128402 0.0472414 -0.00508 -0.0150327 0.0472437 -0.00407553 -0.0151746 0.0472439 -0.00379612 -0.015338 0.0472441 -0.00321127 -0.0152804 0.047244 -0.00348754 -0.0153697 0.0472441 -0.00290184 -0.0153802 0.0472428 0.0127 -0.0153802 0.0472441 -0.00254 -0.0153802 0.038902 -0.00254 -0.0153802 0.038902 0.0127 -0.0142125 0.0367646 0.0127 -0.0142125 0.0367646 -0.00254 -0.0115201 0.0350359 -0.00254 -0.0115201 0.0350359 0.0127 -0.0101478 0.0346333 -0.00254 0.0133478 0.0346333 -0.00254 0.0133478 0.0346333 0.0127 -0.0101478 0.0346333 0.0127 0.0133478 0.0346333 0.0127 0.0133478 0.0346333 -0.00254 0.0169021 0.0375143 -0.00254 0.0169021 0.0375143 0.0127 0.0143621 0.047213 0.01524 -0.0128402 0.0472414 0.01524 -0.0128402 0.038902 0.01524 0.0124477 0.0371733 0.01524 0.0143621 0.0387251 0.01524 -0.0101478 0.0371733 0.01524 0.0143621 0.0387251 -0.00508 0.0124477 0.0371733 -0.00508 -0.0101478 0.0371733 -0.00508 -0.0128402 0.038902 -0.00508 0.0143621 0.0472117 -0.00508 -0.0128402 0.0472414 -0.00508 0.0161093 0.0378928 0.0147464 0.0159028 0.0472114 0.0148895 0.0158866 0.0379997 0.0148993 0.0169021 0.0375143 0.0127 0.0169021 0.0472104 0.0127 0.0168988 0.0375179 0.0129903 0.0161572 0.0472111 0.0147063 0.0156483 0.0381129 0.0150202 0.0156119 0.0472117 0.0150366 0.0153999 0.0382307 0.0151133 0.0151442 0.0383515 0.0151787 0.0149957 0.0472124 0.0152054 0.0148846 0.0384747 0.0152181 0.0153091 0.047212 0.0151403 0.0147161 0.0472126 0.0152318 0.0146235 0.0385995 0.0152369 0.0143621 0.047213 0.01524 0.0143621 0.0387251 0.01524 0.01631 0.0377966 0.0145605 0.0164841 0.0377135 0.014344 0.0163751 0.0472109 0.0144871 0.0166284 0.0376448 0.0141019 0.0165546 0.0472107 0.0142355 0.0166965 0.0472106 0.0139561 0.0167416 0.0375909 0.0138401 0.0168236 0.0375526 0.0135643 0.0168023 0.0472105 0.0136475 0.016875 0.0375298 0.0132795 0.0168599 0.0472104 0.0133713 0.0168916 0.0472104 0.0130618 0.0165516 0.0472107 -0.00408071 0.0165893 0.0376634 -0.00401363 0.0164545 0.0377277 -0.00422535 0.0166987 0.0472106 -0.00378979 0.016697 0.0376119 -0.00379277 0.0168024 0.0472105 -0.00348701 0.0167786 0.0375732 -0.00356866 0.0168369 0.0375473 -0.00334609 0.0163684 0.0472109 -0.00433511 0.0168675 0.0472104 -0.00317357 0.0168939 0.0472104 -0.00289403 0.0168769 0.037529 -0.00309837 0.0168987 0.0375179 -0.00282909 0.0169021 0.0472104 -0.00254 0.0169021 0.0375143 -0.00254 0.0162972 0.0378027 -0.00441475 0.0161394 0.0378781 -0.00456203 0.0161492 0.0472111 -0.00455298 0.0159695 0.0379598 -0.00468726 0.0158976 0.0472114 -0.00473249 0.0157729 0.038054 -0.00480047 0.0156182 0.0472117 -0.0048744 0.0153096 0.047212 -0.00498019 0.0155329 0.0381676 -0.00490753 0.0150047 0.0384178 -0.0050451 0.0152617 0.0382962 -0.00499248 0.014768 0.0385303 -0.00507102 0.0150334 0.0472123 -0.00503781 0.0147239 0.0472126 -0.00506945 0.0145548 0.0386325 -0.00507949 0.0143621 0.0472117 -0.00508 0.0143621 0.0387251 -0.00508 0.0156483 0.0381129 0.0150202 0.0129121 0.0358647 0.0150101 0.0158866 0.0379997 0.0148993 0.0133478 0.0346333 0.0127 0.0169021 0.0375143 0.0127 0.0133478 0.0346373 0.0129837 0.0129974 0.0356249 0.0148846 0.0128227 0.0361159 0.015107 0.0153999 0.0382307 0.0151133 0.0127299 0.0363751 0.0151753 0.0161093 0.0378928 0.0147464 0.0151442 0.0383515 0.0151787 0.0130757 0.0354023 0.0147268 0.0126358 0.0366394 0.0152167 0.0125416 0.0369059 0.0152366 0.0148846 0.0384747 0.0152181 0.0146235 0.0385995 0.0152369 0.0124477 0.0371733 0.01524 0.0143621 0.0387251 0.01524 0.01631 0.0377966 0.0145605 0.0164841 0.0377135 0.014344 0.0131457 0.0352038 0.0145369 0.0132059 0.0350337 0.0143183 0.0166284 0.0376448 0.0141019 0.0132554 0.0348942 0.0140764 0.0167416 0.0375909 0.0138401 0.0168236 0.0375526 0.0135643 0.0132939 0.0347857 0.0138171 0.013322 0.0347079 0.0135457 0.016875 0.0375298 0.0132795 0.0133402 0.03466 0.0132666 0.0168988 0.0375179 0.0129903 0.0132684 0.0348574 -0.00383705 0.016697 0.0376119 -0.00379277 0.0133002 0.0347674 -0.00360165 0.0168769 0.037529 -0.00309837 0.0133395 0.0346621 -0.00311818 0.0168369 0.0375473 -0.00334609 0.0133475 0.0346383 -0.00284026 0.0168987 0.0375179 -0.00282909 0.0133237 0.0347046 -0.0033711 0.0167786 0.0375732 -0.00356866 0.0133478 0.0346333 -0.00254 0.0169021 0.0375143 -0.00254 0.0165893 0.0376634 -0.00401363 0.0164545 0.0377277 -0.00422535 0.0132256 0.0349782 -0.0040698 0.0131727 0.0351273 -0.00428614 0.0162972 0.0378027 -0.00441475 0.0131142 0.0352927 -0.00447027 0.0161394 0.0378781 -0.00456203 0.0130534 0.0354655 -0.00461609 0.0159695 0.0379598 -0.00468726 0.0157729 0.038054 -0.00480047 0.0129849 0.0356605 -0.0047448 0.0128984 0.0359033 -0.00486736 0.0155329 0.0381676 -0.00490753 0.0127979 0.0361852 -0.00496793 0.0152617 0.0382962 -0.00499248 0.0150047 0.0384178 -0.0050451 0.0126951 0.0364734 -0.00503595 0.012601 0.0367374 -0.00506885 0.014768 0.0385303 -0.00507102 0.0125194 0.0369691 -0.00507919 0.0145548 0.0386325 -0.00507949 0.0124477 0.0371733 -0.00508 0.0143621 0.0387251 -0.00508 0.0129121 0.0358647 0.0150101 -0.0101478 0.0356532 0.0149014 0.0129974 0.0356249 0.0148846 -0.0101478 0.0353873 0.014714 -0.0101478 0.0359485 0.0150468 0.0128227 0.0361159 0.015107 -0.0101478 0.0362596 0.0151491 0.0130757 0.0354023 0.0147268 0.0127299 0.0363751 0.0151753 0.0131457 0.0352038 0.0145369 -0.0101478 0.0365727 0.01521 -0.0101478 0.0368779 0.0152358 0.0126358 0.0366394 0.0152167 0.0125416 0.0369059 0.0152366 -0.0101478 0.0371733 0.01524 0.0124477 0.0371733 0.01524 -0.0101478 0.0351594 0.014486 0.0132059 0.0350337 0.0143183 -0.0101478 0.034972 0.0142201 0.0132554 0.0348942 0.0140764 -0.0101478 0.0348266 0.0139248 0.0132939 0.0347857 0.0138171 0.013322 0.0347079 0.0135457 -0.0101478 0.0347242 0.0136137 -0.0101478 0.0346633 0.0133006 0.0133402 0.03466 0.0132666 -0.0101478 0.0346375 0.0129955 0.0133478 0.0346373 0.0129837 -0.0101478 0.0346333 0.0127 0.0133478 0.0346333 0.0127 -0.0104667 0.0346512 -0.00254 -0.0108635 0.034734 0.0127 -0.0108635 0.034734 -0.00254 -0.0101478 0.0346333 -0.00254 -0.0104667 0.0346512 0.0127 -0.0101478 0.0346333 0.0127 -0.0112422 0.0348787 0.0127 -0.0112422 0.0348787 -0.00254 -0.0115201 0.0350359 0.0127 -0.0115201 0.0350359 -0.00254 0.0132684 0.0348574 -0.00383705 0.0133002 0.0347674 -0.00360165 -0.0101478 0.0347668 -0.00359915 -0.0101478 0.0346543 -0.0030583 0.0133475 0.0346383 -0.00284026 -0.0101478 0.0346357 -0.00279553 0.0133237 0.0347046 -0.0033711 0.0133395 0.0346621 -0.00311818 -0.0101478 0.0346957 -0.00332751 -0.0101478 0.0348703 -0.00386503 0.0133478 0.0346333 -0.00254 0.0132256 0.0349782 -0.0040698 -0.0101478 0.0346333 -0.00254 -0.0101478 0.0350061 -0.00411565 0.0131727 0.0351273 -0.00428614 -0.0101478 0.0351733 -0.00434242 0.0131142 0.0352927 -0.00447027 -0.0101478 0.0353708 -0.00453995 0.0130534 0.0354655 -0.00461609 0.0129849 0.0356605 -0.0047448 -0.0101478 0.035597 -0.00470713 -0.0101478 0.0358468 -0.00484298 0.0128984 0.0359033 -0.00486736 -0.0101478 0.0361125 -0.00494672 0.0127979 0.0361852 -0.00496793 0.0126951 0.0364734 -0.00503595 -0.0101478 0.0363846 -0.00501845 -0.0101478 0.0366549 -0.00506032 0.012601 0.0367374 -0.00506885 -0.0101478 0.0369178 -0.00507764 0.0125194 0.0369691 -0.00507919 -0.0101478 0.0371733 -0.00508 0.0124477 0.0371733 -0.00508 -0.0148466 0.0472435 0.0144951 -0.0149397 0.038902 0.0143757 -0.0147453 0.038902 0.0146048 -0.0150297 0.0472437 0.0142407 -0.0150985 0.038902 0.0141165 -0.0152205 0.038902 0.0138362 -0.0151768 0.0472439 0.0139498 -0.0152805 0.047244 0.013647 -0.0153054 0.038902 0.0135459 -0.0153456 0.0472441 0.0133336 -0.0153553 0.038902 0.0132564 -0.0153771 0.038902 0.0129741 -0.015372 0.0472441 0.013054 -0.0153802 0.0472428 0.0127 -0.0153802 0.038902 0.0127 -0.0146273 0.0472433 0.014713 -0.014517 0.038902 0.0147992 -0.0143758 0.0472431 0.0148925 -0.0142583 0.038902 0.0149581 -0.0140964 0.0472428 0.0150344 -0.0137878 0.0472424 0.0151402 -0.0139778 0.038902 0.0150804 -0.013687 0.038902 0.0151657 -0.0135115 0.0472421 0.0151978 -0.0133968 0.038902 0.0152158 -0.0132021 0.0472418 0.0152295 -0.0128402 0.0472414 0.01524 -0.0131143 0.038902 0.0152368 -0.0128402 0.038902 0.01524 -0.0111284 0.0356461 0.0146891 -0.013814 0.0373852 0.0147 -0.0112225 0.0354994 0.0145148 -0.0115201 0.0350359 0.0127 -0.0115194 0.035037 0.0129251 -0.0142125 0.0367646 0.0127 -0.0110221 0.0358115 0.0148399 -0.0109053 0.0359935 0.0149663 -0.0136915 0.0375761 0.0148673 -0.0106516 0.0363887 0.0151443 -0.0134125 0.0380107 0.0151065 -0.0107805 0.0361879 0.015068 -0.0135561 0.0377869 0.0150031 -0.0139207 0.037219 0.0145025 -0.0103942 0.0367896 0.0152265 -0.0102694 0.0369839 0.0152388 -0.0129783 0.0386869 0.0152376 -0.0105222 0.0365903 0.0151964 -0.0131203 0.0384658 0.015219 -0.0132657 0.0382393 0.0151777 -0.0101478 0.0371733 0.01524 -0.0128402 0.038902 0.01524 -0.011304 0.0353725 0.0143173 -0.0113723 0.0352661 0.0141005 -0.0140111 0.0370783 0.0142763 -0.0140845 0.036964 0.0140265 -0.0114271 0.0351808 0.0138701 -0.0141405 0.0368767 0.0137609 -0.0114684 0.0351165 0.0136321 -0.0114962 0.0350732 0.0133919 -0.0141793 0.0368164 0.0134887 -0.0142019 0.0367811 0.0132185 -0.0115119 0.0350487 0.0131558 -0.0142112 0.0367665 0.0129555 -0.0139208 0.0372189 -0.00434242 -0.0138141 0.0373852 -0.00453995 -0.0112283 0.0354904 -0.0043425 -0.0113186 0.0353497 -0.00411634 -0.0140111 0.0370782 -0.00411565 -0.011392 0.0352354 -0.00386653 -0.0140845 0.0369639 -0.00386503 -0.0141404 0.0368769 -0.00359915 -0.0114481 0.0351481 -0.00360088 -0.0114868 0.0350877 -0.0033287 -0.0141788 0.036817 -0.00332751 -0.0115095 0.0350525 -0.00305846 -0.0142012 0.0367822 -0.0030583 -0.0142112 0.0367665 -0.00279553 -0.0115188 0.0350379 -0.00279553 -0.0115201 0.0350359 -0.00254 -0.0142125 0.0367646 -0.00254 -0.0111216 0.0356566 -0.00454002 -0.0109991 0.0358474 -0.00470725 -0.0136919 0.0375755 -0.00470713 -0.0135569 0.0377857 -0.00484298 -0.0108637 0.0360583 -0.00484309 -0.0134134 0.0380092 -0.00494672 -0.01072 0.0362821 -0.00494652 -0.0105733 0.0365107 -0.00501769 -0.0132663 0.0382383 -0.00501845 -0.0131203 0.0384657 -0.00506032 -0.0104278 0.0367372 -0.00505901 -0.0129783 0.0386869 -0.00507764 -0.0102859 0.0369583 -0.00507764 -0.0128402 0.038902 -0.00508 -0.0101478 0.0371733 -0.00508 -0.0143809 0.0472431 -0.00472949 -0.01409 0.0472428 -0.00487658 -0.0143243 0.038902 -0.0047619 -0.0153802 0.038902 -0.00254 -0.0153802 0.0472441 -0.00254 -0.0153785 0.038902 -0.00277935 -0.014084 0.038902 -0.00487895 -0.0138319 0.038902 -0.00496742 -0.0137872 0.0472424 -0.0049803 -0.0145463 0.038902 -0.00461704 -0.0146353 0.0472433 -0.00454633 -0.0135768 0.038902 -0.00502769 -0.0131943 0.0472418 -0.00507181 -0.0133253 0.038902 -0.00506223 -0.0134738 0.0472421 -0.00504538 -0.0128402 0.0472414 -0.00508 -0.0130796 0.038902 -0.00507826 -0.0128402 0.038902 -0.00508 -0.014745 0.038902 -0.00444506 -0.0149171 0.038902 -0.00424702 -0.0148532 0.0472436 -0.00432709 -0.0150621 0.038902 -0.00402481 -0.0150327 0.0472437 -0.00407553 -0.0151746 0.0472439 -0.00379612 -0.0151792 0.038902 -0.00378416 -0.0152804 0.047244 -0.00348754 -0.0152678 0.038902 -0.00353298 -0.0153287 0.038902 -0.00327783 -0.015338 0.0472441 -0.00321127 -0.015364 0.038902 -0.00302525 -0.0153697 0.0472441 -0.00290184 -0.015234 0.037997 0.0127 -0.015234 0.037997 -0.00254 -0.0150883 0.0376738 -0.00254 -0.0153285 0.0383267 0.0127 -0.0153285 0.0383267 -0.00254 -0.0153725 0.0386321 -0.00254 -0.0153725 0.0386321 0.0127 -0.0153802 0.038902 0.0127 -0.0153802 0.038902 -0.00254 -0.0150883 0.0376738 0.0127 -0.014895 0.0373765 -0.00254 -0.0146687 0.0371189 -0.00254 -0.014895 0.0373765 0.0127 -0.0144355 0.0369168 -0.00254 -0.0146687 0.0371189 0.0127 -0.0144355 0.0369168 0.0127 -0.0142125 0.0367646 -0.00254 -0.0142125 0.0367646 0.0127 -0.0104726 0.0360706 0.0150765 -0.0106516 0.0363887 0.0151443 -0.0107805 0.0361879 0.015068 -0.0108553 0.0347633 0.0132791 -0.0111962 0.0348884 0.0132701 -0.0112024 0.0348657 0.0129804 -0.0103123 0.036618 0.0152138 -0.0101476 0.0363518 0.0151713 -0.0101484 0.0366233 0.0152169 -0.0101471 0.0360864 0.015098 -0.0103934 0.0363412 0.0151621 -0.0102682 0.0354846 0.0147888 -0.0105482 0.0358124 0.0149576 -0.0106176 0.0355738 0.0148083 -0.0109053 0.0359935 0.0149663 -0.0109605 0.035688 0.0147888 -0.0105222 0.0365903 0.0151964 -0.0110231 0.0354755 0.0146025 -0.0103942 0.0367896 0.0152265 -0.0102694 0.0369839 0.0152388 -0.0101482 0.0368981 0.0152375 -0.0101478 0.0371733 0.01524 -0.0103299 0.0352722 0.0146023 -0.0101475 0.0353688 0.0146981 -0.0110774 0.0352903 0.0143781 -0.0111222 0.0351377 0.0141233 -0.0107356 0.0351715 0.0143952 -0.0106803 0.0353589 0.0146224 -0.0111568 0.0350198 0.0138482 -0.0107811 0.0350167 0.0141388 -0.0101472 0.0358314 0.0149954 -0.0103836 0.0350882 0.0143781 -0.0101509 0.0350106 0.0142825 -0.0101486 0.0351745 0.0145031 -0.0101537 0.0348777 0.0140419 -0.0104286 0.034935 0.014123 -0.0114271 0.0351808 0.0138701 -0.0108406 0.0348138 0.0135722 -0.0111812 0.0349376 0.0135615 -0.0114684 0.0351165 0.0136321 -0.0108635 0.034734 0.0127 -0.010862 0.0347397 0.0129875 -0.0101555 0.0347754 0.0137861 -0.0104629 0.0348173 0.0138477 -0.0112422 0.0348787 0.0127 -0.0115201 0.0350359 0.0127 -0.0101548 0.034703 0.0135206 -0.0104868 0.0347344 0.0135607 -0.0115194 0.035037 0.0129251 -0.0105076 0.034662 0.012981 -0.0101498 0.0346357 0.0129753 -0.0101524 0.0346581 0.0132493 -0.0104667 0.0346512 0.0127 -0.0101478 0.0346333 0.0127 -0.010501 0.0346846 0.0132702 -0.0115119 0.0350487 0.0131558 -0.0114962 0.0350732 0.0133919 -0.0108161 0.0348973 0.0138612 -0.011304 0.0353725 0.0143173 -0.0113723 0.0352661 0.0141005 -0.0112225 0.0354994 0.0145148 -0.0111284 0.0356461 0.0146891 -0.0101476 0.0355899 0.0148625 -0.0110221 0.0358115 0.0148399 -0.0114868 0.0350877 -0.0033287 -0.0111813 0.0349384 -0.00340475 -0.0111961 0.0348883 -0.00311292 -0.0112025 0.0348649 -0.0028221 -0.0108549 0.0347624 -0.00312113 -0.0115201 0.0350359 -0.00254 -0.0115188 0.0350379 -0.00279553 -0.0105072 0.0346609 -0.00282139 -0.0108619 0.0347384 -0.00282864 -0.0104999 0.0346839 -0.00311244 -0.0115095 0.0350525 -0.00305846 -0.0101478 0.0346357 -0.00279553 -0.0101478 0.0346333 -0.00254 -0.0104851 0.034734 -0.00340449 -0.0101478 0.0346957 -0.00332751 -0.0114481 0.0351481 -0.00360088 -0.0111565 0.0350207 -0.00369042 -0.0108635 0.034734 -0.00254 -0.0101478 0.0347668 -0.00359915 -0.0104612 0.034817 -0.00369086 -0.0104667 0.0346512 -0.00254 -0.0104272 0.0349345 -0.00396265 -0.0101478 0.0348703 -0.00386503 -0.011392 0.0352354 -0.00386653 -0.0111215 0.0351373 -0.0039623 -0.0103836 0.0350842 -0.00421362 -0.0101478 0.0350061 -0.00411565 -0.0113186 0.0353497 -0.00411634 -0.0110769 0.0352872 -0.00421415 -0.011023 0.03547 -0.00443818 -0.0112283 0.0354904 -0.0043425 -0.0109597 0.0356843 -0.00462692 -0.0106172 0.0355708 -0.00464846 -0.0101478 0.0351733 -0.00434242 -0.0103304 0.0352661 -0.00443707 -0.0109991 0.0358474 -0.00470725 -0.0105455 0.0358145 -0.00480379 -0.0102677 0.0354806 -0.00462603 -0.0101478 0.0353708 -0.00453995 -0.0104684 0.0360764 -0.00492186 -0.0101478 0.0358468 -0.00484298 -0.0101478 0.035597 -0.00470713 -0.0101478 0.0361125 -0.00494672 -0.0101478 0.0363846 -0.00501845 -0.0103887 0.0363477 -0.00500443 -0.0103081 0.0366222 -0.00505438 -0.0101478 0.0366549 -0.00506032 -0.0101478 0.0369178 -0.00507764 -0.0102859 0.0369583 -0.00507764 -0.0101478 0.0371733 -0.00508 -0.0105733 0.0365107 -0.00501769 -0.0104278 0.0367372 -0.00505901 -0.01072 0.0362821 -0.00494652 -0.0108637 0.0360583 -0.00484309 -0.0106811 0.0353531 -0.00445647 -0.0111216 0.0356566 -0.00454002 -0.0107356 0.0351676 -0.00423045 -0.0107804 0.0350153 -0.00397664 -0.0108153 0.0348969 -0.00370216 -0.0108399 0.0348133 -0.00341443 -0.0101478 0.0346543 -0.0030583 -0.0112422 0.0348787 -0.00254 -0.015087 0.0377108 0.0132119 -0.0150604 0.037759 0.01352 -0.0152001 0.0380457 0.0134466 -0.014163 0.0372845 0.0144033 -0.0140111 0.0370783 0.0142763 -0.0139207 0.037219 0.0145025 -0.0150883 0.0376738 0.0127 -0.0150872 0.0376747 0.0129066 -0.0152193 0.0379587 0.0128395 -0.0152985 0.0383448 0.0133565 -0.0152228 0.0379992 0.0131411 -0.0149156 0.0374083 0.0129547 -0.014895 0.0373765 0.0127 -0.0153685 0.0386112 0.0129578 -0.0153285 0.0383267 0.0127 -0.0153175 0.038301 0.0130545 -0.0146687 0.0371189 0.0127 -0.0147092 0.0371651 0.0129838 -0.0153771 0.038902 0.0129741 -0.0153802 0.038902 0.0127 -0.0141405 0.0368767 0.0137609 -0.01437 0.0370908 0.0138907 -0.0144309 0.037023 0.013602 -0.0142802 0.037178 0.0141604 -0.0140845 0.036964 0.0140265 -0.013814 0.0373852 0.0147 -0.01386 0.0375494 0.0147897 -0.0140217 0.0374091 0.0146137 -0.0138907 0.0379367 0.0149664 -0.0136915 0.0375761 0.0148673 -0.0136914 0.0381046 0.0150769 -0.0134125 0.0380107 0.0151065 -0.0134803 0.0382818 0.0151582 -0.0132589 0.0384671 0.0152109 -0.0131203 0.0384658 0.015219 -0.0129783 0.0386869 0.0152376 -0.0132657 0.0382393 0.0151777 -0.0131143 0.038902 0.0152368 -0.0128402 0.038902 0.01524 -0.0135561 0.0377869 0.0150031 -0.0138907 0.0383437 0.015076 -0.0140926 0.0381781 0.0149658 -0.0146124 0.0373104 0.0138956 -0.0146731 0.0372413 0.0135974 -0.0141793 0.0368164 0.0134887 -0.0144635 0.0369762 0.0133011 -0.0142019 0.0367811 0.0132185 -0.014473 0.0369514 0.012997 -0.0142112 0.0367665 0.0129555 -0.0142125 0.0367646 0.0127 -0.0144355 0.0369168 0.0127 -0.0153725 0.0386321 0.0127 -0.0148835 0.0374889 0.0135711 -0.0148235 0.0375567 0.0138735 -0.0147034 0.037193 0.0132908 -0.0145198 0.0373999 0.0141762 -0.0143979 0.0375085 0.0144282 -0.0142497 0.0376355 0.014645 -0.0140784 0.0377794 0.0148236 -0.0147311 0.0376448 0.0141593 -0.0149124 0.0374401 0.0132623 -0.014608 0.0377528 0.0144175 -0.0144575 0.0378793 0.01464 -0.0142832 0.0380224 0.0148218 -0.0144701 0.0382755 0.0147811 -0.0146414 0.038137 0.0145974 -0.0136771 0.0385195 0.0151554 -0.0134546 0.0387041 0.0152061 -0.0150026 0.0378236 0.013823 -0.0149124 0.0379081 0.0141104 -0.0147906 0.0380134 0.0143718 -0.0149413 0.0382868 0.0142932 -0.0147966 0.0384056 0.0145188 -0.01428 0.038427 0.014926 -0.0140755 0.0385897 0.0150369 -0.0138635 0.0387625 0.0151177 -0.0133968 0.038902 0.0152158 -0.013687 0.038902 0.0151657 -0.015234 0.037997 0.0127 -0.0151456 0.038106 0.0137474 -0.0150586 0.0381859 0.0140328 -0.0146278 0.0385381 0.0147026 -0.0144412 0.0386842 0.0148493 -0.0142583 0.038902 0.0149581 -0.0139778 0.038902 0.0150804 -0.0152472 0.0384015 0.0136521 -0.015164 0.0384785 0.0139331 -0.0150518 0.0385731 0.0141875 -0.0149136 0.038684 0.0144088 -0.0147453 0.038902 0.0146048 -0.014517 0.038902 0.0147992 -0.0153511 0.0386544 0.0132564 -0.0153036 0.0387113 0.0135469 -0.0152259 0.038785 0.0138207 -0.0150985 0.038902 0.0141165 -0.0149397 0.038902 0.0143757 -0.0153553 0.038902 0.0132564 -0.0153054 0.038902 0.0135459 -0.0152205 0.038902 0.0138362 -0.014264 0.0369456 -0.00356705 -0.0141788 0.036817 -0.00332751 -0.0143519 0.0369272 -0.00330558 -0.0147673 0.0373955 -0.00349285 -0.0145761 0.0371475 -0.00340525 -0.0148389 0.0373859 -0.00321608 -0.0142012 0.0367822 -0.0030583 -0.0144132 0.036924 -0.00303262 -0.0142112 0.0367665 -0.00279553 -0.0141404 0.0368769 -0.00359915 -0.0142125 0.0367646 -0.00254 -0.0144561 0.0369353 -0.00275657 -0.0142251 0.0372448 -0.00414402 -0.0140566 0.0373021 -0.00433709 -0.0140111 0.0370782 -0.00411565 -0.0143996 0.037494 -0.00424045 -0.0142253 0.0375517 -0.00443878 -0.0140845 0.0369639 -0.00386503 -0.0143686 0.0371989 -0.00392125 -0.0140266 0.0376227 -0.00460094 -0.0138141 0.0373852 -0.00453995 -0.0139208 0.0372189 -0.00434242 -0.0143673 0.0378275 -0.00450288 -0.014167 0.0378947 -0.00466628 -0.0134566 0.0381335 -0.0049709 -0.0134134 0.0380092 -0.00494672 -0.0137019 0.0380541 -0.00490121 -0.0136919 0.0375755 -0.00470713 -0.01381 0.0376983 -0.00473019 -0.0135569 0.0377857 -0.00484298 -0.0132663 0.0382383 -0.00501845 -0.0135607 0.0384224 -0.00500844 -0.0133954 0.0387979 -0.00505547 -0.0129783 0.0386869 -0.00507764 -0.0133021 0.0385041 -0.00505091 -0.0130796 0.038902 -0.00507826 -0.0128402 0.038902 -0.00508 -0.0139404 0.0379729 -0.00480138 -0.0144857 0.037168 -0.00367163 -0.0148898 0.03739 -0.00293542 -0.0150566 0.0376602 -0.00300404 -0.0146418 0.0371397 -0.00313002 -0.0151871 0.0379531 -0.00305343 -0.0150032 0.0376583 -0.00328539 -0.0152176 0.0379631 -0.00277024 -0.015311 0.0382685 -0.00280075 -0.0150879 0.0376764 -0.00272224 -0.0153725 0.0386321 -0.00254 -0.0153802 0.038902 -0.00254 -0.015364 0.038583 -0.0028166 -0.0152824 0.0382614 -0.00308366 -0.0146881 0.0371471 -0.00285127 -0.0144355 0.0369168 -0.00254 -0.0145473 0.0374514 -0.00401017 -0.0146705 0.0374178 -0.00375947 -0.0146687 0.0371189 -0.00254 -0.0149221 0.0374134 -0.00265663 -0.014895 0.0373765 -0.00254 -0.0145442 0.037771 -0.0043067 -0.0146982 0.0377253 -0.00407906 -0.0149514 0.0379851 -0.00387634 -0.0148208 0.0380193 -0.00412412 -0.0148257 0.0376915 -0.00382859 -0.0149269 0.0376689 -0.00356217 -0.0150883 0.0376738 -0.00254 -0.0138112 0.0383413 -0.00493941 -0.0140509 0.0382625 -0.00483912 -0.0144824 0.0381215 -0.00454242 -0.0142766 0.0381883 -0.00470598 -0.0146644 0.0380647 -0.00434782 -0.0150556 0.0379628 -0.00361101 -0.0152303 0.0382614 -0.0033641 -0.0151338 0.0379522 -0.00333492 -0.015234 0.037997 -0.00254 -0.0131203 0.0384657 -0.00506032 -0.0136535 0.0387174 -0.00501135 -0.0139037 0.0386388 -0.00494098 -0.0141433 0.0385632 -0.00484246 -0.0143677 0.0384926 -0.00471409 -0.0145749 0.0384278 -0.00455477 -0.0147585 0.0383722 -0.00436483 -0.0149156 0.0383274 -0.00414594 -0.0150469 0.0382936 -0.00390141 -0.0151521 0.0382716 -0.00363838 -0.0153285 0.0383267 -0.00254 -0.0133253 0.038902 -0.00506223 -0.0135768 0.038902 -0.00502769 -0.0138319 0.038902 -0.00496742 -0.014084 0.038902 -0.00487895 -0.0143243 0.038902 -0.0047619 -0.0146453 0.0387416 -0.00453559 -0.0148251 0.0386896 -0.00435366 -0.0149804 0.0386465 -0.00414241 -0.0151097 0.0386131 -0.00390291 -0.0152138 0.0385913 -0.00364563 -0.0152902 0.0385806 -0.00337581 -0.0153391 0.0385786 -0.00309816 -0.0145463 0.038902 -0.00461704 -0.014745 0.038902 -0.00444506 -0.0149171 0.038902 -0.00424702 -0.0150621 0.038902 -0.00402481 -0.0151792 0.038902 -0.00378416 -0.0152678 0.038902 -0.00353298 -0.0153287 0.038902 -0.00327783 -0.015364 0.038902 -0.00302525 -0.0153785 0.038902 -0.00277935</float_array>
          <technique_common>
            <accessor count="765" source="#ID26" stride="3">
              <param name="X" type="float"/>
              <param name="Y" type="float"/>
              <param name="Z" type="float"/>
            </accessor>
          </technique_common>
        </source>
        <source id="ID27">
          <float_array count="2295" id="ID28">1 1.07346e-15 0 1 1.07346e-15 0 1 1.07346e-15 0 1 1.07346e-15 0 0.00104522 0.999999 0 0.00104522 0.999999 0 0.00104522 0.999999 0 0.00104522 0.999999 0 0.00104522 0.999999 0 0.00104522 0.999999 0 0.00104522 0.999999 0 0.00104522 0.999999 0 0.00104522 0.999999 0 0.00104522 0.999999 0 0.00104522 0.999999 0 0.00104522 0.999999 0 0.00104522 0.999999 0 0.00104522 0.999999 0 0.00104522 0.999999 0 0.00104522 0.999999 0 0.00104522 0.999999 0 0.00104522 0.999999 0 0.00104522 0.999999 0 0.00104522 0.999999 0 0.00104522 0.999999 0 0.00104522 0.999999 0 0.00104522 0.999999 0 0.00104522 0.999999 0 0.00104522 0.999999 0 0.00104522 0.999999 0 0.00104522 0.999999 0 0.00104522 0.999999 0 0.00104522 0.999999 0 0.00104522 0.999999 0 0.00104522 0.999999 0 0.00104522 0.999999 0 0.00104522 0.999999 0 0.00104522 0.999999 0 0.00104522 0.999999 0 0.00104522 0.999999 0 0.00104522 0.999999 0 0.00104522 0.999999 0 0.00104522 0.999999 0 0.00104522 0.999999 0 0.00104522 0.999999 0 0.00104522 0.999999 0 0.00104522 0.999999 0 0.00104522 0.999999 0 0.00104522 0.999999 0 0.00104522 0.999999 0 0.00104522 0.999999 0 0.00104522 0.999999 0 0.00104522 0.999999 0 0.00104522 0.999999 0 0.00104522 0.999999 0 0.00104522 0.999999 0 0.00104522 0.999999 0 0.00104522 0.999999 0 0.00104522 0.999999 0 0.00104522 0.999999 0 -1 0 0 -1 0 0 -1 0 0 -1 0 0 -0.540266 -0.841494 0 -0.540266 -0.841494 0 -0.540266 -0.841494 0 -0.540266 -0.841494 0 0 -1 0 0 -1 0 0 -1 0 0 -1 0 0.629678 -0.776856 0 0.629678 -0.776856 0 0.629678 -0.776856 0 0.629678 -0.776856 0 0 0 1 0 0 1 0 0 1 0 0 1 0 0 1 0 0 1 -0 -0 -1 -0 -0 -1 -0 -0 -1 -0 -0 -1 -0 -0 -1 -0 -0 -1 0.622045 8.32823e-15 0.782982 0.508069 -1.73893e-16 0.861316 0.510529 5.19353e-15 0.85986 1 1.77636e-15 0 1 -2.06432e-15 0 0.99924 -2.24521e-16 0.0389778 0.642712 7.4826e-16 0.766108 0.40253 3.06129e-15 0.915407 0.375706 -8.8084e-16 0.926739 0.299058 1.84905e-15 0.954235 0.199622 2.13633e-16 0.979873 0.133457 3.85374e-16 0.991055 0.106853 -8.73845e-16 0.994275 0.249664 -1.0042e-15 0.968333 0.0402375 -8.9631e-16 0.99919 0.0322247 -3.57995e-16 0.999481 0 -2.22045e-16 1 0 -8.88178e-16 1 0.730546 9.30602e-15 0.682864 0.822439 6.71997e-15 0.568853 0.766108 3.37698e-16 0.642712 0.891579 5.12877e-15 0.452864 0.861316 -1.24895e-15 0.508069 0.926739 -1.44578e-15 0.375706 0.940464 5.70607e-15 0.339892 0.973136 2.10727e-15 0.23023 0.968333 7.31989e-18 0.249664 0.992042 9.30321e-19 0.125911 0.991055 -1.0488e-15 0.133457 0.99919 -1.63347e-15 0.0402375 0.861316 4.96859e-16 -0.508069 0.873618 1.38803e-15 -0.486612 0.807253 1.48888e-15 -0.590205 0.926739 4.19984e-16 -0.375706 0.921734 1.67832e-16 -0.387822 0.968333 6.86486e-16 -0.249664 0.95548 2.54912e-15 -0.295055 0.978 -3.70893e-15 -0.208606 0.766108 9.16485e-16 -0.642712 0.991055 -2.25035e-16 -0.133457 0.99919 -3.00877e-16 -0.0402375 0.992889 7.46289e-16 -0.119041 0.999252 -3.5906e-16 -0.0386689 1 0 0 1 4.71845e-16 0 0.723336 1.19216e-15 -0.690497 0.637805 7.16267e-17 -0.770198 0.642712 1.94913e-16 -0.766108 0.550348 -1.26017e-16 -0.834935 0.508069 5.81305e-16 -0.861316 0.457232 -7.16219e-16 -0.889348 0.375706 9.28259e-16 -0.926739 0.249664 8.15136e-16 -0.968333 0.352884 -5.97611e-16 -0.935667 0.147956 7.567e-16 -0.988994 0.244094 -3.42537e-16 -0.969752 0.0701656 1.26399e-16 -0.997535 0.133457 -3.51216e-16 -0.991055 0.0402375 -5.36793e-16 -0.99919 0.0183787 -2.33001e-16 -0.999831 0 0 -1 -0 -1.31839e-16 -1 0.253136 -0.312302 0.915636 0.259736 -0.320446 0.910962 0.321225 -0.396307 0.86009 0.629678 -0.776856 1.36554e-13 0.629678 -0.776856 -2.0121e-13 0.629237 -0.776312 0.0374124 0.328869 -0.405738 0.852773 0.193354 -0.238548 0.951688 0.187974 -0.231911 0.954402 0.12943 -0.159683 0.978647 0.391614 -0.483148 0.783075 0.125494 -0.154827 0.979939 0.399737 -0.493169 0.772654 0.0695436 -0.0857985 0.993882 0.0210662 -0.0259902 0.99944 0.0672463 -0.0829642 0.994281 0.0203217 -0.0250716 0.999479 0 0 1 1.23389e-15 1.00012e-15 1 0.460036 -0.567563 0.682817 0.517918 -0.638974 0.568747 0.467414 -0.576665 0.670061 0.523421 -0.645763 0.555897 0.561357 -0.692566 0.453024 0.565032 -0.6971 0.441351 0.592101 -0.730496 0.340282 0.612708 -0.755919 0.230598 0.59431 -0.733221 0.330429 0.613806 -0.757275 0.223106 0.624659 -0.770665 0.126003 0.625013 -0.771101 0.121501 0.6292 -0.776266 0.038964 0.575236 -0.709689 -0.406749 0.580494 -0.716176 -0.387451 0.598976 -0.738978 -0.308447 0.625201 -0.771332 -0.119041 0.624674 -0.770683 -0.125813 0.61609 -0.760092 -0.206622 0.629138 -0.77619 -0.0413952 0.629207 -0.776275 -0.0386689 0.614514 -0.758148 -0.218135 0.601671 -0.742303 -0.294919 0.629678 -0.776856 -3.9162e-13 0.629678 -0.776856 -8.62116e-13 0.549911 -0.678445 -0.487144 0.507323 -0.625902 -0.592343 0.540526 -0.666866 -0.512953 0.493105 -0.608362 -0.621887 0.455885 -0.562441 -0.689804 0.436621 -0.538675 -0.720549 0.402067 -0.496045 -0.769599 0.378787 -0.467324 -0.79883 0.348233 -0.429628 -0.833159 0.287665 -0.354902 -0.889547 0.317974 -0.392296 -0.863131 0.248835 -0.306996 -0.918605 0.221028 -0.27269 -0.936369 0.175426 -0.216429 -0.960408 0.153276 -0.189102 -0.969921 0.0930251 -0.114768 -0.989027 0.106045 -0.130831 -0.985717 0.0497223 -0.0613442 -0.996877 0.0441817 -0.0545086 -0.997535 0.0128509 -0.0158547 -0.999792 0.0115726 -0.0142776 -0.999831 2.05648e-16 1.66687e-16 -1 -1.37099e-16 -1.11125e-16 -1 2.62772e-15 -0.411974 0.911196 3.51893e-13 -0.508069 0.861316 1.72678e-16 -0.521935 0.852985 1.03385e-13 -0.642712 0.766108 4.78478e-13 -0.375706 0.926739 4.23635e-15 -0.306521 0.951864 5.67852e-13 -0.249664 0.968333 -1.80597e-15 -0.634748 0.772719 5.98386e-15 -0.205191 0.978722 -3.38288e-16 -0.74236 0.670002 6.07839e-13 -0.133457 0.991055 4.71493e-13 -0.0402375 0.99919 5.59128e-15 -0.110387 0.993889 4.28861e-15 -0.0335243 0.999438 -8.53282e-29 -1.20089e-14 1 -1.97758e-16 3.20784e-14 1 -2.85678e-13 -0.766108 0.642712 -1.75704e-15 -0.831306 0.555816 -5.9571e-13 -0.861316 0.508069 -1.83075e-15 -0.897245 0.441532 -6.38577e-13 -0.926739 0.375706 -1.02799e-15 -0.943693 0.330822 -1.27368e-15 -0.974708 0.22348 -4.46632e-13 -0.968333 0.249664 -1.94102e-13 -0.991055 0.133457 1.92922e-16 -0.99258 0.121591 -4.1381e-14 -0.99919 0.0402375 2.47266e-15 -0.9993 0.0373999 -1.33227e-14 -1 0 1.77636e-15 -1 0 -0.125707 -0.992067 -1.80191e-16 -0.281519 -0.959556 -3.15689e-15 -0.281519 -0.959556 -4.36218e-17 0 -1 1.38778e-17 -0.125707 -0.992067 -1.74831e-15 0 -1 0 -0.430198 -0.902734 7.05267e-16 -0.430198 -0.902734 -9.03432e-17 -0.540266 -0.841494 0 -0.540266 -0.841494 2.73208e-16 2.79995e-15 -0.913479 -0.406885 1.24084e-15 -0.951364 -0.308068 1.74881e-13 -0.951521 -0.307584 3.09868e-14 -0.994426 -0.105441 6.35902e-16 -0.999143 -0.0413952 4.09681e-15 -0.999521 -0.0309531 3.44805e-16 -0.97647 -0.215653 -1.88082e-15 -0.992054 -0.125813 8.54428e-14 -0.979471 -0.201584 2.90738e-13 -0.907888 -0.419213 1.77636e-15 -1 0 3.37784e-15 -0.85826 -0.513216 9.95731e-16 -1 0 4.26225e-13 -0.844807 -0.535071 5.44091e-15 -0.781706 -0.623647 5.57263e-13 -0.758642 -0.651507 5.7e-15 -0.695003 -0.719007 6.48874e-13 -0.651507 -0.758642 6.05583e-15 -0.603818 -0.797123 6.82358e-15 -0.504892 -0.863183 6.56849e-13 -0.535071 -0.844807 5.89361e-13 -0.419213 -0.907888 4.78741e-15 -0.395132 -0.918624 5.00005e-13 -0.307584 -0.951521 4.44408e-15 -0.276432 -0.961034 4.39793e-15 -0.167548 -0.985864 4.40762e-13 -0.201584 -0.979471 4.15822e-13 -0.105441 -0.994426 3.95473e-15 -0.0789647 -0.996877 3.38604e-13 -0.0309532 -0.999521 2.33098e-15 -0.0204088 -0.999792 1.0842e-17 1.52603e-15 -1 2.22045e-16 2.90215e-14 -1 -0.766108 9.83847e-16 0.642712 -0.810808 1.89341e-15 0.585312 -0.707107 2.55017e-15 0.707107 -0.861316 -1.18199e-16 0.508069 -0.887818 -2.17059e-16 0.460196 -0.940795 8.4793e-16 0.338975 -0.926739 3.01366e-16 0.375706 -0.968333 2.80515e-17 0.249664 -0.974658 1.17997e-16 0.223698 -0.991055 -1.34383e-15 0.133457 -0.992986 -9.66941e-16 0.118232 -0.999382 -1.257e-15 0.0351432 -0.99919 -5.7249e-16 0.0402375 -1 0 0 -1 -6.245e-17 0 -0.642712 -4.73049e-16 0.766108 -0.585312 2.57318e-15 0.810808 -0.508069 -1.11606e-15 0.861316 -0.460196 8.3634e-16 0.887817 -0.375706 -6.3419e-16 0.926739 -0.249664 -9.4172e-16 0.968333 -0.338975 1.59174e-15 0.940795 -0.223698 -1.15129e-15 0.974658 -0.133457 1.10029e-15 0.991055 -0.118232 -3.4269e-16 0.992986 -0.0402375 4.61599e-16 0.99919 0 0 1 -0.0351432 1.44872e-16 0.999382 0 6.17562e-16 1 -0.355602 -0.55387 0.752845 -0.351987 -0.54824 0.758642 -0.406736 -0.633514 0.658198 -0.540266 -0.841494 -1.80908e-14 -0.540103 -0.841241 0.0245343 -0.540266 -0.841494 1.1741e-14 -0.300261 -0.467672 0.83134 -0.2447 -0.381134 0.891548 -0.289081 -0.450259 0.844807 -0.138776 -0.216152 0.966447 -0.166177 -0.258831 0.951521 -0.19069 -0.29701 0.93564 -0.226486 -0.352765 0.907888 -0.409869 -0.638393 0.651507 -0.0460958 -0.0717967 0.996354 -0.0132551 -0.0206455 0.999699 -0.0167229 -0.0260469 0.999521 -0.0897495 -0.13979 0.986105 -0.0569663 -0.0887281 0.994426 -0.108909 -0.169632 0.979471 6.37093e-17 -4.09034e-17 1 5.09674e-16 -3.27227e-16 1 -0.449145 -0.699568 0.555764 -0.481673 -0.750233 0.452926 -0.456421 -0.7109 0.535071 -0.490501 -0.763983 0.419213 -0.505495 -0.787336 0.352956 -0.514074 -0.800699 0.307584 -0.522138 -0.813259 0.256867 -0.532759 -0.829802 0.166121 -0.529175 -0.824219 0.201584 -0.537254 -0.836803 0.105441 -0.538296 -0.838426 0.0853205 -0.540007 -0.841091 0.0309531 -0.409869 -0.638393 -0.651507 -0.351987 -0.54824 -0.758642 -0.409869 -0.638393 -0.651507 -0.456421 -0.7109 -0.535071 -0.456421 -0.7109 -0.535071 -0.490501 -0.763983 -0.419213 -0.490501 -0.763983 -0.419213 -0.514074 -0.800699 -0.307584 -0.514074 -0.800699 -0.307584 -0.529175 -0.824219 -0.201584 -0.529175 -0.824219 -0.201584 -0.537254 -0.836803 -0.105441 -0.537254 -0.836803 -0.105441 -0.540007 -0.841091 -0.0309531 -0.540007 -0.841091 -0.0309531 -0.540266 -0.841494 3.61926e-14 -0.540266 -0.841494 -5.68087e-14 -0.351987 -0.54824 -0.758642 -0.289081 -0.450259 -0.844807 -0.289081 -0.450259 -0.844807 -0.226486 -0.352765 -0.907888 -0.226486 -0.352765 -0.907888 -0.166177 -0.258831 -0.951521 -0.166177 -0.258831 -0.951521 -0.108909 -0.169632 -0.979471 -0.108909 -0.169632 -0.979471 -0.0569663 -0.0887281 -0.994426 -0.0569663 -0.0887281 -0.994426 -0.0167229 -0.0260469 -0.999521 -0.0167229 -0.0260469 -0.999521 2.22983e-16 -1.43162e-16 -1 0 0 -1 -0.508069 -2.33283e-17 -0.861316 -0.375706 -5.16367e-16 -0.926739 -0.491253 -6.94058e-16 -0.871017 -1 -0 -0 -1 -2.46331e-16 -0 -0.999623 2.31468e-16 -0.0274663 -0.383811 -7.94564e-16 -0.923412 -0.280479 -8.48548e-17 -0.95986 -0.249664 -1.55685e-16 -0.968333 -0.600963 -1.22007e-15 -0.799277 -0.642712 6.25428e-16 -0.766108 -0.18258 -7.63943e-17 -0.983191 -0.0402375 -2.83062e-16 -0.99919 -0.0945947 -3.33821e-16 -0.995516 -0.133457 -1.49566e-16 -0.991055 0 1.09288e-16 -1 -0.0274663 -7.31848e-17 -0.999623 0 0 -1 -0.707107 -1.98224e-15 -0.707107 -0.799277 -3.61055e-15 -0.600963 -0.766108 1.30319e-15 -0.642712 -0.871017 -2.33297e-15 -0.491253 -0.861316 1.88308e-15 -0.508069 -0.926739 2.02045e-15 -0.375706 -0.923412 -7.31423e-16 -0.383811 -0.968333 5.65545e-16 -0.249664 -0.95986 -1.5477e-15 -0.280479 -0.983191 -6.40041e-16 -0.18258 -0.991055 1.29296e-15 -0.133457 -0.995516 -1.3713e-15 -0.0945947 -0.99919 5.47907e-16 -0.0402375 -0.939756 -0.341847 -1.48436e-15 -0.939756 -0.341847 3.45656e-17 -0.877572 -0.479444 4.51039e-16 -0.978186 -0.207732 -9.97084e-16 -0.978186 -0.207732 1.65674e-16 -0.99712 -0.0758361 3.3678e-17 -0.99712 -0.075836 -1.76911e-16 -1 0 1.249e-16 -1 0 0 -0.877572 -0.479444 -6.61276e-16 -0.79538 -0.606111 2.17901e-15 -0.703286 -0.710907 1.61653e-15 -0.79538 -0.606111 -1.73063e-16 -0.602526 -0.798099 -1.48338e-15 -0.703286 -0.710907 -6.6394e-16 -0.602526 -0.798099 -6.8323e-16 -0.540266 -0.841494 -0 -0.540266 -0.841494 1.97419e-15 -0.099503 -0.333936 0.937329 -0.141909 -0.221161 0.964857 -0.200366 -0.311601 0.928848 -0.278814 -0.952068 0.125814 -0.410147 -0.903818 0.122036 -0.413518 -0.909502 0.0425279 -0.0348935 -0.118145 0.992383 -0.000121355 -0.213764 0.976885 0.000254909 -0.116152 0.993231 0.000177801 -0.318461 0.947936 -0.0653252 -0.222173 0.972816 -0.0281108 -0.592355 0.805186 -0.132015 -0.439514 0.888481 -0.163368 -0.550308 0.818824 -0.257381 -0.401499 0.87895 -0.295535 -0.513715 0.805454 -0.0912936 -0.142607 0.98556 -0.329164 -0.629052 0.704234 -0.0478003 -0.0736171 0.99614 -0.0130869 -0.0223274 0.999665 -0.000648794 -0.035107 0.999383 0.000263883 0.0010047 0.999999 -0.0633854 -0.708817 0.702539 0.000144752 -0.652559 0.757738 -0.36053 -0.726551 0.584928 -0.382444 -0.799476 0.463223 -0.224622 -0.773468 0.592699 -0.197095 -0.673841 0.712104 -0.396967 -0.851237 0.343238 -0.246115 -0.847493 0.470301 -0.000173242 -0.42631 0.904577 -0.0941741 -0.805531 0.585022 -0.000598477 -0.842417 0.538826 -0.000196581 -0.757837 0.652444 -0.000304678 -0.904439 0.426603 -0.109953 -0.879408 0.463198 -0.50545 -0.787646 0.352326 -0.272676 -0.93425 0.229834 -0.405881 -0.885729 0.225264 -0.520764 -0.811384 0.265445 -0.287888 -0.957664 0.00044986 -0.281042 -0.958561 0.0466544 -0.000630732 -0.947916 0.31852 -0.125792 -0.930798 0.343209 -0.418249 -0.908332 0.000360619 -0.540105 -0.841598 5.7405e-05 -0.000629882 -0.976787 0.214212 -0.13699 -0.964138 0.227316 -0.539488 -0.841117 0.0383993 -0.143086 -0.988768 0.0431824 -0.00107993 -0.999368 0.0355231 -0.000937465 -0.993249 0.116 -0.148589 -0.988899 0.000266774 -3.73083e-05 -1 -2.50045e-05 -0.143588 -0.981988 0.122807 -0.536484 -0.836193 0.11387 -0.530419 -0.826293 0.189463 -0.261994 -0.900293 0.347607 -0.449596 -0.700445 0.554292 -0.482421 -0.751511 0.450001 -0.407625 -0.635395 0.655831 -0.360419 -0.561516 0.744848 -9.20438e-05 -0.538575 0.842578 -0.310918 -0.484541 0.817649 -0.52732 -0.822198 -0.214301 -0.406868 -0.884789 -0.227173 -0.412194 -0.902614 -0.124031 -0.414636 -0.908981 -0.0427858 -0.279389 -0.951705 -0.127281 -0.540132 -0.84158 4.74361e-05 -0.539379 -0.841316 -0.0354585 -0.142188 -0.988946 -0.0420441 -0.281176 -0.958578 -0.0454808 -0.140994 -0.982224 -0.123924 -0.536034 -0.836116 -0.116522 -0.000524768 -0.999373 -0.0353965 -0.00024119 -1 -8.04604e-05 -0.135888 -0.964279 -0.227376 -0.000309992 -0.976844 -0.213954 -0.511776 -0.797914 -0.318463 -0.398064 -0.850081 -0.344829 -0.275749 -0.96123 -0.000118976 -0.000429678 -0.948014 -0.318228 -0.123419 -0.930233 -0.345594 -0.139335 -0.990245 -8.01311e-05 -0.111676 -0.877852 -0.465731 -0.000705812 -0.904578 -0.426307 -0.488117 -0.761488 -0.426471 -0.381755 -0.799425 -0.463878 -0.0951593 -0.808827 -0.580296 0.00015516 -0.842451 -0.538773 -0.455436 -0.708952 -0.538484 -0.358364 -0.73053 -0.581293 -0.331657 -0.631216 -0.701121 -0.409083 -0.638211 -0.65218 -0.298419 -0.513362 -0.804615 -0.164003 -0.560627 -0.811666 -0.000850145 -0.757872 -0.652403 -0.0614058 -0.71126 -0.700242 -0.29084 -0.453183 -0.842637 -0.129639 -0.439173 -0.889 -0.0258392 -0.593815 -0.804186 3.92181e-05 -0.652476 -0.757809 -0.0948357 -0.323235 -0.941555 -0.000526227 -0.426619 -0.904431 -0.000130453 -0.538769 -0.842454 0.000208523 -0.318694 -0.947857 -0.000237093 -0.214006 -0.976832 -0.0623954 -0.215617 -0.974483 -0.0334382 -0.116 -0.992686 0.000461231 -0.116186 -0.993227 -0.000585253 -0.0350066 -0.999387 -0.0182544 -0.0299924 -0.999383 0.000365973 0.00147456 -0.999999 -0.115465 -0.179783 -0.976906 -0.062824 -0.0975301 -0.993248 -0.171439 -0.267586 -0.94816 -0.229742 -0.358642 -0.904762 -0.197329 -0.677303 -0.708747 -0.352447 -0.54907 -0.757828 -0.226358 -0.775245 -0.589709 -0.247297 -0.847127 -0.470341 -0.263341 -0.899351 -0.349027 -0.273898 -0.933485 -0.231487 -0.000300594 -0.993247 -0.116018 -0.409592 -0.912269 -8.24042e-05 -0.878969 -0.4668 0.0975237 -0.870158 -0.450437 0.199829 -0.928068 -0.330077 0.17245 -0.466311 -0.650883 0.599087 -0.455072 -0.708994 0.538736 -0.409903 -0.637569 0.652293 -0.877647 -0.479307 0.000129153 -0.877438 -0.479226 0.0210762 -0.933672 -0.358035 0.00820843 -0.969797 -0.197436 0.143223 -0.935419 -0.345997 0.0726394 -0.804424 -0.593314 0.0296624 -0.804334 -0.594178 0.00015582 -0.996321 -0.0810845 0.0277331 -0.9728 -0.231648 3.27075e-05 -0.97454 -0.219526 0.0456044 -0.7206 -0.693352 7.48334e-05 -0.720309 -0.69277 0.0349928 -0.999195 -3.15748e-07 0.0401264 -1 -0.000206959 5.11617e-06 -0.512407 -0.797494 0.3185 -0.567494 -0.74089 0.359211 -0.597066 -0.764886 0.241789 -0.525685 -0.705078 0.475942 -0.489304 -0.760958 0.426057 -0.352332 -0.548673 0.758168 -0.326952 -0.493226 0.806121 -0.39714 -0.579694 0.711502 -0.302122 -0.332803 0.893289 -0.290891 -0.453097 0.842665 -0.227045 -0.250506 0.941115 -0.171841 -0.268286 0.947889 -0.153729 -0.176082 0.972297 -0.0783327 -0.106806 0.991189 -0.0619973 -0.0982147 0.993232 -0.0193784 -0.029354 0.999381 -0.116076 -0.180042 0.976786 -0.0400872 0.000425827 0.999196 -0.000340706 -0.000287586 1 -0.230557 -0.358675 0.904542 -0.2924 -0.164605 0.942023 -0.384368 -0.233543 0.893151 -0.677436 -0.644556 0.354441 -0.70582 -0.668688 0.233826 -0.528498 -0.821525 0.213978 -0.613236 -0.778929 0.131196 -0.537451 -0.835318 0.115712 -0.618412 -0.784829 0.0401313 -0.540687 -0.840479 0.0353909 -0.540118 -0.84159 -0.000186103 -0.619462 -0.785027 0.000159298 -0.995298 -0.0968616 -5.65246e-05 -0.79703 -0.562354 0.220229 -0.771602 -0.537465 0.340238 -0.719046 -0.684026 0.122808 -0.631642 -0.608909 0.479852 -0.566939 -0.557921 0.606056 -0.48194 -0.488592 0.727332 -0.387228 -0.410558 0.825528 -0.728359 -0.500702 0.467751 -0.806598 -0.580153 0.113236 -0.664641 -0.449749 0.596639 -0.576384 -0.383129 0.721799 -0.477145 -0.305923 0.823859 -0.565912 -0.194909 0.801096 -0.665254 -0.270063 0.696062 -0.211203 -0.0927357 0.973033 -0.139665 -0.02772 0.989811 -0.847736 -0.424801 0.317627 -0.808173 -0.386926 0.44401 -0.747719 -0.334685 0.5735 -0.819452 -0.207615 0.534223 -0.740771 -0.14122 0.656746 -0.468214 -0.117857 0.87572 -0.379326 -0.0508202 0.923866 -0.292954 -0.0094939 0.956079 -0.129218 -0.000222331 0.991616 -0.236163 5.3026e-05 0.971714 -0.934601 -0.355698 0.000104147 -0.908638 -0.300745 0.289705 -0.873776 -0.258396 0.412003 -0.644448 -0.0697066 0.761464 -0.54759 -0.0215386 0.836469 -0.466 0.000190331 0.884785 -0.348758 -0.000133878 0.937213 -0.952006 -0.160966 0.260337 -0.919984 -0.120898 0.372846 -0.869065 -0.0707336 0.489614 -0.799194 -0.0236676 0.600607 -0.70704 -1.9942e-05 0.707174 -0.58753 -0.000100763 0.809203 -0.991942 -0.0548293 0.114215 -0.973875 -0.0309422 0.224965 -0.9433 -0.0113915 0.331745 -0.884783 -0.000139313 0.466004 -0.809233 -0.00016256 0.587488 -0.991593 -0.000307726 0.129395 -0.97173 -0.000449099 0.236093 -0.937208 6.5836e-05 0.348771 -0.541523 -0.787469 -0.294356 -0.527865 -0.821867 -0.214229 -0.577551 -0.793303 -0.192627 -0.760852 -0.592052 -0.265667 -0.681558 -0.693024 -0.234941 -0.782411 -0.597454 -0.175731 -0.536828 -0.835677 -0.116017 -0.602811 -0.791687 -0.0992523 -0.54047 -0.840623 -0.0352721 -0.512188 -0.797741 -0.318234 -0.54055 -0.841312 -3.52985e-05 -0.612402 -0.790052 -0.0279387 -0.503853 -0.669072 -0.546328 -0.424961 -0.631644 -0.648408 -0.455355 -0.708964 -0.538537 -0.610194 -0.542943 -0.576954 -0.492116 -0.515091 -0.701786 -0.488618 -0.76127 -0.426287 -0.588457 -0.680912 -0.435979 -0.381332 -0.474946 -0.793103 -0.352596 -0.548848 -0.75792 -0.409392 -0.637947 -0.652243 -0.568727 -0.38137 -0.728771 -0.453037 -0.348537 -0.820536 -0.153355 -0.228967 -0.961279 -0.171947 -0.267908 -0.947977 -0.22543 -0.278912 -0.933483 -0.290841 -0.453143 -0.842658 -0.293856 -0.424729 -0.856303 -0.230329 -0.358741 -0.904574 -0.115737 -0.180215 -0.976795 -0.170527 -0.125677 -0.977305 -0.118078 -0.00636355 -0.992984 -0.0188365 -0.0299268 -0.999375 -0.0861499 -0.096153 -0.991631 -0.0311017 -0.000256799 -0.999516 2.43787e-05 -2.36043e-07 -1 -0.337463 -0.318331 -0.88588 -0.650353 -0.687874 -0.322289 -0.795933 -0.598831 -0.0888379 -0.869184 -0.480856 -0.115312 -0.700919 -0.699619 -0.138727 -0.922917 -0.363105 -0.127982 -0.850868 -0.484523 -0.203125 -0.93299 -0.357159 -0.0443404 -0.971149 -0.233472 -0.0485775 -0.878037 -0.477801 -0.0275075 -0.995274 -0.0971048 -9.26097e-05 -1 -7.1405e-05 2.45711e-05 -0.993834 -0.101193 -0.0453116 -0.960833 -0.243278 -0.132724 -0.711332 -0.700489 -0.0576365 -0.619318 -0.785141 3.09218e-05 -0.68398 -0.560025 -0.467485 -0.723687 -0.579113 -0.375374 -0.720595 -0.693356 3.53311e-05 -0.806832 -0.590712 -0.00903883 -0.804349 -0.594158 -0.00019872 -0.664285 -0.420061 -0.618283 -0.732237 -0.456145 -0.505728 -0.83438 -0.357015 -0.41994 -0.778264 -0.33849 -0.528895 -0.787601 -0.471838 -0.396299 -0.824991 -0.479891 -0.298488 -0.877568 -0.479452 8.54156e-05 -0.274226 -0.153107 -0.949399 -0.388402 -0.193539 -0.900936 -0.602441 -0.273514 -0.749837 -0.496753 -0.232629 -0.836134 -0.701025 -0.312264 -0.641136 -0.875334 -0.366848 -0.314981 -0.94197 -0.249973 -0.224066 -0.9038 -0.367989 -0.218472 -0.934626 -0.355631 -0.000108659 -0.0626428 -0.0976083 -0.993252 -0.210888 -0.0252192 -0.977185 -0.309204 -0.0495353 -0.949705 -0.416743 -0.0788873 -0.905595 -0.522677 -0.119591 -0.844101 -0.627684 -0.160591 -0.761724 -0.729578 -0.197754 -0.654683 -0.81122 -0.222774 -0.540642 -0.87031 -0.239633 -0.430276 -0.91243 -0.248622 -0.325052 -0.972796 -0.231663 -0.000103849 -0.104336 3.08048e-05 -0.994542 -0.195237 2.9268e-05 -0.980756 -0.292035 -5.16116e-05 -0.956408 -0.392329 -3.31389e-05 -0.919825 -0.496209 -6.19728e-05 -0.868203 -0.65311 -0.0317458 -0.756597 -0.751991 -0.0597511 -0.65646 -0.834895 -0.0919453 -0.542676 -0.896874 -0.111331 -0.428045 -0.935645 -0.122916 -0.330848 -0.966939 -0.124179 -0.222729 -0.984999 -0.117264 -0.126591 -0.602827 1.5812e-05 -0.797872 -0.706719 -0.000274186 -0.707494 -0.797804 -3.13002e-06 -0.602917 -0.868283 -8.82707e-05 -0.496069 -0.9199 -0.000477918 -0.392152 -0.95648 -0.000170547 -0.291798 -0.980794 -0.000457063 -0.195047 -0.994536 -0.000431737 -0.10439 -0.999508 -0.000150461 -0.0313526</float_array>
          <technique_common>
            <accessor count="765" source="#ID28" stride="3">
              <param name="X" type="float"/>
              <param name="Y" type="float"/>
              <param name="Z" type="float"/>
            </accessor>
          </technique_common>
        </source>
        <vertices id="ID29">
          <input semantic="POSITION" source="#ID25"/>
          <input semantic="NORMAL" source="#ID27"/>
        </vertices>
        <triangles count="902" material="ID30">
          <input offset="0" semantic="VERTEX" source="#ID29"/>
          <p>0 1 2 0 2 3 4 5 6 7 8 9 10 5 11 4 11 5 12 11 13 11 12 10 12 13 14 13 15 16 14 13 16 13 17 18 15 13 18 13 19 20 17 13 20 21 22 23 24 25 26 27 25 24 28 24 29 24 26 29 21 28 30 28 21 24 31 21 32 21 30 32 33 21 31 21 34 35 33 34 21 21 35 22 23 36 37 7 38 8 39 23 40 41 42 38 38 42 8 41 23 43 23 41 38 23 37 40 39 43 23 23 44 45 45 36 23 44 22 19 23 22 44 46 44 19 46 19 13 47 48 49 47 49 50 49 51 52 48 51 49 52 53 54 54 49 52 54 55 56 53 55 54 57 54 58 54 56 58 59 46 54 59 54 57 46 13 54 60 61 62 60 62 63 64 65 66 64 66 67 68 69 70 70 71 68 72 73 74 72 74 75 76 77 78 79 80 81 80 78 81 78 80 76 82 83 84 85 86 82 87 86 85 82 84 85 88 89 90 91 92 93 94 89 88 95 96 97 90 89 95 98 99 100 101 97 96 98 97 101 101 99 98 95 89 96 102 103 100 100 99 102 104 103 102 103 104 105 94 88 106 107 108 106 94 106 108 107 109 110 110 108 107 111 109 112 109 111 110 113 114 112 111 112 114 113 115 116 116 114 113 117 115 93 115 117 116 117 93 92 118 119 120 121 122 119 119 118 121 123 124 121 121 124 122 125 124 123 120 126 118 125 123 127 127 128 129 130 128 131 128 130 129 129 125 127 130 131 132 133 126 120 134 135 133 126 133 135 136 137 135 135 134 136 137 138 139 138 137 136 140 139 141 138 141 139 142 140 143 140 141 143 142 144 145 145 140 142 146 144 147 144 146 145 146 147 148 148 147 149 150 151 152 153 154 155 151 156 152 151 150 157 157 158 159 158 157 150 160 152 156 158 161 159 160 156 162 163 159 161 164 163 165 161 165 163 166 167 164 164 165 166 168 167 166 160 162 169 170 169 171 162 171 169 172 173 170 170 171 172 173 174 175 174 173 172 176 175 177 174 177 175 178 179 176 176 177 178 179 180 181 180 179 178 154 181 155 180 155 181 182 183 184 185 186 187 188 185 189 190 191 187 190 184 191 187 186 190 188 186 185 188 189 192 184 183 191 189 193 192 194 183 182 195 194 196 196 194 182 197 198 195 195 196 197 198 199 200 199 198 197 200 201 202 201 200 199 203 202 204 201 204 202 205 206 203 203 204 205 206 207 208 207 206 205 209 208 210 207 210 208 211 212 209 209 210 211 212 213 214 213 212 211 213 215 214 214 215 216 217 218 219 218 220 219 218 217 221 221 222 223 222 221 217 224 219 220 222 225 223 226 224 220 227 223 225 228 227 229 225 229 227 230 231 228 228 229 230 232 231 230 220 233 226 226 233 234 235 236 234 234 233 235 236 237 238 237 236 235 239 238 240 237 240 238 241 242 239 239 240 241 242 243 244 243 242 241 243 245 244 244 245 246 247 248 249 247 250 251 251 248 247 250 252 251 253 249 248 254 253 255 253 254 249 254 255 256 257 258 259 260 261 262 263 264 265 261 260 264 259 258 263 265 259 263 264 260 265 259 266 257 267 262 261 257 266 268 269 262 267 270 271 268 268 266 270 271 272 273 272 271 270 272 274 273 274 275 273 276 275 277 274 277 275 278 279 276 276 277 278 279 280 281 280 279 278 282 281 283 280 283 281 284 285 282 282 283 284 285 286 287 286 285 284 286 288 287 287 288 289 290 291 292 291 293 294 293 291 290 295 294 296 293 296 294 297 298 295 295 296 297 298 299 300 299 298 297 301 300 302 299 302 300 303 304 301 301 302 303 290 292 305 306 307 305 305 292 306 307 308 309 308 307 306 310 309 311 308 311 309 312 313 310 310 311 312 313 314 315 314 313 312 316 315 317 314 317 315 316 317 318 319 320 321 322 323 324 325 326 327 320 319 325 325 327 320 328 329 330 326 330 331 327 326 331 331 330 329 321 320 332 333 334 335 336 337 338 335 337 333 337 336 333 338 329 328 338 328 336 334 339 340 340 335 334 341 321 332 342 341 343 332 343 341 344 345 342 342 343 344 345 346 347 346 345 344 348 347 349 346 349 347 350 351 348 348 349 350 351 352 323 352 351 350 352 324 323 353 354 355 356 357 353 353 355 356 357 358 359 358 357 356 360 359 361 358 361 359 362 363 360 360 361 362 363 364 365 364 363 362 366 365 367 364 367 365 368 369 366 366 367 368 355 354 370 371 370 372 354 372 370 373 374 371 371 372 373 374 375 376 375 374 373 377 376 378 375 378 376 379 380 377 377 378 379 380 381 382 381 380 379 381 383 382 382 383 384 385 386 387 388 389 390 391 387 386 392 386 393 387 394 385 391 386 392 395 385 394 393 396 392 397 398 399 399 398 396 393 399 396 397 400 401 401 398 397 401 400 402 394 403 395 404 405 403 395 403 405 404 406 407 407 405 404 408 406 409 406 408 407 410 408 411 409 411 408 412 413 410 410 411 412 413 414 415 414 413 412 389 415 390 414 390 415 416 417 418 417 419 420 419 417 416 421 420 422 419 422 420 421 423 424 421 422 423 425 416 418 418 426 425 427 428 426 425 426 428 427 429 430 430 428 427 431 429 432 429 431 430 431 432 433 434 435 436 437 438 439 440 441 442 443 441 444 445 446 447 446 436 448 446 448 449 450 435 444 440 444 441 449 451 447 442 452 440 453 452 454 442 454 452 455 453 454 445 456 457 458 459 460 458 461 451 462 463 459 443 434 464 465 466 467 456 467 457 468 466 469 462 459 470 471 472 438 473 472 462 474 475 439 476 468 477 478 439 479 480 476 481 438 482 439 483 484 485 483 475 486 483 487 484 483 486 487 480 488 485 474 439 478 486 475 474 475 437 439 479 439 482 475 483 488 485 488 483 489 482 438 475 488 437 438 437 471 490 489 438 437 488 481 480 481 488 472 490 438 437 481 471 472 471 491 473 490 472 471 481 477 476 477 481 472 491 462 471 477 491 462 491 463 473 462 470 491 477 469 468 469 477 459 492 493 491 469 463 459 463 460 470 459 493 463 469 465 466 465 469 459 458 492 463 465 460 458 460 461 494 492 458 460 465 456 467 456 465 451 494 458 460 456 461 451 461 447 495 494 451 456 445 461 457 496 445 449 495 451 461 445 447 449 447 446 497 495 449 446 445 496 496 464 446 449 448 497 436 446 434 464 434 446 435 434 444 443 444 434 452 450 440 444 440 450 498 499 500 501 500 502 503 504 501 505 506 507 504 508 500 509 510 505 511 512 507 499 513 514 506 505 515 516 511 517 505 510 518 519 520 517 521 522 514 506 502 507 519 523 524 525 526 522 527 526 528 529 530 527 531 523 532 529 533 534 532 535 536 534 537 538 534 539 535 538 537 540 541 540 542 542 540 537 543 544 541 542 543 541 545 546 547 544 543 545 545 543 546 548 549 543 543 549 546 550 548 542 543 542 548 551 550 537 542 537 550 538 539 534 536 535 539 537 534 551 529 534 530 533 551 534 534 535 530 531 532 536 527 530 552 553 533 529 552 535 532 531 524 523 529 527 553 535 552 530 552 554 526 528 553 527 523 554 532 524 520 519 552 526 527 532 554 552 554 555 522 528 526 525 519 555 523 516 517 520 554 522 526 523 555 554 555 556 514 525 522 521 517 556 519 512 511 516 555 514 522 519 556 555 556 557 499 521 514 513 511 557 517 558 507 512 556 499 514 517 557 556 557 502 500 513 499 498 507 502 511 505 558 509 557 500 499 511 502 557 506 501 502 498 500 508 505 507 558 518 515 505 515 559 506 506 559 501 503 501 559 504 500 501 560 561 562 563 564 565 566 567 568 569 570 562 571 567 572 573 574 575 571 576 577 573 578 579 580 581 582 563 583 564 583 581 584 585 586 587 584 564 583 588 586 589 585 589 586 590 591 592 593 594 595 593 592 596 597 595 598 596 594 593 599 588 589 600 601 588 580 584 581 563 565 587 602 603 582 604 580 582 604 605 606 605 604 582 607 608 605 608 607 609 576 610 577 607 610 609 573 579 611 608 606 605 610 607 577 612 603 613 614 607 605 581 615 602 603 605 582 583 616 615 602 582 581 563 617 616 615 581 583 616 583 563 587 618 617 565 585 587 563 587 617 590 588 599 587 586 618 577 607 614 572 576 571 619 613 602 614 605 603 614 620 577 621 619 615 612 614 603 622 621 616 613 603 602 623 622 617 619 602 615 622 624 625 621 615 616 618 586 588 616 617 622 601 618 588 618 601 623 592 626 590 591 596 592 599 591 590 626 600 590 627 592 593 627 626 592 593 597 627 571 577 620 566 572 567 612 628 561 620 614 612 571 620 560 613 629 628 561 620 612 619 630 629 628 612 613 631 630 632 629 613 619 623 624 622 630 619 621 601 633 623 601 600 634 617 618 623 624 623 633 588 590 600 601 634 633 635 600 626 600 635 634 627 636 637 637 626 627 595 597 593 636 627 597 567 571 560 638 566 568 561 628 639 560 620 561 570 567 560 628 629 640 562 561 639 629 630 631 639 628 640 630 621 625 629 631 640 632 630 625 624 641 625 621 622 625 625 641 632 624 642 641 633 643 642 634 635 644 644 635 637 637 635 626 568 567 570 574 638 568 639 645 562 570 560 562 570 569 575 639 640 646 562 645 569 640 631 647 639 646 645 631 632 648 640 647 646 648 632 641 631 648 647 648 641 649 624 633 642 641 642 650 643 650 642 644 643 634 633 634 643 611 574 573 651 575 569 568 570 575 651 573 575 652 569 645 652 651 569 653 645 646 653 652 645 646 654 653 655 654 647 647 648 655 648 649 655 641 650 649 651 656 578 575 574 568 578 573 651 652 657 656 656 651 652 653 658 657 657 652 653 653 654 658 646 647 654 659 660 661 662 663 664 665 661 660 666 665 667 666 661 665 668 660 659 667 669 670 671 672 673 672 674 675 676 677 671 672 675 678 672 679 680 681 682 678 683 684 685 686 687 688 689 683 690 684 683 689 691 692 693 692 694 695 682 696 687 696 688 687 659 697 677 659 663 697 671 673 676 698 699 664 700 663 661 701 702 699 701 703 704 703 699 705 706 707 708 708 709 704 702 664 699 668 677 676 710 700 666 659 677 668 666 667 670 659 661 663 661 666 700 711 710 670 670 669 711 686 678 687 679 672 678 671 712 674 673 672 680 712 677 713 674 672 671 713 697 662 677 712 671 698 700 710 677 697 713 710 666 670 697 663 662 664 663 700 711 714 710 710 714 715 715 698 710 716 715 714 688 685 684 685 688 696 717 681 675 678 686 679 718 719 720 682 687 678 717 674 718 681 678 675 718 712 721 717 675 674 721 713 722 718 674 712 722 662 702 712 713 721 664 700 698 662 722 713 662 664 702 698 705 699 723 715 716 689 690 693 724 683 685 683 724 690 725 685 696 685 725 724 682 726 727 696 727 725 681 728 726 696 682 727 717 720 728 726 682 681 729 719 721 728 681 717 730 729 731 720 717 718 729 722 731 719 718 721 701 731 702 722 729 721 715 705 698 702 731 722 699 703 701 732 705 723 715 723 705 733 693 692 690 734 693 689 693 733 693 734 691 724 735 690 690 735 734 725 736 724 724 736 735 727 737 725 725 737 736 738 727 726 727 738 737 739 726 728 726 739 738 740 728 720 728 740 739 741 720 719 720 741 740 742 719 729 741 719 742 706 708 704 742 729 730 701 709 731 730 731 709 701 704 709 743 703 732 705 732 703 692 691 694 694 691 744 744 691 745 691 734 745 745 734 746 734 735 746 746 735 747 735 736 747 737 748 736 738 749 737 739 750 738 738 750 749 740 751 739 739 751 750 741 752 740 740 752 751 742 753 741 741 753 752 730 754 742 742 754 753 709 755 730 754 730 755 703 743 704 755 709 708 706 704 743 747 736 748 748 737 756 756 737 749 756 749 757 749 750 757 757 750 758 758 751 759 758 750 751 759 752 760 759 751 752 760 753 761 760 752 753 761 754 762 761 753 754 762 755 763 762 754 755 763 708 764 763 755 708 707 764 708</p>
        </triangles>
      </mesh>
    </geometry>
    <geometry id="ID31">
      <mesh>
        <source id="ID32">
          <float_array count="1356" id="ID33">-0.00977485 0.0346333 0.00987057 -0.00832704 0.0346333 0.01016 -0.0100217 0.0346333 0.00971879 -0.00866663 0.0346333 0.010151 -0.00950475 0.0346333 0.00999024 -0.00895954 0.0346333 0.0101244 -0.00921742 0.0346333 0.0100776 -0.0104339 0.0346333 0.00931558 -0.0102428 0.0346333 0.00953335 -0.0105942 0.0346333 0.00906345 -0.0107195 0.0346333 0.00878942 -0.0108626 0.0346333 0.00822111 -0.0108087 0.0346333 0.00850113 -0.0108859 0.0346333 0.00795279 0.0107913 0.0346333 0.01016 -0.010893 0.0346333 0.00762 0.0130495 0.0346333 0.00906621 0.0128946 0.0346333 0.00930996 0.0119536 0.0346333 0.00999368 0.0111223 0.0346333 0.0101531 0.0116665 0.0346333 0.0100793 0.0113888 0.0346333 0.0101309 0.0122296 0.0346333 0.00987181 0.0124854 0.0346333 0.00971474 0.0127062 0.0346333 0.00952737 0.0131721 0.0346333 0.00879861 0.0133106 0.0346333 0.00825466 0.0132619 0.0346333 0.00851322 0.0133478 0.0346333 0.00762 0.0133384 0.0346333 0.00796065 -0.010893 0.0346333 0.00254 0.0133478 0.0346333 0.00254 0.0130511 0.0346333 0.00109848 0.0128917 0.0346333 0.000846259 0.0107913 0.0346333 0 0.0122359 0.0346333 0.000290551 0.0124818 0.0346333 0.000442734 0.0114226 0.0346333 3.5787e-05 0.0119666 0.0346333 0.000170461 0.01168 0.0346333 8.27488e-05 0.0111303 0.0346333 9.02139e-06 0.0127018 0.0346333 0.000628379 0.0131756 0.0346333 0.00137243 0.0132641 0.0346333 0.00166039 0.0133407 0.0346333 0.00220779 0.0133176 0.0346333 0.00193996 -0.00832704 0.0346333 0 -0.00920384 0.0346333 8.02885e-05 -0.00865861 0.0346333 6.82113e-06 -0.00892558 0.0346333 2.89653e-05 -0.00949162 0.0346333 0.000165569 -0.00976849 0.0346333 0.000287081 -0.0100254 0.0346333 0.000443802 -0.0102471 0.0346333 0.000630789 -0.0104365 0.0346333 0.000847882 -0.0105924 0.0346333 0.00109159 -0.0107159 0.0346333 0.0013594 -0.0108064 0.0346333 0.0016451 -0.0108555 0.0346333 0.00190415 -0.0108836 0.0346333 0.00219873 -0.0178996 -0.0142329 0.00254 -0.010893 0.0346333 0.00762 -0.010893 0.0346333 0.00254 -0.0178996 -0.0142329 0.00762 0.0156411 0.014511 0.00762 0.015637 0.0145127 0.00791599 0.0156116 0.0145168 0.00821089 0.0130881 0.014481 0.01016 0.0122622 0.0142681 2.98201e-17 0.0130881 0.014481 2.66454e-17 0.0156112 0.0145169 0.00194938 0.0156411 0.014511 0.00254 0.0155564 0.0145243 0.0016588 0.0156368 0.0145127 0.00224411 0.0154677 0.0145363 0.00137691 0.0155564 0.0145242 0.00850152 0.0154685 0.0145367 0.00878378 0.0153445 0.0145526 0.00110871 0.0151871 0.0145699 0.00930217 0.0153461 0.0145528 0.00905307 0.0151866 0.0145696 0.000859148 0.0149929 0.0145863 0.00952501 0.0149934 0.0145857 0.000635668 0.0147676 0.0145986 0.000444576 0.0147662 0.0145988 0.00971484 0.0145142 0.0146053 0.00986965 0.0145164 0.0146054 0.000288211 0.0142445 0.0146048 0.00999073 0.0142454 0.0146044 0.000168261 0.0139621 0.0145924 0.0100773 0.0139624 0.0145924 8.25887e-05 0.0136723 0.0145677 0.0101312 0.0136725 0.0145677 2.86483e-05 0.0133798 0.0145306 0.0101556 0.0133799 0.0145306 3.97876e-06 0.011469 0.0139594 0.01016 0.0114709 0.013964 2.9768e-17 0.0122621 0.0142681 0.01016 0.00933286 0.0125768 0.01016 0.00870152 0.0120078 2.4976e-17 0.00933129 0.0125815 2.61192e-17 0.0107146 0.0135685 0.01016 0.0100023 0.0131019 0.01016 0.0100021 0.0131064 2.63192e-17 0.00754597 0.0107594 2.3029e-17 0.00754899 0.0107558 0.01016 0.00701304 0.0100956 2.29003e-17 0.00810747 0.0113991 2.38176e-17 0.00870271 0.0120059 0.01016 0.00810962 0.0113957 0.01016 0.00601285 0.00871915 2.33481e-17 0.00601638 0.00871642 0.01016 0.00554218 0.00801019 0.01016 0.00650589 0.00941218 0.01016 0.00650301 0.00941467 2.30109e-17 0.00701547 0.0100934 0.01016 0.00418045 0.00585184 0.01016 0.00462485 0.00657729 2.29639e-17 0.00462786 0.00657539 0.01016 0.00508026 0.00729583 0.01016 0.00507766 0.00729754 2.41901e-17 0.00553928 0.0080122 2.38196e-17 0.00373467 0.00512726 0.01016 0.00328832 0.00440298 0.01016 0.00328645 0.00440417 2.22202e-17 0.00373346 0.00512799 2.12154e-17 0.00237205 0.00296932 2.02879e-17 0.00237303 0.00296862 0.01016 0.00189281 0.0022665 1.85682e-17 0.00283436 0.00368351 2.26935e-17 0.00283626 0.00368217 0.01016 0.00139245 0.00157863 1.75999e-17 0.000863419 0.000912042 0.01016 0.000862939 0.000912529 1.77096e-17 0.00139668 0.00157419 0.01016 -0.00101904 -0.000799074 1.89007e-17 -0.000335376 -0.000290822 1.81301e-17 -0.000337827 -0.000293369 0.01016 0.000291996 0.000279802 0.01016 0.000288522 0.000286019 1.77621e-17 -0.00253077 -0.00157734 0.01016 -0.00252537 -0.00158553 1.39783e-17 -0.00175802 -0.0012234 0.01016 -0.0010217 -0.000796619 0.01016 -0.00175238 -0.00122782 1.63574e-17 -0.0041374 -0.00213311 0.01016 -0.00495381 -0.00237251 0.01016 -0.00495064 -0.0023828 1.3901e-17 -0.00332515 -0.00187988 1.41938e-17 -0.00332629 -0.00187676 0.01016 -0.00413456 -0.00214122 1.41746e-17 -0.00815976 -0.00350653 0.01016 -0.0089208 -0.00388494 1.10207e-17 -0.00815856 -0.00350735 1.23469e-17 -0.00657806 -0.00287979 0.01016 -0.00657625 -0.0028845 1.14242e-17 -0.0057687 -0.00261753 0.01016 -0.0135021 -0.0076404 0.01016 -0.0140506 -0.00829022 0.01016 -0.0140507 -0.0082899 6.53921e-18 -0.011707 -0.00582709 9.32352e-18 -0.0110536 -0.00528277 0.01016 -0.0117074 -0.00582838 0.01016 -0.0150142 -0.00954794 9.54424e-06 -0.0147977 -0.00925214 0.0101577 -0.0150142 -0.00954796 0.0101505 -0.0147977 -0.00925213 2.27299e-06 -0.0152271 -0.00984621 0.0101373 -0.0152271 -0.00984619 2.27516e-05 -0.0154364 -0.0101466 0.0101167 -0.0156419 -0.0104487 7.35209e-05 -0.0154364 -0.0101466 4.33469e-05 -0.0158437 -0.0107521 0.0100457 -0.0160418 -0.0110565 0.00999532 -0.0160419 -0.0110565 0.000164695 -0.0158438 -0.0107521 0.00011433 -0.0156419 -0.0104487 0.0100864 -0.0166131 -0.011971 0.000380197 -0.0164266 -0.0116665 0.00986319 -0.0166131 -0.011971 0.00977982 -0.0164267 -0.0116665 0.000296841 -0.0162362 -0.0113615 0.000225299 -0.0162362 -0.0113615 0.00993471 -0.0171442 -0.0128706 0.000721487 -0.0169725 -0.0125746 0.000589864 -0.0169725 -0.0125747 0.00957023 -0.0167952 -0.0122742 0.00968302 -0.0167953 -0.0122742 0.000477083 -0.0174651 -0.0134374 0.00910307 -0.017465 -0.0134372 0.00105708 -0.017309 -0.0131596 0.00928439 -0.0171442 -0.0128707 0.00943855 -0.017309 -0.0131595 0.000875679 -0.0177358 -0.0139292 0.00863475 -0.017834 -0.0141107 0.00182717 -0.0177357 -0.013929 0.0015253 -0.0176093 -0.0136979 0.00888907 -0.0176091 -0.0136975 0.00127122 -0.0178996 -0.0142329 0.00254 -0.0178344 -0.0141115 0.00833251 -0.0178996 -0.0142329 0.00762 -0.017889 -0.0142131 0.00217374 -0.0178881 -0.0142114 0.00798567 -0.0145774 -0.00895899 7.10543e-18 -0.0145774 -0.00895899 0.01016 -0.0129317 -0.00700983 0.01016 -0.0135022 -0.00763956 7.64952e-18 -0.0129298 -0.00701083 9.09734e-18 -0.0123332 -0.00640527 0.01016 -0.0123322 -0.00640504 1.01604e-17 -0.0110532 -0.00528261 9.10203e-18 -0.0103711 -0.00477486 0.01016 -0.0103704 -0.00477459 1.03063e-17 -0.00965878 -0.00430759 1.03225e-17 -0.00966046 -0.00430733 0.01016 -0.00892217 -0.00388369 0.01016 -0.00737715 -0.00317293 0.01016 -0.00737493 -0.00317635 1.11635e-17 -0.00576685 -0.00262274 1.3033e-17 0.00189622 0.00226367 0.01016 0.0041782 0.00585321 2.07927e-17 0.0107146 0.0135697 2.67289e-17 0.0133478 0.0346333 0.00254 0.0156411 0.014511 0.00762 0.0156411 0.014511 0.00254 0.0133478 0.0346333 0.00762 -0.00832704 0.0346333 0.01016 -0.0145774 -0.00895899 0.01016 -0.0140506 -0.00829022 0.01016 0.0107913 0.0346333 0.01016 0.011469 0.0139594 0.01016 0.0122621 0.0142681 0.01016 -0.0135021 -0.0076404 0.01016 -0.0129317 -0.00700983 0.01016 -0.0123332 -0.00640527 0.01016 -0.0117074 -0.00582838 0.01016 -0.0110536 -0.00528277 0.01016 -0.0103711 -0.00477486 0.01016 -0.00966046 -0.00430733 0.01016 -0.00892217 -0.00388369 0.01016 -0.00815976 -0.00350653 0.01016 -0.00737715 -0.00317293 0.01016 -0.00657806 -0.00287979 0.01016 -0.0057687 -0.00261753 0.01016 -0.00495381 -0.00237251 0.01016 -0.0041374 -0.00213311 0.01016 -0.00332629 -0.00187676 0.01016 -0.000337827 -0.000293369 0.01016 0.000291996 0.000279802 0.01016 0.000863419 0.000912042 0.01016 0.00139668 0.00157419 0.01016 -0.00253077 -0.00157734 0.01016 -0.00175802 -0.0012234 0.01016 -0.0010217 -0.000796619 0.01016 0.00189622 0.00226367 0.01016 0.00237303 0.00296862 0.01016 0.00283626 0.00368217 0.01016 0.00328832 0.00440298 0.01016 0.00373467 0.00512726 0.01016 0.00418045 0.00585184 0.01016 0.00462786 0.00657539 0.01016 0.00508026 0.00729583 0.01016 0.00554218 0.00801019 0.01016 0.00601638 0.00871642 0.01016 0.00650589 0.00941218 0.01016 0.00701547 0.0100934 0.01016 0.00754899 0.0107558 0.01016 0.00810962 0.0113957 0.01016 0.00933286 0.0125768 0.01016 0.00870271 0.0120059 0.01016 0.0107146 0.0135685 0.01016 0.0100023 0.0131019 0.01016 0.0130881 0.014481 0.01016 -0.0140507 -0.0082899 6.53921e-18 -0.0145774 -0.00895899 7.10543e-18 -0.00832704 0.0346333 0 -0.00332515 -0.00187988 1.41938e-17 0.00237205 0.00296932 2.02879e-17 -0.00657625 -0.0028845 1.14242e-17 -0.00737493 -0.00317635 1.11635e-17 -0.00965878 -0.00430759 1.03225e-17 -0.0103704 -0.00477459 1.03063e-17 -0.0129298 -0.00701083 9.09734e-18 -0.0135022 -0.00763956 7.64952e-18 -0.011707 -0.00582709 9.32352e-18 -0.0123322 -0.00640504 1.01604e-17 -0.0110532 -0.00528261 9.10203e-18 -0.00815856 -0.00350735 1.23469e-17 -0.0089208 -0.00388494 1.10207e-17 -0.00495064 -0.0023828 1.3901e-17 -0.00576685 -0.00262274 1.3033e-17 -0.00413456 -0.00214122 1.41746e-17 -0.000335376 -0.000290822 1.81301e-17 0.000862939 0.000912529 1.77096e-17 0.000288522 0.000286019 1.77621e-17 0.00139245 0.00157863 1.75999e-17 -0.00175238 -0.00122782 1.63574e-17 -0.00252537 -0.00158553 1.39783e-17 -0.00101904 -0.000799074 1.89007e-17 0.00189281 0.0022665 1.85682e-17 0.00283436 0.00368351 2.26935e-17 0.00373346 0.00512799 2.12154e-17 0.00328645 0.00440417 2.22202e-17 0.00462485 0.00657729 2.29639e-17 0.0041782 0.00585321 2.07927e-17 0.00553928 0.0080122 2.38196e-17 0.00507766 0.00729754 2.41901e-17 0.00650301 0.00941467 2.30109e-17 0.00601285 0.00871915 2.33481e-17 0.00754597 0.0107594 2.3029e-17 0.00701304 0.0100956 2.29003e-17 0.0107913 0.0346333 0 0.00810747 0.0113991 2.38176e-17 0.00933129 0.0125815 2.61192e-17 0.00870152 0.0120078 2.4976e-17 0.0107146 0.0135697 2.67289e-17 0.0100021 0.0131064 2.63192e-17 0.0122622 0.0142681 2.98201e-17 0.0114709 0.013964 2.9768e-17 0.0130881 0.014481 2.66454e-17 -0.0100217 0.0346333 0.00971879 -0.0167952 -0.0122742 0.00968302 -0.0166131 -0.011971 0.00977982 -0.0102428 0.0346333 0.00953335 -0.00977485 0.0346333 0.00987057 -0.0164266 -0.0116665 0.00986319 -0.0162362 -0.0113615 0.00993471 -0.00950475 0.0346333 0.00999024 -0.0160418 -0.0110565 0.00999532 -0.0158437 -0.0107521 0.0100457 -0.0169725 -0.0125747 0.00957023 -0.0156419 -0.0104487 0.0100864 -0.00921742 0.0346333 0.0100776 -0.0154364 -0.0101466 0.0101167 -0.00895954 0.0346333 0.0101244 -0.00866663 0.0346333 0.010151 -0.0152271 -0.00984621 0.0101373 -0.0147977 -0.00925214 0.0101577 -0.0150142 -0.00954796 0.0101505 -0.0145774 -0.00895899 0.01016 -0.00832704 0.0346333 0.01016 -0.0171442 -0.0128707 0.00943855 -0.0104339 0.0346333 0.00931558 -0.0174651 -0.0134374 0.00910307 -0.017309 -0.0131596 0.00928439 -0.0105942 0.0346333 0.00906345 -0.0176093 -0.0136979 0.00888907 -0.0177358 -0.0139292 0.00863475 -0.0107195 0.0346333 0.00878942 -0.0108087 0.0346333 0.00850113 -0.0178344 -0.0141115 0.00833251 -0.0108626 0.0346333 0.00822111 -0.0178881 -0.0142114 0.00798567 -0.0178996 -0.0142329 0.00762 -0.0108859 0.0346333 0.00795279 -0.010893 0.0346333 0.00762 -0.0102471 0.0346333 0.000630789 -0.0100254 0.0346333 0.000443802 -0.0167953 -0.0122742 0.000477083 -0.0104365 0.0346333 0.000847882 -0.0171442 -0.0128706 0.000721487 -0.017309 -0.0131595 0.000875679 -0.0169725 -0.0125746 0.000589864 -0.0178996 -0.0142329 0.00254 -0.010893 0.0346333 0.00254 -0.0108836 0.0346333 0.00219873 -0.017465 -0.0134372 0.00105708 -0.0105924 0.0346333 0.00109159 -0.0108064 0.0346333 0.0016451 -0.017834 -0.0141107 0.00182717 -0.0108555 0.0346333 0.00190415 -0.0177357 -0.013929 0.0015253 -0.017889 -0.0142131 0.00217374 -0.0107159 0.0346333 0.0013594 -0.0176091 -0.0136975 0.00127122 -0.00976849 0.0346333 0.000287081 -0.0166131 -0.011971 0.000380197 -0.0164267 -0.0116665 0.000296841 -0.0162362 -0.0113615 0.000225299 -0.00949162 0.0346333 0.000165569 -0.0160419 -0.0110565 0.000164695 -0.00920384 0.0346333 8.02885e-05 -0.0158438 -0.0107521 0.00011433 -0.0156419 -0.0104487 7.35209e-05 -0.0154364 -0.0101466 4.33469e-05 -0.0152271 -0.00984619 2.27516e-05 -0.00892558 0.0346333 2.89653e-05 -0.00865861 0.0346333 6.82113e-06 -0.0150142 -0.00954794 9.54424e-06 -0.0147977 -0.00925213 2.27299e-06 -0.00832704 0.0346333 0 -0.0145774 -0.00895899 7.10543e-18 0.0149929 0.0145863 0.00952501 0.0127062 0.0346333 0.00952737 0.0147662 0.0145988 0.00971484 0.0145142 0.0146053 0.00986965 0.0124854 0.0346333 0.00971474 0.0122296 0.0346333 0.00987181 0.0142445 0.0146048 0.00999073 0.0119536 0.0346333 0.00999368 0.0139621 0.0145924 0.0100773 0.0136723 0.0145677 0.0101312 0.0116665 0.0346333 0.0100793 0.0130881 0.014481 0.01016 0.0133798 0.0145306 0.0101556 0.0111223 0.0346333 0.0101531 0.0113888 0.0346333 0.0101309 0.0107913 0.0346333 0.01016 0.0128946 0.0346333 0.00930996 0.0151871 0.0145699 0.00930217 0.0130495 0.0346333 0.00906621 0.0153461 0.0145528 0.00905307 0.0131721 0.0346333 0.00879861 0.0132619 0.0346333 0.00851322 0.0154685 0.0145367 0.00878378 0.0156116 0.0145168 0.00821089 0.0155564 0.0145242 0.00850152 0.015637 0.0145127 0.00791599 0.0133106 0.0346333 0.00825466 0.0133384 0.0346333 0.00796065 0.0156411 0.014511 0.00762 0.0133478 0.0346333 0.00762 0.0128917 0.0346333 0.000846259 0.0151866 0.0145696 0.000859148 0.0149934 0.0145857 0.000635668 0.0130511 0.0346333 0.00109848 0.0153445 0.0145526 0.00110871 0.0131756 0.0346333 0.00137243 0.0127018 0.0346333 0.000628379 0.0155564 0.0145243 0.0016588 0.0154677 0.0145363 0.00137691 0.0132641 0.0346333 0.00166039 0.0156112 0.0145169 0.00194938 0.0133176 0.0346333 0.00193996 0.0133407 0.0346333 0.00220779 0.0133478 0.0346333 0.00254 0.0156368 0.0145127 0.00224411 0.0156411 0.014511 0.00254 0.0147676 0.0145986 0.000444576 0.0145164 0.0146054 0.000288211 0.0124818 0.0346333 0.000442734 0.0142454 0.0146044 0.000168261 0.0122359 0.0346333 0.000290551 0.0119666 0.0346333 0.000170461 0.0139624 0.0145924 8.25887e-05 0.0136725 0.0145677 2.86483e-05 0.01168 0.0346333 8.27488e-05 0.0133799 0.0145306 3.97876e-06 0.0114226 0.0346333 3.5787e-05 0.0111303 0.0346333 9.02139e-06 0.0130881 0.014481 2.66454e-17 0.0107913 0.0346333 0</float_array>
          <technique_common>
            <accessor count="452" source="#ID33" stride="3">
              <param name="X" type="float"/>
              <param name="Y" type="float"/>
              <param name="Z" type="float"/>
            </accessor>
          </technique_common>
        </source>
        <source id="ID34">
          <float_array count="1356" id="ID35">0 1 0 0 1 0 0 1 0 0 1 0 0 1 0 0 1 0 0 1 0 0 1 0 0 1 0 0 1 0 0 1 0 0 1 0 0 1 0 0 1 0 0 1 0 0 1 0 0 1 0 0 1 0 0 1 0 0 1 0 0 1 0 0 1 0 0 1 0 0 1 0 0 1 0 0 1 0 0 1 0 0 1 0 0 1 0 0 1 0 0 1 0 0 1 0 0 1 0 0 1 0 0 1 0 0 1 0 0 1 0 0 1 0 0 1 0 0 1 0 0 1 0 0 1 0 0 1 0 0 1 0 0 1 0 0 1 0 0 1 0 0 1 0 0 1 0 0 1 0 0 1 0 0 1 0 0 1 0 0 1 0 0 1 0 0 1 0 0 1 0 0 1 0 0 1 0 0 1 0 -0.989877 0.141931 0 -0.989877 0.141931 0 -0.989877 0.141931 0 -0.989877 0.141931 0 -0.154356 -0.988015 -0 -0.153636 -0.988128 -0 -0.150827 -0.98856 -0 0.188839 -0.982008 0 0.306465 -0.951882 0 0.188839 -0.982008 0 -0.150573 -0.988599 -0 -0.154356 -0.988015 -0 -0.144255 -0.989541 -0 -0.153625 -0.988129 -0 -0.133446 -0.991056 -0 -0.14446 -0.989511 -0 -0.133414 -0.99106 -0 -0.117817 -0.993035 -0 -0.0986171 -0.995125 -0 -0.118039 -0.993009 -0 -0.0982514 -0.995162 -0 -0.0749503 -0.997187 -0 -0.0744785 -0.997223 -0 -0.0460876 -0.998937 -0 -0.0466228 -0.998913 -0 -0.0137743 -0.999905 -0 -0.0131724 -0.999913 -0 0.0242579 -0.999706 0 0.0242406 -0.999706 0 0.0641493 -0.99794 0 0.0645081 -0.997917 0 0.102427 -0.99474 0 0.10415 -0.994562 0 0.142471 -0.989799 0 0.142871 -0.989741 0 0.413849 -0.910345 0 0.413475 -0.910515 0 0.306472 -0.95188 0 0.646459 -0.762949 0 0.696227 -0.717821 0 0.646455 -0.762952 0 0.50672 -0.862111 0 0.584009 -0.811747 0 0.583906 -0.811821 0 0.766507 -0.642236 0 0.766441 -0.642315 0 0.790813 -0.612058 0 0.735544 -0.677477 0 0.696198 -0.71785 0 0.735499 -0.677526 0 0.824537 -0.565809 0 0.824488 -0.56588 0 0.835642 -0.549275 0 0.809777 -0.586738 0 0.809825 -0.586671 0 0.790762 -0.612123 0 0.851905 -0.523696 0 0.849122 -0.528196 0 0.849107 -0.528221 0 0.843742 -0.536749 0 0.843762 -0.536717 0 0.835674 -0.549225 0 0.852125 -0.523339 0 0.849578 -0.527463 0 0.849568 -0.527479 0 0.852123 -0.523341 0 0.834116 -0.551589 0 0.834131 -0.551567 0 0.819138 -0.573597 0 0.84382 -0.536626 0 0.84384 -0.536595 0 0.796779 -0.604271 0 0.763445 -0.645873 0 0.763426 -0.645895 0 0.796913 -0.604094 0 0.54833 -0.836262 0 0.636942 -0.770912 0 0.63644 -0.771326 0 0.712648 -0.701522 0 0.712486 -0.701687 0 0.379715 -0.925104 0 0.380212 -0.924899 0 0.458148 -0.888876 0 0.547964 -0.836502 0 0.45888 -0.888498 0 0.288906 -0.957357 0 0.280328 -0.959904 0 0.280319 -0.959907 0 0.322051 -0.946722 0 0.321992 -0.946742 0 0.288974 -0.957337 0 0.41685 -0.908975 0 0.470437 -0.882434 0 0.416805 -0.908996 0 0.323564 -0.946206 0 0.323498 -0.946229 0 0.293286 -0.956025 0 0.752793 -0.658257 0 0.775736 -0.631058 0 0.775738 -0.631055 0 0.660028 -0.751241 0 0.619449 -0.785037 0 0.660008 -0.751259 0 0.810492 -0.58575 0 0.803254 -0.595637 0 0.810491 -0.585752 0 0.803255 -0.595636 0 0.817301 -0.576211 0 0.817302 -0.57621 0 0.823713 -0.567007 0 0.829749 -0.558137 0 0.823713 -0.567006 0 0.835431 -0.549595 0 0.840784 -0.541371 0 0.840784 -0.541371 0 0.835431 -0.549595 0 0.829749 -0.558137 0 0.855046 -0.518551 0 0.850575 -0.525853 0 0.855047 -0.51855 0 0.850576 -0.525853 0 0.845826 -0.533458 0 0.845826 -0.533459 0 0.866882 -0.498513 0 0.863197 -0.504866 0 0.863198 -0.504866 0 0.859253 -0.511551 0 0.859253 -0.511551 0 0.873432 -0.486947 0 0.87343 -0.48695 0 0.8703 -0.492521 0 0.866882 -0.498513 0 0.8703 -0.492522 0 0.878632 -0.477499 0 0.880449 -0.474141 0 0.87863 -0.477502 0 0.876238 -0.481879 0 0.876234 -0.481886 0 0.881643 -0.471916 0 0.880456 -0.474127 0 0.881643 -0.471916 0 0.881451 -0.472276 0 0.881435 -0.472306 0 0.795561 -0.605874 0 0.795561 -0.605874 0 0.726324 -0.687353 0 0.752818 -0.658229 0 0.726236 -0.687445 0 0.695527 -0.7185 0 0.695497 -0.718529 0 0.619442 -0.785042 0 0.573793 -0.819 0 0.573778 -0.819011 0 0.523612 -0.851957 0 0.52367 -0.851921 0 0.470506 -0.882397 0 0.366388 -0.930462 0 0.366305 -0.930495 0 0.293243 -0.956038 0 0.819216 -0.573485 0 0.851909 -0.523689 0 0.506689 -0.862129 0 0.993568 0.113238 0 0.993568 0.113238 0 0.993568 0.113238 0 0.993568 0.113238 0 0 0 1 0 0 1 0 0 1 0 0 1 0 0 1 0 0 1 0 0 1 0 0 1 0 0 1 0 0 1 0 0 1 0 0 1 0 0 1 0 0 1 0 0 1 0 0 1 0 0 1 0 0 1 0 0 1 0 0 1 0 0 1 0 0 1 0 0 1 0 0 1 0 0 1 0 0 1 0 0 1 0 0 1 0 0 1 0 0 1 0 0 1 0 0 1 0 0 1 0 0 1 0 0 1 0 0 1 0 0 1 0 0 1 0 0 1 0 0 1 0 0 1 0 0 1 0 0 1 0 0 1 0 0 1 0 0 1 0 0 1 -0 -0 -1 -0 -0 -1 -0 -0 -1 -0 -0 -1 -0 -0 -1 -0 -0 -1 -0 -0 -1 -0 -0 -1 -0 -0 -1 -0 -0 -1 -0 -0 -1 -0 -0 -1 -0 -0 -1 -0 -0 -1 -0 -0 -1 -0 -0 -1 -0 -0 -1 -0 -0 -1 -0 -0 -1 -0 -0 -1 -0 -0 -1 -0 -0 -1 -0 -0 -1 -0 -0 -1 -0 -0 -1 -0 -0 -1 -0 -0 -1 -0 -0 -1 -0 -0 -1 -0 -0 -1 -0 -0 -1 -0 -0 -1 -0 -0 -1 -0 -0 -1 -0 -0 -1 -0 -0 -1 -0 -0 -1 -0 -0 -1 -0 -0 -1 -0 -0 -1 -0 -0 -1 -0 -0 -1 -0 -0 -1 -0 -0 -1 -0 -0 -1 -0 -0 -1 -0 -0 -1 -0.578841 0.0829956 0.811206 -0.604362 0.0866549 0.791983 -0.535244 0.0767445 0.841204 -0.697064 0.0999467 0.710009 -0.459105 0.0658275 0.88594 -0.468705 0.0672041 0.880794 -0.404265 0.0579644 0.912803 -0.343421 0.0492405 0.93789 -0.341586 0.0489774 0.938574 -0.280199 0.0401756 0.959101 -0.674823 0.0967577 0.731609 -0.219838 0.0315208 0.975027 -0.232165 0.0332884 0.972107 -0.160475 0.0230093 0.986772 -0.126721 0.0181696 0.991772 -0.0391613 0.00561505 0.999217 -0.103677 0.0148655 0.9945 -0.0152769 0.00219043 0.999881 -0.0531104 0.00761509 0.99856 1.47726e-18 1.0303e-17 1 0 0 1 -0.743644 0.106625 0.660019 -0.798779 0.114531 0.590623 -0.862578 0.123678 0.490574 -0.80699 0.115708 0.57912 -0.874517 0.12539 0.468505 -0.909619 0.130423 0.39444 -0.947519 0.135857 0.289397 -0.927033 0.13292 0.35063 -0.961579 0.137874 0.237394 -0.974849 0.139776 0.173585 -0.981452 0.140723 0.130189 -0.988175 0.141687 0.0586073 -0.989877 0.141931 -1.15616e-11 -0.989066 0.141815 0.0404717 -0.989877 0.141931 8.83682e-13 -0.697046 0.0999442 -0.710026 -0.578726 0.0829791 -0.81129 -0.60441 0.0866617 -0.791946 -0.798777 0.114531 -0.590625 -0.74365 0.106626 -0.660012 -0.807014 0.115712 -0.579084 -0.674834 0.0967593 -0.731599 -0.989877 0.141931 1.10843e-12 -0.989877 0.141931 -7.29454e-12 -0.989066 0.141815 -0.0404653 -0.862628 0.123686 -0.490484 -0.87428 0.125356 -0.468957 -0.961448 0.137855 -0.237937 -0.974848 0.139776 -0.17359 -0.981442 0.140721 -0.130265 -0.947544 0.135861 -0.289314 -0.988165 0.141685 -0.0587775 -0.926763 0.132882 -0.351358 -0.909693 0.130434 -0.394266 -0.458558 0.0657491 -0.886229 -0.535276 0.0767491 -0.841183 -0.468724 0.0672068 -0.880784 -0.404278 0.0579663 -0.912797 -0.34284 0.0491573 -0.938107 -0.3416 0.0489794 -0.938568 -0.231709 0.033223 -0.972218 -0.280202 0.0401761 -0.9591 -0.219878 0.0315267 -0.975018 -0.160498 0.0230125 -0.986768 -0.103672 0.0148648 -0.9945 -0.126559 0.0181463 -0.991793 -0.0392685 0.00563041 -0.999213 -0.0531092 0.00761492 -0.99856 -0.0152756 0.00219025 -0.999881 0 0 -1 0 0 -1 0.702477 0.0800618 0.707188 0.700723 0.0798618 0.70895 0.584304 0.0665935 0.808798 0.463978 0.0528799 0.884267 0.581993 0.0663301 0.810484 0.461246 0.0525685 0.885714 0.347713 0.0396291 0.936763 0.344916 0.0393103 0.93781 0.235571 0.0268481 0.971486 0.12906 0.014709 0.991528 0.233172 0.0265748 0.972072 0 0 1 0.0399502 0.00455315 0.999191 0.0395515 0.0045077 0.999207 0.127403 0.0145202 0.991745 2.11169e-18 -1.85283e-17 1 0.802568 0.0914691 0.589507 0.803661 0.0915937 0.587997 0.878058 0.100073 0.467974 0.878755 0.100152 0.466646 0.930515 0.106051 0.350563 0.965178 0.110002 0.237342 0.930846 0.106089 0.349672 0.985144 0.112277 0.129945 0.96526 0.110011 0.237004 0.992759 0.113145 0.0403435 0.98515 0.112278 0.129893 0.99276 0.113145 0.0403314 0.993568 0.113238 9.13682e-12 0.993568 0.113238 1.24648e-11 0.802573 0.0914697 -0.5895 0.803601 0.0915869 -0.588079 0.70264 0.0800803 -0.707025 0.878299 0.1001 -0.467515 0.878572 0.100131 -0.466995 0.930787 0.106082 -0.349832 0.70074 0.0798637 -0.708933 0.965201 0.110004 -0.237249 0.930725 0.106075 -0.349998 0.96531 0.110017 -0.236799 0.985129 0.112276 -0.130054 0.98516 0.112279 -0.129817 0.992759 0.113145 -0.0403378 0.993568 0.113238 8.8424e-12 0.992759 0.113145 -0.0403339 0.993568 0.113238 9.5205e-12 0.584197 0.0665813 -0.808876 0.463611 0.0528381 -0.884462 0.582103 0.0663427 -0.810404 0.347343 0.0395869 -0.936902 0.461794 0.052631 -0.885424 0.345499 0.0393768 -0.937592 0.235381 0.0268265 -0.971533 0.128974 0.0146992 -0.991539 0.233631 0.0266271 -0.971961 0.0399624 0.00455454 -0.999191 0.127568 0.014539 -0.991723 0.0394407 0.00449508 -0.999212 -1.54272e-12 -1.75825e-13 -1 -6.00911e-14 -6.84862e-15 -1</float_array>
          <technique_common>
            <accessor count="452" source="#ID35" stride="3">
              <param name="X" type="float"/>
              <param name="Y" type="float"/>
              <param name="Z" type="float"/>
            </accessor>
          </technique_common>
        </source>
        <vertices id="ID36">
          <input semantic="POSITION" source="#ID32"/>
          <input semantic="NORMAL" source="#ID34"/>
        </vertices>
        <triangles count="432" material="ID37">
          <input offset="0" semantic="VERTEX" source="#ID36"/>
          <p>0 1 2 3 4 5 4 6 5 3 1 0 0 4 3 7 8 1 8 2 1 9 1 10 9 7 1 1 11 12 10 1 12 11 1 13 1 14 15 15 13 1 16 14 17 18 19 20 21 20 19 18 22 14 14 19 18 23 24 14 23 14 22 14 16 25 17 14 24 26 14 27 14 25 27 28 14 29 14 26 29 15 28 30 15 14 28 28 31 30 32 33 34 35 34 36 37 38 39 38 40 35 34 35 40 40 38 37 33 41 34 41 36 34 42 34 43 32 34 42 34 44 45 43 34 45 34 31 44 34 46 31 47 48 49 31 46 30 48 50 46 50 48 47 46 51 52 50 51 46 46 53 54 52 53 46 46 55 56 54 55 46 46 57 58 56 57 46 30 46 59 58 59 46 60 61 62 61 60 63 64 65 66 67 68 69 64 66 70 71 64 70 70 66 72 71 70 73 74 72 75 66 75 72 74 76 77 76 74 75 78 77 79 77 76 79 80 78 81 78 80 77 82 80 81 83 82 84 81 84 82 83 85 86 85 83 84 85 87 88 88 86 85 89 90 87 88 87 90 90 91 92 91 90 89 93 94 92 92 91 93 94 93 69 95 96 97 93 67 69 98 99 100 101 102 103 104 105 106 107 108 109 110 111 112 113 114 115 116 117 118 119 120 121 122 123 124 125 116 122 126 127 128 126 129 130 131 132 133 131 128 134 135 136 137 138 139 132 140 141 142 143 144 135 145 146 147 148 149 150 151 152 153 154 155 156 157 158 159 160 161 162 163 164 165 164 163 166 165 167 168 168 163 165 169 170 171 168 167 171 172 173 174 175 176 172 177 178 179 180 181 182 183 184 185 186 187 179 188 189 190 191 192 183 193 194 195 188 196 197 198 199 200 198 194 199 201 194 198 199 194 193 202 200 199 197 196 195 196 193 195 189 192 190 188 197 189 183 185 191 192 191 190 186 184 187 185 184 186 180 178 177 187 177 179 173 182 181 182 178 180 172 174 175 173 181 174 170 169 176 170 176 175 169 171 167 166 203 204 164 166 204 159 158 203 204 203 158 205 157 206 157 159 206 205 207 208 207 205 206 209 162 208 208 207 209 160 210 161 209 160 162 211 210 212 210 211 161 212 213 214 214 211 212 152 215 213 214 213 215 153 216 151 152 151 215 216 153 217 217 155 154 154 216 217 218 146 156 218 156 155 147 150 145 218 147 146 148 140 149 150 149 145 144 142 141 141 140 148 137 143 135 143 142 144 136 139 138 136 138 137 132 131 134 133 132 139 128 127 219 219 134 128 130 129 123 130 127 126 124 125 122 129 124 123 116 220 117 116 125 220 118 120 119 117 120 118 121 110 112 121 112 119 114 113 111 114 111 110 106 105 115 106 115 114 107 109 104 109 105 104 98 108 99 108 107 99 102 100 103 98 100 102 101 221 95 103 221 101 97 96 68 95 221 96 68 67 97 222 223 224 223 222 225 226 227 228 229 230 231 228 232 226 226 233 234 232 233 226 226 235 236 234 235 226 226 237 238 236 237 226 226 239 240 238 239 226 226 241 242 240 241 226 226 243 244 242 243 226 226 245 246 244 245 226 247 248 249 250 251 252 252 253 249 249 253 247 251 250 254 252 249 250 254 255 246 246 251 254 226 255 256 255 226 246 226 257 258 256 257 226 226 259 260 258 259 226 226 261 262 260 261 226 226 263 264 262 263 226 226 265 266 264 265 226 229 226 267 266 267 226 268 229 269 229 267 269 270 229 271 229 268 271 231 272 229 229 270 230 273 274 275 276 275 277 278 279 275 280 281 275 282 283 275 275 283 273 284 285 275 275 285 282 275 281 286 275 286 284 275 287 288 280 275 288 287 275 279 275 289 290 278 275 290 275 276 291 289 275 291 292 293 294 295 296 297 296 293 298 293 292 298 297 299 295 296 295 293 299 297 276 277 275 300 299 276 277 275 301 302 300 275 302 275 303 304 301 275 304 275 305 306 303 275 306 275 307 308 305 275 308 275 309 310 307 275 310 311 312 275 309 275 312 313 314 311 311 314 312 315 316 311 311 316 313 317 318 311 311 318 315 319 317 311 320 321 322 320 323 321 320 322 324 325 326 324 325 324 322 327 326 328 326 327 324 329 327 328 323 330 321 329 331 332 332 327 329 332 333 334 333 332 331 335 334 336 333 336 334 337 335 338 335 336 338 337 339 340 340 335 337 323 341 330 323 342 341 342 343 344 341 342 344 343 345 346 345 343 342 347 346 348 345 348 346 349 350 347 347 348 349 350 351 352 351 350 349 353 352 354 351 354 352 353 354 355 356 357 358 359 360 361 362 360 356 363 364 365 366 367 359 368 369 370 368 371 369 372 370 369 370 372 365 373 371 368 372 363 365 374 373 367 373 374 371 359 361 366 367 366 374 362 356 358 356 360 359 375 376 357 357 376 358 377 376 375 378 377 375 378 379 380 379 378 375 381 382 379 380 379 382 383 381 384 383 382 381 385 384 386 381 386 384 387 388 385 385 386 387 389 387 390 387 389 388 389 390 391 392 393 394 395 394 396 393 396 394 397 398 395 395 396 397 398 399 400 399 398 397 401 400 402 399 402 400 403 404 405 401 402 406 405 404 406 405 407 403 406 404 401 392 408 393 409 410 408 408 392 409 410 411 412 411 410 409 413 412 414 411 414 412 415 413 416 413 414 416 415 417 418 418 413 415 419 417 420 417 419 418 419 420 421 422 423 424 425 426 423 423 422 425 426 425 427 428 422 424 427 429 430 426 427 430 429 431 432 431 429 427 432 433 434 431 433 432 435 436 434 432 434 436 437 436 435 438 428 424 439 440 438 428 438 440 439 441 442 442 440 439 443 441 444 441 443 442 445 446 444 443 444 446 445 447 448 448 446 445 449 447 450 447 449 448 449 450 451</p>
        </triangles>
      </mesh>
    </geometry>
    <geometry id="ID38">
      <mesh>
        <source id="ID39">
          <float_array count="3690" id="ID40">0.0211565 -0.0338816 0.00254 0.0225377 -0.046001 0.00762 0.0225377 -0.046001 0.00254 0.0211565 -0.0338816 0.00762 -0.0185668 -0.034131 0.0101517 -0.0185668 -0.034131 0.01016 -0.0181863 -0.0341286 0.01016 -0.0185668 -0.034131 8.26759e-06 -0.0181863 -0.0341286 -3.55271e-18 -0.0185668 -0.034131 -1.77636e-18 0.0205107 -0.0338856 0.000628436 0.0186019 -0.0338976 -3.55271e-18 0.020701 -0.0338844 0.000846602 0.019234 -0.0338936 3.61168e-05 0.0189406 -0.0338955 9.02919e-06 0.0194957 -0.033892 8.46842e-05 0.0197703 -0.0338903 0.000169372 0.020046 -0.0338885 0.000290961 0.020291 -0.033887 0.000443144 0.0208594 -0.0338834 0.00109606 0.020985 -0.0338826 0.00137263 0.0210729 -0.0338821 0.0016569 0.0211276 -0.0338817 0.0019468 0.0211494 -0.0338816 0.0022079 0.0211565 -0.0338816 0.00254 0.0186019 -0.0338976 0.01016 0.0211471 -0.0338816 0.00796053 0.0211565 -0.0338816 0.00762 0.0207038 -0.0338844 0.00930902 0.0205159 -0.0338856 0.00952654 0.0209822 -0.0338827 0.00879216 0.0210689 -0.0338821 0.00851831 0.0189327 -0.0338955 0.0101531 0.0194803 -0.0338921 0.0100793 0.0200427 -0.0338885 0.00987067 0.020295 -0.033887 0.00971447 0.0197637 -0.0338903 0.00999415 0.0191925 -0.0338939 0.0101321 0.0208584 -0.0338834 0.00906596 0.0211191 -0.0338818 0.00825558 -0.0210651 -0.0363104 0.00762 -0.0210651 -0.0363104 0.00254 -0.0224441 -0.0459282 0.00254 -0.0224441 -0.0459282 0.00762 0.0200141 -0.0488287 0.00254 -0.0199298 -0.0488287 0.00762 -0.0199298 -0.0488287 0.00254 0.0200141 -0.0488287 0.00762 0.0186019 -0.0338976 0.01016 -0.0181863 -0.0341286 0.01016 0.0200141 -0.0462887 0.01016 -0.0199298 -0.0462887 0.01016 0.0200141 -0.0462887 0 -0.0199298 -0.0462887 0 -0.0181863 -0.0341286 -3.55271e-18 0.0186019 -0.0338976 -3.55271e-18 0.020701 -0.0338844 0.000846602 0.0222154 -0.0460376 0.00104579 0.022075 -0.0460536 0.000829998 0.0208594 -0.0338834 0.00109606 0.0223291 -0.0460247 0.00127691 0.020985 -0.0338826 0.00137263 0.0205107 -0.0338856 0.000628436 0.0210729 -0.0338821 0.0016569 0.022417 -0.0460148 0.001519 0.0211276 -0.0338817 0.0019468 0.0224795 -0.0460074 0.00176924 0.0225167 -0.0460033 0.00202431 0.0211494 -0.0338816 0.0022079 0.0211565 -0.0338816 0.00254 0.0225355 -0.0460014 0.00228126 0.0225377 -0.046001 0.00254 0.0219068 -0.046073 0.000634796 0.0217138 -0.0460951 0.000466043 0.0214999 -0.0461195 0.000323943 0.020291 -0.033887 0.000443144 0.0212698 -0.0461456 0.000209288 0.020046 -0.0338885 0.000290961 0.0197703 -0.0338903 0.000169372 0.0210284 -0.0461731 0.000121285 0.0207802 -0.0462014 5.79817e-05 0.0194957 -0.033892 8.46842e-05 0.0205265 -0.0462301 1.97604e-05 0.019234 -0.0338936 3.61168e-05 0.0189406 -0.0338955 9.02919e-06 0.0202698 -0.046259 3.75731e-06 0.0186019 -0.0338976 -3.55271e-18 0.0200141 -0.0462887 0 0.0200141 -0.0481934 0.000634937 -0.0199298 -0.0482693 0.000715442 -0.0199298 -0.0481134 0.000559501 -0.0199298 -0.0479395 0.000422355 0.0200141 -0.0479948 0.000462962 -0.0199298 -0.0477491 0.000304525 0.0200141 -0.0477727 0.000318098 0.0200141 -0.0475324 0.000201051 -0.0199298 -0.047546 0.000206552 0.0200141 -0.0472803 0.000112575 -0.0199298 -0.0473353 0.000128723 -0.0199298 -0.0471202 7.08329e-05 0.0200141 -0.0470253 5.23135e-05 -0.0199298 -0.0469058 3.21614e-05 0.0200141 -0.0467737 1.77698e-05 0.0200141 -0.046528 1.73743e-06 -0.0199298 -0.0466956 9.60266e-06 -0.0199298 -0.0464898 5.12737e-07 0.0200141 -0.0462887 0 -0.0199298 -0.0462887 0 0.0200141 -0.0483655 0.000832975 -0.0199298 -0.0484065 0.000890263 0.0200141 -0.0485105 0.00105519 -0.0199298 -0.0485242 0.00108073 -0.0199298 -0.0486222 0.00128333 0.0200141 -0.0486276 0.00129584 0.0200141 -0.0487162 0.00154702 -0.0199298 -0.0486997 0.00149505 -0.0199298 -0.0487572 0.00170946 0.0200141 -0.0487771 0.00180217 0.0200141 -0.0488125 0.00205475 -0.0199298 -0.0487963 0.00192312 0.0200141 -0.0488269 0.00230065 -0.0199298 -0.0488175 0.00213322 -0.0199298 -0.0488282 0.00233887 0.0200141 -0.0488287 0.00254 -0.0199298 -0.0488287 0.00254 -0.0201526 -0.0462567 1.23952e-06 -0.0181863 -0.0341286 -3.55271e-18 -0.0199298 -0.0462887 0 -0.020381 -0.046224 1.51417e-05 -0.0185668 -0.034131 8.26759e-06 -0.0208525 -0.0461564 9.5748e-05 -0.019356 -0.0342115 0.000163074 -0.019101 -0.0341622 8.77805e-05 -0.0206147 -0.0461905 4.42583e-05 -0.0188364 -0.0341371 3.59997e-05 -0.0200266 -0.0344921 0.000513858 -0.0198223 -0.0343788 0.000377765 -0.0215308 -0.0460591 0.000399977 -0.0195974 -0.0342845 0.000260253 -0.0210881 -0.0461226 0.00017215 -0.0213161 -0.0460899 0.000273542 -0.022048 -0.045985 0.000921688 -0.0221732 -0.045967 0.00113792 -0.0205129 -0.0349163 0.00100019 -0.0217263 -0.0460311 0.000550754 -0.0218988 -0.0460063 0.00072504 -0.0202099 -0.0346211 0.000665493 -0.0223494 -0.0459417 0.00160755 -0.0208991 -0.0355928 0.00174887 -0.0208245 -0.035418 0.0015558 -0.0207366 -0.0352465 0.00136601 -0.0206342 -0.035079 0.00118036 -0.0222738 -0.0459526 0.00136891 -0.022401 -0.0459343 0.0018471 -0.0224308 -0.0459301 0.00208398 -0.0209578 -0.0357701 0.00194467 -0.0210029 -0.0359492 0.00214217 -0.0224429 -0.0459283 0.00231491 -0.0224441 -0.0459282 0.00254 -0.0210382 -0.0361295 0.00234069 -0.0210651 -0.0363104 0.00254 -0.0203719 -0.0347632 0.000828498 -0.020737 -0.0352446 0.00879178 -0.0206342 -0.035079 0.00118036 -0.0207366 -0.0352465 0.00136601 -0.0208252 -0.0354171 0.00860299 -0.0208245 -0.035418 0.0015558 -0.0208991 -0.0355929 0.00841107 -0.0206337 -0.0350768 0.00897694 -0.0205129 -0.0349163 0.00100019 -0.0208991 -0.0355928 0.00174887 -0.0205125 -0.0349155 0.00915768 -0.0209578 -0.0357701 0.00194467 -0.0210029 -0.0359492 0.00214217 -0.020958 -0.0357715 0.00821654 -0.0210031 -0.035951 0.00801939 -0.0210382 -0.0361295 0.00234069 -0.0210651 -0.0363104 0.00254 -0.0210383 -0.0361308 0.00782044 -0.0210651 -0.0363104 0.00762 -0.0203719 -0.0347632 0.000828498 -0.0203718 -0.0347632 0.0093309 -0.02021 -0.0346214 0.00949437 -0.0202099 -0.0346211 0.000665493 -0.0200266 -0.0344921 0.000513858 -0.0200267 -0.0344923 0.00964573 -0.0198223 -0.034379 0.00978199 -0.0198223 -0.0343788 0.000377765 -0.0195975 -0.0342845 0.00989952 -0.0195974 -0.0342845 0.000260253 -0.0193558 -0.0342115 0.00999571 -0.019356 -0.0342115 0.000163074 -0.0191006 -0.0341617 0.0100703 -0.019101 -0.0341622 8.77805e-05 -0.0188361 -0.034136 0.0101228 -0.0188364 -0.0341371 3.59997e-05 -0.0185668 -0.034131 0.0101517 -0.0185668 -0.034131 8.26759e-06 0.0205159 -0.0338856 0.00952654 0.020295 -0.033887 0.00971447 0.0217092 -0.0460955 0.00969704 0.0225377 -0.046001 0.00762 0.0211565 -0.0338816 0.00762 0.022536 -0.0460012 0.00785935 0.0214886 -0.0461206 0.0098419 0.0200427 -0.0338885 0.00987067 0.0197637 -0.0338903 0.00999415 0.0212498 -0.0461478 0.00995895 0.0194803 -0.0338921 0.0100793 0.0209994 -0.0461764 0.0100474 0.0207459 -0.0462053 0.0101077 0.0191925 -0.0338939 0.0101321 0.0202519 -0.0462616 0.0101583 0.0189327 -0.0338955 0.0101531 0.0186019 -0.0338976 0.01016 0.020496 -0.0462337 0.0101422 0.0200141 -0.0462887 0.01016 0.0219066 -0.046073 0.00952506 0.0207038 -0.0338844 0.00930902 0.0220776 -0.0460535 0.00932702 0.0222216 -0.0460371 0.00910481 0.0208584 -0.0338834 0.00906596 0.0223379 -0.0460238 0.00886416 0.0209822 -0.0338827 0.00879216 0.0210689 -0.0338821 0.00851831 0.022426 -0.0460138 0.00861298 0.0224865 -0.0460069 0.00835783 0.0211191 -0.0338818 0.00825558 0.0225216 -0.0460029 0.00810525 0.0211471 -0.0338816 0.00796053 0.0219777 -0.0482155 0.00762 0.0221509 -0.0480215 0.00254 0.0221509 -0.0480215 0.00762 0.0222948 -0.0478019 0.00762 0.0222947 -0.0478024 0.00254 0.022409 -0.0475616 0.00254 0.022409 -0.0475607 0.00762 0.0224936 -0.047305 0.00254 0.0224934 -0.0473037 0.00762 0.0225485 -0.0470383 0.00762 0.0225489 -0.0470394 0.00254 0.0225767 -0.046772 0.00254 0.0225759 -0.0467714 0.00762 0.0225801 -0.0465084 0.00254 0.0225791 -0.0465085 0.00762 0.0225644 -0.0462517 0.00762 0.0225644 -0.0462517 0.00254 0.0225377 -0.046001 0.00254 0.0225377 -0.046001 0.00762 0.0219777 -0.0482155 0.00254 0.0217763 -0.0483833 0.00762 0.0217759 -0.0483833 0.00254 0.0215491 -0.0485241 0.00254 0.02155 -0.048524 0.00762 0.0213046 -0.0486371 0.00762 0.0213033 -0.0486371 0.00254 0.021047 -0.0487222 0.00762 0.0210458 -0.0487219 0.00254 0.0207838 -0.0487794 0.00254 0.0207845 -0.0487801 0.00762 0.020523 -0.0488133 0.00762 0.0205229 -0.0488123 0.00254 0.0202662 -0.0488268 0.00762 0.0202662 -0.0488268 0.00254 0.0200141 -0.0488287 0.00762 0.0200141 -0.0488287 0.00254 -0.022159 -0.0479244 0.00254 -0.0220235 -0.0481034 0.00254 -0.0220233 -0.0481036 0.00762 -0.0218659 -0.048263 0.00254 -0.0218464 -0.0482796 0.00762 -0.0216441 -0.0484314 0.00762 -0.0216869 -0.0484029 0.00254 -0.0214901 -0.0485227 0.00254 -0.0214204 -0.0485581 0.00762 -0.0212785 -0.0486219 0.00254 -0.0211799 -0.0486593 0.00762 -0.0209297 -0.0487347 0.00762 -0.0210564 -0.0487003 0.00254 -0.0208288 -0.0487581 0.00254 -0.020676 -0.0487854 0.00762 -0.0206007 -0.048797 0.00254 -0.0204237 -0.0488142 0.00762 -0.0201748 -0.0488272 0.00762 -0.0203738 -0.0488191 0.00254 -0.0201501 -0.0488279 0.00254 -0.0199298 -0.0488287 0.00762 -0.0199298 -0.0488287 0.00254 -0.0221727 -0.0479039 0.00762 -0.0222942 -0.0476821 0.00762 -0.0222721 -0.0477279 0.00254 -0.0223626 -0.0475152 0.00254 -0.0223879 -0.0474421 0.00762 -0.022454 -0.0471904 0.00762 -0.0224306 -0.0472912 0.00254 -0.0224934 -0.0469323 0.00762 -0.0224766 -0.0470607 0.00254 -0.0225019 -0.046828 0.00254 -0.0225081 -0.0466737 0.00762 -0.0225011 -0.046419 0.00762 -0.0225073 -0.0465962 0.00254 -0.0224774 -0.0461709 0.00762 -0.0224963 -0.046369 0.00254 -0.0224746 -0.0461463 0.00254 -0.0224441 -0.0459282 0.00762 -0.0224441 -0.0459282 0.00254 -0.0221089 -0.0459762 0.00914011 -0.0203718 -0.0347632 0.0093309 -0.0205125 -0.0349155 0.00915768 -0.0202223 -0.0462467 0.0101558 -0.0185668 -0.034131 0.0101517 -0.0205244 -0.0462034 0.01013 -0.0219234 -0.0460028 0.00940604 -0.0206337 -0.0350768 0.00897694 -0.020737 -0.0352446 0.00879178 -0.0222529 -0.0459556 0.00884485 -0.02021 -0.0346214 0.00949437 -0.0208252 -0.0354171 0.00860299 -0.0208991 -0.0355929 0.00841107 -0.0223542 -0.0459411 0.00853371 -0.020958 -0.0357715 0.00821654 -0.0224144 -0.0459324 0.0082206 -0.0210031 -0.035951 0.00801939 -0.02244 -0.0459288 0.00791548 -0.0224441 -0.0459282 0.00762 -0.0210383 -0.0361308 0.00782044 -0.0216978 -0.0460352 0.00963396 -0.0210651 -0.0363104 0.00762 -0.0200267 -0.0344923 0.00964573 -0.0214346 -0.0460729 0.00982137 -0.0198223 -0.034379 0.00978199 -0.0195975 -0.0342845 0.00989952 -0.0211423 -0.0461148 0.00996677 -0.0208343 -0.046159 0.0100691 -0.0193558 -0.0342115 0.00999571 -0.0191006 -0.0341617 0.0100703 -0.0188361 -0.034136 0.0101228 -0.0199298 -0.0462887 0.01016 -0.0181863 -0.0341286 0.01016 -0.0199298 -0.0480747 0.00963396 0.0200141 -0.0481934 0.0095252 0.0200141 -0.0479992 0.00969402 0.0200141 -0.0488287 0.00762 0.0200142 -0.0488264 0.00787862 -0.0199298 -0.0488287 0.00762 -0.0199298 -0.0483026 0.00940604 0.0200149 -0.0483629 0.00933007 -0.0199298 -0.0475135 0.00996677 0.0200142 -0.0477838 0.00983618 0.020014 -0.0475522 0.00995081 -0.0199298 -0.0478088 0.00982137 0.0200141 -0.0473092 0.0100388 0.0200144 -0.0470597 0.0101013 -0.0199298 -0.0472024 0.0100691 0.0200142 -0.0468049 0.01014 0.0200136 -0.0465471 0.010158 -0.0199298 -0.0465841 0.0101558 -0.0199298 -0.0468893 0.01013 -0.0199298 -0.0462887 0.01016 0.0200141 -0.0462887 0.01016 -0.0199298 -0.04849 0.00914011 -0.0199298 -0.0486354 0.00884485 0.0200152 -0.0485043 0.00911427 0.0200147 -0.0486187 0.00888312 0.0200141 -0.0487072 0.00864098 0.0200138 -0.0487701 0.00839071 -0.0199298 -0.0487378 0.00853371 -0.0199298 -0.0487987 0.0082206 0.020014 -0.0488075 0.0081356 -0.0199298 -0.0488245 0.00791548 0.0209388 -0.0487407 0.0021911 0.021129 -0.0486663 0.00199791 0.0211189 -0.0487003 0.00236664 0.0211358 -0.048574 0.0016409 0.020952 -0.0485797 0.00146929 0.0211179 -0.0484365 0.00129228 0.0209238 -0.0484233 0.00112417 0.0207632 -0.0485695 0.00130307 0.0210683 -0.0482466 0.000963198 0.0209511 -0.0486836 0.00182695 0.0207726 -0.0486868 0.00166097 0.0212676 -0.0482617 0.00113288 0.0214588 -0.0482585 0.001313 0.0213057 -0.0484324 0.00146849 0.0215118 -0.0478389 0.00087216 0.0213993 -0.0480607 0.000992479 0.0213021 -0.0478236 0.000698947 0.0206096 -0.0476592 0.00030492 0.0204214 -0.0473381 0.000144193 0.0206783 -0.0474204 0.000216408 0.0210811 -0.0477881 0.000544178 0.0209805 -0.0480124 0.00066231 0.02085 -0.0477328 0.000411505 0.0214703 -0.0485635 0.00237064 0.0213045 -0.0486269 0.00217877 0.021486 -0.0485205 0.00200558 0.0205403 -0.0465918 2.52906e-05 0.0208097 -0.0466708 7.634e-05 0.0207743 -0.0469227 0.000102705 0.0213033 -0.0486371 0.00254 0.0202388 -0.0467608 1.74312e-05 0.02047 -0.0470921 8.28178e-05 0.020202 -0.0470114 5.04268e-05 0.0207461 -0.0487855 0.0023956 0.0205611 -0.0488047 0.00223363 0.0207586 -0.0487598 0.00202531 0.0200141 -0.0462887 0 0.0202695 -0.0465099 4.24496e-06 0.0200141 -0.046528 1.73743e-06 0.021314 -0.0485558 0.00181863 0.0207838 -0.0487794 0.00254 0.0203831 -0.0488066 0.0020684 0.0202104 -0.0487915 0.00189656 0.0204071 -0.0487463 0.00169593 0.0215491 -0.0485241 0.00254 0.0205821 -0.0487617 0.00186152 0.0203603 -0.0488233 0.0024488 0.0205229 -0.0488123 0.00254 0.020178 -0.0488252 0.00227989 0.0202662 -0.0488268 0.00254 0.0205922 -0.0486744 0.00149721 0.0200141 -0.0488287 0.00254 0.0214857 -0.0484122 0.00165249 0.0218092 -0.0481973 0.00170231 0.0218119 -0.0483169 0.0020467 0.0216559 -0.0483749 0.00184498 0.0216402 -0.0482367 0.00150319 0.0219616 -0.0481397 0.00191157 0.0219429 -0.0479931 0.00157936 0.0216461 -0.0484592 0.00220046 0.0217757 -0.048034 0.00137283 0.0218908 -0.0478102 0.0012623 0.0220923 -0.0480637 0.00213321 0.0220912 -0.047934 0.00179622 0.0221979 -0.0477062 0.00170114 0.0222163 -0.0478592 0.00202517 0.0223139 -0.0476295 0.00193766 0.0222824 -0.0474625 0.00162498 0.0223915 -0.0473849 0.00186904 0.0222172 -0.0472744 0.0013254 0.0223468 -0.0472096 0.00156569 0.0225568 -0.0469583 0.00234534 0.0225757 -0.0467003 0.00231332 0.0225767 -0.046772 0.00254 0.0225167 -0.0460033 0.00202431 0.0225542 -0.0461821 0.00227008 0.0225409 -0.04627 0.00199427 0.0225355 -0.0460014 0.00228126 0.0225377 -0.046001 0.00254 0.0225644 -0.0462517 0.00254 0.0200141 -0.0488269 0.00230065 0.0200141 -0.0488125 0.00205475 0.0210458 -0.0487219 0.00254 0.0200141 -0.0487771 0.00180217 0.0202256 -0.0487097 0.0015295 0.0200141 -0.0487162 0.00154702 0.0217867 -0.0483749 0.00240958 0.0217759 -0.0483833 0.00254 0.0204055 -0.0486365 0.00133578 0.0202087 -0.0485755 0.00118157 0.0200141 -0.0486276 0.00129584 0.0219777 -0.0482155 0.00254 0.0203698 -0.0484704 0.00099766 0.0205705 -0.048533 0.00114446 0.0201545 -0.0483906 0.000867833 0.0200141 -0.0485105 0.00105519 0.0222947 -0.0478024 0.00254 0.0221509 -0.0480215 0.00254 0.0221884 -0.0479685 0.00237113 0.0219466 -0.0482366 0.0022616 0.0208616 -0.0482142 0.000803863 0.0205163 -0.0483327 0.000822478 0.0207242 -0.0483895 0.000965815 0.0202949 -0.0482526 0.000701253 0.0200141 -0.0483655 0.000832975 0.0200141 -0.0481934 0.000634937 0.0223062 -0.0477694 0.00226829 0.0224001 -0.047543 0.0021866 0.022409 -0.0475616 0.00254 0.0213914 -0.0475859 0.000598423 0.0216055 -0.0476017 0.000771976 0.0209258 -0.0474935 0.000318961 0.0215937 -0.0480569 0.00117665 0.0204182 -0.0480834 0.000547013 0.0206458 -0.0481614 0.000661624 0.0201773 -0.0479906 0.000460335 0.0200141 -0.0479948 0.000462962 0.0224702 -0.047298 0.00212418 0.0211945 -0.0480455 0.000820999 0.0205233 -0.047884 0.000413016 0.0207572 -0.0479595 0.000522924 0.020277 -0.0477946 0.000334158 0.0200141 -0.0477727 0.000318098 0.0224936 -0.047305 0.00254 0.022515 -0.0472098 0.00239046 0.0225489 -0.0470394 0.00254 0.0220549 -0.0477669 0.00147609 0.021741 -0.0471015 0.000627736 0.0216815 -0.0473545 0.000690916 0.0215207 -0.0470859 0.000454843 0.0217088 -0.0478343 0.00106064 0.0203582 -0.0475747 0.000228634 0.0200141 -0.0475324 0.000201051 0.0225005 -0.0466138 0.00174806 0.0224988 -0.0463556 0.0017222 0.0225515 -0.0465274 0.00201745 0.0221461 -0.0475255 0.00139202 0.0219857 -0.0475708 0.00117111 0.0218045 -0.0475966 0.000963802 0.0211641 -0.0475494 0.00044674 0.020732 -0.0471734 0.000149044 0.0200141 -0.0472803 0.000112575 0.0201547 -0.0472561 0.000105932 0.0224476 -0.047131 0.00181678 0.0225178 -0.0470442 0.00207715 0.0219842 -0.0468388 0.000779054 0.0221576 -0.0468092 0.000998102 0.0221185 -0.0470666 0.00104081 0.0220613 -0.0473215 0.00109785 0.0218817 -0.0473487 0.000885454 0.0214637 -0.0473386 0.000517452 0.021231 -0.0473018 0.000368619 0.0209863 -0.0472459 0.000245752 0.0200141 -0.0470253 5.23135e-05 0.0225801 -0.0465084 0.00254 0.0224835 -0.0468729 0.00177777 0.0223916 -0.046952 0.00152054 0.0225443 -0.0467862 0.0020429 0.0222693 -0.047018 0.00127394 0.0219414 -0.047095 0.000824277 0.021284 -0.0470493 0.000309289 0.0210342 -0.0469939 0.000192089 0.020508 -0.0468423 4.38839e-05 0.0200141 -0.0467737 1.77698e-05 0.0225734 -0.0464405 0.00229056 0.0224175 -0.0466929 0.00148611 0.0223027 -0.0467595 0.00123502 0.0218139 -0.0465894 0.000553166 0.0217851 -0.0468459 0.000581719 0.0215638 -0.0468305 0.000410189 0.0213253 -0.0467944 0.000268558 0.021073 -0.0467402 0.000157687 0.021105 -0.0464856 0.000143153 0.0213568 -0.0465384 0.000247724 0.0224235 -0.0464342 0.00145815 0.0223162 -0.0465007 0.00120581 0.0221781 -0.0465511 0.000967916 0.0220097 -0.0465817 0.000748984 0.0215947 -0.046574 0.000384699 0.020844 -0.0464187 6.94784e-05 0.0205771 -0.0463416 2.43452e-05 0.0202698 -0.046259 3.75731e-06 0.0224795 -0.0460074 0.00176924 0.0224736 -0.0460999 0.00169301 0.0224057 -0.0461771 0.00143222 0.0223074 -0.0462423 0.00118357 0.0221778 -0.0462924 0.00094902 0.0220168 -0.0463238 0.000733045 0.0218268 -0.046332 0.000542835 0.0216125 -0.0463167 0.000382625 0.0213801 -0.0462818 0.00025335 0.0212698 -0.0461456 0.000209288 0.0207802 -0.0462014 5.79817e-05 0.0210284 -0.0461731 0.000121285 0.0205265 -0.0462301 1.97604e-05 0.022417 -0.0460148 0.001519 0.0223291 -0.0460247 0.00127691 0.0222154 -0.0460376 0.00104579 0.022075 -0.0460536 0.000829998 0.0219068 -0.046073 0.000634796 0.0217138 -0.0460951 0.000466043 0.0214999 -0.0461195 0.000323943 -0.0220255 -0.0480349 0.00191219 -0.0221265 -0.0478423 0.00182189 -0.0219934 -0.0479046 0.00160894 -0.0207403 -0.0484403 0.00108957 -0.0209307 -0.0484631 0.00124463 -0.0208661 -0.048298 0.000946209 -0.0207878 -0.0485805 0.00140003 -0.0209664 -0.0485901 0.00156053 -0.0211812 -0.0481582 0.000973744 -0.0209795 -0.0481333 0.000817622 -0.0210624 -0.0483218 0.00110201 -0.0214642 -0.0484505 0.00175899 -0.0212941 -0.048471 0.00158044 -0.0213111 -0.0485649 0.00190149 -0.0217623 -0.0482651 0.00181759 -0.021888 -0.0480964 0.00170554 -0.021728 -0.0481356 0.00150908 -0.0206632 -0.0482596 0.000803175 -0.0214326 -0.0483271 0.00144437 -0.0212515 -0.0483316 0.00126864 -0.0216038 -0.048306 0.00162755 -0.0215562 -0.0481591 0.00132128 -0.0207712 -0.0480937 0.000675896 -0.0205554 -0.0480395 0.000550431 -0.0207163 -0.0476554 0.000354129 -0.0204821 -0.0475852 0.000263003 -0.020643 -0.047855 0.000443234 -0.0209444 -0.0477121 0.000468276 -0.020865 -0.0479098 0.000564115 -0.0201126 -0.046816 2.24786e-05 -0.0201427 -0.0466042 6.80541e-06 -0.0199298 -0.0466956 9.60266e-06 -0.021837 -0.0479467 0.00140586 -0.020425 -0.0464595 1.71906e-05 -0.020381 -0.046224 1.51417e-05 -0.0201526 -0.0462567 1.23952e-06 -0.0223655 -0.0473341 0.00192229 -0.0223045 -0.0475499 0.00197607 -0.0223717 -0.0474634 0.00221758 -0.0199298 -0.0462887 0 -0.0201745 -0.0463923 2.62313e-06 -0.0216657 -0.0479729 0.00121288 -0.0221501 -0.0474791 0.00146123 -0.022205 -0.047631 0.00174725 -0.0222708 -0.0474132 0.00168727 -0.0220791 -0.0476964 0.00152794 -0.0222477 -0.047031 0.00136627 -0.0221135 -0.0470824 0.00113816 -0.0222061 -0.0472564 0.00140787 -0.021621 -0.048406 0.00194365 -0.0224658 -0.0470321 0.00213058 -0.0224361 -0.0468888 0.001851 -0.0224091 -0.0471125 0.00188152 -0.022428 -0.0472512 0.0021677 -0.0206036 -0.0485573 0.00124597 -0.0208096 -0.0486817 0.00172178 -0.0209818 -0.0486763 0.00188471 -0.021115 -0.0484733 0.00140847 -0.0211419 -0.0485871 0.00172777 -0.0224861 -0.0468101 0.00210269 -0.0225047 -0.0467377 0.00235824 -0.0224904 -0.046589 0.00208202 -0.0225039 -0.0465168 0.00233661 -0.0224888 -0.0462982 0.0023185 -0.0224801 -0.0463703 0.00206516 -0.0224963 -0.046369 0.00254 -0.0206359 -0.0486731 0.00156386 -0.0224746 -0.0461463 0.00254 -0.0224441 -0.0459282 0.00254 -0.0224628 -0.0460814 0.00229774 -0.0204111 -0.0485166 0.00109982 -0.0202695 -0.0486068 0.00126134 -0.0204572 -0.0486491 0.00141006 -0.0211508 -0.0486514 0.00205403 -0.0208196 -0.0487405 0.00204957 -0.0204775 -0.0487409 0.00173174 -0.0206484 -0.0487486 0.00188914 -0.02099 -0.0487138 0.00221556 -0.0206572 -0.048783 0.00222027 -0.0203026 -0.0487167 0.00157647 -0.0203142 -0.0487861 0.00190197 -0.0204533 -0.0482028 0.00067726 -0.0205427 -0.0484017 0.000945224 -0.0202108 -0.0484553 0.000968732 -0.0208305 -0.0487569 0.00238366 -0.0204845 -0.0487928 0.00206083 -0.0203185 -0.0488172 0.00223564 -0.0204944 -0.048808 0.00239455 -0.0201511 -0.0488267 0.00241225 -0.0201477 -0.0488123 0.00207401 -0.0201418 -0.0487636 0.00174347 -0.0199298 -0.0488282 0.00233887 -0.0199298 -0.0488287 0.00254 -0.0201501 -0.0488279 0.00254 -0.0199298 -0.0488175 0.00213322 -0.0199298 -0.0487963 0.00192312 -0.0203738 -0.0488191 0.00254 -0.0199298 -0.0487572 0.00170946 -0.0201191 -0.0486755 0.00142425 -0.0199298 -0.0486997 0.00149505 -0.0206007 -0.048797 0.00254 -0.0199298 -0.0486222 0.00128333 -0.0199298 -0.0485242 0.00108073 -0.0200734 -0.048547 0.00112413 -0.0208288 -0.0487581 0.00254 -0.0210564 -0.0487003 0.00254 -0.0199298 -0.0484065 0.000890263 -0.0211562 -0.0486671 0.00238982 -0.0212785 -0.0486219 0.00254 -0.0213129 -0.0486026 0.0022315 -0.0201221 -0.0482642 0.000711304 -0.0199298 -0.0482693 0.000715442 -0.0203379 -0.0483417 0.000818393 -0.0214695 -0.0485172 0.00208218 -0.0214632 -0.0485361 0.00241989 -0.0216869 -0.0484029 0.00254 -0.0214901 -0.0485227 0.00254 -0.0199298 -0.0481134 0.000559501 -0.0202326 -0.0481259 0.000576362 -0.0199298 -0.0479395 0.000422355 -0.0217601 -0.0483379 0.00213917 -0.0216133 -0.0484481 0.00227396 -0.0218783 -0.0482503 0.00235013 -0.0218659 -0.048263 0.00254 -0.0200943 -0.0478793 0.000383273 -0.0199298 -0.0477491 0.000304525 -0.02033 -0.0479652 0.000453809 -0.0213741 -0.048167 0.00114246 -0.0220108 -0.0481117 0.00223318 -0.0219002 -0.0482004 0.00201816 -0.0220235 -0.0481034 0.00254 -0.0201743 -0.0477017 0.00028335 -0.0199298 -0.047546 0.000206552 -0.020777 -0.047448 0.000277222 -0.0205809 -0.0471678 0.000132958 -0.020537 -0.0473793 0.000189875 -0.0212853 -0.047975 0.000860209 -0.0210792 -0.0479502 0.000703955 -0.0214815 -0.0479827 0.00103064 -0.0222049 -0.0478497 0.00236557 -0.0221304 -0.0479476 0.00213124 -0.022159 -0.0479244 0.00254 -0.0202398 -0.0475085 0.000198924 -0.0199298 -0.0473353 0.000128723 -0.0204134 -0.0477832 0.000349496 -0.0211644 -0.0477525 0.000605442 -0.0217602 -0.0477722 0.0011198 -0.0215739 -0.0477829 0.000933625 -0.0219299 -0.0477435 0.00131839 -0.0222283 -0.047758 0.00204538 -0.0222975 -0.0476651 0.00228327 -0.0222721 -0.0477279 0.00254 -0.0200387 -0.0472334 9.96638e-05 -0.0199298 -0.0471202 7.08329e-05 -0.0202908 -0.0473051 0.000130221 -0.0212358 -0.047544 0.000522036 -0.0210106 -0.0475037 0.000387883 -0.0213747 -0.0477762 0.0007615 -0.0218384 -0.0475598 0.00104127 -0.0216523 -0.0475726 0.000851236 -0.0220664 -0.0473071 0.0011857 -0.0223626 -0.0475152 0.00254 -0.0200796 -0.0470264 5.29012e-05 -0.0214505 -0.0475672 0.000677361 -0.0217168 -0.0473551 0.000782664 -0.0215132 -0.047351 0.000607378 -0.0220055 -0.0475285 0.00124529 -0.0224564 -0.0471742 0.00242416 -0.0224306 -0.0472912 0.00254 -0.0199298 -0.0469058 3.21614e-05 -0.0203316 -0.0470958 7.86973e-05 -0.020826 -0.0472347 0.000214989 -0.0210648 -0.0472892 0.000321504 -0.0212948 -0.0473287 0.000452883 -0.0215638 -0.0471306 0.000550807 -0.0219023 -0.0473403 0.00097637 -0.0223207 -0.0471903 0.00164046 -0.0224892 -0.0469583 0.00238684 -0.0224766 -0.0470607 0.00254 -0.0206164 -0.0469537 9.17457e-05 -0.0203643 -0.0468839 4.37881e-05 -0.0208657 -0.0470185 0.000167325 -0.0211085 -0.0470713 0.000269143 -0.0213425 -0.0471095 0.000397484 -0.0217685 -0.0471334 0.000727051 -0.0216032 -0.0469083 0.000507656 -0.0219528 -0.0471171 0.000923926 -0.0223811 -0.0465159 0.00155691 -0.022375 -0.04674 0.00157786 -0.0224476 -0.0466658 0.0018282 -0.0223554 -0.0469652 0.0016049 -0.0225019 -0.046828 0.00254 -0.0199298 -0.0464898 5.12737e-07 -0.020647 -0.0467389 6.46436e-05 -0.020394 -0.0466715 2.35274e-05 -0.0208983 -0.0468009 0.000133705 -0.0211438 -0.0468517 0.000231489 -0.0213803 -0.0468884 0.000356334 -0.0218079 -0.0469099 0.000684011 -0.0216324 -0.0466854 0.000476925 -0.0219903 -0.0468924 0.000883196 -0.0221467 -0.0468568 0.00110136 -0.0222749 -0.046805 0.00133428 -0.0225073 -0.0465962 0.00254 -0.0209264 -0.0465833 0.000116573 -0.0206763 -0.0465245 5.35149e-05 -0.0211722 -0.0466318 0.000208906 -0.0214092 -0.0466667 0.00032893 -0.0216532 -0.0462386 0.000470241 -0.0218503 -0.0464624 0.00063458 -0.0218447 -0.0462387 0.000636099 -0.0218363 -0.046686 0.000652104 -0.0220156 -0.0466677 0.000852515 -0.0221672 -0.0466315 0.0010735 -0.0222888 -0.0465796 0.00130985 -0.0224449 -0.0464445 0.00181016 -0.0207076 -0.04631 5.81622e-05 -0.0206147 -0.0461905 4.42583e-05 -0.0208525 -0.0461564 9.5748e-05 -0.0209535 -0.0463659 0.000118104 -0.0214295 -0.0464446 0.0003193 -0.021216 -0.0461901 0.00021993 -0.0211955 -0.0464116 0.000204641 -0.0216499 -0.0464623 0.000462705 -0.0220246 -0.0464437 0.000833488 -0.0221701 -0.0464075 0.00105416 -0.0222855 -0.0463563 0.00129061 -0.022371 -0.0462942 0.00153776 -0.0222596 -0.0461358 0.00127334 -0.0224275 -0.0462257 0.00179082 -0.022457 -0.0461539 0.00204527 -0.0210881 -0.0461226 0.00017215 -0.0214417 -0.0462215 0.000331698 -0.022011 -0.0462202 0.000828681 -0.0221497 -0.0461849 0.00104301 -0.0223412 -0.0460762 0.00151519 -0.0223956 -0.0460096 0.00176446 -0.0224308 -0.0459301 0.00208398 -0.0224429 -0.0459283 0.00231491 -0.0213161 -0.0460899 0.000273542 -0.0215308 -0.0460591 0.000399977 -0.0217263 -0.0460311 0.000550754 -0.0218988 -0.0460063 0.00072504 -0.022048 -0.045985 0.000921688 -0.0221732 -0.045967 0.00113792 -0.0222738 -0.0459526 0.00136891 -0.0223494 -0.0459417 0.00160755 -0.022401 -0.0459343 0.0018471 0.0211411 -0.0486143 0.00834935 0.0213073 -0.0486191 0.00804133 0.0213911 -0.048532 0.00829628 0.0223087 -0.0473306 0.00868831 0.0223129 -0.0475125 0.00850401 0.0224286 -0.0473238 0.00833922 0.021507 -0.0482682 0.0087712 0.0212612 -0.048366 0.00883881 0.021459 -0.0484128 0.0085396 0.0221371 -0.047309 0.00902356 0.0221577 -0.0475019 0.00884377 0.02129 -0.0482042 0.00906464 0.0212954 -0.0480216 0.00927502 0.0210451 -0.0481086 0.00933709 0.0210378 -0.0482884 0.00912262 0.0209224 -0.0474607 0.0098445 0.0209864 -0.0476914 0.00970133 0.0212361 -0.0476063 0.00963838 0.0212107 -0.0485037 0.00859975 0.0212774 -0.0478213 0.00946723 0.0216285 -0.0484262 0.00822539 0.0217511 -0.0483966 0.00789081 0.0218423 -0.0482983 0.00813519 0.020265 -0.0465193 0.0101555 0.0203778 -0.0467794 0.0101329 0.0206279 -0.0467191 0.0101139 0.022138 -0.047858 0.00845555 0.0222441 -0.0478458 0.00811165 0.0222923 -0.0476854 0.00831269 0.0210879 -0.0471436 0.0099081 0.0207384 -0.0469723 0.010052 0.0208385 -0.0472199 0.00996077 0.0220925 -0.0480148 0.00824722 0.0219067 -0.0481674 0.00836426 0.0220233 -0.0481508 0.00802501 0.0200141 -0.0462887 0.01016 0.0202519 -0.0462616 0.0101583 0.022171 -0.047988 0.00789568 0.0222875 -0.047814 0.00774859 0.0223577 -0.0476646 0.00795903 0.0224071 -0.0474986 0.00815462 0.0224395 -0.0474769 0.00779027 0.0219311 -0.0482577 0.00778635 0.022486 -0.0473051 0.00798095 0.0225356 -0.0471122 0.0077919 0.0225083 -0.0471277 0.00815969 0.022556 -0.0469316 0.00796587 0.0225777 -0.0467361 0.0077611 0.0225791 -0.0465085 0.00762 0.0225763 -0.0465515 0.00792564 0.0225552 -0.0467529 0.00813269 0.0215409 -0.0485183 0.00797566 0.0225644 -0.0462517 0.00762 0.0225377 -0.046001 0.00762 0.0225529 -0.046164 0.00788078 0.02155 -0.048524 0.00762 0.0215334 -0.048102 0.0089903 0.0212187 -0.0486681 0.00777183 0.0210589 -0.0486959 0.00808913 0.0208023 -0.0487503 0.00812246 0.0207184 -0.0487877 0.00785034 0.0209737 -0.0487391 0.00781803 0.0208842 -0.0486758 0.0083878 0.021047 -0.0487222 0.00762 0.0213046 -0.0486371 0.00762 0.0206951 -0.0486273 0.00867826 0.0209544 -0.0485746 0.00864482 0.0207845 -0.0487801 0.00762 0.0200147 -0.0486187 0.00888312 0.0201749 -0.0486771 0.00872763 0.020229 -0.0485707 0.00897863 0.020523 -0.0488133 0.00762 0.020458 -0.048815 0.00787215 0.0202662 -0.0488268 0.00762 0.0201967 -0.0488245 0.00789016 0.020014 -0.0488075 0.0081356 0.0200142 -0.0488264 0.00787862 0.0200141 -0.0488287 0.00762 0.0201055 -0.0487537 0.00846628 0.0200138 -0.0487701 0.00839071 0.0202826 -0.0488002 0.00816623 0.0205428 -0.0487848 0.0081457 0.0217763 -0.0483833 0.00762 0.0200141 -0.0487072 0.00864098 0.0203645 -0.0487444 0.00843947 0.0206245 -0.0487195 0.00841574 0.0210279 -0.0479086 0.0095311 0.0219777 -0.0482155 0.00762 0.0221509 -0.0480215 0.00762 0.0200141 -0.0473092 0.0100388 0.0202371 -0.0470972 0.0100894 0.0200144 -0.0470597 0.0101013 0.0200152 -0.0485043 0.00911427 0.020774 -0.047981 0.00957812 0.020435 -0.0486623 0.00870451 0.0216932 -0.0483006 0.00846155 0.0222948 -0.0478019 0.00762 0.022409 -0.0475607 0.00762 0.0202638 -0.0484348 0.00921426 0.0204892 -0.0485489 0.00895787 0.0210067 -0.0484447 0.00889081 0.0207487 -0.0485056 0.00892962 0.0217384 -0.0481505 0.00868575 0.0219506 -0.0480135 0.00858075 0.0224934 -0.0473037 0.00762 0.0200149 -0.0483629 0.00933007 0.0202755 -0.048271 0.00942918 0.020523 -0.0484052 0.00919606 0.0207813 -0.0483556 0.00916588 0.0217456 -0.0475989 0.00928428 0.0214771 -0.0475067 0.00955701 0.0215182 -0.0477184 0.00938536 0.021763 -0.047981 0.00889801 0.0219736 -0.047842 0.00878609 0.0221594 -0.0476858 0.00865386 0.0225485 -0.0470383 0.00762 0.0225759 -0.0467714 0.00762 0.0200141 -0.0481934 0.0095252 0.0202615 -0.0480819 0.00961802 0.0205333 -0.0482341 0.00941459 0.0207902 -0.0481796 0.00938323 0.0215371 -0.0479177 0.00919567 0.0217656 -0.0477961 0.00909786 0.0219746 -0.0476573 0.00898069 0.0224238 -0.0471452 0.00851614 0.022505 -0.046951 0.00833003 0.0200141 -0.0479992 0.00969402 0.0202224 -0.0478716 0.00977752 0.0205183 -0.0480392 0.00960778 0.0211722 -0.0473794 0.0097856 0.0219538 -0.0474623 0.00916369 0.0217039 -0.0473916 0.00945579 0.0223692 -0.0467768 0.00885318 0.022404 -0.0469627 0.00868719 0.0224855 -0.0467742 0.0084972 0.0222887 -0.0471415 0.00886425 0.0225365 -0.0465772 0.00829887 0.0225581 -0.046373 0.00809307 0.0200142 -0.0477838 0.00983618 0.020014 -0.0475522 0.00995081 0.0203333 -0.0473473 0.0100141 0.0204784 -0.0478238 0.00977248 0.0207331 -0.0477634 0.0097468 0.0206693 -0.0475306 0.00988559 0.021853 -0.0470502 0.0094916 0.0219125 -0.0472595 0.0093343 0.0220983 -0.04711 0.00919261 0.0222527 -0.0469478 0.00903156 0.0224502 -0.0465956 0.00866299 0.0223903 -0.046413 0.0088254 0.0225001 -0.0464026 0.00846631 0.022523 -0.0462005 0.00826485 0.022536 -0.0460012 0.00785935 0.0225216 -0.0460029 0.00810525 0.0201621 -0.0476456 0.00990666 0.0205857 -0.0472867 0.00999512 0.0204154 -0.0475914 0.0099082 0.0214141 -0.047285 0.00970792 0.0216429 -0.0471758 0.00961034 0.0220384 -0.0469079 0.00935113 0.022192 -0.0467529 0.00919076 0.0223083 -0.0465886 0.00901357 0.0222215 -0.0463946 0.00916279 0.0224431 -0.0462246 0.00863194 0.0224865 -0.0460069 0.00835783 0.0209872 -0.0469012 0.010006 0.0213307 -0.0470551 0.00983589 0.0215621 -0.0469523 0.00974364 0.0217733 -0.0468343 0.00962959 0.0219555 -0.0467008 0.00949283 0.0221053 -0.0465537 0.00933593 0.021849 -0.0464835 0.00960785 0.0223077 -0.0462232 0.00897926 0.0223379 -0.0460238 0.00886416 0.022426 -0.0460138 0.00861298 0.0204867 -0.0470356 0.0100784 0.0212294 -0.0468185 0.00993884 0.0214601 -0.0467217 0.00985012 0.0216695 -0.0466101 0.00973961 0.0215483 -0.046376 0.00982094 0.021998 -0.0463429 0.00945765 0.0221179 -0.046189 0.0092927 0.0222216 -0.0460371 0.00910481 0.0200142 -0.0468049 0.01014 0.0201309 -0.0468426 0.0101354 0.0200136 -0.0465471 0.010158 0.0205145 -0.0464607 0.0101421 0.0208758 -0.046652 0.0100741 0.021116 -0.0465738 0.0100119 0.0213426 -0.0464821 0.00992688 0.0217272 -0.0462551 0.00969663 0.0220776 -0.0460535 0.00932702 0.0219066 -0.046073 0.00952506 0.0207609 -0.046395 0.0101081 0.0209978 -0.0463189 0.0100523 0.0209994 -0.0461764 0.0100474 0.0212498 -0.0461478 0.00995895 0.0214886 -0.0461206 0.0098419 0.0217092 -0.0460955 0.00969704 0.020496 -0.0462337 0.0101422 0.0207459 -0.0462053 0.0101077 -0.0224375 -0.0459328 0.00786276 -0.0224626 -0.0460758 0.00785664 -0.0224211 -0.0459373 0.00810461 -0.0214346 -0.048166 0.00905323 -0.0216413 -0.0482169 0.00874184 -0.0214051 -0.0483329 0.00881664 -0.0211799 -0.0486593 0.00762 -0.0214228 -0.0485479 0.00798855 -0.0214204 -0.0485581 0.00762 -0.0218051 -0.0482296 0.00841384 -0.021916 -0.0482043 0.00807096 -0.021727 -0.0483489 0.00817066 -0.02151 -0.0484708 0.00825076 -0.0215868 -0.0483603 0.00850138 -0.0216338 -0.0484344 0.00791516 -0.0218209 -0.0483011 0.00782235 -0.0216441 -0.0484314 0.00762 -0.0216691 -0.0480457 0.00897088 -0.0218579 -0.0480794 0.00864619 -0.0208666 -0.0477072 0.00976521 -0.0205495 -0.0475268 0.00992547 -0.0207931 -0.047461 0.00990287 -0.0211127 -0.0476279 0.00971764 -0.0213537 -0.047533 0.00964899 -0.0214082 -0.0477603 0.00947446 -0.0204879 -0.0467017 0.0101272 -0.0207195 -0.0466321 0.0100966 -0.0208332 -0.0468856 0.0100469 -0.0211127 -0.0486818 0.00776894 -0.0203631 -0.0470221 0.0100958 -0.02013 -0.0470896 0.0100939 -0.0200271 -0.0468387 0.0101361 -0.0199229 -0.0465468 0.0101577 -0.0199298 -0.0462887 0.01016 -0.0201473 -0.0465139 0.0101564 -0.0209297 -0.0487347 0.00762 -0.0204637 -0.0487934 0.00812924 -0.0207098 -0.048764 0.00811053 -0.0206331 -0.0487907 0.00783756 -0.0208762 -0.0487466 0.00780922 -0.020676 -0.0487854 0.00762 -0.021277 -0.0485724 0.00831073 -0.0213505 -0.0484694 0.00856831 -0.0220233 -0.0481036 0.00762 -0.0218464 -0.0482796 0.00762 -0.0204237 -0.0488142 0.00762 -0.020388 -0.0488154 0.00785817 -0.0201429 -0.0488245 0.00787929 -0.0201748 -0.0488272 0.00762 -0.0199298 -0.0488287 0.00762 -0.0221727 -0.0479039 0.00762 -0.0221936 -0.0478685 0.00781755 -0.0222942 -0.0476821 0.00762 -0.0220709 -0.0480407 0.00795304 -0.022147 -0.0479041 0.00818102 -0.0219938 -0.048076 0.00830652 -0.0222649 -0.0477236 0.00803875 -0.0221981 -0.0477457 0.00839621 -0.022452 -0.0471862 0.00790873 -0.022454 -0.0471904 0.00762 -0.0223879 -0.0474421 0.00762 -0.0223511 -0.0475414 0.00788171 -0.0224999 -0.0464477 0.0078825 -0.0225011 -0.046419 0.00762 -0.0225081 -0.0466737 0.00762 -0.0224151 -0.0470126 0.00845504 -0.0224669 -0.046823 0.00826964 -0.0224714 -0.047005 0.00809363 -0.0224847 -0.0470041 0.00772501 -0.0224992 -0.0468191 0.00790534 -0.0224943 -0.0466346 0.00807813 -0.0224414 -0.0466419 0.00843951 -0.0224698 -0.0464537 0.00824754 -0.0224441 -0.0459282 0.00762 -0.0224354 -0.0460867 0.00822571 -0.0209547 -0.0487138 0.00808409 -0.0211943 -0.0486418 0.00804435 -0.0202183 -0.0488047 0.00814896 -0.0199271 -0.0488271 0.00787839 -0.0199289 -0.0488091 0.00813608 -0.0210338 -0.0486522 0.00835286 -0.020537 -0.0487446 0.00839966 -0.0207859 -0.0487095 0.00838054 -0.0202893 -0.0487595 0.0084183 -0.020043 -0.0487592 0.00844303 -0.0199326 -0.0487699 0.00839115 -0.0220452 -0.0479208 0.00853032 -0.0214357 -0.0479732 0.00927428 -0.0211043 -0.0485568 0.00861601 -0.0208536 -0.0486218 0.00864793 -0.0206021 -0.0486639 0.00866929 -0.0203519 -0.0486841 0.00868663 -0.0201033 -0.0486862 0.00870565 -0.0199359 -0.0487068 0.00864094 -0.0224934 -0.0469323 0.00762 -0.0223148 -0.0475609 0.00824648 -0.0222218 -0.0475703 0.00860102 -0.0223974 -0.0473727 0.00808338 -0.0220693 -0.0477451 0.00874345 -0.0211578 -0.0484272 0.00887159 -0.0206526 -0.0485491 0.00893376 -0.0209057 -0.0484995 0.00890933 -0.0204007 -0.048576 0.00894964 -0.0206828 -0.0483997 0.00918597 -0.0201499 -0.0485826 0.00896228 -0.019937 -0.0486188 0.00888379 -0.0224195 -0.0471948 0.00827383 -0.0223381 -0.0473852 0.00844359 -0.0222183 -0.0473824 0.00879628 -0.0223342 -0.0472005 0.00863162 -0.0220663 -0.0475543 0.00894568 -0.0218834 -0.0479048 0.00886748 -0.0211653 -0.0478598 0.00954407 -0.0216683 -0.0478523 0.00918598 -0.0218812 -0.047712 0.00907632 -0.021188 -0.0482652 0.00911526 -0.020936 -0.0483433 0.00915867 -0.0204305 -0.0484339 0.00920025 -0.0206882 -0.0482173 0.00941808 -0.0199349 -0.0485042 0.00911529 -0.0201788 -0.0484471 0.00920586 -0.0223889 -0.0468278 0.00862828 -0.0221904 -0.0471859 0.00898057 -0.0223074 -0.0470099 0.00881032 -0.0209409 -0.0471368 0.00996829 -0.0205978 -0.0469557 0.0100813 -0.0216394 -0.0476424 0.00938333 -0.0211908 -0.0480742 0.00934161 -0.0209402 -0.0481556 0.00938908 -0.0204371 -0.0482587 0.00943025 -0.0206669 -0.0480061 0.00962173 -0.019932 -0.0483623 0.00933068 -0.0201863 -0.0482806 0.00942843 -0.0224774 -0.0461709 0.00762 -0.0223917 -0.0459413 0.008345 -0.0223412 -0.0466406 0.00879374 -0.0223954 -0.0464602 0.00860471 -0.022138 -0.0469841 0.00915143 -0.0222576 -0.0468152 0.00897821 -0.0220371 -0.0473528 0.00913489 -0.0218516 -0.0475061 0.00926995 -0.0209168 -0.0479414 0.00959302 -0.0204176 -0.048054 0.0096305 -0.0206195 -0.0477729 0.00979155 -0.0199298 -0.0481938 0.00952499 -0.0201684 -0.0480864 0.00962173 -0.0224758 -0.0462646 0.00805306 -0.0223626 -0.0460921 0.00858096 -0.0223266 -0.0462738 0.00876516 -0.0224256 -0.0462748 0.00841541 -0.0219557 -0.0465693 0.00943843 -0.0220586 -0.0467793 0.00930547 -0.0217993 -0.0467134 0.00959151 -0.0219823 -0.0471444 0.00930824 -0.0217956 -0.0472912 0.00944485 -0.0215837 -0.047421 0.00955852 -0.0210362 -0.0473853 0.00985914 -0.0203728 -0.0478267 0.0097962 -0.020307 -0.0475861 0.00992712 -0.0199299 -0.0479984 0.00969414 -0.020126 -0.0478704 0.00978202 -0.0223406 -0.0459441 0.00858224 -0.0221804 -0.0466176 0.0091327 -0.0222678 -0.0464493 0.0089504 -0.021902 -0.0469317 0.00946226 -0.0217149 -0.0470702 0.00959683 -0.0215033 -0.0471918 0.00970677 -0.0212748 -0.0472964 0.00979389 -0.0207015 -0.047209 0.010007 -0.0199298 -0.0477826 0.00983585 -0.0200641 -0.0476407 0.00991016 -0.0222653 -0.0459539 0.00881257 -0.0222394 -0.0460799 0.00891725 -0.0221726 -0.0462511 0.00909518 -0.0221665 -0.0459681 0.00903385 -0.0220798 -0.0464145 0.00927059 -0.0218373 -0.0463494 0.0095463 -0.021613 -0.0468431 0.00972104 -0.0214025 -0.0469564 0.00982514 -0.0211764 -0.0470537 0.00990765 -0.0202245 -0.0473389 0.0100252 -0.020462 -0.0472749 0.0100254 -0.01993 -0.0475515 0.00995039 -0.0220441 -0.0459858 0.00924298 -0.0219654 -0.0462011 0.00938885 -0.02168 -0.046486 0.00969039 -0.0214952 -0.0466083 0.00981314 -0.0212877 -0.0467151 0.00991245 -0.021065 -0.0468068 0.00999069 -0.020257 -0.046769 0.0101388 -0.0199292 -0.0473094 0.0100387 -0.0218979 -0.0460066 0.00943595 -0.021728 -0.046031 0.00960763 -0.0215524 -0.0462493 0.00976357 -0.0213695 -0.0463657 0.00987739 -0.0211661 -0.0464677 0.00997146 -0.0209475 -0.0465558 0.010045 -0.0199254 -0.047059 0.0101014 -0.0215378 -0.0460587 0.00975582 -0.0213308 -0.0460886 0.00987963 -0.0211112 -0.0461197 0.00997929 -0.020831 -0.0463002 0.0100746 -0.0206064 -0.0463759 0.0101209 -0.020377 -0.0464457 0.0101472 -0.0199218 -0.0468038 0.0101388 -0.0208829 -0.0461521 0.010056 -0.0206488 -0.0461856 0.0101104 -0.0204102 -0.0462194 0.0101431 -0.0201695 -0.0462533 0.0101569</float_array>
          <technique_common>
            <accessor count="1230" source="#ID40" stride="3">
              <param name="X" type="float"/>
              <param name="Y" type="float"/>
              <param name="Z" type="float"/>
            </accessor>
          </technique_common>
        </source>
        <source id="ID41">
          <float_array count="3690" id="ID42">0.993568 0.113238 0 0.993568 0.113238 0 0.993568 0.113238 0 0.993568 0.113238 0 -0.00627825 0.99998 0 -0.00627825 0.99998 0 -0.00627825 0.99998 0 -0.00627825 0.99998 0 -0.00627825 0.99998 0 -0.00627825 0.99998 0 -0.00627825 0.99998 0 -0.00627825 0.99998 0 -0.00627825 0.99998 0 -0.00627825 0.99998 0 -0.00627825 0.99998 0 -0.00627825 0.99998 0 -0.00627825 0.99998 0 -0.00627825 0.99998 0 -0.00627825 0.99998 0 -0.00627825 0.99998 0 -0.00627825 0.99998 0 -0.00627825 0.99998 0 -0.00627825 0.99998 0 -0.00627825 0.99998 0 -0.00627825 0.99998 0 -0.00627825 0.99998 0 -0.00627825 0.99998 0 -0.00627825 0.99998 0 -0.00627825 0.99998 0 -0.00627825 0.99998 0 -0.00627825 0.99998 0 -0.00627825 0.99998 0 -0.00627825 0.99998 0 -0.00627825 0.99998 0 -0.00627825 0.99998 0 -0.00627825 0.99998 0 -0.00627825 0.99998 0 -0.00627825 0.99998 0 -0.00627825 0.99998 0 -0.00627825 0.99998 0 -0.989877 0.141931 0 -0.989877 0.141931 0 -0.989877 0.141931 0 -0.989877 0.141931 0 0 -1 0 0 -1 0 0 -1 0 0 -1 0 0 0 1 0 0 1 0 0 1 0 0 1 -0 -0 -1 -0 -0 -1 -0 -0 -1 -0 -0 -1 0.802725 0.091487 -0.58929 0.865286 0.0986172 -0.491482 0.793982 0.0904906 -0.601169 0.878396 0.100111 -0.46733 0.917372 0.104553 -0.384054 0.930842 0.106089 -0.349684 0.70094 0.0798866 -0.708732 0.965336 0.11002 -0.236688 0.953613 0.108684 -0.280733 0.985169 0.11228 -0.129748 0.97682 0.111329 -0.182836 0.98909 0.112727 -0.0948297 0.99276 0.113145 -0.0403128 0.993568 0.113238 7.55735e-12 0.993189 0.113194 -0.0276269 0.993568 0.113238 -3.51552e-07 0.70239 0.0800518 -0.707276 0.596938 0.0680334 -0.799397 0.487957 0.0556128 -0.871094 0.58231 0.0663662 -0.810254 0.381232 0.0434493 -0.923458 0.461977 0.0526518 -0.885328 0.345649 0.0393938 -0.937537 0.278591 0.0317511 -0.959885 0.181347 0.0206682 -0.983202 0.233744 0.0266399 -0.971933 0.0939529 0.0107079 -0.995519 0.127638 0.014547 -0.991714 0.0394657 0.00449793 -0.999211 0.027279 0.003109 -0.999623 -4.89045e-18 -5.57367e-19 -1 3.07358e-16 3.50298e-17 -1 -1.42553e-15 -0.707107 -0.707107 1.63188e-15 -0.748214 -0.663457 1.4423e-15 -0.663457 -0.748214 1.23792e-15 -0.572102 -0.820183 -1.16042e-15 -0.600963 -0.799277 1.42895e-15 -0.479783 -0.877387 -7.69115e-16 -0.491253 -0.871017 5.02346e-16 -0.383811 -0.923412 1.2087e-15 -0.389371 -0.921081 8.39986e-16 -0.280479 -0.95986 5.48499e-16 -0.301849 -0.953356 4.39834e-16 -0.217841 -0.975984 4.54649e-16 -0.18258 -0.983191 -7.5274e-17 -0.13918 -0.990267 4.40743e-16 -0.0945947 -0.995516 1.58552e-16 -0.0274663 -0.999623 -1.07891e-16 -0.0704021 -0.997519 -3.47588e-17 -0.0199164 -0.999802 0 0 -1 0 0 -1 -9.80935e-16 -0.799277 -0.600963 1.18641e-15 -0.820183 -0.572102 -9.14823e-16 -0.871017 -0.491253 -2.90959e-16 -0.877387 -0.479783 -2.4785e-15 -0.921081 -0.389371 -7.52394e-17 -0.923412 -0.383811 1.2677e-15 -0.95986 -0.280479 -1.21842e-15 -0.953356 -0.301849 -1.87254e-15 -0.975984 -0.217841 1.19172e-15 -0.983191 -0.18258 8.05473e-16 -0.995516 -0.0945946 -2.89624e-15 -0.990267 -0.13918 -9.98283e-16 -0.999623 -0.0274663 -2.55943e-15 -0.997519 -0.0704021 -4.21773e-15 -0.999802 -0.0199164 0 -1 0 -2.6229e-15 -1 -0 -0.024286 0.00348218 -0.999699 6.21515e-16 -8.91144e-17 -1 3.83808e-16 -5.50313e-17 -1 -0.0844568 0.0121096 -0.996354 -0.0609942 0.00874549 -0.9981 -0.254266 0.0364573 -0.966447 -0.339009 0.0486079 -0.939527 -0.241769 0.0346654 -0.969714 -0.164439 0.0235777 -0.986105 -0.146417 0.0209936 -0.989 -0.628035 0.0900491 -0.772958 -0.533354 0.0764736 -0.842428 -0.550138 0.0788801 -0.83134 -0.436369 0.0625677 -0.89759 -0.349383 0.0500953 -0.93564 -0.44834 0.0642841 -0.891548 -0.822924 0.117993 -0.555764 -0.882523 0.126538 -0.452926 -0.847119 0.121462 -0.517337 -0.651535 0.0934187 -0.752845 -0.745223 0.106852 -0.658198 -0.715559 0.102599 -0.690977 -0.956663 0.137169 -0.256867 -0.969309 0.138982 -0.20279 -0.950973 0.136353 -0.277595 -0.925486 0.132698 -0.354777 -0.891563 0.127834 -0.43448 -0.926168 0.132796 -0.352956 -0.976123 0.139959 -0.166121 -0.986267 0.141413 -0.0853205 -0.981257 0.140695 -0.131677 -0.9876 0.141604 -0.0677821 -0.989579 0.141888 -0.0245343 -0.989877 0.141931 2.12835e-14 -0.989687 0.141904 -0.0195611 -0.989877 0.141931 -3.89495e-14 -0.78926 0.113166 -0.603541 -0.870637 0.491926 -3.05233e-15 -0.825863 0.563871 -1.7855e-15 -0.870847 0.491555 -5.56112e-16 -0.907388 0.420295 -2.7719e-15 -0.907544 0.419957 -1.46176e-15 -0.937093 0.349081 -1.79311e-15 -0.825512 0.564384 -3.39166e-15 -0.770172 0.637836 -1.03323e-15 -0.937123 0.349 5.82713e-16 -0.769925 0.638134 -4.08698e-15 -0.960296 0.278983 2.19278e-16 -0.976844 0.213953 6.97564e-17 -0.96026 0.279107 -4.98375e-16 -0.976846 0.213945 4.60688e-16 -0.986615 0.16307 -3.20921e-16 -0.989877 0.141931 2.19797e-16 -0.986616 0.163061 -5.10559e-16 -0.989877 0.141931 6.27067e-16 -0.701382 0.712785 1.52706e-16 -0.70125 0.712916 -6.30777e-15 -0.61943 0.785052 -1.24045e-15 -0.619471 0.785019 2.86662e-16 -0.529419 0.84836 2.25323e-15 -0.529145 0.848531 -6.54171e-16 -0.435404 0.900235 4.87288e-15 -0.435682 0.9001 -2.63644e-15 -0.339521 0.940598 1.10468e-14 -0.339625 0.940561 2.03888e-15 -0.240558 0.970635 3.02278e-15 -0.240939 0.97054 -6.20116e-16 -0.140109 0.990136 6.61788e-15 -0.140225 0.99012 -3.5705e-15 -0.0498185 0.998758 2.4082e-15 -0.0498306 0.998758 -1.92698e-15 -0.00627825 0.99998 3.55264e-15 -0.00627825 0.99998 8.25506e-16 0.700923 0.0798847 0.708749 0.5822 0.0663537 0.810333 0.597098 0.0680516 0.799277 0.993568 0.113238 5.33707e-15 0.993568 0.113238 -5.91155e-12 0.993193 0.113195 0.0274663 0.488094 0.0556283 0.871017 0.461429 0.0525894 0.885617 0.345066 0.0393273 0.937754 0.381342 0.0434618 0.923412 0.233285 0.0265876 0.972045 0.278675 0.0317607 0.95986 0.181405 0.0206749 0.983191 0.127473 0.0145281 0.991736 0.0272896 0.00311021 0.999623 0.0395771 0.00451062 0.999206 -2.7501e-17 2.41299e-16 1 0.0939862 0.0107117 0.995516 0 0 1 0.702559 0.080071 0.707107 0.802719 0.0914864 0.589298 0.794136 0.0905081 0.600963 0.865414 0.0986318 0.491253 0.878154 0.100084 0.467791 0.917472 0.104565 0.383811 0.93057 0.106058 0.350415 0.965205 0.110005 0.237231 0.953686 0.108692 0.280479 0.976867 0.111334 0.18258 0.985159 0.112279 0.129824 0.989113 0.11273 0.0945947 0.992761 0.113146 0.0403064 0.694069 -0.719909 5.1241e-15 0.793873 -0.608084 1.62871e-15 0.793873 -0.608084 5.82492e-15 0.872925 -0.487855 3.6157e-15 0.872925 -0.487855 1.14742e-15 0.929327 -0.369258 2.34407e-15 0.929327 -0.369258 1.45229e-15 0.966466 -0.256796 4.63106e-16 0.966466 -0.256796 2.10344e-15 0.988418 -0.151756 -2.58495e-16 0.988418 -0.151756 3.4484e-16 0.998459 -0.055496 1.34534e-15 0.998459 -0.055496 -1.35579e-15 0.999614 0.0277727 5.77359e-15 0.999614 0.0277727 -1.84211e-15 0.996039 0.0889164 -4.53614e-15 0.996039 0.0889164 7.24401e-15 0.993568 0.113238 1.41194e-14 0.993568 0.113238 -6.78882e-15 0.694069 -0.719909 -1.59279e-15 0.583564 -0.812067 3.13101e-15 0.583564 -0.812067 4.7951e-16 0.472118 -0.881535 -6.17562e-16 0.472118 -0.881535 2.15894e-15 0.364585 -0.93117 1.90078e-16 0.364585 -0.93117 -3.55747e-16 0.262706 -0.964876 1.97765e-15 0.262706 -0.964876 1.30006e-15 0.168202 -0.985753 -1.70176e-15 0.168202 -0.985753 3.91407e-15 0.0855998 -0.99633 -4.42459e-16 0.0855998 -0.99633 -1.86752e-15 0.0244445 -0.999701 -2.25778e-15 0.0244445 -0.999701 3.14026e-15 0 -1 6.66134e-16 0 -1 1.77636e-15 -0.834336 -0.551256 -2.57333e-16 -0.755623 -0.655007 2.12554e-15 -0.755623 -0.655007 -6.45621e-15 -0.664093 -0.74765 1.82637e-15 -0.65347 -0.756953 -1.0885e-14 -0.545701 -0.83798 -1.03173e-14 -0.5673 -0.823511 1.95047e-15 -0.47088 -0.882197 2.67219e-15 -0.439382 -0.8983 -1.0485e-14 -0.377697 -0.925929 4.25257e-15 -0.337646 -0.941273 -7.28702e-15 -0.24176 -0.970336 -6.05383e-15 -0.288898 -0.95736 9.9571e-17 -0.205382 -0.978682 2.56778e-15 -0.153538 -0.988143 -3.42777e-15 -0.129128 -0.991628 -9.82679e-16 -0.0774001 -0.997 -4.90402e-16 -0.0218914 -0.99976 -2.33556e-15 -0.0642919 -0.997931 5.24915e-15 -0.017943 -0.999839 2.5544e-16 0 -1 6.66134e-16 0 -1 1.77636e-15 -0.842037 -0.539419 -4.32795e-15 -0.906949 -0.421241 -1.44035e-15 -0.895692 -0.444675 1.44147e-15 -0.940099 -0.340903 -7.91214e-16 -0.951568 -0.307437 -2.61619e-15 -0.979667 -0.200632 -1.53689e-16 -0.970163 -0.242455 3.90348e-16 -0.994826 -0.101592 4.92693e-16 -0.988672 -0.150094 -1.35552e-15 -0.997924 -0.0643976 -1.50104e-15 -0.999931 -0.0117356 -2.84051e-17 -0.997892 0.0648886 1.21892e-15 -0.999916 0.0129215 -1.98676e-15 -0.992746 0.120227 1.09397e-15 -0.996954 0.0779961 -1.8884e-15 -0.992264 0.124147 -2.80932e-15 -0.989877 0.141931 4.86462e-16 -0.989877 0.141931 0 -0.852597 0.122247 0.508069 -0.789376 0.113183 0.603387 -0.847458 0.121511 0.516768 -0.0398302 0.00571094 0.99919 -0.0609943 0.0087455 0.9981 -0.132106 0.0189417 0.991055 -0.758352 0.108734 0.642712 -0.891889 0.127881 0.433798 -0.925654 0.132723 0.354328 -0.917357 0.131533 0.375706 -0.715514 0.102592 0.691024 -0.951111 0.136373 0.277112 -0.969323 0.138984 0.202725 -0.95853 0.137436 0.249664 -0.981268 0.140697 0.131595 -0.981022 0.140661 0.133457 -0.987598 0.141604 0.0678085 -0.989075 0.141816 0.0402375 -0.989877 0.141931 2.11747e-14 -0.989687 0.141904 0.0195611 -0.636205 0.0912207 0.766108 -0.989877 0.141931 2.31919e-14 -0.628112 0.0900602 0.772893 -0.502926 0.0721107 0.861316 -0.533451 0.0764875 0.842366 -0.43642 0.0625749 0.897565 -0.371902 0.0533242 0.926739 -0.247136 0.035435 0.968333 -0.339269 0.0486452 0.939431 -0.241887 0.0346824 0.969684 -0.146398 0.0209909 0.989003 -3.93937e-18 -2.74746e-17 1 1.2606e-16 8.79187e-16 1 -1.96896e-15 -0.642712 0.766108 -4.58804e-13 -0.706973 0.707241 -3.02727e-13 -0.600836 0.799372 3.87157e-15 -1 2.20403e-07 -1.23965e-14 -0.999619 0.0275934 -2.66454e-15 -1 0 -1.28011e-15 -0.766108 0.642712 -6.84246e-13 -0.799154 0.601126 -5.17646e-15 -0.375706 0.926739 -3.1534e-13 -0.491145 0.871078 -4.51471e-13 -0.383723 0.923448 -3.82068e-15 -0.508069 0.861316 -6.09835e-13 -0.280412 0.95988 -6.94285e-13 -0.182533 0.9832 -5.0274e-15 -0.249664 0.968333 -6.41967e-13 -0.0945681 0.995518 -4.21305e-13 -0.0274578 0.999623 -3.51224e-15 -0.0402375 0.99919 -5.00639e-15 -0.133457 0.991055 0 9.60711e-14 1 1.51788e-16 4.51506e-15 1 -1.2982e-15 -0.861316 0.508069 -2.27689e-15 -0.926739 0.375706 -8.1135e-13 -0.870915 0.491435 -7.58602e-13 -0.923332 0.384004 -5.57934e-13 -0.959801 0.28068 -3.07512e-13 -0.983153 0.182783 -9.57561e-16 -0.968333 0.249664 -3.55338e-15 -0.991055 0.133457 -1.09212e-13 -0.995498 0.0947808 -2.91773e-15 -0.99919 0.0402375 0.222557 -0.972432 -0.0695996 0.301659 -0.939959 -0.159619 0.290497 -0.956726 -0.0169543 0.336993 -0.895049 -0.2921 0.296077 -0.896778 -0.328829 0.371844 -0.821829 -0.431658 0.315883 -0.810017 -0.494056 0.231729 -0.890731 -0.391023 0.377979 -0.728307 -0.571577 0.247663 -0.945261 -0.212473 0.206413 -0.948383 -0.240757 0.437802 -0.736691 -0.51538 0.501713 -0.735625 -0.455127 0.422265 -0.82443 -0.376838 0.548738 -0.54734 -0.631907 0.498017 -0.643695 -0.581064 0.470742 -0.537716 -0.699474 0.189483 -0.430797 -0.882332 0.0991153 -0.308179 -0.946151 0.211613 -0.347178 -0.913612 0.388812 -0.507159 -0.769165 0.365359 -0.612629 -0.700856 0.297585 -0.464488 -0.834083 0.435615 -0.900005 -0.0152045 0.365539 -0.927349 -0.0800361 0.451333 -0.873623 -0.181884 0.113808 -0.0516492 -0.992159 0.215595 -0.0930543 -0.972039 0.22207 -0.171753 -0.959784 0.367092 -0.930185 0.000119749 0.0243973 -0.091715 -0.995486 0.112119 -0.213785 -0.970425 0.0193084 -0.177678 -0.983899 0.155622 -0.987742 -0.0121494 0.100394 -0.993829 -0.047173 0.168898 -0.97755 -0.125973 -0.000327375 0.000361304 -1 0.0278992 -0.0241001 -0.99932 -6.31378e-05 -0.031533 -0.999503 0.389558 -0.886529 -0.24962 0.174567 -0.984645 0.000118773 0.0526238 -0.994191 -0.0938891 0.0160976 -0.988769 -0.148579 0.0653218 -0.973575 -0.218826 0.472054 -0.88157 -3.58249e-05 0.123956 -0.978048 -0.167504 0.0435087 -0.999047 -0.00341795 0.0910235 -0.995849 0.000128373 0.00957952 -0.999443 -0.031953 0.0266127 -0.999646 3.83056e-05 0.137015 -0.94652 -0.292107 -8.95604e-05 -1 0.000283691 0.481123 -0.814069 -0.325288 0.628898 -0.703015 -0.332051 0.615531 -0.767468 -0.179203 0.546719 -0.793648 -0.266873 0.565406 -0.723646 -0.395794 0.695807 -0.67211 -0.25322 0.701458 -0.600275 -0.384221 0.525565 -0.846883 -0.0810584 0.635128 -0.626284 -0.452084 0.692928 -0.52601 -0.493117 0.758935 -0.635029 -0.14407 0.767916 -0.563918 -0.303812 0.827369 -0.452484 -0.332745 0.832229 -0.514009 -0.207822 0.886381 -0.398667 -0.235357 0.870216 -0.352225 -0.344472 0.91957 -0.306552 -0.245798 0.843422 -0.305578 -0.441884 0.900915 -0.261881 -0.346079 0.991346 -0.123392 -0.0448022 0.998204 -0.0351706 -0.0484855 0.998087 -0.0618237 -0.000111032 0.988112 0.112639 -0.104629 0.994583 0.0975484 -0.0359093 0.990974 0.0657894 -0.1168 0.993068 0.113239 -0.0315153 0.993567 0.113244 8.45995e-05 0.996218 0.0868933 7.97169e-05 9.24617e-05 -0.999501 -0.0315751 0.000364802 -0.99455 -0.104265 0.267826 -0.963467 -2.67992e-05 -6.9528e-06 -0.98075 -0.19527 0.0151566 -0.957733 -0.28726 -0.00015458 -0.956472 -0.291825 0.590089 -0.807247 -0.0120989 0.582295 -0.812977 -0.000278159 0.0551269 -0.928966 -0.366037 0.0112198 -0.901097 -0.433473 0.000220822 -0.9199 -0.392152 0.693186 -0.720758 0.000345002 0.0521959 -0.850813 -0.522869 0.135723 -0.875937 -0.46294 0.00633226 -0.812026 -0.583586 -8.14716e-05 -0.868378 -0.495904 0.873612 -0.486623 0.000298549 0.794133 -0.607744 -0.000318872 0.814991 -0.579018 -0.0229578 0.677015 -0.732745 -0.0688203 0.311772 -0.715705 -0.624951 0.128752 -0.781498 -0.610479 0.236452 -0.79975 -0.551807 0.0344173 -0.738961 -0.672868 9.73117e-06 -0.797775 -0.602956 -4.84214e-05 -0.706895 -0.707319 0.880999 -0.468252 -0.0676781 0.926718 -0.355659 -0.121245 0.929387 -0.369107 -0.000381765 0.498327 -0.441607 -0.746092 0.584193 -0.453862 -0.67285 0.310534 -0.383718 -0.869672 0.568295 -0.639851 -0.517331 0.0792739 -0.646709 -0.758606 0.203257 -0.691177 -0.693514 0.0124925 -0.598818 -0.800788 0.000111783 -0.602807 -0.797887 0.956735 -0.254342 -0.141308 0.430749 -0.636644 -0.63964 0.137561 -0.534145 -0.834126 0.266293 -0.573562 -0.774671 0.0396007 -0.499412 -0.865459 -6.93403e-05 -0.496027 -0.868307 0.965779 -0.259366 -0.000274579 0.975272 -0.218873 -0.0306362 0.98761 -0.156929 -3.14282e-05 0.762289 -0.494974 -0.417033 0.629552 -0.282598 -0.723742 0.610151 -0.365911 -0.702727 0.528945 -0.27309 -0.803517 0.621524 -0.542789 -0.564879 0.0767583 -0.401725 -0.912538 5.40606e-05 -0.39228 -0.919846 0.972312 -0.051692 -0.227899 0.975274 0.0234384 -0.219755 0.991588 -0.00431952 -0.129362 0.808372 -0.396974 -0.434679 0.739005 -0.429702 -0.518871 0.663706 -0.449823 -0.597623 0.405194 -0.41669 -0.813749 0.222734 -0.255593 -0.940777 9.40301e-05 -0.291912 -0.956445 0.0116148 -0.27095 -0.962523 0.945613 -0.211214 -0.247394 0.975511 -0.162914 -0.147775 0.739906 -0.193495 -0.644281 0.82157 -0.172014 -0.543538 0.801525 -0.254953 -0.540885 0.774496 -0.339941 -0.533475 0.696343 -0.360614 -0.620535 0.516333 -0.355592 -0.779073 0.416436 -0.330868 -0.846822 0.319417 -0.295865 -0.900242 9.43294e-06 -0.195082 -0.980787 0.999745 0.0225737 -0.000146346 0.962337 -0.129115 -0.239244 0.923141 -0.177534 -0.341017 0.986561 -0.0793468 -0.142834 0.869371 -0.22091 -0.442032 0.721164 -0.276455 -0.635213 0.421826 -0.249597 -0.871644 0.31968 -0.214721 -0.922876 0.115354 -0.127223 -0.985143 0.000165914 -0.10485 -0.994488 0.998225 0.0410891 -0.0431075 0.937648 -0.0979619 -0.333497 0.88767 -0.138524 -0.43915 0.654376 -0.111307 -0.747933 0.643915 -0.199859 -0.738532 0.537991 -0.190783 -0.821077 0.424764 -0.168148 -0.889552 0.316344 -0.134601 -0.939047 0.316218 -0.04752 -0.947496 0.427853 -0.0770193 -0.900561 0.943585 -0.0150965 -0.330787 0.898827 -0.052459 -0.435153 0.834554 -0.0865135 -0.54409 0.752191 -0.106669 -0.650254 0.545033 -0.100422 -0.832379 0.213213 -0.0168141 -0.976861 0.118797 0.00521131 -0.992905 0.031125 0.00325434 -0.99951 0.974445 0.110904 -0.195338 0.969004 0.103293 -0.224415 0.941321 0.076911 -0.328632 0.900047 0.0452336 -0.433439 0.839363 0.0184176 -0.543259 0.757657 -0.00125371 -0.652652 0.653483 -0.00337703 -0.756934 0.543253 0.0118467 -0.839485 0.433686 0.0276748 -0.900639 0.389476 0.0444338 -0.919964 0.193665 0.0221545 -0.980818 0.290208 0.0327913 -0.956402 0.103799 0.0118815 -0.994527 0.950221 0.108129 -0.292212 0.913576 0.104603 -0.392984 0.863155 0.098087 -0.495321 0.792837 0.0895022 -0.602825 0.70267 0.0807533 -0.706919 0.598777 0.0684353 -0.797987 0.493111 0.0562627 -0.868145 -0.762134 -0.608459 -0.221199 -0.832287 -0.47197 -0.290762 -0.750813 -0.526815 -0.39843 -0.25508 -0.831493 -0.49351 -0.307111 -0.840955 -0.445509 -0.316081 -0.75387 -0.575997 -0.240418 -0.89854 -0.367184 -0.280926 -0.903232 -0.324428 -0.427171 -0.685092 -0.590062 -0.362908 -0.670763 -0.646819 -0.370948 -0.767726 -0.522489 -0.472613 -0.835478 -0.28038 -0.404578 -0.842589 -0.355473 -0.392922 -0.900066 -0.188398 -0.613895 -0.740257 -0.274138 -0.680321 -0.641657 -0.354176 -0.615722 -0.660784 -0.429244 -0.249434 -0.733902 -0.6318 -0.48827 -0.760944 -0.427267 -0.426385 -0.770505 -0.473833 -0.551338 -0.748669 -0.368132 -0.558329 -0.677263 -0.479149 -0.303548 -0.649186 -0.697436 -0.203707 -0.621875 -0.756158 -0.261521 -0.436502 -0.860856 -0.168725 -0.406206 -0.898069 -0.249308 -0.513031 -0.821368 -0.350789 -0.473182 -0.808113 -0.334101 -0.561945 -0.7567 -0.0180474 -0.109223 -0.993853 -0.0199948 -0.0464031 -0.998723 -0.000825991 -0.0791065 -0.996866 -0.675288 -0.573662 -0.463571 -0.0926655 -0.01292 -0.995613 -0.0932658 0.0137243 -0.995547 -0.0286605 0.00362317 -0.999583 -0.937455 -0.271243 -0.218187 -0.914031 -0.352993 -0.199858 -0.944774 -0.318536 -0.0770497 0.000275082 0.000175732 -1 -0.0257175 -0.00418543 -0.99966 -0.611824 -0.594557 -0.521703 -0.839869 -0.353844 -0.411599 -0.86755 -0.388221 -0.310872 -0.894009 -0.313153 -0.320443 -0.805194 -0.434334 -0.403754 -0.890047 -0.201422 -0.408957 -0.828849 -0.241557 -0.504638 -0.867867 -0.275035 -0.413717 -0.540597 -0.822096 -0.178642 -0.9839 -0.143575 -0.106426 -0.968744 -0.109395 -0.22264 -0.956324 -0.185528 -0.225886 -0.968638 -0.229386 -0.0955103 -0.184828 -0.891234 -0.414175 -0.216308 -0.945223 -0.244469 -0.259338 -0.947331 -0.187901 -0.351715 -0.844991 -0.402848 -0.326047 -0.905461 -0.271724 -0.99185 -0.0659591 -0.10901 -0.999217 -0.0342484 -0.0197948 -0.994254 0.00621629 -0.106863 -0.999115 0.0359993 -0.0217564 -0.995142 0.0955663 -0.0236438 -0.992434 0.0698454 -0.100975 -0.997239 0.0742591 -7.12836e-05 -0.173608 -0.940953 -0.290635 -0.992443 0.122704 -0.000801643 -0.98985 0.142114 0.000729737 -0.990705 0.133209 -0.0275549 -0.105909 -0.87586 -0.4708 -0.0505236 -0.91602 -0.397939 -0.116052 -0.932794 -0.341215 -0.323137 -0.940003 -0.109441 -0.200983 -0.973293 -0.11093 -0.108685 -0.970112 -0.216959 -0.155321 -0.973639 -0.167039 -0.261269 -0.96401 -0.0492329 -0.148309 -0.987704 -0.0494486 -0.0575122 -0.960876 -0.270942 -0.054318 -0.987197 -0.149972 -0.140513 -0.712567 -0.687389 -0.176816 -0.814893 -0.551983 -0.0323134 -0.845241 -0.533408 -0.204922 -0.978706 -0.0119123 -0.0997017 -0.990162 -0.0981788 -0.0508197 -0.997852 -0.0413472 -0.0977138 -0.995165 -0.00991372 -0.0176484 -0.999813 -0.00794125 -0.0161729 -0.995942 -0.0885274 -0.0179605 -0.978533 -0.205305 -0.000208833 -0.999727 -0.0233769 -0.000284895 -1 -0.00013417 -0.0194625 -0.999811 -0.000184768 7.35313e-05 -0.996922 -0.078405 0.000286548 -0.988573 -0.150742 -0.0678143 -0.997698 -8.34924e-05 -0.000146672 -0.973298 -0.229547 -0.0150421 -0.943847 -0.33004 0.000647049 -0.949718 -0.313105 -0.133471 -0.991053 -0.000731398 -8.59904e-05 -0.91765 -0.397388 -0.000115324 -0.874721 -0.484627 -0.00740077 -0.888241 -0.459318 -0.209636 -0.97778 -1.73469e-05 -0.291206 -0.95666 0.000371192 0.000413943 -0.818489 -0.574522 -0.328458 -0.944476 -0.00896391 -0.377787 -0.925892 -0.000465616 -0.393062 -0.918614 -0.0406236 -0.0153069 -0.745317 -0.666534 -0.000157779 -0.747598 -0.664152 -0.077686 -0.787011 -0.612028 -0.463681 -0.880676 -0.0970039 -0.458219 -0.888821 -0.00567376 -0.564339 -0.825543 0.000516472 -0.469024 -0.883186 -0.000184827 -0.000562763 -0.663935 -0.74779 -0.0416756 -0.670883 -0.740391 0.000140366 -0.574567 -0.818458 -0.607241 -0.790802 -0.0767484 -0.529999 -0.847458 -0.0302604 -0.672009 -0.740403 -0.0144046 -0.662345 -0.749199 -0.000257551 -0.0130122 -0.541876 -0.840358 0.000100271 -0.48487 -0.874586 -0.0812193 -0.582093 -0.809056 -0.493074 -0.687476 -0.533156 -0.749336 -0.660946 -0.0405779 -0.684963 -0.714295 -0.143557 -0.755809 -0.654792 -0.000696466 -0.0387865 -0.455199 -0.889544 -0.000483253 -0.397109 -0.917771 -0.275146 -0.366017 -0.889003 -0.19177 -0.252252 -0.948469 -0.183783 -0.332104 -0.925165 -0.476429 -0.596401 -0.646005 -0.403678 -0.585853 -0.702724 -0.546378 -0.599046 -0.585333 -0.860663 -0.50898 -0.0140773 -0.824499 -0.559207 -0.0865414 -0.835765 -0.549087 0.000252568 -0.065151 -0.375499 -0.92453 -0.000219144 -0.313267 -0.949665 -0.134431 -0.479365 -0.867258 -0.43668 -0.500547 -0.747505 -0.658061 -0.504469 -0.558987 -0.585872 -0.515604 -0.625225 -0.732467 -0.477778 -0.484994 -0.886262 -0.436192 -0.155807 -0.911898 -0.40792 -0.0452099 -0.897241 -0.441541 0.000162779 -0.00747087 -0.262253 -0.96497 -0.000325232 -0.230399 -0.973096 -0.0801949 -0.294588 -0.952253 -0.455879 -0.42047 -0.784461 -0.366315 -0.394629 -0.842663 -0.513046 -0.514276 -0.687243 -0.698276 -0.419545 -0.579994 -0.620148 -0.435456 -0.652529 -0.803964 -0.314631 -0.504628 -0.941028 -0.338327 -0.000541378 -0.0131944 -0.183047 -0.983016 -0.539805 -0.435263 -0.720525 -0.647072 -0.359535 -0.672333 -0.560234 -0.3599 -0.746063 -0.773309 -0.390734 -0.499319 -0.980825 -0.194675 -0.00918912 -0.970094 -0.242728 -0.000277741 -0.000658874 -0.151382 -0.988475 -0.0896983 -0.213582 -0.972798 -0.282683 -0.290309 -0.914227 -0.375088 -0.322949 -0.868915 -0.469715 -0.346855 -0.811825 -0.575168 -0.288821 -0.765352 -0.728982 -0.343854 -0.591903 -0.917574 -0.230511 -0.323918 -0.99364 -0.111512 -0.0156376 -0.988249 -0.152854 -0.000371231 -0.189003 -0.181195 -0.965115 -0.0922998 -0.13945 -0.985918 -0.282528 -0.221422 -0.933354 -0.380579 -0.251426 -0.889913 -0.479141 -0.275372 -0.833423 -0.667831 -0.288175 -0.686263 -0.585928 -0.217873 -0.780525 -0.753498 -0.271718 -0.598673 -0.956377 -0.0221942 -0.291291 -0.947862 -0.0848494 -0.307179 -0.976203 -0.0368408 -0.213708 -0.935141 -0.15624 -0.317964 -0.997632 -0.0687761 -0.000686883 -0.00106345 -0.0231578 -0.999731 -0.181865 -0.114997 -0.976576 -0.0885921 -0.0750039 -0.99324 -0.282838 -0.152247 -0.947008 -0.385032 -0.179496 -0.90528 -0.484822 -0.203398 -0.850633 -0.683962 -0.21793 -0.696206 -0.59086 -0.150972 -0.792522 -0.772969 -0.201382 -0.601635 -0.848382 -0.17103 -0.500996 -0.906992 -0.130771 -0.40033 -0.999968 0.00797491 -0.000516906 -0.283817 -0.0692167 -0.956377 -0.182885 -0.0360568 -0.982473 -0.384369 -0.10531 -0.917153 -0.4855 -0.133133 -0.86404 -0.601225 0.0596275 -0.796852 -0.703563 -0.0338454 -0.709826 -0.704071 0.0671608 -0.706946 -0.695022 -0.153612 -0.702387 -0.788137 -0.136454 -0.600183 -0.863168 -0.10495 -0.493889 -0.918986 -0.0662061 -0.388693 -0.979781 0.0265366 -0.198305 -0.193376 0.0177181 -0.980965 -0.176814 0.0252255 -0.983921 -0.266537 0.0379274 -0.963078 -0.287285 0.00913441 -0.957802 -0.4899 -0.0244908 -0.871434 -0.399319 0.0521758 -0.915326 -0.386397 -0.00866259 -0.922292 -0.596443 -0.0345632 -0.801911 -0.797187 -0.0191956 -0.603428 -0.868781 0.00492288 -0.495172 -0.920806 0.0336025 -0.388571 -0.955815 0.0647415 -0.286751 -0.912449 0.110648 -0.393947 -0.976977 0.0960775 -0.190487 -0.987698 0.121196 -0.0988129 -0.358547 0.0513797 -0.932097 -0.498874 0.0558863 -0.864871 -0.793465 0.0789132 -0.603478 -0.861947 0.0938781 -0.498231 -0.947657 0.126007 -0.293375 -0.97083 0.136278 -0.197273 -0.985489 0.141626 -0.0935554 -0.989503 0.141652 -0.0286176 -0.454693 0.0648606 -0.888283 -0.552571 0.0787742 -0.829735 -0.651364 0.0930269 -0.753041 -0.745174 0.1059 -0.658408 -0.820936 0.116417 -0.559027 -0.87962 0.125452 -0.458837 -0.922829 0.132449 -0.361724 -0.953431 0.137064 -0.268667 -0.973949 0.139385 -0.178873 0.30274 -0.917969 0.256284 0.365988 -0.923432 0.115441 0.400441 -0.882445 0.246857 0.874436 -0.303663 0.378352 0.872263 -0.370752 0.318904 0.936404 -0.267313 0.227358 0.481277 -0.756225 0.443279 0.388323 -0.803093 0.451937 0.444741 -0.824036 0.350955 0.785159 -0.34148 0.516639 0.791805 -0.401629 0.46015 0.416491 -0.728932 0.543317 0.429957 -0.647435 0.629257 0.349341 -0.682039 0.642482 0.335617 -0.766097 0.548139 0.288935 -0.387858 0.875261 0.326001 -0.489243 0.808928 0.404614 -0.46937 0.784844 0.34869 -0.867536 0.354678 0.426066 -0.560661 0.710019 0.507149 -0.833259 0.220181 0.569429 -0.821033 0.0406924 0.620769 -0.764878 0.172068 0.0272743 -0.0269015 0.999266 0.068112 -0.116582 0.990843 0.14107 -0.109682 0.983905 0.772431 -0.548846 0.319559 0.841792 -0.522714 0.134748 0.862673 -0.449305 0.232208 0.324074 -0.289032 0.900798 0.192838 -0.215334 0.957311 0.242118 -0.299272 0.922938 0.753836 -0.617965 0.22327 0.654172 -0.697682 0.29206 0.724361 -0.681191 0.106211 -0.000144605 -0.000208092 1 0.0303768 0.0033005 0.999533 0.806139 -0.590064 0.0443251 0.869208 -0.494382 0.0079303 0.905369 -0.42078 0.0570223 0.928039 -0.346794 0.135932 0.943553 -0.330976 0.0127783 0.667963 -0.744082 0.0129544 0.964254 -0.258338 0.0589573 0.983607 -0.179897 0.012451 0.973941 -0.179916 0.13809 0.992241 -0.10867 0.0604085 0.998976 -0.0440249 0.0104637 0.99976 0.0219153 5.09683e-05 0.998937 0.012155 0.0444569 0.991286 -0.0541503 0.120085 0.467682 -0.880356 0.0790365 0.996236 0.0866798 0.000101829 0.993488 0.113932 -0.000864901 0.994105 0.103676 0.0317346 0.471891 -0.881657 0.000527208 0.50548 -0.682112 0.528406 0.329764 -0.94397 0.0132513 0.266932 -0.95332 0.141169 0.182123 -0.9718 0.149786 0.147239 -0.988572 0.0323486 0.234802 -0.971734 0.024516 0.222456 -0.942057 0.251082 0.267212 -0.963638 0.000458054 0.367466 -0.930037 -0.000236784 0.193728 -0.922001 0.335237 0.265967 -0.899215 0.347382 0.174855 -0.984594 0.000359614 -2.38334e-05 -0.919754 0.392494 0.038474 -0.944214 0.327078 0.0618453 -0.898466 0.434666 0.0905004 -0.995896 0.000413149 0.0692098 -0.997032 0.0337276 0.0262934 -0.999654 0.000575979 0.0140667 -0.999286 0.0350557 -0.000611118 -0.994481 0.104915 0.000843489 -0.999506 0.0314294 -0.000652225 -1 -0.00047406 0.0146235 -0.974638 0.223309 0.000272555 -0.980718 0.19543 0.043569 -0.990087 0.133527 0.103537 -0.984125 0.144146 0.582644 -0.812727 4.31349e-05 0.000247404 -0.956379 0.29213 0.088342 -0.971448 0.220194 0.147971 -0.959415 0.240059 0.346203 -0.588848 0.730343 0.693716 -0.720249 1.70418e-05 0.794608 -0.607123 3.37204e-05 0.000469402 -0.291722 0.956503 0.0555017 -0.210569 0.976002 -0.000256541 -0.195193 0.980765 3.20504e-05 -0.868145 0.49631 0.269257 -0.612371 0.743305 0.122146 -0.93848 0.323011 0.548301 -0.767373 0.332422 0.873751 -0.486373 2.94606e-05 0.92934 -0.369226 2.19035e-05 0.0816269 -0.834203 0.545383 0.153524 -0.886648 0.436218 0.30622 -0.839278 0.449268 0.231703 -0.866973 0.441215 0.579434 -0.698346 0.420201 0.677132 -0.629884 0.380444 0.965777 -0.259372 0.000235983 0.000254329 -0.797919 0.602764 0.0908316 -0.750163 0.654984 0.177843 -0.818441 0.546376 0.258734 -0.795395 0.548091 0.602646 -0.474793 0.641397 0.492704 -0.440662 0.750373 0.512341 -0.523918 0.680453 0.598914 -0.625853 0.49961 0.693348 -0.557779 0.456236 0.785855 -0.473428 0.397867 0.987588 -0.157068 -0.000122176 0.998061 -0.0622401 8.67067e-05 -0.00131816 -0.70693 0.707282 0.0827244 -0.647309 0.757725 0.190241 -0.733149 0.652917 0.272478 -0.70972 0.649656 0.516008 -0.604232 0.607157 0.606426 -0.551061 0.573218 0.700256 -0.484246 0.524545 0.934872 -0.205324 0.28958 0.971129 -0.122839 0.204498 -0.000552279 -0.602927 0.797796 0.0604432 -0.539697 0.839687 0.184869 -0.630875 0.753538 0.368213 -0.375701 0.850451 0.694869 -0.413032 0.588694 0.585702 -0.400752 0.704522 0.917457 -0.107899 0.382923 0.930577 -0.168568 0.324979 0.966489 -0.0862022 0.2418 0.868749 -0.257579 0.423 0.985703 -0.00852037 0.168278 0.993692 0.0613296 0.0938899 0.000294214 -0.495939 0.868357 -0.000960414 -0.392261 0.919853 0.101546 -0.308876 0.945666 0.163358 -0.522488 0.836851 0.2482 -0.506107 0.825986 0.214609 -0.394996 0.893264 0.650889 -0.283885 0.704097 0.67792 -0.348683 0.647182 0.766997 -0.283293 0.575726 0.852244 -0.199769 0.483501 0.955109 -0.024229 0.295264 0.928476 0.0484123 0.368224 0.974126 0.0467663 0.221116 0.984033 0.0965139 0.149548 0.99307 0.113282 0.0312953 0.988148 0.112498 0.104439 0.0316326 -0.43296 0.900858 0.174556 -0.298779 0.938222 0.135433 -0.413708 0.90028 0.45516 -0.356217 0.816051 0.550659 -0.329157 0.767092 0.744572 -0.211959 0.632998 0.827565 -0.116849 0.549074 0.889765 -0.0223818 0.45587 0.852578 0.0468019 0.5205 0.953137 0.0926432 0.288005 0.974454 0.111062 0.195204 0.277999 -0.201183 0.939277 0.408324 -0.270513 0.871834 0.501885 -0.239842 0.831016 0.608647 -0.18582 0.771375 0.708938 -0.108694 0.696845 0.79092 -0.023434 0.611471 0.653853 -0.00167876 0.75662 0.89634 0.0889216 0.43436 0.913951 0.104021 0.392268 0.950261 0.108337 0.292006 0.124634 -0.214834 0.968665 0.365094 -0.174126 0.914542 0.455806 -0.128537 0.880749 0.55606 -0.0661331 0.828507 0.505525 0.0201339 0.862577 0.738146 0.0515131 0.672671 0.807442 0.0853245 0.583745 0.862608 0.0982956 0.496232 -0.000374823 -0.104668 0.994507 0.0133562 -0.118971 0.992808 0.000908723 -0.0312444 0.999511 0.0958932 -0.0152833 0.995274 0.227884 -0.0912697 0.969401 0.320042 -0.0624068 0.945346 0.412254 -0.0230602 0.910777 0.59826 0.0554172 0.799383 0.792464 0.0903882 0.603184 0.702538 0.0799582 0.70714 0.181489 0.00127092 0.983392 0.272688 0.0198795 0.961897 0.290359 0.0331075 0.956345 0.389823 0.0442719 0.919825 0.492902 0.0561532 0.868271 0.598689 0.0682497 0.798068 0.104866 0.0124505 0.994408 0.193645 0.021395 0.980838 -0.989513 0.14156 0.0287186 -0.990574 0.134343 0.026742 -0.985406 0.141222 0.0950322 -0.476471 -0.706067 0.523875 -0.554588 -0.732571 0.394679 -0.45218 -0.789456 0.415082 -0.338955 -0.940803 4.78302e-05 -0.440076 -0.895897 0.0608419 -0.438184 -0.898885 0.000295707 -0.627416 -0.738403 0.247206 -0.696082 -0.713859 0.076656 -0.576783 -0.806927 0.127241 -0.476848 -0.864616 0.158291 -0.517665 -0.80859 0.279653 -0.533943 -0.84485 0.0336497 -0.638109 -0.769914 0.00701542 -0.542854 -0.839827 0.000150677 -0.578518 -0.646607 0.497208 -0.664446 -0.656199 0.35765 -0.264304 -0.472301 0.840878 -0.142391 -0.379426 0.914199 -0.226545 -0.359941 0.905053 -0.354006 -0.447627 0.821164 -0.447067 -0.416154 0.7918 -0.475298 -0.516928 0.711953 -0.109987 -0.0765918 0.990978 -0.190376 -0.0528444 0.980288 -0.229833 -0.141943 0.962823 -0.311205 -0.950279 0.010985 -0.0775955 -0.187482 0.979198 -0.0216372 -0.206518 0.978204 -0.00417339 -0.116363 0.993198 -0.000610635 -0.0319619 0.999489 0.000397488 0.000583236 1 -0.0189615 -0.0235791 0.999542 -0.245545 -0.969385 0.000164566 -0.0863985 -0.991134 0.100935 -0.165939 -0.981593 0.0945512 -0.139407 -0.99002 0.0206478 -0.222327 -0.974837 0.0162437 -0.158429 -0.98737 4.80147e-05 -0.382546 -0.906194 0.180197 -0.418469 -0.857544 0.299168 -0.755625 -0.655005 0.000317593 -0.651191 -0.758914 -0.00010482 -0.0816069 -0.996665 -7.27645e-06 -0.0672752 -0.997421 0.0249941 -0.0163898 -0.999378 0.0312284 -0.0232503 -0.99973 -7.75853e-05 0.0001408 -1 -0.000880098 -0.843522 -0.537095 1.72121e-05 -0.854217 -0.519782 0.0118359 -0.908295 -0.41833 -3.34642e-05 -0.787432 -0.61531 0.0366685 -0.831618 -0.541831 0.121782 -0.744202 -0.640985 0.187884 -0.893801 -0.444015 0.0630067 -0.856968 -0.466404 0.219255 -0.979621 -0.198872 0.0281619 -0.97941 -0.201883 2.97306e-05 -0.951962 -0.306217 -4.4736e-05 -0.935495 -0.352633 0.022324 -0.997952 0.0567266 0.0295655 -0.998137 0.0610142 -0.000110337 -0.999862 -0.0165841 0.00011575 -0.967991 -0.124898 0.217701 -0.987336 -0.0563669 0.148294 -0.988921 -0.122075 0.0844536 -0.991727 -0.128314 0.0035922 -0.997678 -0.0590697 0.0339149 -0.99644 0.00128897 0.0842949 -0.978545 0.000407345 0.206034 -0.988275 0.0563606 0.141901 -0.989824 0.142297 -0.000592684 -0.981819 0.13316 0.135279 -0.253438 -0.963347 0.0879263 -0.345944 -0.935037 0.0776466 -0.0267766 -0.993725 0.108594 -4.13629e-05 -0.999506 0.0314202 2.88786e-05 -0.994528 0.104471 -0.287735 -0.938112 0.192755 -0.110173 -0.973092 0.202369 -0.195477 -0.960317 0.198949 -0.0416587 -0.977591 0.206348 -0.0041207 -0.976633 0.214873 -5.4416e-05 -0.980788 0.195075 -0.772124 -0.562654 0.295373 -0.485441 -0.614227 0.622151 -0.322314 -0.894603 0.309513 -0.227929 -0.922112 0.312662 -0.138254 -0.939991 0.311933 -0.0602651 -0.948034 0.312411 -0.0101413 -0.948019 0.318051 0.000116115 -0.956451 0.291892 -0.994449 -0.105221 -0.000120969 -0.919384 -0.367677 0.139811 -0.867575 -0.388013 0.311062 -0.957931 -0.277332 0.0738577 -0.784711 -0.483108 0.388376 -0.354882 -0.832565 0.425317 -0.166872 -0.889264 0.425867 -0.259979 -0.865662 0.427832 -0.0796404 -0.902003 0.424321 -0.190131 -0.816978 0.544423 -0.0177113 -0.904274 0.426584 0.000220103 -0.920252 0.391327 -0.96912 -0.19677 0.148619 -0.930783 -0.28747 0.225841 -0.867061 -0.311115 0.389118 -0.930197 -0.212463 0.299321 -0.785136 -0.403324 0.469991 -0.684154 -0.571692 0.45288 -0.380863 -0.554777 0.739706 -0.585329 -0.557755 0.588471 -0.687304 -0.487575 0.538409 -0.379422 -0.75248 0.538343 -0.284968 -0.78905 0.544237 -0.0957389 -0.834798 0.542168 -0.201737 -0.72404 0.659597 -0.000256469 -0.868236 0.496152 -0.0241708 -0.840534 0.541219 -0.959159 -0.0643283 0.275454 -0.855202 -0.239742 0.459514 -0.920441 -0.146843 0.36225 -0.270855 -0.237719 0.932806 -0.147272 -0.168004 0.974723 -0.574669 -0.467716 0.671563 -0.389725 -0.659052 0.643245 -0.296315 -0.695121 0.654984 -0.103622 -0.745179 0.658764 -0.195036 -0.611375 0.76693 -0.000471704 -0.797653 0.603117 -0.0261992 -0.755715 0.654376 -0.992941 0.118606 0.000357645 -0.973903 0.139679 0.178894 -0.939105 0.00514069 0.343591 -0.961131 0.0602537 0.269437 -0.830201 -0.159983 0.534014 -0.897673 -0.070303 0.435018 -0.772623 -0.324865 0.545451 -0.676181 -0.402925 0.616791 -0.289049 -0.585515 0.757379 -0.0977803 -0.632216 0.768597 -0.172387 -0.494881 0.85169 -3.55815e-06 -0.707275 0.706939 -0.0230466 -0.648286 0.761048 -0.991414 0.105105 0.0777875 -0.954528 0.131037 0.267779 -0.933856 0.108691 0.340733 -0.973825 0.103392 0.202425 -0.747471 0.0163211 0.664094 -0.793424 -0.0676731 0.604896 -0.662196 -0.051606 0.747551 -0.747232 -0.242358 0.618795 -0.650491 -0.315019 0.691104 -0.546654 -0.373385 0.749502 -0.314538 -0.339369 0.886507 -0.0812736 -0.517133 0.852037 -0.0621581 -0.405642 0.911916 1.55547e-05 -0.602045 0.798462 -0.0163856 -0.537758 0.84294 -0.953478 0.136699 0.268688 -0.85928 0.0134875 0.511328 -0.904585 0.07259 0.420067 -0.711134 -0.150593 0.686739 -0.608031 -0.222939 0.761969 -0.50346 -0.272842 0.819808 -0.406538 -0.310885 0.859114 -0.185099 -0.25976 0.947768 0.00010526 -0.496049 0.868294 -0.00788999 -0.431022 0.902307 -0.922639 0.132286 0.362268 -0.904592 0.126899 0.406952 -0.866449 0.108427 0.48735 -0.879569 0.126035 0.458774 -0.814791 0.0721833 0.575243 -0.691418 0.0733952 0.718717 -0.552357 -0.12258 0.824546 -0.453335 -0.170495 0.874882 -0.361617 -0.208055 0.908816 -0.0428145 -0.301676 0.952449 -0.11102 -0.277494 0.954291 -8.74173e-06 -0.392121 0.919914 -0.821121 0.117849 0.558455 -0.766862 0.101033 0.63381 -0.601553 0.0340694 0.798106 -0.497206 -0.0219922 0.867354 -0.407025 -0.0705944 0.910685 -0.318376 -0.110123 0.941546 -0.043226 -0.0968329 0.994362 -5.16579e-05 -0.292023 0.956411 -0.744722 0.106835 0.658768 -0.652253 0.0932021 0.75225 -0.547891 0.0718527 0.833458 -0.454059 0.0407373 0.89004 -0.366454 0.00633892 0.930415 -0.277173 -0.0254067 0.960484 -5.89693e-05 -0.195122 0.980779 -0.553234 0.0796025 0.829214 -0.454238 0.0651538 0.888495 -0.358557 0.0511968 0.932103 -0.239037 0.026942 0.970637 -0.153821 0.00882775 0.988059 -0.0756782 -0.00816044 0.997099 0.000451261 -0.104003 0.994577 -0.266232 0.0382425 0.96315 -0.176763 0.0253459 0.983927 -0.0938962 0.0133734 0.995492 -0.0276372 0.00308252 0.999613</float_array>
          <technique_common>
            <accessor count="1230" source="#ID42" stride="3">
              <param name="X" type="float"/>
              <param name="Y" type="float"/>
              <param name="Z" type="float"/>
            </accessor>
          </technique_common>
        </source>
        <vertices id="ID43">
          <input semantic="POSITION" source="#ID39"/>
          <input semantic="NORMAL" source="#ID41"/>
        </vertices>
        <triangles count="1847" material="ID44">
          <input offset="0" semantic="VERTEX" source="#ID43"/>
          <p>0 1 2 1 0 3 4 5 6 7 8 9 7 4 8 8 4 6 10 11 12 13 14 15 15 11 16 11 15 14 16 11 17 11 10 18 17 11 18 19 11 20 11 19 12 21 11 22 21 20 11 23 11 24 23 22 11 24 11 8 8 6 24 25 26 27 6 27 24 28 25 29 25 30 31 25 32 33 25 34 35 25 33 36 33 32 37 29 25 35 36 34 25 30 25 38 38 25 28 39 26 25 31 39 25 27 6 25 40 41 42 40 42 43 44 45 46 45 44 47 48 49 50 50 49 51 52 53 54 54 55 52 56 57 58 59 60 57 57 56 59 60 59 61 62 56 58 63 64 61 60 61 64 63 65 66 66 64 63 67 65 68 65 67 66 69 70 68 67 68 70 71 70 69 62 72 73 58 72 62 74 75 73 62 73 75 74 76 77 77 75 74 78 76 79 76 78 77 80 81 79 78 79 81 80 82 83 83 81 80 84 82 85 82 84 83 84 85 86 86 85 87 88 89 90 91 92 90 88 90 92 91 93 94 94 92 91 95 93 96 93 95 94 97 95 98 96 98 95 99 100 97 97 98 99 100 101 102 101 100 99 103 102 104 101 104 102 105 106 103 103 104 105 105 107 106 89 88 108 109 89 108 109 110 111 110 109 108 112 111 113 110 113 111 113 114 115 115 112 113 116 114 117 114 116 115 118 119 117 116 117 119 118 120 121 121 119 118 122 120 123 120 122 121 122 123 124 125 126 127 128 129 125 126 125 129 130 131 132 128 133 134 135 136 137 138 139 140 141 142 143 144 145 146 147 148 149 150 151 152 153 154 155 155 148 153 156 154 157 154 156 155 158 159 157 156 157 159 160 159 158 149 152 147 148 147 153 151 142 152 149 150 152 143 161 141 151 143 142 146 145 161 141 161 145 135 137 144 146 135 144 136 138 140 137 136 140 139 131 130 139 138 131 133 132 134 133 130 132 134 129 128 162 163 164 165 164 166 164 165 162 166 167 165 162 168 163 169 163 168 170 167 166 168 171 169 170 172 167 172 173 174 174 167 172 175 173 176 173 175 174 177 178 176 175 176 178 179 178 177 171 180 169 181 180 171 180 182 183 182 180 181 184 183 185 182 185 183 185 186 187 187 184 185 187 188 189 188 187 186 190 191 188 189 188 191 190 192 193 193 191 190 193 194 195 194 193 192 194 196 195 195 196 197 198 199 200 201 202 203 204 199 205 199 204 200 206 207 205 204 205 207 206 208 209 209 207 206 210 208 211 208 210 209 212 213 214 210 211 215 212 215 213 214 216 212 211 213 215 200 217 198 218 198 219 217 219 198 220 221 218 218 219 220 221 222 223 222 221 220 224 223 225 222 225 223 226 227 224 224 225 226 227 228 229 228 227 226 202 229 203 228 203 229 230 231 232 233 232 234 231 234 232 235 236 233 233 234 235 236 237 238 237 236 235 239 238 240 237 240 238 241 242 239 239 240 241 242 243 244 243 242 241 245 244 246 243 246 244 247 248 245 245 246 247 231 230 249 249 250 251 250 249 230 252 251 253 250 253 251 254 255 252 252 253 254 255 256 257 256 255 254 258 257 259 256 259 257 260 261 258 258 259 260 261 262 263 262 261 260 262 264 263 263 264 265 266 267 268 268 269 270 269 268 267 271 270 272 269 272 270 273 274 271 271 272 273 274 275 276 275 274 273 277 276 278 275 278 276 279 280 277 277 278 279 280 281 282 281 280 279 283 282 284 281 284 282 285 286 283 283 284 285 287 286 285 268 288 266 288 289 290 290 266 288 291 289 292 289 291 290 293 294 292 291 292 294 293 295 296 296 294 293 297 295 298 295 297 296 299 300 298 297 298 300 299 301 302 302 300 299 303 301 304 301 303 302 303 304 305 306 307 308 309 310 311 306 312 307 308 313 306 313 314 315 315 306 313 316 307 312 317 315 314 318 319 317 315 317 319 318 320 321 321 319 318 321 322 323 322 321 320 324 323 325 322 325 323 326 316 312 324 325 327 316 326 328 326 329 330 330 328 326 331 329 332 329 331 330 333 334 332 331 332 334 335 333 336 335 334 333 310 336 311 333 311 336 309 337 338 338 310 309 339 340 341 342 343 344 345 346 340 340 339 345 347 348 349 350 341 348 347 350 348 347 349 351 352 353 351 354 355 356 352 357 353 354 357 352 356 357 354 347 351 353 356 355 358 355 359 358 350 339 341 360 346 345 361 362 360 346 360 362 363 361 364 363 362 361 365 364 366 361 366 364 367 368 365 365 366 367 368 369 343 369 368 367 369 344 343 370 371 372 373 374 375 376 374 377 376 378 375 379 380 374 381 382 383 384 385 386 387 388 389 390 391 392 393 394 395 396 397 398 399 372 394 400 401 402 403 404 405 406 407 408 373 409 371 410 403 370 372 371 394 411 412 413 393 414 399 410 370 372 380 405 415 404 416 411 404 417 416 379 370 405 418 411 416 416 417 419 416 419 418 380 420 377 418 419 421 409 394 371 381 383 375 422 395 409 423 424 425 422 426 425 427 423 428 425 429 395 430 431 428 432 427 433 433 434 435 436 437 438 439 440 437 441 442 443 444 445 446 447 445 444 445 448 449 445 447 448 417 403 410 418 421 450 403 417 404 451 418 450 452 410 372 452 372 399 418 451 412 418 412 411 403 405 370 415 404 411 453 454 412 451 453 412 454 413 412 455 454 453 456 457 414 420 413 458 394 393 399 454 458 413 415 411 413 405 404 415 379 371 370 405 380 379 413 420 415 459 458 454 460 454 455 461 457 456 424 456 429 429 456 414 379 373 371 429 393 395 373 375 383 395 394 409 458 462 463 464 462 459 380 415 420 373 379 374 454 460 459 380 377 374 458 463 420 465 459 460 466 467 468 414 393 429 469 424 427 424 469 456 373 383 409 429 425 424 470 391 378 422 425 395 471 472 463 409 383 422 462 473 471 459 462 458 377 420 463 374 376 375 463 472 377 474 464 465 465 464 459 462 471 463 475 464 474 469 461 456 461 469 467 469 468 467 435 476 468 477 478 476 384 479 480 469 427 432 382 422 383 423 427 424 481 392 389 426 423 425 482 382 385 382 426 422 483 484 471 473 483 471 376 377 472 381 375 378 473 462 464 470 376 472 484 472 471 475 485 473 464 475 473 485 483 473 486 485 475 469 432 468 466 468 476 487 477 438 468 432 435 430 423 426 433 435 432 382 482 426 433 427 428 385 382 381 423 430 428 488 381 378 482 430 426 489 490 484 470 472 484 378 376 470 385 381 488 491 483 485 378 391 488 490 470 484 489 483 491 492 485 486 466 476 478 493 494 495 494 493 477 496 433 428 476 436 477 497 498 499 435 434 436 500 430 482 434 433 496 384 482 385 496 428 431 386 385 488 430 500 431 500 384 480 500 482 384 501 387 489 491 501 489 391 470 490 488 391 390 490 392 391 491 485 492 484 483 489 490 489 387 502 491 492 478 477 493 503 504 505 476 435 436 441 443 495 434 506 437 436 438 477 496 507 506 434 437 436 431 508 507 496 506 434 500 480 508 496 431 507 479 386 509 500 508 431 509 390 481 389 401 510 386 488 390 479 384 386 392 490 387 390 509 386 511 512 501 392 481 390 392 387 389 501 512 388 511 501 502 501 491 502 477 487 494 494 441 495 513 438 440 487 514 494 515 516 517 438 513 487 439 506 518 440 438 437 518 507 519 506 439 437 519 508 498 507 518 506 498 480 520 519 507 508 520 479 521 498 508 480 509 522 521 520 480 479 481 510 522 509 521 479 402 388 512 481 522 509 389 510 481 387 501 388 402 401 388 523 512 511 441 494 514 524 443 442 525 513 526 514 487 513 527 441 514 440 528 526 525 514 513 528 439 517 526 513 440 517 518 529 528 440 439 519 497 529 518 517 439 530 499 520 529 518 519 531 530 521 497 519 498 398 531 522 499 498 520 532 398 510 530 520 521 407 400 408 521 522 531 522 510 398 512 523 402 389 388 401 401 400 532 533 402 523 442 441 527 534 449 524 525 535 503 527 514 525 442 527 505 526 536 535 527 525 503 528 516 536 535 525 526 537 515 538 536 526 528 529 538 515 516 528 517 497 539 538 515 517 529 499 540 539 529 497 538 530 541 540 497 499 539 540 542 543 499 530 540 397 531 398 531 397 541 400 407 532 400 402 533 510 401 532 532 407 396 408 400 533 442 505 534 534 524 442 534 505 446 527 503 505 505 504 446 544 503 535 503 544 504 545 535 536 535 545 544 546 536 516 536 546 545 547 516 515 546 516 547 539 548 538 547 515 537 540 543 539 537 538 548 541 542 540 548 539 543 397 549 541 397 396 550 530 531 541 541 549 542 398 532 396 550 549 397 396 551 550 407 406 551 534 446 445 449 534 445 444 446 552 553 446 504 544 554 504 504 554 553 545 555 544 544 555 554 546 556 545 545 556 555 547 557 546 546 557 556 537 558 547 547 558 557 548 559 537 537 559 558 543 560 548 548 560 559 542 560 543 561 560 542 549 562 563 563 542 549 550 564 562 562 549 550 551 396 407 564 550 551 446 553 552 552 553 565 553 554 565 565 554 566 554 555 566 566 555 567 555 556 567 567 556 568 568 557 569 568 556 557 569 558 570 569 557 558 570 559 571 570 558 559 571 560 561 571 559 560 561 542 563 572 573 574 575 576 577 578 579 576 580 581 582 583 584 585 586 587 588 589 575 577 590 591 584 592 588 593 589 594 595 596 597 598 599 596 600 601 602 603 587 574 604 605 606 607 608 609 610 607 611 612 588 604 613 614 615 616 617 573 615 618 619 620 621 586 592 622 623 624 608 625 624 578 575 626 579 627 628 629 579 630 631 632 633 634 635 636 634 637 635 578 638 627 639 640 641 642 643 644 630 645 585 627 646 628 647 648 638 628 646 649 642 644 626 650 646 648 651 652 647 643 651 644 653 654 589 655 643 642 649 646 656 657 652 658 659 657 658 660 658 661 662 661 652 660 661 663 660 664 665 663 664 660 661 666 663 667 666 661 668 660 665 669 667 662 669 670 671 668 659 658 658 660 668 652 661 658 672 650 659 668 672 659 673 671 670 667 661 662 674 673 675 669 662 670 657 659 650 662 652 651 657 647 652 676 656 672 656 650 672 657 650 648 677 656 676 675 678 674 662 651 670 675 673 670 647 657 648 670 651 643 646 650 656 651 647 644 647 638 644 677 679 649 677 649 656 627 648 646 649 645 628 680 681 679 677 680 679 682 683 678 670 643 675 642 654 684 643 655 675 626 575 654 685 681 686 638 648 627 638 626 644 679 645 649 578 626 638 578 627 579 681 680 686 645 679 681 628 645 630 681 685 585 687 686 688 680 688 686 683 682 689 678 675 655 689 690 691 655 682 678 598 594 600 655 642 684 591 582 629 642 626 654 685 621 583 692 693 694 579 628 630 578 576 575 629 576 579 685 686 693 645 681 585 584 630 585 583 585 685 687 694 693 686 687 693 692 621 693 695 694 687 691 690 696 655 684 682 691 696 697 595 698 653 690 682 684 577 581 594 654 653 684 576 582 577 589 654 575 590 593 699 593 590 592 629 630 584 582 576 629 700 701 694 591 629 584 584 583 590 685 693 621 592 583 621 586 692 701 702 694 695 689 682 690 703 704 697 684 653 690 690 698 696 705 706 707 690 653 698 580 708 709 595 653 589 699 580 591 589 577 594 593 613 710 582 581 577 590 583 592 580 582 591 572 701 700 699 591 590 700 711 712 692 694 701 621 692 586 586 588 592 694 702 700 701 572 587 700 712 572 713 700 702 714 715 704 696 703 697 595 598 716 703 696 698 709 717 599 595 716 698 581 709 600 594 598 595 710 708 699 581 600 594 718 719 613 581 580 709 604 720 718 699 708 580 574 720 604 593 710 699 613 593 588 721 711 722 586 701 587 587 604 588 713 711 700 574 587 572 573 712 721 723 711 713 715 714 724 698 716 703 715 724 725 726 714 597 714 703 716 727 728 717 597 716 598 729 717 708 600 596 598 719 729 710 709 599 600 730 731 718 708 717 709 614 620 732 708 710 729 617 720 574 710 613 719 609 721 722 718 613 604 609 722 610 712 711 721 572 712 573 617 574 573 711 723 722 721 609 615 733 722 723 704 703 714 734 725 724 716 597 714 724 714 726 596 705 707 726 597 707 599 728 705 596 707 597 727 729 735 599 705 596 736 737 731 728 599 717 719 731 735 729 727 717 730 720 738 729 719 735 614 738 617 718 731 719 633 632 634 718 720 730 720 617 738 739 625 740 573 721 615 614 617 615 722 733 610 609 608 616 610 740 625 740 610 733 741 725 734 612 605 607 601 741 734 734 726 742 705 728 743 742 707 706 727 744 728 706 705 743 745 735 737 743 728 744 737 736 746 745 744 727 736 730 747 735 745 727 747 738 732 731 737 735 620 619 732 730 736 731 620 616 748 747 730 738 738 614 732 622 739 749 615 609 616 614 616 620 624 748 608 610 625 608 739 622 625 750 739 740 724 726 734 603 741 601 706 743 751 726 707 742 601 742 752 743 744 753 752 706 751 744 745 754 751 743 753 745 737 755 753 744 754 756 757 746 755 754 745 747 756 736 755 737 746 732 758 747 746 736 756 759 760 761 758 756 747 748 618 620 619 758 732 624 762 748 632 631 749 616 608 748 762 618 748 624 623 762 749 739 750 625 622 624 622 631 623 763 749 750 734 742 601 764 603 602 751 753 765 742 706 752 752 766 602 753 754 767 751 765 766 754 755 768 753 767 765 755 746 769 754 768 767 770 771 757 768 755 769 756 758 770 769 746 757 758 619 772 757 756 770 619 618 773 772 770 758 618 762 774 772 619 773 762 623 760 773 618 774 761 623 631 762 760 774 622 749 631 761 760 623 749 763 632 631 633 761 775 632 763 601 752 602 612 611 764 752 751 766 605 612 766 768 776 767 777 605 765 769 778 768 767 776 777 757 779 769 768 778 776 780 781 782 778 769 779 770 772 783 779 757 771 772 773 784 771 770 783 774 785 773 783 772 784 760 786 774 784 773 785 787 761 633 785 774 786 636 633 634 786 760 759 635 639 641 759 761 787 632 775 634 636 787 633 637 634 775 766 612 602 612 764 602 788 789 606 765 605 766 790 788 791 767 777 765 777 788 606 791 788 776 792 793 794 794 791 778 783 795 771 779 792 794 783 784 781 792 771 795 784 785 796 783 781 795 786 797 785 784 796 781 759 798 786 785 797 796 799 800 798 786 798 797 799 787 801 787 799 759 801 636 802 636 801 787 802 635 641 636 635 802 639 635 637 606 605 777 790 789 788 776 788 777 803 790 791 778 791 776 803 791 794 779 794 778 792 804 793 771 792 779 804 792 795 795 780 804 781 780 795 782 796 805 796 782 781 805 797 806 797 805 796 806 798 800 798 806 797 800 799 807 808 807 801 759 799 798 801 807 799 802 808 801 809 641 810 809 802 641 641 640 810 803 794 793 803 793 811 793 804 811 811 804 812 804 780 812 812 780 813 780 782 813 813 782 814 782 805 814 814 805 815 815 806 816 815 805 806 816 800 817 816 806 800 817 807 818 817 800 807 818 808 819 818 807 808 809 808 802 819 808 809 820 821 822 823 824 825 826 827 828 823 829 830 831 832 833 834 827 831 835 836 837 838 822 828 837 836 839 840 841 842 843 844 845 846 847 848 849 850 851 852 853 854 855 843 856 857 858 847 847 858 859 859 860 848 857 847 852 861 860 859 842 841 862 863 864 865 865 864 866 867 868 869 862 857 854 869 870 867 871 840 822 872 873 874 841 871 875 876 831 826 877 821 878 877 871 821 879 880 881 882 878 820 877 883 884 885 882 886 881 883 877 883 881 887 887 881 880 888 889 890 880 891 887 891 880 892 893 891 892 894 895 896 894 897 893 894 896 897 898 899 900 893 892 894 894 892 900 892 901 900 879 901 880 901 892 880 881 878 879 875 871 884 871 877 884 877 878 881 902 841 875 900 895 894 895 900 899 903 889 888 903 898 889 898 900 904 905 879 882 904 900 901 832 839 906 901 879 905 882 879 878 821 820 878 871 822 821 907 862 902 841 902 862 841 840 871 842 862 854 908 857 907 862 907 857 899 898 903 909 910 911 901 905 904 888 890 912 913 833 906 885 914 905 886 820 838 885 905 882 915 828 840 886 882 820 842 853 915 822 838 820 822 840 828 840 842 915 842 854 853 916 858 908 857 908 858 854 857 852 917 858 916 904 914 889 889 898 904 912 890 918 904 905 914 890 914 919 886 920 921 921 919 885 920 838 827 885 886 921 922 826 915 920 886 838 922 853 923 827 838 828 923 852 846 826 828 915 830 824 823 915 853 922 923 853 852 917 861 859 859 858 917 847 846 852 848 847 859 924 863 861 917 924 861 889 914 890 925 912 918 925 918 926 914 885 919 918 919 927 920 834 928 928 927 921 929 930 931 920 928 921 876 922 932 920 827 834 932 923 933 827 826 831 933 846 934 826 922 876 934 848 824 922 923 932 824 860 825 923 846 933 860 861 863 846 848 934 860 824 848 935 864 924 864 863 924 825 863 865 936 864 935 890 919 918 937 925 926 937 926 938 919 921 927 926 927 939 834 833 940 928 940 939 941 832 876 928 834 940 941 932 942 834 831 833 942 933 943 831 876 832 943 934 830 932 941 876 942 943 929 932 933 942 825 865 944 934 943 933 865 866 945 867 870 866 860 863 825 825 944 823 945 944 865 867 866 936 864 936 866 866 870 945 868 867 936 918 927 926 946 937 938 946 938 947 927 928 939 938 939 948 835 949 851 940 913 948 931 839 941 940 833 913 931 942 929 832 906 833 929 943 950 941 839 832 951 930 929 942 931 941 952 953 954 823 944 955 934 824 830 829 950 830 944 945 953 829 823 955 870 954 945 955 944 953 869 956 870 953 945 954 874 869 872 870 956 954 869 874 957 868 872 869 926 939 938 958 946 947 959 960 909 939 940 948 948 961 947 962 913 906 961 913 962 836 835 963 906 836 962 964 965 966 839 836 906 950 951 929 930 837 931 829 965 950 829 955 966 943 830 950 951 950 965 953 967 955 966 965 829 968 954 956 967 966 955 969 968 970 967 953 952 971 970 957 952 954 968 956 957 970 874 972 973 869 957 956 874 971 957 874 873 972 938 948 947 959 958 974 963 835 975 948 913 961 961 976 974 836 963 962 963 976 962 930 949 837 930 951 977 839 931 837 835 837 949 965 978 951 977 949 930 979 966 967 978 977 951 980 967 952 978 965 964 981 952 968 964 966 979 981 969 982 979 967 980 983 969 970 980 952 981 984 971 973 956 970 968 971 983 970 874 973 971 961 974 947 958 947 974 961 962 976 976 960 974 985 849 986 960 963 975 949 977 849 975 835 851 977 978 986 851 949 849 978 964 987 849 977 986 979 988 964 986 978 987 980 989 979 964 988 987 990 991 989 979 989 988 990 981 982 981 990 980 982 969 992 993 992 983 968 969 981 983 992 969 983 971 984 994 983 984 959 974 960 960 975 910 963 960 976 960 910 909 851 995 975 975 995 910 996 986 987 995 851 850 997 987 988 850 849 985 998 988 989 985 986 996 998 991 999 996 987 997 1000 991 990 997 988 998 1001 1000 982 992 1002 1001 980 990 989 982 1000 990 1002 992 993 992 1001 982 993 983 994 1003 911 1004 1003 1004 1005 910 1004 911 845 1006 843 1004 995 844 845 985 1007 985 845 850 1007 996 1008 996 1007 985 1008 997 1009 997 1008 996 1009 998 999 998 1009 997 999 991 1010 989 991 998 1000 1010 991 1001 1011 1012 1012 1000 1001 1002 1011 1001 995 850 844 910 995 1004 1005 1004 844 1013 1006 1007 850 845 844 1007 1006 845 1014 1013 1008 1008 1013 1007 1009 1015 1014 1009 1014 1008 1016 999 1017 1017 1010 1018 1017 999 1010 1018 1010 1012 1000 1012 1010 1005 844 843 855 1005 843 856 1006 1019 856 843 1006 1019 1013 1020 1019 1006 1013 1020 1014 1015 1020 1013 1014 1015 1009 1016 1009 999 1016 1021 1022 1023 1024 1025 1026 1027 1028 1029 1030 1031 1032 1033 1034 1032 1035 1036 1037 1035 1032 1036 1038 1039 1025 1040 1041 1042 1043 1044 1045 1046 1047 1048 1028 1027 1049 1050 1051 1052 1053 1054 1055 1027 1056 1049 1057 1058 1059 1035 1037 1029 1049 1056 1060 1061 1059 1060 1061 1060 1056 1062 1063 1033 1064 1065 1036 1066 1067 1059 1059 1061 1066 1068 1067 1069 1025 1030 1034 1069 1070 1068 1071 1072 1073 1064 1074 1072 1072 1074 1075 1031 1076 1074 1077 1075 1078 1079 1080 1081 1073 1077 1082 1082 1079 1081 1083 1084 1085 1086 1087 1088 1089 1088 1090 1091 1092 1093 1021 1094 1022 1023 1022 1095 1063 1034 1033 1036 1065 1037 1035 1033 1032 1028 1035 1029 1060 1058 1096 1097 1028 1049 1068 1098 1067 1060 1096 1049 1066 1069 1067 1058 1060 1059 1068 1070 1099 1067 1098 1057 1100 1068 1099 1072 1071 1064 1035 1028 1033 1028 1097 1062 1074 1036 1031 1096 1101 1097 1036 1032 1031 1102 1103 1058 1057 1104 1102 1097 1049 1096 1033 1028 1062 1098 1104 1057 1062 1097 1101 1058 1103 1096 1098 1100 1105 1059 1067 1057 1058 1057 1102 1098 1105 1104 1106 1105 1100 1098 1068 1100 1073 1082 1081 1076 1107 1075 1036 1074 1064 1072 1077 1073 1108 1038 1024 1075 1077 1072 1024 1038 1025 1074 1076 1075 1101 1109 1062 1031 1030 1076 1034 1026 1025 1030 1032 1034 1110 1103 1111 1111 1102 1112 1101 1096 1103 1062 1109 1063 1113 1104 1105 1103 1110 1101 1103 1102 1111 1104 1113 1112 1114 1105 1106 1080 1089 1115 1116 1082 1077 1079 1089 1080 1117 1116 1078 1118 1079 1082 1107 1119 1078 1118 1082 1116 1039 1076 1030 1078 1116 1077 1063 1026 1034 1107 1078 1075 1109 1120 1063 1039 1107 1076 1121 1122 1110 1039 1030 1025 1123 1121 1111 1124 1122 1121 1109 1101 1110 1026 1063 1120 1125 1112 1113 1110 1122 1109 1111 1121 1110 1105 1114 1113 1102 1104 1112 1112 1125 1123 1126 1113 1114 1088 1079 1127 1085 1115 1090 1128 1118 1116 1079 1088 1089 1128 1129 1130 1118 1127 1079 1119 1131 1117 1127 1118 1128 1132 1107 1039 1116 1117 1128 1108 1133 1045 1117 1078 1119 1132 1134 1135 1119 1107 1132 1136 1120 1137 1038 1132 1039 1137 1122 1124 1124 1121 1138 1120 1109 1122 1120 1136 1026 1124 1139 1137 1137 1120 1122 1140 1141 1125 1125 1113 1126 1111 1112 1123 1123 1141 1138 1140 1125 1126 1090 1087 1091 1090 1115 1089 1092 1087 1142 1083 1085 1090 1086 1127 1130 1087 1090 1088 1130 1143 1144 1127 1086 1088 1145 1146 1048 1128 1130 1127 1135 1119 1132 1117 1129 1128 1134 1132 1038 1131 1129 1117 1147 1135 1134 1131 1119 1135 1148 1136 1149 1139 1149 1137 1024 1026 1136 1038 1108 1134 1139 1124 1150 1136 1148 1024 1139 1151 1149 1149 1136 1137 1152 1153 1141 1123 1125 1141 1121 1123 1138 1138 1153 1150 1140 1152 1141 1084 1083 1154 1154 1022 1094 1023 1095 1155 1091 1083 1090 1092 1156 1157 1093 1083 1091 1142 1086 1144 1092 1091 1087 1144 1158 1159 1086 1142 1087 1143 1129 1160 1130 1144 1086 1131 1161 1160 1129 1143 1130 1135 1147 1161 1160 1129 1131 1134 1045 1147 1135 1161 1131 1133 1148 1162 1151 1162 1149 1108 1024 1148 1108 1045 1134 1151 1139 1163 1133 1108 1148 1151 1164 1162 1162 1148 1149 1165 1166 1153 1138 1141 1153 1124 1138 1150 1150 1166 1163 1152 1165 1153 1022 1083 1167 1022 1154 1083 1095 1168 1155 1083 1093 1167 1167 1095 1022 1169 1170 1157 1167 1093 1170 1156 1142 1159 1157 1093 1092 1171 1172 1173 1156 1092 1142 1158 1143 1174 1159 1142 1144 1160 1175 1174 1143 1158 1144 1175 1161 1176 1174 1143 1160 1176 1147 1044 1175 1160 1161 1177 1043 1042 1161 1147 1176 1040 1162 1164 1147 1045 1044 1164 1151 1178 1043 1045 1133 1179 1041 1164 1040 1133 1162 1180 1181 1166 1150 1153 1166 1139 1150 1163 1163 1181 1178 1165 1180 1166 1155 1168 1182 1167 1170 1095 1095 1170 1168 1093 1157 1170 1170 1169 1168 1156 1183 1184 1157 1184 1169 1159 1172 1183 1184 1157 1156 1172 1158 1185 1183 1156 1159 1174 1186 1185 1172 1159 1158 1175 1187 1186 1185 1158 1174 1187 1176 1188 1186 1174 1175 1188 1044 1177 1175 1176 1187 1043 1133 1040 1044 1188 1176 1042 1189 1177 1177 1044 1043 1178 1179 1164 1042 1043 1040 1190 1191 1181 1163 1166 1181 1151 1163 1178 1178 1191 1179 1180 1190 1181 1182 1168 1192 1192 1168 1193 1193 1168 1169 1193 1194 1195 1169 1194 1193 1184 1194 1169 1196 1171 1197 1184 1183 1196 1185 1198 1173 1183 1172 1171 1186 1199 1198 1172 1185 1173 1187 1200 1199 1198 1185 1186 1200 1188 1145 1199 1186 1187 1177 1189 1145 1200 1187 1188 1146 1189 1050 1145 1188 1177 1179 1201 1041 1191 1201 1179 1040 1164 1041 1202 1041 1201 1178 1181 1191 1190 1203 1191 1192 1193 1195 1204 1195 1194 1194 1205 1204 1184 1196 1194 1183 1171 1196 1194 1196 1205 1206 1171 1173 1171 1206 1197 1207 1173 1198 1173 1207 1206 1208 1198 1199 1198 1208 1207 1200 1048 1209 1208 1199 1209 1050 1210 1146 1200 1209 1199 1189 1042 1202 1145 1048 1200 1201 1051 1202 1211 1051 1201 1042 1041 1202 1202 1051 1050 1203 1201 1191 1211 1201 1203 1205 1212 1204 1213 1212 1205 1196 1197 1205 1197 1213 1205 1206 1214 1197 1213 1197 1214 1207 1215 1206 1206 1215 1214 1208 1216 1207 1207 1216 1215 1209 1217 1208 1208 1217 1216 1047 1209 1048 1209 1047 1217 1046 1048 1146 1189 1202 1050 1145 1189 1146 1146 1210 1046 1052 1051 1218 1050 1052 1210 1211 1218 1051 1213 1214 1219 1219 1214 1220 1214 1215 1220 1220 1215 1221 1216 1221 1215 1217 1222 1216 1047 1223 1217 1217 1223 1222 1046 1224 1047 1047 1224 1223 1055 1046 1210 1046 1055 1224 1052 1225 1053 1053 1210 1052 1218 1225 1052 1221 1216 1226 1226 1216 1222 1226 1222 1227 1222 1223 1227 1227 1223 1228 1223 1224 1228 1228 1224 1229 1054 1229 1055 1229 1224 1055 1053 1055 1210</p>
        </triangles>
      </mesh>
    </geometry>
    <geometry id="ID45">
      <mesh>
        <source id="ID46">
          <float_array count="3342" id="ID47">-0.0178058 0.0472289 -0.00508 -0.0153802 0.0472441 2.66454e-18 -0.0153756 0.0472441 -0.00508 -0.0178058 0.0472289 2.66454e-18 -0.0153756 0.0472441 -0.00508 0.0169021 0.0472104 1.77636e-18 0.0169048 0.0472104 -0.00508 -0.0153802 0.0472441 2.66454e-18 0.0169048 0.0472104 -0.00508 0.0193492 0.0472104 -2.66454e-18 0.0193492 0.0472104 -0.00508 0.0169021 0.0472104 1.77636e-18 0.0214148 0.0540571 2.66454e-18 0.0214148 0.0540571 -0.00508 0.0218729 0.050038 -0.00508 0.0218729 0.050038 3.55271e-18 -0.0172966 0.0560824 2.66454e-18 -0.0172966 0.0560824 -0.00508 0.0188752 0.0563095 -0.00508 0.0188752 0.0563095 2.66454e-18 -0.020336 0.0501293 6.21725e-18 -0.020336 0.0501293 -0.00508 -0.019795 0.0539029 -0.00508 -0.019795 0.0539029 6.21725e-18 -0.0172807 0.0535424 -0.00762 -0.0153869 0.0497841 -0.00762 0.0169048 0.0497504 -0.00762 -0.0178218 0.0497688 -0.00762 0.0193492 0.0497504 -0.00762 0.0188911 0.0537695 -0.00762 0.0202435 0.0472832 0 0.0199535 0.0472357 0 0.0196884 0.0472167 0 0.0169021 0.0472104 1.77636e-18 0.021652 0.0482771 0 0.0214978 0.0480332 0 0.0193492 0.0472104 -2.66454e-18 0.020528 0.0473615 0 0.0208156 0.0474792 0 0.0210786 0.0476322 0 0.021306 0.0478169 0 0.0217693 0.0485424 0 0.0218528 0.0488324 0 0.0219002 0.0491276 0 0.021913 0.0493878 0 0.0219039 0.0496912 0 0.0218729 0.050038 3.55271e-18 -0.0187465 0.055727 0 -0.0172966 0.0560824 2.66454e-18 -0.0190151 0.0555306 0 0.0188752 0.0563095 2.66454e-18 0.0195074 0.0562637 0 0.0198173 0.0561958 0 0.0191922 0.0562999 0 0.0203975 0.0559432 0 0.0201166 0.0560904 0 0.0206511 0.0557529 0 0.0208696 0.0555234 0 0.0210487 0.0552621 0 0.0211889 0.054978 0 0.0213674 0.0543707 0 0.0212935 0.0546789 0 0.0214148 0.0540571 2.66454e-18 -0.0184404 0.0558804 0 -0.0180967 0.0559908 0 -0.0177154 0.0560581 0 -0.0194397 0.0550087 0 -0.0192462 0.0552912 0 -0.0197141 0.0543145 0 -0.0195957 0.0546831 0 -0.019795 0.0539029 6.21725e-18 -0.020336 0.0501293 6.21725e-18 -0.0153802 0.0472441 2.66454e-18 -0.0203792 0.0497835 0 -0.0203932 0.0492099 0 -0.0203988 0.0495119 0 -0.0198063 0.0478335 0 -0.0200016 0.0480555 0 -0.0201586 0.048311 0 -0.0202774 0.0486001 0 -0.0181641 0.0472352 0 -0.0187384 0.0473001 0 -0.0178058 0.0472289 2.66454e-18 -0.0193212 0.0474982 0 -0.0195772 0.0476477 0 -0.0190349 0.0473808 0 -0.018475 0.0472589 0 -0.0203555 0.04891 0 -0.0199957 0.0480477 -0.00508 -0.0200016 0.0480555 0 -0.0198063 0.0478335 0 -0.020336 0.0501293 -0.00508 -0.020336 0.0501293 6.21725e-18 -0.0203712 0.0498706 -0.00508 -0.0198221 0.0478486 -0.00508 -0.0196184 0.0476769 -0.00508 -0.0195772 0.0476477 0 -0.0193882 0.0475331 -0.00508 -0.0191372 0.0474181 -0.00508 -0.0193212 0.0474982 0 -0.0190349 0.0473808 0 -0.0188729 0.047332 -0.00508 -0.0187384 0.0473001 0 -0.0186026 0.047274 -0.00508 -0.0183327 0.0472414 -0.00508 -0.018475 0.0472589 0 -0.0181641 0.0472352 0 -0.018067 0.0472292 -0.00508 -0.0178058 0.0472289 2.66454e-18 -0.0178058 0.0472289 -0.00508 -0.0201382 0.0482732 -0.00508 -0.0202493 0.0485213 -0.00508 -0.0201586 0.048311 0 -0.0202774 0.0486001 0 -0.0203291 0.0487859 -0.00508 -0.0203782 0.0490593 -0.00508 -0.0203555 0.04891 0 -0.0203987 0.0493345 -0.00508 -0.0203932 0.0492099 0 -0.0203988 0.0495119 0 -0.0203941 0.0496056 -0.00508 -0.0203792 0.0497835 0 -0.0190151 0.0555306 -9.67282e-18 -0.0188987 0.0556243 -0.00508 -0.0187554 0.0557225 -9.63812e-18 -0.0186464 0.0557855 -0.00508 -0.0184675 0.0558732 -9.65374e-18 -0.018165 0.0559811 -9.73917e-18 -0.0183744 0.0559109 -0.00508 -0.0180943 0.0559995 -0.00508 -0.0178632 0.0560469 -9.64905e-18 -0.0178177 0.0560529 -0.00508 -0.0175733 0.0560761 -9.68609e-18 -0.0172966 0.0560824 2.66454e-18 -0.0175516 0.0560774 -0.00508 -0.0172966 0.0560824 -0.00508 -0.0191234 0.0554288 -0.00508 -0.0192405 0.0552993 -9.69504e-18 -0.0193173 0.0552014 -0.00508 -0.0194288 0.0550346 -9.61731e-18 -0.0194787 0.054949 -0.00508 -0.019605 0.054683 -0.00508 -0.0195768 0.0547495 -9.70404e-18 -0.019683 0.0544594 -9.65894e-18 -0.0196959 0.0544154 -0.00508 -0.0197513 0.0541762 -9.58955e-18 -0.0197555 0.0541548 -0.00508 -0.019795 0.0539029 6.21725e-18 -0.019795 0.0539029 -0.00508 -0.0198776 0.0500636 -0.00678702 -0.0191665 0.0538128 -0.00698475 -0.0193367 0.0538372 -0.00678609 -0.0197072 0.0500392 -0.00698506 -0.0194801 0.0538578 -0.00656407 -0.020137 0.0501008 -0.00632416 -0.0200211 0.0500842 -0.00656481 -0.019596 0.0538744 -0.00632377 -0.0202248 0.0501134 -0.00607298 -0.0196835 0.0538869 -0.00607168 -0.0197432 0.0538955 -0.0058166 -0.020285 0.050122 -0.00581783 -0.02032 0.050127 -0.00556525 -0.0197774 0.0539004 -0.00556505 -0.0203343 0.0501291 -0.00531935 -0.0197933 0.0539027 -0.00531935 -0.020336 0.0501293 -0.00508 -0.019795 0.0539029 -0.00508 -0.0189704 0.0537847 -0.00715687 -0.0195106 0.050011 -0.00715704 -0.0187505 0.0537531 -0.00730185 -0.0185123 0.053719 -0.00741892 -0.0192908 0.0499795 -0.0073019 -0.0190529 0.0499454 -0.00741895 -0.0182636 0.0536833 -0.00750757 -0.0188034 0.0499096 -0.00750742 -0.0180111 0.0536471 -0.00756847 -0.017761 0.0536113 -0.0076038 -0.0185509 0.0498734 -0.00756769 -0.0183019 0.0498377 -0.00760223 -0.0175176 0.0535764 -0.00761826 -0.0180587 0.0498028 -0.00761826 -0.0172807 0.0535424 -0.00762 -0.0178218 0.0497688 -0.00762 -0.0178098 0.047864 -0.00698514 -0.0178091 0.0476946 -0.00678992 -0.0153767 0.0477702 -0.00686604 -0.0153778 0.0479981 -0.00709396 -0.0178111 0.0480582 -0.00715396 -0.0153791 0.048264 -0.00728137 -0.0178125 0.0482736 -0.00729612 -0.0178138 0.0485052 -0.00741079 -0.0153806 0.0485593 -0.00742678 -0.0178153 0.0487482 -0.00749881 -0.0153822 0.0488704 -0.00752912 -0.0153838 0.0491835 -0.00759001 -0.0178171 0.0489978 -0.00756137 -0.0153854 0.0494886 -0.00761583 -0.0178183 0.0492527 -0.00760013 -0.0178192 0.0495104 -0.00761803 -0.0153869 0.0497841 -0.00762 -0.0178218 0.0497688 -0.00762 -0.0178084 0.047553 -0.00657416 -0.0153759 0.0475828 -0.00660011 -0.0153754 0.0474374 -0.00630485 -0.0178079 0.0474378 -0.00634321 -0.0178067 0.0473499 -0.00610101 -0.0153751 0.047335 -0.00599371 -0.0153751 0.0472741 -0.0056806 -0.0178025 0.0472928 -0.00584942 -0.0178095 0.0472519 -0.00559492 -0.0153753 0.0472483 -0.00537548 -0.0178122 0.0472303 -0.00533854 -0.0153756 0.0472441 -0.00508 -0.0178058 0.0472289 -0.00508 -0.0153845 0.0479981 -0.00709396 0.0169026 0.0477364 -0.00686604 0.0169029 0.0479643 -0.00709396 0.0169032 0.0482302 -0.00728137 -0.0153849 0.048264 -0.00728137 0.0169035 0.0485255 -0.00742678 -0.0153853 0.0485593 -0.00742678 -0.0153857 0.0488704 -0.00752912 0.0169038 0.0488367 -0.00752912 0.0169041 0.0491498 -0.00759001 -0.0153861 0.0491835 -0.00759001 0.0169044 0.0494549 -0.00761583 -0.0153869 0.0497841 -0.00762 -0.0153865 0.0494886 -0.00761583 0.0169048 0.0497504 -0.00762 -0.015384 0.0477702 -0.00686604 0.0169025 0.047549 -0.00660011 -0.0153835 0.0475827 -0.00660011 -0.0153829 0.0474373 -0.00630485 0.0169023 0.0474036 -0.00630485 -0.0153823 0.047335 -0.00599371 0.0169022 0.0473012 -0.00599371 0.0169021 0.0472404 -0.0056806 -0.0153816 0.0472741 -0.0056806 -0.0153809 0.0472483 -0.00537548 0.0169021 0.0472145 -0.00537548 0.0169048 0.0472104 -0.00508 -0.0153756 0.0472441 -0.00508 0.0206507 0.0557535 -9.67282e-18 0.0208486 0.0555504 -0.00508 0.0208787 0.055514 -9.63812e-18 0.0210177 0.0553197 -0.00508 0.0210672 0.0552389 -9.65374e-18 0.0212129 0.0549419 -9.73917e-18 0.0211558 0.0550699 -0.00508 0.0212614 0.0548113 -0.00508 0.0213148 0.0546391 -9.64905e-18 0.0213353 0.0545535 -0.00508 0.0213775 0.0543431 -9.68609e-18 0.0214148 0.0540571 2.66454e-18 0.0213844 0.0543016 -0.00508 0.0214148 0.0540571 -0.00508 0.0204258 0.0559256 -0.00508 0.0206507 0.0557535 -0.00508 0.0203856 0.0559513 -9.69504e-18 0.0201776 0.0560659 -0.00508 0.02009 0.0561055 -9.61731e-18 0.0199136 0.0561734 -0.00508 0.0196438 0.056248 -0.00508 0.0197778 0.0562147 -9.70404e-18 0.019465 0.0562797 -9.65894e-18 0.0193777 0.0562913 -0.00508 0.0191636 0.0563066 -9.58955e-18 0.0191216 0.0563084 -0.00508 0.0188752 0.0563095 2.66454e-18 0.0188752 0.0563095 -0.00508 0.0188773 0.0559708 -0.00660011 -0.0172945 0.0557437 -0.00660011 0.0188785 0.0557834 -0.00686604 -0.0172933 0.0555563 -0.00686604 0.0188799 0.0555555 -0.00709396 -0.0172961 0.0559915 -0.00599371 -0.0172954 0.0558891 -0.00630485 0.0188764 0.0561162 -0.00630485 0.0188758 0.0562186 -0.00599371 0.0188754 0.0562795 -0.0056806 -0.0172966 0.0560782 -0.00537548 -0.0172965 0.0560524 -0.0056806 0.0188752 0.0563053 -0.00537548 -0.0172966 0.0560824 -0.00508 0.0188752 0.0563095 -0.00508 -0.0172919 0.0553284 -0.00709396 0.0188816 0.0552896 -0.00728137 -0.0172902 0.0550625 -0.00728137 -0.0172884 0.0547672 -0.00742678 0.0188834 0.0549943 -0.00742678 -0.0172864 0.0544561 -0.00752912 0.0188854 0.0546832 -0.00752912 0.0188874 0.0543701 -0.00759001 -0.0172845 0.054143 -0.00759001 -0.0172826 0.0538379 -0.00761583 0.0188893 0.054065 -0.00761583 0.0188911 0.0537695 -0.00762 -0.0172807 0.0535424 -0.00762 0.0169032 0.0482302 -0.00728137 0.0169029 0.0479643 -0.00709396 0.0193492 0.0480443 -0.00715704 0.0193492 0.0482663 -0.0073019 0.0169035 0.0485255 -0.00742678 0.0193492 0.0487587 -0.00750742 0.0193492 0.0485066 -0.00741895 0.0169038 0.0488367 -0.00752912 0.0193492 0.0490138 -0.00756769 0.0193492 0.0492653 -0.00760223 0.0169041 0.0491498 -0.00759001 0.0193492 0.049511 -0.00761826 0.0169044 0.0494549 -0.00761583 0.0169048 0.0497504 -0.00762 0.0193492 0.0497504 -0.00762 0.0193492 0.0478456 -0.00698506 0.0193492 0.0476735 -0.00678702 0.0169026 0.0477364 -0.00686604 0.0169025 0.047549 -0.00660011 0.0193492 0.0475285 -0.00656481 0.0169023 0.0474036 -0.00630485 0.0193492 0.0474114 -0.00632416 0.0169022 0.0473012 -0.00599371 0.0193492 0.0473228 -0.00607298 0.0193492 0.0472619 -0.00581783 0.0169021 0.0472404 -0.0056806 0.0169021 0.0472145 -0.00537548 0.0193492 0.0472266 -0.00556525 0.0169048 0.0472104 -0.00508 0.0193492 0.0472121 -0.00531935 0.0193492 0.0472104 -0.00508 0.021111 0.0476557 -0.00508 0.021306 0.0478169 0 0.0213128 0.0478235 -0.00508 0.0210786 0.0476322 0 0.0208842 0.0475149 -0.00508 0.0206385 0.0474019 -0.00508 0.0208156 0.0474792 0 0.020381 0.0473171 -0.00508 0.020528 0.0473615 0 0.0202435 0.0472832 0 0.0201189 0.0472597 -0.00508 0.019858 0.0472267 -0.00508 0.0199535 0.0472357 0 0.0196013 0.0472122 -0.00508 0.0196884 0.0472167 0 0.0193492 0.0472104 -2.66454e-18 0.0193492 0.0472104 -0.00508 0.021486 0.0480175 -0.00508 0.0214978 0.0480332 0 0.0216299 0.0482367 -0.00508 0.0217441 0.0484774 -0.00508 0.021652 0.0482771 0 0.0217693 0.0485424 0 0.0218287 0.0487341 -0.00508 0.0218528 0.0488324 0 0.0218841 0.0489996 -0.00508 0.0219118 0.049267 -0.00508 0.0219002 0.0491276 0 0.021913 0.0493878 0 0.0219152 0.0495306 -0.00508 0.0219039 0.0496912 0 0.0218996 0.0497873 -0.00508 0.0218729 0.050038 3.55271e-18 0.0218729 0.050038 -0.00508 0.0214101 0.0499854 -0.00679 0.0215505 0.0500014 -0.00657421 0.0210784 0.0540188 -0.00660011 0.0212228 0.0540352 -0.00630485 0.0208921 0.0539976 -0.00686604 0.0216643 0.0500143 -0.00634309 0.0217522 0.0500242 -0.006101 0.0213245 0.0540468 -0.00599371 0.0218146 0.0500316 -0.00585076 0.021385 0.0540537 -0.0056806 0.0214107 0.0540567 -0.00537548 0.0218518 0.0500357 -0.00559569 0.0218706 0.0500376 -0.00533874 0.0214148 0.0540571 -0.00508 0.0218729 0.050038 -0.00508 0.0212419 0.0499661 -0.0069852 0.0210489 0.0499439 -0.00715396 0.0206657 0.0539717 -0.00709396 0.0204015 0.0539416 -0.00728137 0.020835 0.0499195 -0.00729606 0.0201081 0.0539082 -0.00742678 0.0206049 0.0498934 -0.00741071 0.019799 0.053873 -0.00752912 0.0203635 0.0498659 -0.00749871 0.0201154 0.0498376 -0.00756202 0.0194879 0.0538375 -0.00759001 0.0191847 0.053803 -0.00761583 0.0198616 0.0498089 -0.00760024 0.0188911 0.0537695 -0.00762 0.019605 0.0497801 -0.00761624 0.0193492 0.0497504 -0.00762 -0.0190814 0.0476976 -0.00631469 -0.019332 0.0477978 -0.00624982 -0.0192869 0.0476509 -0.0060195 -0.020393 0.0495506 -0.00537701 -0.0203601 0.0499404 -0.00531995 -0.0203712 0.0498706 -0.00508 -0.020018 0.0480867 -0.00537715 -0.0199337 0.0480586 -0.00572906 -0.020087 0.0482318 -0.0055909 -0.0192213 0.0475296 -0.00577684 -0.0190336 0.0475579 -0.00607661 -0.0197841 0.0480585 -0.00606159 -0.0199741 0.048217 -0.00593556 -0.0195262 0.0477656 -0.00594356 -0.0194646 0.0476371 -0.0057083 -0.0193551 0.0479661 -0.00646715 -0.0191073 0.0478612 -0.00653918 -0.01911 0.0480453 -0.00674796 -0.0193557 0.0481523 -0.00667044 -0.020133 0.0482645 -0.00522626 -0.0188358 0.0481565 -0.00700038 -0.0190891 0.0482469 -0.0069385 -0.018725 0.0486051 -0.00731171 -0.0186383 0.0488458 -0.0074271 -0.0189779 0.04869 -0.00725349 -0.0187916 0.0483742 -0.00716942 -0.0190449 0.0484628 -0.00710797 -0.0188906 0.0489257 -0.00737438 -0.018535 0.0490927 -0.00751682 -0.0197443 0.0479018 -0.00584703 -0.019869 0.0479193 -0.0055086 -0.0201448 0.0485682 -0.00597954 -0.0199907 0.0483915 -0.00613147 -0.0199851 0.0485788 -0.00631823 -0.0180549 0.0495384 -0.00761601 -0.0178218 0.0497688 -0.00762 -0.0180587 0.0498028 -0.00761826 -0.0202784 0.0486074 -0.00526036 -0.0201996 0.0484166 -0.0054342 -0.0202437 0.0485846 -0.00562849 -0.0201294 0.0483932 -0.00579038 -0.0197786 0.047809 -0.00527051 -0.0196841 0.0477676 -0.00561922 -0.0203376 0.0489632 -0.00562753 -0.0203821 0.0491643 -0.00542855 -0.0203665 0.0489796 -0.00525616 -0.0195951 0.0476661 -0.00537499 -0.0203206 0.0487827 -0.00545016 -0.0187051 0.0473819 -0.00586111 -0.0187723 0.0474853 -0.00611787 -0.0189665 0.0474452 -0.00582669 -0.0203993 0.0493635 -0.005218 -0.020376 0.0493457 -0.00559105 -0.0199957 0.0480477 -0.00508 -0.0193795 0.0475416 -0.00545851 -0.01914 0.0474391 -0.00552175 -0.0192873 0.047483 -0.00519014 -0.020336 0.0501293 -0.00508 -0.0190535 0.0473884 -0.00525081 -0.018887 0.0473613 -0.00556625 -0.0195879 0.0482772 -0.00657367 -0.019589 0.0480902 -0.0063762 -0.0193882 0.0475331 -0.00508 -0.0188041 0.047317 -0.00529383 -0.0185443 0.0472683 -0.00532202 -0.018626 0.0473063 -0.00559544 -0.0191372 0.0474181 -0.00508 -0.0188729 0.047332 -0.00508 -0.0185083 0.0474315 -0.00614694 -0.0186026 0.047274 -0.00508 -0.0183327 0.0472414 -0.00508 -0.0182789 0.047241 -0.00533903 -0.0180952 0.047256 -0.00562899 -0.018012 0.047232 -0.00535176 -0.018067 0.0472292 -0.00508 -0.0178122 0.0472303 -0.00533854 -0.0178095 0.0472519 -0.00559492 -0.0178058 0.0472289 -0.00508 -0.0178079 0.0474378 -0.00634321 -0.0180309 0.0474872 -0.00643991 -0.0179787 0.0473804 -0.00618871 -0.0183611 0.0472714 -0.00561372 -0.0196184 0.0476769 -0.00508 -0.0178025 0.0472928 -0.00584942 -0.0179111 0.0473033 -0.00592592 -0.0178067 0.0473499 -0.00610101 -0.0181749 0.0473122 -0.00590326 -0.0184401 0.0473376 -0.00588435 -0.0188508 0.0477748 -0.00659414 -0.0198221 0.0478486 -0.00508 -0.0181278 0.0487112 -0.0074765 -0.0178138 0.0485052 -0.00741079 -0.0178153 0.0487482 -0.00749881 -0.0178084 0.047553 -0.00657416 -0.0185967 0.0478821 -0.00685078 -0.0185783 0.0480812 -0.0070449 -0.0188556 0.0479556 -0.00680757 -0.0182433 0.0473959 -0.00616878 -0.0201891 0.0493192 -0.00631299 -0.0203055 0.0493228 -0.00595675 -0.0202266 0.0491302 -0.00615185 -0.0202493 0.0485213 -0.00508 -0.0201382 0.0482732 -0.00508 -0.018064 0.047623 -0.00667547 -0.0182956 0.0475102 -0.00642248 -0.0185596 0.0475545 -0.00639811 -0.0188222 0.047617 -0.00636321 -0.019568 0.0479183 -0.00616608 -0.0203291 0.0487859 -0.00508 -0.0178091 0.0476946 -0.00678992 -0.0180745 0.0477866 -0.0068905 -0.0183275 0.0476542 -0.0066607 -0.01859 0.0477055 -0.00663399 -0.0193338 0.0483532 -0.00685798 -0.019803 0.0482324 -0.00626456 -0.0202599 0.0487617 -0.00581143 -0.0202503 0.0489437 -0.00598521 -0.0203782 0.0490593 -0.00508 -0.0178098 0.047864 -0.00698514 -0.018059 0.0479755 -0.00707933 -0.018336 0.0478254 -0.00687893 -0.0198559 0.0491795 -0.00681574 -0.0200733 0.0491435 -0.00649621 -0.0199185 0.0489762 -0.00666046 -0.0198 0.0484197 -0.00645644 -0.0201367 0.0487541 -0.00616049 -0.0197756 0.048617 -0.00663646 -0.0203288 0.0491426 -0.00579462 -0.0203149 0.0497007 -0.00591425 -0.0203709 0.0497308 -0.00553883 -0.0203534 0.0495239 -0.00575176 -0.0203987 0.0493345 -0.00508 -0.0203941 0.0496056 -0.00508 -0.0178111 0.0480582 -0.00715396 -0.018018 0.0481856 -0.00723846 -0.0183192 0.0480205 -0.00707181 -0.0192231 0.0487884 -0.00717589 -0.0191364 0.0490182 -0.00730169 -0.0194554 0.048902 -0.00707792 -0.0195645 0.0484763 -0.00675749 -0.0199608 0.048775 -0.00649468 -0.0195198 0.0486852 -0.00692623 -0.0197312 0.0488218 -0.00680394 -0.0201129 0.0489471 -0.00633265 -0.0178125 0.0482736 -0.00729612 -0.0184688 0.0485319 -0.0073513 -0.0183827 0.0487755 -0.00746039 -0.0182772 0.0482358 -0.00723624 -0.0185351 0.0482991 -0.00721283 -0.0192895 0.0485661 -0.00702742 -0.0202682 0.0495045 -0.00611699 -0.0202066 0.0496878 -0.00627557 -0.0203329 0.0499047 -0.00570685 -0.02032 0.050127 -0.00556525 -0.0203343 0.0501291 -0.00531935 -0.0179558 0.0484109 -0.00736686 -0.0182121 0.0484678 -0.00737147 -0.0196685 0.0490323 -0.00695816 -0.0200102 0.0493394 -0.00665191 -0.0201263 0.0495084 -0.00646951 -0.0200375 0.0497009 -0.00661652 -0.0202554 0.049879 -0.00607692 -0.020285 0.050122 -0.00581783 -0.0178171 0.0489978 -0.00756137 -0.0180296 0.0489601 -0.00755045 -0.0184215 0.0493446 -0.007577 -0.0187867 0.0491674 -0.00747096 -0.0197706 0.0493867 -0.00695479 -0.0195858 0.0492486 -0.0070937 -0.0194792 0.0494717 -0.00720259 -0.0193713 0.0491256 -0.00720885 -0.0199217 0.0495381 -0.00679442 -0.0198113 0.0497467 -0.00691507 -0.0201212 0.0498758 -0.00642788 -0.020137 0.0501008 -0.00632416 -0.0202248 0.0501134 -0.00607298 -0.0182812 0.0490258 -0.00754215 -0.0190323 0.0492539 -0.00740351 -0.0192666 0.0493553 -0.00731426 -0.0193549 0.0497034 -0.00728355 -0.0196613 0.0496024 -0.00706859 -0.0199301 0.049904 -0.00674588 -0.0200211 0.0500842 -0.00656481 -0.0178183 0.0492527 -0.00760013 -0.0179214 0.0492129 -0.00759538 -0.0178192 0.0495104 -0.00761803 -0.0183058 0.0496008 -0.00760401 -0.0181699 0.0492805 -0.00759457 -0.0186724 0.0494152 -0.00753811 -0.0189163 0.0494971 -0.00747616 -0.0191464 0.049593 -0.00739071 -0.0195354 0.0498281 -0.00715704 -0.0197072 0.0500392 -0.00698506 -0.0198776 0.0500636 -0.00678702 -0.0185549 0.0496701 -0.00757119 -0.0187951 0.0497498 -0.00751578 -0.0190196 0.0498412 -0.00743799 -0.0190529 0.0499454 -0.00741895 -0.0192908 0.0499795 -0.0073019 -0.0195106 0.050011 -0.00715704 -0.0183019 0.0498377 -0.00760223 -0.0185509 0.0498734 -0.00756769 -0.0188034 0.0499096 -0.00750742 -0.0196668 0.0544787 -0.00541953 -0.0197465 0.0541835 -0.00533189 -0.0197356 0.0541471 -0.00558634 -0.0196541 0.0540446 -0.00608986 -0.0197056 0.0541027 -0.00584075 -0.0197432 0.0538955 -0.0058166 -0.0197774 0.0539004 -0.00556505 -0.0196835 0.0538869 -0.00607168 -0.019596 0.0538744 -0.00632377 -0.0197933 0.0539027 -0.00531935 -0.0193769 0.0541551 -0.00664742 -0.0192308 0.0544105 -0.00673573 -0.0193324 0.0545162 -0.00650584 -0.0192585 0.0540347 -0.00684616 -0.0193367 0.0538372 -0.00678609 -0.0191665 0.0538128 -0.00698475 -0.019795 0.0539029 -0.00508 -0.0194801 0.0538578 -0.00656407 -0.0194763 0.0542542 -0.00642287 -0.0189633 0.0541372 -0.00711103 -0.0189704 0.0537847 -0.00715687 -0.0187505 0.0537531 -0.00730185 -0.0188068 0.0539735 -0.00724753 -0.0184103 0.0543931 -0.00735609 -0.0185713 0.0545718 -0.00720989 -0.0186158 0.0541878 -0.00731904 -0.0185123 0.053719 -0.00741892 -0.0184463 0.0540056 -0.00742437 -0.0182734 0.0538116 -0.00749872 -0.0182636 0.0536833 -0.00750757 -0.0180111 0.0536471 -0.00756847 -0.0178791 0.0537964 -0.00758535 -0.0180606 0.0540061 -0.00753965 -0.017761 0.0536113 -0.0076038 -0.0176605 0.053983 -0.00759828 -0.0182381 0.054205 -0.00746535 -0.0174708 0.0537656 -0.00761678 -0.0172888 0.0540571 -0.00759208 -0.0174462 0.0541743 -0.00758481 -0.0172856 0.0538003 -0.0076119 -0.0172807 0.0535424 -0.00762 -0.0175176 0.0535764 -0.00761826 -0.0192441 0.0548548 -0.00632557 -0.019416 0.0546015 -0.00626324 -0.0190492 0.0546488 -0.00679557 -0.0188435 0.0548728 -0.00683006 -0.0189532 0.0549924 -0.00660542 -0.0195551 0.0543323 -0.00618157 -0.0189448 0.0554531 -0.00586814 -0.0191151 0.0551704 -0.00611252 -0.0188895 0.0553894 -0.00612524 -0.0192057 0.0552782 -0.00559508 -0.0193641 0.0549864 -0.00581621 -0.0191693 0.0552322 -0.00585526 -0.0186948 0.0556436 -0.00585357 -0.0184246 0.0557993 -0.00581292 -0.0184643 0.0558392 -0.00555363 -0.0187284 0.0552057 -0.00661716 -0.0175516 0.0560774 -0.00508 -0.0178177 0.0560529 -0.00508 -0.0178808 0.0560301 -0.00541529 -0.0186412 0.0555815 -0.00611077 -0.0175782 0.056073 -0.00532832 -0.0172966 0.0560824 -0.00508 -0.0181774 0.0559482 -0.00549227 -0.0181395 0.0559163 -0.00575 -0.0196113 0.0543928 -0.00593059 -0.0194799 0.0546686 -0.00601119 -0.0195248 0.0547208 -0.0057545 -0.0196481 0.0544398 -0.00567553 -0.0197555 0.0541548 -0.00508 -0.0196647 0.0545174 -0.00516399 -0.0196959 0.0544154 -0.00508 -0.0191077 0.0542836 -0.0069409 -0.0191562 0.0547621 -0.00656799 -0.0195507 0.0547621 -0.00549594 -0.0195534 0.0547981 -0.00523786 -0.019605 0.054683 -0.00508 -0.0187775 0.0543605 -0.00717532 -0.0189227 0.0545147 -0.00700002 -0.0187156 0.0547323 -0.00703273 -0.0190433 0.0550911 -0.006364 -0.0188178 0.0553075 -0.00637642 -0.0193133 0.0549288 -0.00607356 -0.0194059 0.055064 -0.00529552 -0.0193957 0.0550305 -0.00555634 -0.0194787 0.054949 -0.00508 -0.018194 0.0545932 -0.00736274 -0.0183514 0.054774 -0.00722085 -0.018495 0.0549384 -0.00704548 -0.0186211 0.0550828 -0.00684211 -0.0192234 0.0553092 -0.005333 -0.0193173 0.0552014 -0.00508 -0.0180242 0.0543989 -0.00747473 -0.0178454 0.0541946 -0.00755316 -0.0179673 0.0547818 -0.00735388 -0.0181223 0.0549652 -0.00720968 -0.0181345 0.05545 -0.00679237 -0.0182321 0.0555701 -0.00656535 -0.0183837 0.0552766 -0.00682987 -0.0183748 0.0557423 -0.00607008 -0.0189845 0.055499 -0.00560802 -0.0191234 0.0554288 -0.00508 -0.0190082 0.0555266 -0.00534606 -0.0172898 0.0543119 -0.00755737 -0.0176299 0.0543828 -0.00753882 -0.0178038 0.054586 -0.00746354 -0.0177358 0.0549584 -0.00731722 -0.0182618 0.0551313 -0.00703373 -0.0184872 0.0553995 -0.00660384 -0.0185726 0.0555006 -0.00636235 -0.0187353 0.055687 -0.0055936 -0.0188987 0.0556243 -0.00508 -0.0187636 0.0557095 -0.00533189 -0.0172871 0.0545625 -0.00749705 -0.0174085 0.0545668 -0.00749742 -0.0172885 0.0548051 -0.00741023 -0.0175778 0.0547651 -0.00742241 -0.0178853 0.0551422 -0.00717403 -0.0180187 0.0553068 -0.00699709 -0.0179649 0.0557122 -0.00650194 -0.0178745 0.0555991 -0.0067315 -0.0176846 0.0558182 -0.00641707 -0.0183115 0.0556669 -0.00632236 -0.0186464 0.0557855 -0.00508 -0.018497 0.0558553 -0.00529353 -0.0172905 0.0550365 -0.00729625 -0.0174971 0.0551179 -0.00724481 -0.0172915 0.0552521 -0.00715431 -0.0176388 0.0552958 -0.00710732 -0.0174967 0.0555723 -0.00684227 -0.0177653 0.0554588 -0.00693567 -0.0180373 0.055802 -0.00625814 -0.0180944 0.0558702 -0.00600624 -0.0178451 0.0560087 -0.0056692 -0.0183744 0.0559109 -0.00508 -0.0182147 0.0559642 -0.00523539 -0.0172927 0.0554474 -0.00698489 -0.017297 0.0557582 -0.00657535 -0.0175999 0.0557071 -0.00664267 -0.0172976 0.0558728 -0.00634375 -0.0177518 0.0559056 -0.00617516 -0.017804 0.0559693 -0.00592387 -0.0180943 0.0559995 -0.00508 -0.0172949 0.0556162 -0.00679068 -0.0174532 0.0559637 -0.00608582 -0.0175038 0.0560231 -0.00583649 -0.0175434 0.0560585 -0.00558192 -0.0172956 0.0559609 -0.0061009 -0.017293 0.0560239 -0.00585105 -0.0172906 0.0560631 -0.00559591 -0.0172904 0.0560809 -0.00533818 0.0188762 0.0561881 -0.00610071 0.0190188 0.0562013 -0.00605612 0.0188758 0.0562518 -0.00585006 0.0191114 0.0562912 -0.00555354 0.0194369 0.0562764 -0.00538756 0.0191492 0.056305 -0.00529881 0.01907 0.0562578 -0.00580732 0.0188775 0.0561001 -0.00634339 0.0188745 0.0562858 -0.00559489 0.0188786 0.0559854 -0.00657442 0.0191548 0.0559573 -0.00661368 0.0188752 0.0563095 -0.00508 0.0188739 0.0563022 -0.00533783 0.0194167 0.0558613 -0.00670805 0.0196675 0.0557311 -0.00677985 0.0197633 0.055849 -0.00654954 0.0192378 0.056067 -0.00638958 0.018879 0.0558436 -0.00678967 0.0190527 0.0558265 -0.00681225 0.0188821 0.0552642 -0.00729618 0.0190452 0.055391 -0.00721735 0.0188804 0.05548 -0.00715418 0.0188837 0.0550329 -0.00741073 0.0191183 0.0550556 -0.0073994 0.0192765 0.0552463 -0.007296 0.0194974 0.0550836 -0.00734897 0.0196486 0.0552656 -0.00720851 0.0188936 0.0542849 -0.00759628 0.0191774 0.0542967 -0.00759512 0.0188892 0.05454 -0.00755928 0.019335 0.0548883 -0.00745262 0.0191852 0.0555653 -0.00708085 0.0188793 0.0556746 -0.00698447 0.01916 0.0546866 -0.00752516 0.0189842 0.0540824 -0.00761491 0.0197492 0.0545316 -0.00747567 0.0193662 0.0545081 -0.00755023 0.0195671 0.0543277 -0.00755067 0.0193794 0.0541158 -0.00759552 0.019189 0.0539 -0.00761506 0.019402 0.0538332 -0.00759321 0.0188936 0.0540284 -0.00761683 0.019147 0.0538022 -0.00761207 0.0188911 0.0537695 -0.00762 0.0193094 0.0557253 -0.00691206 0.0200953 0.0557985 -0.00635455 0.0198416 0.0559468 -0.00630522 0.0195058 0.0559738 -0.00647807 0.0195774 0.056066 -0.00623475 0.0202471 0.055521 -0.0066225 0.0199088 0.0555739 -0.00682589 0.02014 0.0553976 -0.00684914 0.0204076 0.055706 -0.0061266 0.020633 0.0555066 -0.00612646 0.0206891 0.0555699 -0.00586831 0.0205058 0.055814 -0.00560727 0.0202171 0.0559406 -0.00584222 0.0204638 0.0557695 -0.00586815 0.0208887 0.0553454 -0.00584248 0.0210584 0.0551001 -0.0057929 0.0210892 0.0551447 -0.00553337 0.0204693 0.0553253 -0.0066219 0.0213165 0.0546072 -0.00538748 0.0213844 0.0543016 -0.00508 0.0213353 0.0545535 -0.00508 0.020835 0.055285 -0.00610061 0.0213785 0.0543252 -0.00530009 0.0214148 0.0540571 -0.00508 0.021219 0.0548807 -0.00546603 0.0211951 0.0548395 -0.0057243 0.0193559 0.0562142 -0.00589819 0.0193987 0.0562547 -0.00564329 0.0193034 0.0561527 -0.00614861 0.0193777 0.0562913 -0.00508 0.0191216 0.0563084 -0.00508 0.0196801 0.0561852 -0.00572505 0.0196343 0.0561361 -0.00598212 0.0197187 0.0562146 -0.00546614 0.0197595 0.0562188 -0.00521012 0.0196438 0.056248 -0.00508 0.0188855 0.0547905 -0.00749853 0.0194219 0.0554267 -0.00715934 0.0195533 0.0555903 -0.00698622 0.0200109 0.0556972 -0.00659852 0.0199043 0.0560238 -0.00605157 0.0199541 0.0560802 -0.00579307 0.0199947 0.0561158 -0.00553245 0.0200317 0.0561264 -0.00527337 0.0199136 0.0561734 -0.00508 0.0197141 0.0549081 -0.00736979 0.0198704 0.0550892 -0.00722865 0.0197875 0.0554294 -0.00703118 0.0200138 0.0552532 -0.00705319 0.0203359 0.0556235 -0.00637961 0.0202595 0.0559811 -0.00558138 0.0201633 0.0558795 -0.00610104 0.0202922 0.0559995 -0.00531959 0.0201776 0.0560659 -0.00508 0.0195461 0.0547132 -0.00747609 0.0199227 0.0547237 -0.00736776 0.0200841 0.0549018 -0.00722644 0.0202305 0.0550633 -0.00705256 0.0203595 0.0552049 -0.00684891 0.0210095 0.0550446 -0.00605077 0.0204258 0.0559256 -0.00508 0.0205342 0.0558389 -0.00534483 0.0196554 0.0538612 -0.00755832 0.0195843 0.0539381 -0.00757342 0.0201212 0.0545312 -0.0073455 0.0202859 0.0547045 -0.00720427 0.0204346 0.0548608 -0.00702909 0.0205644 0.0549976 -0.00682461 0.0205601 0.0554256 -0.00637928 0.0207284 0.0556164 -0.00560763 0.0206507 0.0557535 -0.00508 0.0207509 0.0556464 -0.00534553 0.0197661 0.0541451 -0.00752604 0.019905 0.0538857 -0.00749856 0.0201392 0.0541493 -0.00739991 0.0199458 0.0543438 -0.00745204 0.0203101 0.0543293 -0.00729584 0.0210106 0.0546444 -0.0064764 0.0209094 0.0545437 -0.00670553 0.0211329 0.0543869 -0.00638732 0.0206738 0.0551132 -0.00659702 0.0207636 0.0552083 -0.00635364 0.020924 0.0553917 -0.00558233 0.0208486 0.0555504 -0.00508 0.0209388 0.0554255 -0.00532113 0.0204732 0.0544961 -0.00715749 0.0206223 0.0546476 -0.00698244 0.0207502 0.0547779 -0.00677676 0.020856 0.0548859 -0.00654799 0.0209423 0.0549742 -0.00630393 0.0210177 0.0553197 -0.00508 0.021096 0.0551818 -0.00527445 0.0201461 0.0539127 -0.00741061 0.0203757 0.0539389 -0.00729596 0.0204824 0.0541167 -0.0072173 0.0205896 0.0539632 -0.00715413 0.0206402 0.0542773 -0.00707916 0.020914 0.0541754 -0.00681249 0.0207856 0.0544209 -0.0069088 0.0210925 0.0547253 -0.00623288 0.0211541 0.0547892 -0.00598078 0.0213017 0.0545682 -0.0056424 0.0211558 0.0550699 -0.00508 0.0212197 0.0549222 -0.00521096 0.0207832 0.0539853 -0.00698517 0.0210928 0.054022 -0.00657476 0.0210333 0.0542918 -0.00661248 0.0212112 0.0544628 -0.00614674 0.0212676 0.0545224 -0.00589675 0.0212614 0.0548113 -0.00508 0.0209518 0.054005 -0.00679059 0.0212067 0.0540346 -0.00634348 0.0212905 0.0541852 -0.0060575 0.0213414 0.0542422 -0.00580858 0.0213701 0.0542863 -0.00555465 0.0212946 0.0540438 -0.00610121 0.0213569 0.0540506 -0.00585103 0.0213951 0.0540546 -0.00559594 0.0214129 0.0540549 -0.00533827 0.0202739 0.0472984 -0.0054289 0.020454 0.0473388 -0.00525336 0.0204641 0.0473728 -0.00562209 0.0204709 0.047465 -0.0059791 0.020453 0.0476025 -0.00632772 0.0202871 0.0474593 -0.00615071 0.0202589 0.0476157 -0.00649583 0.0200983 0.0474695 -0.00631693 0.0204035 0.0477925 -0.0066568 0.0202862 0.0473554 -0.00579305 0.0201077 0.0473522 -0.00595903 0.0206028 0.0477774 -0.00648712 0.0206408 0.0476066 -0.00615151 0.0207939 0.0477806 -0.006307 0.0208469 0.0482001 -0.00674784 0.0206373 0.0482154 -0.00692105 0.0207344 0.0479783 -0.00662752 0.0199448 0.0483799 -0.00731508 0.0200134 0.0486186 -0.00740359 0.0197565 0.048701 -0.00747581 0.0204163 0.0482509 -0.00707582 0.0201852 0.0483062 -0.00720849 0.0203157 0.0480266 -0.00695769 0.0208054 0.0474755 -0.00524936 0.0208211 0.0475186 -0.00561442 0.0206397 0.0474121 -0.00544123 0.0198754 0.0494472 -0.00759471 0.0201095 0.0491163 -0.00751729 0.0201449 0.0493682 -0.00754366 0.0206385 0.0474019 -0.00508 0.019574 0.0492782 -0.00760257 0.0195371 0.0490276 -0.00756957 0.0198051 0.048947 -0.00753718 0.0200813 0.0472535 -0.0052244 0.0200937 0.0472792 -0.00559469 0.0198963 0.0472344 -0.00538637 0.0193492 0.0497504 -0.00762 0.0193492 0.049511 -0.00761826 0.0196046 0.0495291 -0.00761576 0.0206491 0.0474832 -0.00580137 0.0201189 0.0472597 -0.00508 0.0197183 0.0472324 -0.0055516 0.0197422 0.0472928 -0.00592407 0.0195455 0.0472475 -0.00572344 0.0208842 0.0475149 -0.00508 0.0199173 0.0472773 -0.00575848 0.0196954 0.0472157 -0.0051712 0.019858 0.0472267 -0.00508 0.0195132 0.0472138 -0.00534011 0.0196013 0.0472122 -0.00508 0.0199273 0.0473646 -0.00612279 0.0193492 0.0472104 -0.00508 0.0208208 0.0476268 -0.00596751 0.0211443 0.0478418 -0.00591769 0.020991 0.0476642 -0.00577502 0.021147 0.0477221 -0.0055733 0.0209753 0.0478023 -0.00611681 0.0212968 0.0478993 -0.00570843 0.021278 0.0480459 -0.00604064 0.0209812 0.0475798 -0.00541954 0.0211108 0.048005 -0.00624717 0.021226 0.0482288 -0.0063577 0.0214274 0.0479753 -0.00548679 0.0214264 0.048105 -0.00582378 0.0215515 0.0481798 -0.00559483 0.021533 0.0483329 -0.00591886 0.021649 0.0484095 -0.00568234 0.0217266 0.0486541 -0.00575096 0.0216176 0.0485766 -0.00599502 0.0215524 0.0487647 -0.0062946 0.0216819 0.0488294 -0.00605431 0.0218919 0.0490807 -0.00527466 0.0219118 0.049267 -0.00508 0.0219108 0.0493387 -0.00530668 0.0218518 0.0500357 -0.00559569 0.0218761 0.049769 -0.00562573 0.0218893 0.0498569 -0.00534992 0.0218706 0.0500376 -0.00533874 0.0218996 0.0497873 -0.00508 0.0218729 0.050038 -0.00508 0.0193492 0.0472121 -0.00531935 0.0193492 0.0472266 -0.00556525 0.020381 0.0473171 -0.00508 0.0193492 0.0472619 -0.00581783 0.0195607 0.0473293 -0.0060905 0.0193492 0.0473228 -0.00607298 0.0211219 0.0476641 -0.00521042 0.021111 0.0476557 -0.00508 0.0197406 0.0474025 -0.00628422 0.0195438 0.0474635 -0.00643843 0.0193492 0.0474114 -0.00632416 0.0213128 0.0478235 -0.00508 0.0199056 0.0475061 -0.00647554 0.0197049 0.0475686 -0.00662234 0.0194896 0.0476484 -0.00675217 0.0193492 0.0475285 -0.00656481 0.0216299 0.0482367 -0.00508 0.0215235 0.0480706 -0.00524887 0.021486 0.0480175 -0.00508 0.0212817 0.0478024 -0.0053584 0.0201967 0.0478248 -0.00681614 0.0198514 0.0477063 -0.00679752 0.0200593 0.0476495 -0.00665418 0.01963 0.0477864 -0.00691875 0.0193492 0.0476735 -0.00678702 0.0193492 0.0478456 -0.00698506 0.0216413 0.0482696 -0.00535171 0.0217352 0.048496 -0.0054334 0.0217441 0.0484774 -0.00508 0.0209407 0.0484373 -0.00684802 0.0207265 0.0484531 -0.00702158 0.020261 0.0485456 -0.00730104 0.0209288 0.0479821 -0.00644335 0.0197533 0.0479556 -0.00707299 0.019981 0.0478776 -0.00695838 0.0195124 0.0480485 -0.00715967 0.0193492 0.0480443 -0.00715704 0.0218054 0.048741 -0.00549582 0.0205296 0.0479935 -0.006799 0.0198585 0.048155 -0.00720698 0.0200924 0.0480795 -0.00709708 0.0196121 0.0482444 -0.00728584 0.0193492 0.0482663 -0.0073019 0.0218287 0.0487341 -0.00508 0.0218841 0.0489996 -0.00508 0.0218502 0.0488293 -0.00522954 0.0213901 0.0482721 -0.00614391 0.0210761 0.0489375 -0.00699226 0.0208558 0.0489532 -0.00716516 0.0210167 0.0486846 -0.00692908 0.0210439 0.0482047 -0.00655936 0.0196933 0.0484643 -0.00739137 0.0193492 0.0485066 -0.00741895 0.0218356 0.0494253 -0.00587194 0.0218867 0.0495116 -0.00560255 0.0218339 0.0496834 -0.0058978 0.0214812 0.0485135 -0.00622798 0.0213208 0.0484682 -0.0064489 0.0211396 0.0484425 -0.0066562 0.0204992 0.0484896 -0.00717326 0.0200671 0.0488656 -0.00747096 0.0193492 0.0487587 -0.00750742 0.0194898 0.0487829 -0.00751407 0.0217827 0.0489081 -0.00580322 0.0218529 0.0489948 -0.00554285 0.0213194 0.0492003 -0.00684095 0.0214536 0.0489724 -0.00657919 0.0214928 0.0492298 -0.0066219 0.0213964 0.0487175 -0.00652215 0.0212168 0.0486903 -0.00673455 0.0207988 0.0487005 -0.00710255 0.0205662 0.0487372 -0.00725138 0.0203215 0.0487931 -0.00737425 0.0193492 0.0490138 -0.00756769 0.0219152 0.0495306 -0.00508 0.0218187 0.0491662 -0.00584223 0.0217267 0.049087 -0.00609946 0.0218795 0.0492528 -0.0055771 0.0216045 0.049021 -0.00634606 0.0212765 0.048944 -0.00679572 0.0206191 0.0489897 -0.00731071 0.0203693 0.0490451 -0.00742791 0.0198431 0.0491968 -0.00757612 0.0193492 0.0492653 -0.00760223 0.0219085 0.0495985 -0.00532944 0.0217526 0.0493461 -0.00613389 0.0216378 0.0492795 -0.00638498 0.0211491 0.0494497 -0.00706683 0.0211202 0.0491931 -0.00703828 0.020899 0.0492086 -0.00720981 0.0206604 0.0492446 -0.00735144 0.0204081 0.0492988 -0.00746231 0.0206919 0.0495006 -0.00737228 0.0204401 0.0495535 -0.00747685 0.0217586 0.0496048 -0.00616184 0.0216513 0.0495383 -0.00641419 0.0215133 0.049488 -0.00665208 0.0213449 0.0494574 -0.00687102 0.0209298 0.049465 -0.0072353 0.0201792 0.0496203 -0.00755052 0.0199122 0.0496974 -0.00759566 0.019605 0.0497801 -0.00761624 0.0218146 0.0500316 -0.00585076 0.0218088 0.0499391 -0.00592699 0.0217409 0.0498619 -0.00618778 0.0216425 0.0497967 -0.00643643 0.0215129 0.0497466 -0.00667098 0.0213519 0.0497153 -0.00688695 0.0211619 0.0497071 -0.00707716 0.0209476 0.0497223 -0.00723737 0.0207153 0.0497572 -0.00736665 0.0206049 0.0498934 -0.00741071 0.0203635 0.0498659 -0.00749871 0.0201154 0.0498376 -0.00756202 0.0198616 0.0498089 -0.00760024 0.0217522 0.0500242 -0.006101 0.0216643 0.0500143 -0.00634309 0.0215505 0.0500014 -0.00657421 0.0214101 0.0499854 -0.00679 0.0212419 0.0499661 -0.0069852 0.0210489 0.0499439 -0.00715396 0.020835 0.0499195 -0.00729606</float_array>
          <technique_common>
            <accessor count="1114" source="#ID47" stride="3">
              <param name="X" type="float"/>
              <param name="Y" type="float"/>
              <param name="Z" type="float"/>
            </accessor>
          </technique_common>
        </source>
        <source id="ID48">
          <float_array count="3342" id="ID49">0.00627825 -0.99998 0 0.00627825 -0.99998 0 0.00627825 -0.99998 0 0.00627825 -0.99998 0 -0.00104522 -0.999999 -0 -0.00104522 -0.999999 -0 -0.00104522 -0.999999 -0 -0.00104522 -0.999999 -0 0 -1 0 0 -1 0 0 -1 0 0 -1 0 0.993568 0.113238 0 0.993568 0.113238 0 0.993568 0.113238 0 0.993568 0.113238 0 -0.00627825 0.99998 0 -0.00627825 0.99998 0 -0.00627825 0.99998 0 -0.00627825 0.99998 0 -0.989877 0.141931 0 -0.989877 0.141931 0 -0.989877 0.141931 0 -0.989877 0.141931 0 -0 -0 -1 -0 -0 -1 -0 -0 -1 -0 -0 -1 -0 -0 -1 -0 -0 -1 0 0 1 0 0 1 0 0 1 0 0 1 0 0 1 0 0 1 0 0 1 0 0 1 0 0 1 0 0 1 0 0 1 0 0 1 0 0 1 0 0 1 0 0 1 0 0 1 0 0 1 0 0 1 0 0 1 0 0 1 0 0 1 0 0 1 0 0 1 0 0 1 0 0 1 0 0 1 0 0 1 0 0 1 0 0 1 0 0 1 0 0 1 0 0 1 0 0 1 0 0 1 0 0 1 0 0 1 0 0 1 0 0 1 0 0 1 0 0 1 0 0 1 0 0 1 0 0 1 0 0 1 0 0 1 0 0 1 0 0 1 0 0 1 0 0 1 0 0 1 0 0 1 0 0 1 0 0 1 0 0 1 0 0 1 0 0 1 0 0 1 0 0 1 -0.802324 -0.596888 1.13316e-16 -0.808406 -0.588625 -1.15429e-15 -0.69289 -0.721043 -4.85114e-15 -0.989877 0.141931 5.84607e-16 -0.989877 0.141931 0 -0.993039 0.117783 1.25606e-19 -0.700252 -0.713896 -9.59412e-16 -0.586542 -0.809919 9.6017e-16 -0.563437 -0.826159 -1.27872e-14 -0.47187 -0.881668 7.57515e-16 -0.361657 -0.932311 -3.78443e-16 -0.4345 -0.900672 -2.39529e-14 -0.312346 -0.949968 -2.72075e-14 -0.257863 -0.966181 1.70622e-15 -0.199312 -0.979936 -2.35832e-14 -0.162234 -0.986752 5.41385e-16 -0.0792053 -0.996858 2.5745e-16 -0.0996912 -0.995018 -2.26894e-14 -0.024477 -0.9997 -6.77957e-15 -0.0180754 -0.999837 3.51295e-15 0.00627825 -0.99998 -6.78147e-15 0.00627825 -0.99998 -1.05927e-15 -0.882027 -0.471199 -5.20183e-16 -0.93755 -0.34785 -1.50348e-15 -0.894982 -0.446103 2.17855e-15 -0.951306 -0.308247 2.34791e-15 -0.972767 -0.231784 -8.72858e-16 -0.992238 -0.124354 -7.11669e-16 -0.983569 -0.180533 -4.44102e-15 -0.99964 -0.0268179 6.16364e-16 -0.997919 -0.0644774 -4.36139e-16 -0.999342 0.0362684 -1.34757e-15 -0.998385 0.0568145 -7.1084e-16 -0.993773 0.111422 1.99729e-16 -0.657376 0.753563 4.83174e-15 -0.598822 0.800882 -1.31171e-15 -0.528555 0.848899 2.58313e-15 -0.478272 0.878212 -1.32826e-15 -0.398785 0.917045 1.32663e-15 -0.272987 0.962018 -5.00038e-15 -0.359626 0.933096 -3.45035e-16 -0.244607 0.969622 8.33633e-16 -0.153074 0.988215 1.01517e-15 -0.135695 0.990751 3.89639e-15 -0.0519579 0.998649 5.77265e-17 -0.00627825 0.99998 0 -0.0458312 0.998949 3.25237e-15 -0.00627825 0.99998 2.12586e-16 -0.712205 0.701972 -5.24288e-15 -0.769313 0.638872 1.54916e-15 -0.805179 0.593032 -1.64357e-15 -0.85444 0.51955 5.9363e-15 -0.875657 0.482933 -1.24788e-15 -0.927455 0.373934 -2.40602e-15 -0.916069 0.40102 -3.69025e-15 -0.958298 0.285772 7.19466e-16 -0.963169 0.268898 -2.07412e-15 -0.982359 0.187007 -4.7176e-15 -0.983487 0.180978 -1.24436e-15 -0.989877 0.141931 -5.28151e-15 -0.989877 0.141931 -1.18464e-15 -0.791185 0.113442 -0.600963 -0.699948 0.10036 -0.707107 -0.791185 0.113442 -0.600963 -0.699948 0.10036 -0.707107 -0.862199 0.123624 -0.491253 -0.914064 0.131061 -0.383811 -0.862199 0.123624 -0.491253 -0.914064 0.131061 -0.383811 -0.950143 0.136234 -0.280479 -0.950143 0.136234 -0.280479 -0.973238 0.139545 -0.18258 -0.973238 0.139545 -0.18258 -0.985438 0.141294 -0.0945947 -0.985438 0.141294 -0.0945947 -0.989503 0.141877 -0.0274663 -0.989503 0.141877 -0.0274663 -0.989877 0.141931 3.22365e-14 -0.989877 0.141931 9.36605e-15 -0.594879 0.0852952 -0.799277 -0.594879 0.0852952 -0.799277 -0.48628 0.069724 -0.871017 -0.379925 0.0544746 -0.923412 -0.48628 0.069724 -0.871017 -0.379925 0.0544746 -0.923412 -0.277639 0.0398086 -0.95986 -0.277639 0.0398086 -0.95986 -0.180731 0.0259137 -0.983191 -0.093637 0.0134259 -0.995516 -0.180731 0.0259137 -0.983191 -0.093637 0.0134259 -0.995516 -0.0271882 0.00389831 -0.999623 -0.0271882 0.00389831 -0.999623 0 0 -1 2.56122e-17 1.78629e-16 -1 0.00443858 -0.706964 -0.707235 0.00501732 -0.799143 -0.60112 0.00480981 -0.766093 -0.642712 0.0040351 -0.642699 -0.766108 0.00377223 -0.600829 -0.799368 0.00318978 -0.508059 -0.861316 0.00308356 -0.49114 -0.871075 0.00240913 -0.383719 -0.923447 0.00235877 -0.375698 -0.926739 0.00176051 -0.280409 -0.959879 0.00156745 -0.249659 -0.968333 0.000837877 -0.133455 -0.991055 0.001146 -0.182531 -0.983199 0.000252621 -0.0402367 -0.99919 0.000593729 -0.0945673 -0.995518 0.000172389 -0.0274576 -0.999623 4.08683e-16 -1.47689e-16 -1 4.57153e-17 4.66273e-15 -1 0.00546784 -0.870902 -0.491427 0.00540756 -0.861299 -0.508069 0.0058183 -0.926721 -0.375706 0.00579692 -0.923317 -0.383996 0.00602589 -0.959785 -0.280672 0.00607943 -0.968314 -0.249664 0.00622209 -0.991035 -0.133457 0.00617249 -0.983135 -0.182775 0.00624999 -0.995479 -0.0947731 0.00627316 -0.99917 -0.0402375 0.00627586 -0.9996 -0.0275882 0.00627825 -0.99998 -1.07382e-13 0.00627825 -0.99998 -2.0271e-07 -0.000671774 -0.642712 -0.766108 -0.00080075 -0.766107 -0.642712 -0.000671774 -0.642712 -0.766108 -0.000531043 -0.508069 -0.861316 -0.000531043 -0.508069 -0.861316 -0.000392695 -0.375706 -0.926739 -0.000392695 -0.375706 -0.926739 -0.000260953 -0.249664 -0.968333 -0.000260953 -0.249664 -0.968333 -0.000139492 -0.133457 -0.991055 -0.000139492 -0.133457 -0.991055 -4.2057e-05 -0.0402375 -0.99919 2.09198e-18 2.00148e-15 -1 -4.2057e-05 -0.0402375 -0.99919 0 0 -1 -0.00080075 -0.766107 -0.642712 -0.000900264 -0.861316 -0.508069 -0.000900264 -0.861316 -0.508069 -0.000968645 -0.926738 -0.375706 -0.000968645 -0.926738 -0.375706 -0.00101212 -0.968332 -0.249664 -0.00101212 -0.968332 -0.249664 -0.00103587 -0.991054 -0.133457 -0.00103587 -0.991054 -0.133457 -0.00104437 -0.99919 -0.0402376 -0.00104437 -0.99919 -0.0402375 -0.00104522 -0.999999 0 -0.00104522 -0.999999 -1.12074e-13 0.663523 0.748155 -3.38055e-15 0.764058 0.645147 -3.70938e-15 0.778757 0.627326 -2.38845e-15 0.843132 0.537707 -1.42947e-15 0.864885 0.50197 1.35428e-15 0.925635 0.378417 -2.41932e-15 0.902335 0.431036 5.45313e-16 0.945186 0.326531 -3.0083e-15 0.965727 0.259559 3.63255e-15 0.973701 0.227829 -2.47038e-15 0.987304 0.15884 -3.42408e-15 0.993568 0.113238 0 0.989024 0.147756 -2.59986e-15 0.993568 0.113238 -2.89523e-16 0.549242 0.835663 -4.61509e-15 0.663523 0.748155 -4.26246e-15 0.529792 0.848127 -2.43802e-15 0.433124 0.901334 -2.54911e-15 0.395044 0.918662 -2.5379e-15 0.320144 0.947369 -3.43419e-15 0.211268 0.977428 3.80391e-16 0.265118 0.964216 -8.18002e-15 0.142322 0.98982 5.4814e-15 0.109866 0.993946 -3.29406e-15 0.039746 0.99921 6.84363e-15 0.0285358 0.999593 -5.54258e-15 -0.00627825 0.99998 0 -0.00627825 0.99998 -1.01712e-14 -0.00540756 0.861299 -0.508069 -0.00540756 0.861299 -0.508069 -0.00480981 0.766093 -0.642712 -0.00480981 0.766093 -0.642712 -0.0040351 0.642699 -0.766108 -0.00607943 0.968314 -0.249664 -0.0058183 0.926721 -0.375706 -0.0058183 0.926721 -0.375706 -0.00607943 0.968314 -0.249664 -0.00622209 0.991035 -0.133457 -0.00627316 0.99917 -0.0402375 -0.00622209 0.991035 -0.133457 -0.00627316 0.99917 -0.0402375 -0.00627825 0.99998 -1.25735e-13 -0.00627825 0.99998 9.56671e-14 -0.0040351 0.642699 -0.766108 -0.00318978 0.508059 -0.861316 -0.00318978 0.508059 -0.861316 -0.00235877 0.375698 -0.926739 -0.00235877 0.375698 -0.926739 -0.00156745 0.249659 -0.968333 -0.00156745 0.249659 -0.968333 -0.000837877 0.133455 -0.991055 -0.000837877 0.133455 -0.991055 -0.000252621 0.0402367 -0.99919 -0.000252621 0.0402367 -0.99919 -2.89013e-16 4.60331e-14 -1 6.59338e-17 -1.02945e-14 -1 2.35135e-12 -0.508069 -0.861316 2.17972e-12 -0.642712 -0.766108 -3.21663e-15 -0.600963 -0.799277 -1.40847e-15 -0.491253 -0.871017 3.40163e-12 -0.375706 -0.926739 1.03598e-15 -0.280479 -0.95986 1.00793e-15 -0.383811 -0.923412 4.28705e-12 -0.249664 -0.968333 1.91775e-15 -0.18258 -0.983191 -3.15255e-17 -0.0945947 -0.995516 4.07352e-12 -0.133457 -0.991055 4.50082e-17 -0.0274663 -0.999623 2.48963e-12 -0.0402375 -0.99919 2.55697e-15 -2.23793e-14 -1 -3.19622e-16 3.49677e-16 -1 -3.3901e-16 -0.707107 -0.707107 -1.10556e-15 -0.799277 -0.600963 3.17689e-12 -0.766108 -0.642712 4.11916e-12 -0.861316 -0.508069 2.91996e-15 -0.871017 -0.491253 3.97373e-12 -0.926739 -0.375706 1.8144e-15 -0.923412 -0.383811 2.73532e-12 -0.968333 -0.249664 1.65847e-16 -0.95986 -0.280479 -3.66989e-16 -0.983191 -0.18258 1.17833e-12 -0.991055 -0.133457 1.91807e-13 -0.99919 -0.0402375 -7.10074e-16 -0.995516 -0.0945947 0 -1 0 6.36808e-16 -0.999623 -0.0274663 -1.27849e-15 -1 0 0.583565 -0.812067 -1.14212e-15 0.686903 -0.726749 4.03821e-15 0.694069 -0.719909 -3.21076e-16 0.561127 -0.82773 3.32108e-15 0.472118 -0.881535 -8.4572e-16 0.364585 -0.93117 7.98555e-16 0.435718 -0.900083 -2.46458e-15 0.262706 -0.964876 2.36316e-17 0.316267 -0.94867 2.78112e-15 0.204922 -0.978778 -1.04784e-15 0.168202 -0.985753 4.97243e-16 0.0855998 -0.99633 1.72613e-15 0.106029 -0.994363 1.32495e-15 0.0244445 -0.999701 -2.7702e-15 0.0308623 -0.999524 2.88028e-15 0 -1 0 0 -1 -1.05963e-15 0.793873 -0.608084 -5.62804e-17 0.799858 -0.600189 1.73578e-15 0.872925 -0.487854 -1.00738e-15 0.929327 -0.369258 -4.05375e-16 0.885946 -0.463788 -1.94509e-16 0.943633 -0.330992 7.10999e-17 0.966466 -0.256796 -2.18276e-16 0.978382 -0.206808 -1.36083e-15 0.988418 -0.151756 5.93638e-16 0.998459 -0.055496 -3.02684e-16 0.995688 -0.0927691 1.86101e-16 0.999974 0.00725175 -1.77527e-15 0.999614 0.0277727 2.22133e-16 0.996589 0.0825198 2.85193e-16 0.996039 0.0889164 -9.17768e-16 0.993568 0.113238 0 0.993568 0.113238 -1.20918e-15 0.793982 0.0904906 -0.60117 0.865286 0.0986172 -0.491482 0.855776 0.0975333 -0.508069 0.920778 0.104942 -0.375706 0.76118 0.0867522 -0.642712 0.917372 0.104553 -0.384054 0.953613 0.108684 -0.280733 0.962104 0.109652 -0.249664 0.97682 0.111329 -0.182836 0.98468 0.112225 -0.133457 0.992763 0.113146 -0.0402375 0.98909 0.112727 -0.0948298 0.993189 0.113194 -0.0276269 0.993568 0.113238 5.7772e-14 0.993568 0.113238 -3.51692e-07 0.70239 0.0800518 -0.707276 0.596938 0.0680334 -0.799397 0.638578 0.0727791 -0.766108 0.504801 0.0575325 -0.861316 0.487957 0.0556128 -0.871094 0.373289 0.042544 -0.926739 0.381232 0.0434493 -0.923458 0.248058 0.0282713 -0.968333 0.27859 0.0317511 -0.959885 0.181347 0.0206682 -0.983202 0.132599 0.0151124 -0.991055 0.0399787 0.0045564 -0.99919 0.0939529 0.0107079 -0.995519 0 0 -1 0.027279 0.003109 -0.999623 1.25719e-17 -1.10308e-16 -1 -0.383247 -0.798918 -0.463521 -0.477515 -0.750395 -0.457041 -0.44119 -0.820479 -0.363545 -0.998271 0.0373886 -0.0453542 -0.991189 0.129585 -0.027414 -0.993224 0.116215 6.85159e-05 -0.816303 -0.575275 -0.052048 -0.759164 -0.605302 -0.239331 -0.849967 -0.505982 -0.146759 -0.397621 -0.879912 -0.260101 -0.345161 -0.864293 -0.365871 -0.677429 -0.619458 -0.396689 -0.775799 -0.534902 -0.334688 -0.546081 -0.761837 -0.348426 -0.503505 -0.830707 -0.237504 -0.501582 -0.674739 -0.541426 -0.411286 -0.723687 -0.554184 -0.425055 -0.641195 -0.638903 -0.512089 -0.595716 -0.618779 -0.879347 -0.47607 -0.0103302 -0.34136 -0.584138 -0.73638 -0.421588 -0.553693 -0.718114 -0.286404 -0.383907 -0.877831 -0.240976 -0.293891 -0.924964 -0.366243 -0.367719 -0.85478 -0.321815 -0.484731 -0.813309 -0.400864 -0.461953 -0.791143 -0.323819 -0.281099 -0.903396 -0.190393 -0.20861 -0.959288 -0.655687 -0.688551 -0.309794 -0.732289 -0.670326 -0.120062 -0.87631 -0.349973 -0.331059 -0.788006 -0.456784 -0.412788 -0.793024 -0.383362 -0.473441 -0.0227317 -0.0263105 -0.999395 1.14185e-05 -0.000185779 -1 -0.0298812 0.00438133 -0.999544 -0.951214 -0.308179 -0.0147521 -0.914246 -0.400141 -0.0635676 -0.934682 -0.324281 -0.145643 -0.868666 -0.430428 -0.245257 -0.675503 -0.737158 -0.0171315 -0.622899 -0.758874 -0.190018 -0.977404 -0.152456 -0.146417 -0.994595 -0.0808551 -0.06514 -0.987941 -0.15423 -0.0136229 -0.572626 -0.818338 -0.0492206 -0.970171 -0.233821 -0.064004 -0.219045 -0.940265 -0.260618 -0.261392 -0.896389 -0.357995 -0.302426 -0.915114 -0.266654 -0.999786 -0.0173943 -0.0111539 -0.991768 -0.0274819 -0.12506 -0.803453 -0.595368 -3.95371e-05 -0.466912 -0.879445 -0.0925716 -0.364281 -0.922172 -0.129993 -0.426836 -0.904299 -0.00735179 -0.98978 0.142598 0.000761838 -0.328021 -0.944518 -0.0169916 -0.264586 -0.952458 -0.151057 -0.603974 -0.539893 -0.586286 -0.596473 -0.616102 -0.51443 -0.469375 -0.882999 -0.000638165 -0.231651 -0.972387 -0.0283132 -0.144437 -0.988887 -0.035217 -0.17842 -0.971713 -0.154729 -0.36196 -0.932193 0.000317403 -0.259967 -0.965617 -0.000440874 -0.187528 -0.920181 -0.343657 -0.166834 -0.985985 -0.000631357 -0.0827828 -0.996567 -0.000590625 -0.0667098 -0.997167 -0.0347519 -0.0375061 -0.990265 -0.134047 -0.00969793 -0.999337 -0.035097 -0.0195086 -0.99981 -0.0004326 0.00550899 -0.999494 -0.0313148 0.00678099 -0.994469 -0.104813 0.00712578 -0.999974 0.000540143 0.00669715 -0.919826 -0.39227 -0.0610027 -0.897868 -0.436018 -0.0392974 -0.943923 -0.327819 -0.0998654 -0.984038 -0.147297 -0.583988 -0.811763 2.78842e-05 0.0062712 -0.980629 -0.195772 -0.0130543 -0.974658 -0.223318 0.00576743 -0.956321 -0.29226 -0.0814395 -0.970433 -0.227218 -0.143231 -0.958244 -0.247494 -0.329694 -0.762679 -0.556438 -0.69901 -0.715112 3.83385e-05 -0.0921167 -0.308839 -0.946643 0.00310659 -0.392246 -0.919855 0.00138981 -0.291769 -0.956488 0.00528238 -0.868244 -0.496109 -0.267144 -0.70757 -0.654201 -0.264251 -0.60972 -0.747271 -0.343956 -0.677987 -0.649637 -0.116317 -0.937088 -0.329145 -0.919203 -0.0869626 -0.384061 -0.968131 -0.0630891 -0.242367 -0.933383 -0.143612 -0.328895 -0.938462 -0.345382 -5.37035e-06 -0.883807 -0.467852 3.78817e-05 -0.0782842 -0.83436 -0.545632 -0.148582 -0.886044 -0.439146 -0.225529 -0.865036 -0.448162 -0.300511 -0.836221 -0.458723 -0.577388 -0.69036 -0.43592 -0.97279 -0.231688 -0.000270486 0.00432959 -0.798011 -0.602627 -0.0876125 -0.750818 -0.654672 -0.173301 -0.817774 -0.548828 -0.25311 -0.79345 -0.553508 -0.508521 -0.514591 -0.690365 -0.692855 -0.545029 -0.472119 -0.940548 -0.242833 -0.23749 -0.937997 -0.179249 -0.2967 -0.991875 -0.127218 0.000104786 0.00561237 -0.707072 -0.707119 -0.0787547 -0.647383 -0.758085 -0.18541 -0.732291 -0.655266 -0.744778 -0.19623 -0.637808 -0.854311 -0.178598 -0.488114 -0.768268 -0.264647 -0.582861 -0.699586 -0.469656 -0.538519 -0.877383 -0.281579 -0.388473 -0.694314 -0.397862 -0.599695 -0.9729 -0.0948313 -0.210886 -0.974058 0.0672495 -0.216077 -0.992298 0.0842306 -0.0908286 -0.98583 0.0128175 -0.167255 -0.999508 -0.0313629 -6.13503e-05 -0.998624 0.052443 2.66542e-05 0.00467184 -0.60284 -0.797849 -0.0537533 -0.539862 -0.840035 -0.180131 -0.630186 -0.755261 -0.452553 -0.34493 -0.822326 -0.406899 -0.261411 -0.87527 -0.547771 -0.315796 -0.774738 -0.600192 -0.462864 -0.652324 -0.786263 -0.322396 -0.527116 -0.583056 -0.387916 -0.713839 -0.677259 -0.333144 -0.655999 -0.871265 -0.234414 -0.431217 0.00270535 -0.496101 -0.86826 -0.210331 -0.394295 -0.894591 -0.169427 -0.296796 -0.939791 -0.159022 -0.521928 -0.838036 -0.243764 -0.503927 -0.828636 -0.489191 -0.430365 -0.758603 -0.9562 -0.00485813 -0.292674 -0.928848 0.0682319 -0.364124 -0.982297 0.120894 -0.143098 -0.984503 0.140878 -0.104435 -0.989385 0.141911 -0.0312968 -0.024646 -0.433378 -0.900875 -0.129113 -0.413464 -0.90132 -0.649192 -0.269053 -0.711449 -0.829048 -0.1005 -0.550073 -0.891035 -0.0050703 -0.453907 -0.853285 0.065095 -0.517366 -0.952324 0.116452 -0.281989 -0.970828 0.139207 -0.19523 0.00128461 -0.195085 -0.980785 -0.0470022 -0.209723 -0.976631 -0.136013 -0.105497 -0.985074 -0.276476 -0.195362 -0.940954 -0.7074 -0.0969317 -0.700136 -0.605937 -0.175293 -0.775959 -0.553654 -0.0601355 -0.830572 -0.499192 -0.23017 -0.835362 -0.791158 -0.00905997 -0.611544 -0.737463 0.0672888 -0.672028 -0.896261 0.111528 -0.429275 -0.910563 0.130395 -0.392265 -0.946745 0.13575 -0.29197 -0.118472 -0.209862 -0.970527 -0.363188 -0.169986 -0.916078 -0.453282 -0.124607 -0.882615 -0.502766 0.0280228 -0.863968 -0.652095 0.00844993 -0.75809 -0.807395 0.106463 -0.580327 -0.859434 0.12322 -0.496175 0.000987144 -0.104627 -0.994511 -0.00958024 -0.118864 -0.992864 -0.000903965 -0.0312316 -0.999512 -0.089655 -0.0139643 -0.995875 -0.0621179 -0.112942 -0.991658 -0.223151 -0.0882936 -0.970777 -0.315828 -0.060037 -0.946915 -0.408637 -0.0190176 -0.912499 -0.596469 0.0684977 -0.799708 -0.699934 0.100285 -0.707131 -0.789601 0.113241 -0.603081 -0.175213 0.00359581 -0.984524 -0.267222 0.0244114 -0.963326 -0.361046 0.0460577 -0.93141 -0.388405 0.055598 -0.91981 -0.491029 0.0704139 -0.868293 -0.596496 0.0854668 -0.798053 -0.104352 0.0153347 -0.994422 -0.192754 0.0265212 -0.980889 -0.289436 0.0413085 -0.956306 -0.951742 0.296219 -0.0802546 -0.980211 0.19428 -0.0379657 -0.974582 0.19714 -0.10642 -0.94407 0.163537 -0.286333 -0.963364 0.187495 -0.19177 -0.970872 0.139243 -0.194984 -0.984439 0.141222 -0.104572 -0.946705 0.135808 -0.292073 -0.910557 0.130673 -0.392187 -0.98938 0.14188 -0.0315794 -0.826537 0.203123 -0.524955 -0.758384 0.337965 -0.557345 -0.801244 0.374454 -0.466683 -0.763126 0.139972 -0.630909 -0.78991 0.113161 -0.602691 -0.700105 0.100538 -0.706926 -0.989882 0.141894 2.45383e-05 -0.859517 0.12331 -0.49601 -0.86635 0.254816 -0.429542 -0.604073 0.174709 -0.777543 -0.596754 0.0854494 -0.797861 -0.491025 0.070402 -0.868296 -0.524261 0.105014 -0.845058 -0.358711 0.290527 -0.887085 -0.447168 0.374663 -0.8122 -0.447487 0.193876 -0.873022 -0.388208 0.0557756 -0.919882 -0.364175 0.0988042 -0.926075 -0.28768 0.0490083 -0.956472 -0.288929 0.0413711 -0.956456 -0.193269 0.027822 -0.980751 -0.140409 0.034623 -0.989488 -0.209573 0.0962185 -0.973047 -0.103455 0.0148169 -0.994524 -0.0690045 0.0805741 -0.994357 -0.278519 0.189967 -0.941456 -0.0191826 0.0228371 -0.999555 -0.000552514 0.104815 -0.994492 -0.0143289 0.145254 -0.989291 -0.000532038 0.0314957 -0.999504 0.000419102 -0.000426331 -1 -0.031127 0.00480398 -0.999504 -0.764785 0.497846 -0.408966 -0.838763 0.398852 -0.370666 -0.662024 0.441043 -0.605975 -0.583467 0.507086 -0.634374 -0.63775 0.558446 -0.530483 -0.901619 0.286733 -0.323833 -0.630544 0.727901 -0.269396 -0.709924 0.614351 -0.344355 -0.612275 0.70711 -0.353714 -0.750682 0.638043 -0.1714 -0.819342 0.523893 -0.232838 -0.73309 0.628889 -0.258994 -0.515864 0.816268 -0.259981 -0.39116 0.889999 -0.234299 -0.397395 0.904755 -0.153282 -0.553216 0.635667 -0.538405 -0.0532729 0.99858 0.000395135 -0.153432 0.988159 0.000357933 -0.186531 0.976901 -0.104263 -0.506277 0.791739 -0.341808 -0.0567722 0.997772 -0.0350524 -0.0064429 0.999979 -0.000140428 -0.265782 0.951386 -0.155643 -0.29046 0.939892 -0.179544 -0.926035 0.298826 -0.230569 -0.868986 0.40816 -0.279764 -0.890367 0.411083 -0.195598 -0.942182 0.299178 -0.150951 -0.981923 0.189282 -8.01862e-05 -0.951184 0.308574 -0.00563837 -0.958207 0.286076 -2.27717e-07 -0.684084 0.258653 -0.682003 -0.723676 0.471837 -0.50365 -0.902939 0.413914 -0.115652 -0.906244 0.422049 -0.0244166 -0.920053 0.391794 -3.07907e-05 -0.518611 0.29606 -0.802117 -0.587273 0.384816 -0.712059 -0.5226 0.447271 -0.725836 -0.679217 0.591681 -0.434255 -0.587648 0.677358 -0.442556 -0.796005 0.514588 -0.31871 -0.844055 0.533652 -0.0527879 -0.834989 0.530247 -0.147073 -0.868021 0.496527 0.000204262 -0.294232 0.341331 -0.892704 -0.375347 0.428423 -0.82193 -0.450477 0.508216 -0.734021 -0.510015 0.579569 -0.635598 -0.761348 0.643926 -0.0755469 -0.799116 0.601176 -0.000363923 -0.222834 0.25899 -0.939824 -0.140297 0.162569 -0.976672 -0.236299 0.393899 -0.88826 -0.307519 0.488775 -0.816413 -0.34082 0.719005 -0.605701 -0.373938 0.78231 -0.498159 -0.428265 0.650822 -0.626913 -0.394928 0.864918 -0.309755 -0.64459 0.742367 -0.182745 -0.709729 0.704475 0.00029994 -0.654266 0.751615 -0.0837263 -0.00115662 0.195379 -0.980727 -0.066157 0.223061 -0.972557 -0.150895 0.306329 -0.93989 -0.131044 0.464797 -0.875666 -0.372304 0.575891 -0.727832 -0.467928 0.710026 -0.526219 -0.491907 0.756941 -0.430194 -0.52487 0.832433 -0.17767 -0.601224 0.799081 0.00020827 -0.532396 0.843186 -0.0747798 -0.00180374 0.292049 -0.956402 -0.00903215 0.293678 -0.955862 -0.00238522 0.39216 -0.919894 -0.0494224 0.374992 -0.92571 -0.221983 0.556983 -0.800308 -0.291452 0.644198 -0.707153 -0.267205 0.852514 -0.449246 -0.230033 0.79291 -0.56425 -0.131966 0.898416 -0.418848 -0.390661 0.830336 -0.397398 -0.487154 0.873316 -0.000256974 -0.409619 0.910435 -0.0576181 -0.003153 0.496003 -0.868315 -0.0279863 0.536191 -0.843633 -0.00366129 0.602799 -0.797885 -0.0871191 0.628048 -0.773282 -0.031843 0.776118 -0.629783 -0.163269 0.713189 -0.681693 -0.285494 0.88862 -0.358954 -0.297855 0.917757 -0.262688 -0.206147 0.968812 -0.137503 -0.374454 0.927246 -7.62443e-05 -0.292173 0.955562 -0.0391881 -0.00456569 0.707196 -0.707003 -0.00549889 0.868152 -0.496268 -0.0778582 0.848304 -0.523755 -0.00579721 0.919898 -0.392114 -0.167167 0.930333 -0.326398 -0.191383 0.954948 -0.22682 -0.26368 0.96461 6.68061e-05 -0.00489687 0.797754 -0.602963 -0.0276546 0.957726 -0.286349 -0.0411675 0.980805 -0.190598 -0.0525595 0.993498 -0.10099 -0.00598666 0.956446 -0.291847 -0.00625675 0.980775 -0.19504 -0.00637533 0.99453 -0.104259 -0.00667166 0.999483 -0.0314537 -0.00573461 0.956359 -0.292137 0.0166235 0.96178 -0.273318 -0.00590695 0.980793 -0.194964 0.0411335 0.994619 -0.0950848 0.134626 0.988705 -0.0658723 0.0387273 0.998853 -0.0281634 0.0341772 0.983016 -0.180312 -0.00539319 0.919881 -0.39216 -0.00609914 0.994499 -0.104572 -0.00531738 0.868273 -0.496059 0.0593115 0.857975 -0.510256 -0.00619398 0.999981 6.80553e-05 -0.00573837 0.999494 -0.0312891 0.185166 0.821885 -0.538719 0.306464 0.75253 -0.582905 0.327228 0.80987 -0.48686 0.102564 0.9044 -0.414175 -0.00517291 0.797943 -0.602711 0.013621 0.789787 -0.61323 -0.0033182 0.495865 -0.868393 0.00913297 0.557561 -0.830086 -0.00380444 0.602862 -0.797836 -0.00215026 0.392201 -0.919877 0.0220136 0.402026 -0.915363 0.0759481 0.491033 -0.867824 0.178872 0.420129 -0.889661 0.271206 0.520358 -0.809738 -0.000280886 0.104763 -0.994497 0.039606 0.110035 -0.993138 -0.000967742 0.19533 -0.980737 0.0960806 0.329033 -0.939418 0.0463153 0.648484 -0.759818 -0.00425611 0.707185 -0.707015 0.0360552 0.248402 -0.967986 0.00402599 0.0444001 -0.999006 0.248367 0.211499 -0.945295 0.102736 0.185061 -0.977342 0.171936 0.12491 -0.977157 0.103031 0.0527783 -0.993277 0.0424274 0.00913432 -0.999058 0.104129 0.0114914 -0.994497 6.23066e-05 0.0317943 -0.999494 0.0313363 0.00360567 -0.999502 -0.000303305 -0.000323053 -1 0.109101 0.740443 -0.663205 0.45046 0.78587 -0.423667 0.347578 0.850403 -0.394973 0.223507 0.863715 -0.451709 0.243718 0.902478 -0.355155 0.516879 0.66874 -0.534437 0.390167 0.67904 -0.621831 0.470306 0.614264 -0.633634 0.569747 0.742376 -0.352515 0.667691 0.656011 -0.351908 0.688773 0.673328 -0.26874 0.596192 0.781251 -0.184935 0.475847 0.842486 -0.252562 0.585151 0.764958 -0.269142 0.779864 0.573135 -0.25165 0.858512 0.462991 -0.220446 0.87287 0.46716 -0.140925 0.599929 0.595923 -0.533818 0.963737 0.260005 -0.0600703 0.98803 0.154263 0.000153402 0.969993 0.243131 0.000240419 0.756585 0.562249 -0.333848 0.98805 0.152299 -0.023698 0.993563 0.113279 -0.000110495 0.92573 0.362769 -0.106874 0.912153 0.370002 -0.176284 0.139164 0.965689 -0.219266 0.138572 0.980501 -0.139338 0.129655 0.942376 -0.30841 0.125271 0.992123 -0.000121269 0.035418 0.999373 -0.00010582 0.247425 0.95127 -0.184027 0.248223 0.931449 -0.266059 0.248721 0.963014 -0.103647 0.258723 0.965813 -0.0163439 0.228743 0.973487 -0.000177865 -0.00209623 0.292005 -0.956415 0.161526 0.584013 -0.795511 0.250377 0.668723 -0.700087 0.426283 0.742063 -0.517325 0.35862 0.881659 -0.306707 0.363139 0.904682 -0.222892 0.367478 0.919707 -0.138198 0.371431 0.927458 -0.0431435 0.334679 0.942332 1.21e-07 0.26839 0.354812 -0.895586 0.348421 0.452082 -0.821112 0.342573 0.606309 -0.717658 0.41185 0.542503 -0.732168 0.547788 0.711621 -0.439913 0.482359 0.859867 -0.167208 0.466359 0.818245 -0.336132 0.486763 0.87075 -0.0696839 0.442838 0.896602 -0.000233793 0.181888 0.265731 -0.946733 0.329118 0.302685 -0.894463 0.409124 0.393069 -0.823477 0.484378 0.474871 -0.734762 0.550203 0.545822 -0.631946 0.834665 0.461115 -0.301177 0.554026 0.832499 -0.000780372 0.603587 0.792698 -0.0855175 0.194379 0.0218668 -0.980683 0.170875 0.0230255 -0.985024 0.395483 0.233072 -0.888409 0.479076 0.327008 -0.814587 0.558585 0.406764 -0.722859 0.627903 0.471337 -0.619338 0.63909 0.631223 -0.439455 0.704594 0.685238 -0.18438 0.663701 0.747998 -9.8357e-06 0.715468 0.693296 -0.0862834 0.243204 0.0665076 -0.967692 0.290167 0.032954 -0.956408 0.39454 0.0732675 -0.915953 0.318297 0.141294 -0.937402 0.474753 0.141259 -0.868709 0.836047 0.321128 -0.444863 0.793627 0.273706 -0.543361 0.888589 0.203137 -0.411272 0.683373 0.516314 -0.51616 0.725044 0.544692 -0.421452 0.795073 0.583002 -0.167236 0.760614 0.649205 -0.000430707 0.806602 0.587007 -0.0693946 0.558228 0.23439 -0.795891 0.633172 0.325023 -0.702462 0.707265 0.392828 -0.587761 0.763726 0.426074 -0.484957 0.804346 0.44917 -0.388939 0.837314 0.546723 -0.000266451 0.877241 0.47826 -0.0414224 0.38993 0.0442267 -0.919782 0.492707 0.0559841 -0.868392 0.552563 0.0764924 -0.829954 0.598958 0.0682539 -0.797866 0.638573 0.125714 -0.759224 0.78229 0.106438 -0.613754 0.720739 0.195395 -0.665098 0.867802 0.350336 -0.352398 0.892752 0.367317 -0.260907 0.955213 0.265106 -0.13148 0.895673 0.444713 -0.000117579 0.928632 0.370383 -0.0214143 0.702472 0.0801999 -0.707178 0.862593 0.098542 -0.496208 0.84613 0.15439 -0.510126 0.91912 0.234924 -0.316273 0.941365 0.255155 -0.220743 0.939027 0.343842 -0.000314508 0.79261 0.0902682 -0.60301 0.914007 0.104231 -0.392081 0.953357 0.124205 -0.275107 0.974114 0.136353 -0.180303 0.984952 0.146253 -0.0920824 0.950262 0.10841 -0.291974 0.974455 0.111321 -0.195054 0.988089 0.112782 -0.104692 0.992972 0.114262 -0.0308265 0.222557 -0.972432 -0.0695996 0.290497 -0.956726 -0.0169543 0.301659 -0.939959 -0.159619 0.336993 -0.895049 -0.2921 0.371844 -0.821829 -0.431658 0.296077 -0.896778 -0.328829 0.315883 -0.810017 -0.494056 0.231729 -0.890731 -0.391023 0.377979 -0.728307 -0.571577 0.247663 -0.945261 -0.212473 0.206413 -0.948383 -0.240757 0.437802 -0.736691 -0.51538 0.422265 -0.82443 -0.376838 0.501713 -0.735625 -0.455127 0.548738 -0.54734 -0.631907 0.470742 -0.537716 -0.699474 0.498017 -0.643695 -0.581064 0.189483 -0.430797 -0.882332 0.211613 -0.347178 -0.913612 0.0991153 -0.308179 -0.946151 0.388812 -0.507159 -0.769165 0.297585 -0.464488 -0.834083 0.365359 -0.612629 -0.700856 0.435615 -0.900005 -0.0152045 0.451333 -0.873623 -0.181884 0.365539 -0.927349 -0.0800361 0.113808 -0.0516492 -0.992159 0.22207 -0.171753 -0.959784 0.215595 -0.0930543 -0.972039 0.367092 -0.930185 0.000119749 0.0243973 -0.091715 -0.995486 0.0193084 -0.177678 -0.983899 0.112119 -0.213785 -0.970425 0.155622 -0.987742 -0.0121494 0.168898 -0.97755 -0.125973 0.100394 -0.993829 -0.047173 -0.000327375 0.000361304 -1 -6.31378e-05 -0.031533 -0.999503 0.0278992 -0.0241001 -0.99932 0.389558 -0.886529 -0.24962 0.174567 -0.984645 0.000118773 0.0526238 -0.994191 -0.0938891 0.0653218 -0.973575 -0.218826 0.0160976 -0.988769 -0.148579 0.472054 -0.88157 -3.58249e-05 0.123956 -0.978048 -0.167504 0.0435087 -0.999047 -0.00341795 0.0910235 -0.995849 0.000128373 0.00957952 -0.999443 -0.031953 0.0266127 -0.999646 3.83056e-05 0.137015 -0.94652 -0.292107 -8.95604e-05 -1 0.000283691 0.481123 -0.814069 -0.325288 0.628898 -0.703015 -0.332051 0.546719 -0.793648 -0.266873 0.615531 -0.767468 -0.179203 0.565406 -0.723646 -0.395794 0.695807 -0.67211 -0.25322 0.701458 -0.600275 -0.384221 0.525565 -0.846883 -0.0810584 0.635128 -0.626284 -0.452084 0.692928 -0.52601 -0.493117 0.758935 -0.635029 -0.14407 0.767916 -0.563918 -0.303812 0.832229 -0.514009 -0.207822 0.827369 -0.452484 -0.332745 0.886381 -0.398667 -0.235357 0.91957 -0.306552 -0.245798 0.870216 -0.352225 -0.344472 0.843422 -0.305578 -0.441884 0.900915 -0.261881 -0.346079 0.991346 -0.123392 -0.0448022 0.998087 -0.0618237 -0.000111032 0.998204 -0.0351706 -0.0484855 0.988112 0.112639 -0.104629 0.990974 0.0657894 -0.1168 0.994583 0.0975484 -0.0359093 0.993068 0.113239 -0.0315153 0.996218 0.0868933 7.97169e-05 0.993567 0.113244 8.45995e-05 9.24617e-05 -0.999501 -0.0315751 0.000364802 -0.99455 -0.104265 0.267826 -0.963467 -2.67992e-05 -6.9528e-06 -0.98075 -0.19527 0.0151566 -0.957733 -0.28726 -0.00015458 -0.956472 -0.291825 0.590089 -0.807247 -0.0120989 0.582295 -0.812977 -0.000278159 0.0551269 -0.928966 -0.366037 0.0112198 -0.901097 -0.433473 0.000220822 -0.9199 -0.392152 0.693186 -0.720758 0.000345002 0.135723 -0.875937 -0.46294 0.0521959 -0.850813 -0.522869 0.00633226 -0.812026 -0.583586 -8.14716e-05 -0.868378 -0.495904 0.873612 -0.486623 0.000298549 0.814991 -0.579018 -0.0229578 0.794133 -0.607744 -0.000318872 0.677015 -0.732745 -0.0688203 0.311772 -0.715705 -0.624951 0.128752 -0.781498 -0.610479 0.236452 -0.79975 -0.551807 0.0344173 -0.738961 -0.672868 9.73117e-06 -0.797775 -0.602956 -4.84214e-05 -0.706895 -0.707319 0.880999 -0.468252 -0.0676781 0.926718 -0.355659 -0.121245 0.929387 -0.369107 -0.000381765 0.584193 -0.453862 -0.67285 0.498327 -0.441607 -0.746092 0.310534 -0.383718 -0.869672 0.568295 -0.639851 -0.517331 0.0792739 -0.646709 -0.758606 0.203257 -0.691177 -0.693514 0.0124925 -0.598818 -0.800788 0.000111783 -0.602807 -0.797887 0.956735 -0.254342 -0.141308 0.430749 -0.636644 -0.63964 0.137561 -0.534145 -0.834126 0.266293 -0.573562 -0.774671 0.0396007 -0.499412 -0.865459 -6.93403e-05 -0.496027 -0.868307 0.965779 -0.259366 -0.000274579 0.98761 -0.156929 -3.14282e-05 0.975272 -0.218873 -0.0306362 0.762289 -0.494974 -0.417033 0.629552 -0.282598 -0.723742 0.528945 -0.27309 -0.803517 0.610151 -0.365911 -0.702727 0.621524 -0.542789 -0.564879 0.0767583 -0.401725 -0.912538 5.40606e-05 -0.39228 -0.919846 0.972312 -0.051692 -0.227899 0.991588 -0.00431952 -0.129362 0.975274 0.0234384 -0.219755 0.808372 -0.396974 -0.434679 0.739005 -0.429702 -0.518871 0.663706 -0.449823 -0.597623 0.405194 -0.41669 -0.813749 0.222734 -0.255593 -0.940777 9.40301e-05 -0.291912 -0.956445 0.0116148 -0.27095 -0.962523 0.945613 -0.211214 -0.247394 0.975511 -0.162914 -0.147775 0.739906 -0.193495 -0.644281 0.801525 -0.254953 -0.540885 0.82157 -0.172014 -0.543538 0.774496 -0.339941 -0.533475 0.696343 -0.360614 -0.620535 0.516333 -0.355592 -0.779073 0.416436 -0.330868 -0.846822 0.319417 -0.295865 -0.900242 9.43294e-06 -0.195082 -0.980787 0.999745 0.0225737 -0.000146346 0.962337 -0.129115 -0.239244 0.923141 -0.177534 -0.341017 0.986561 -0.0793468 -0.142834 0.869371 -0.22091 -0.442032 0.721164 -0.276455 -0.635213 0.421826 -0.249597 -0.871644 0.31968 -0.214721 -0.922876 0.115354 -0.127223 -0.985143 0.000165914 -0.10485 -0.994488 0.998225 0.0410891 -0.0431075 0.937648 -0.0979619 -0.333497 0.88767 -0.138524 -0.43915 0.654376 -0.111307 -0.747933 0.643915 -0.199859 -0.738532 0.537991 -0.190783 -0.821077 0.424764 -0.168148 -0.889552 0.316344 -0.134601 -0.939047 0.427853 -0.0770193 -0.900561 0.316218 -0.04752 -0.947496 0.943585 -0.0150965 -0.330787 0.898827 -0.052459 -0.435153 0.834554 -0.0865135 -0.54409 0.752191 -0.106669 -0.650254 0.545033 -0.100422 -0.832379 0.213213 -0.0168141 -0.976861 0.118797 0.00521131 -0.992905 0.031125 0.00325434 -0.99951 0.974445 0.110904 -0.195338 0.969004 0.103293 -0.224415 0.941321 0.076911 -0.328632 0.900047 0.0452336 -0.433439 0.839363 0.0184176 -0.543259 0.757657 -0.00125371 -0.652652 0.653483 -0.00337703 -0.756934 0.543253 0.0118467 -0.839485 0.433686 0.0276748 -0.900639 0.389476 0.0444338 -0.919964 0.290208 0.0327913 -0.956402 0.193665 0.0221545 -0.980818 0.103799 0.0118815 -0.994527 0.950221 0.108129 -0.292212 0.913576 0.104603 -0.392984 0.863155 0.098087 -0.495321 0.792837 0.0895022 -0.602825 0.70267 0.0807533 -0.706919 0.598777 0.0684353 -0.797987 0.493111 0.0562627 -0.868145</float_array>
          <technique_common>
            <accessor count="1114" source="#ID49" stride="3">
              <param name="X" type="float"/>
              <param name="Y" type="float"/>
              <param name="Z" type="float"/>
            </accessor>
          </technique_common>
        </source>
        <vertices id="ID50">
          <input semantic="POSITION" source="#ID46"/>
          <input semantic="NORMAL" source="#ID48"/>
        </vertices>
        <triangles count="1601" material="ID9">
          <input offset="0" semantic="VERTEX" source="#ID50"/>
          <p>0 2 1 1 3 0 4 6 5 5 7 4 8 10 9 9 11 8 12 14 13 12 15 14 16 18 17 16 19 18 20 22 21 20 23 22 24 26 25 25 27 24 28 26 29 26 24 29 30 32 31 33 35 34 30 37 36 36 32 30 38 39 36 38 36 37 33 39 40 39 33 36 41 33 34 40 35 33 42 43 33 42 33 41 44 45 33 44 33 43 46 33 45 47 49 48 50 52 51 53 50 51 54 55 50 50 55 52 56 50 57 56 54 50 50 59 58 57 50 58 60 61 50 50 61 59 48 62 60 60 50 48 48 64 63 65 64 48 48 63 47 66 48 67 49 67 48 68 48 69 48 66 69 68 70 62 62 48 68 70 46 62 70 71 46 72 71 73 46 71 33 72 75 74 73 75 72 72 77 76 72 79 78 80 82 81 83 82 84 81 82 85 81 86 80 72 84 82 83 85 82 77 72 78 72 76 84 74 87 72 79 72 87 33 71 72 88 90 89 91 93 92 94 95 90 94 90 88 96 95 97 95 96 90 98 99 97 96 97 99 98 101 100 100 99 98 102 101 103 101 102 100 104 105 103 102 103 105 104 107 106 106 105 104 107 108 106 108 107 109 89 110 88 111 110 112 89 112 110 113 114 111 111 112 113 114 116 115 116 114 113 117 115 118 116 118 115 119 120 117 117 118 119 120 121 93 121 120 119 121 92 93 122 124 123 125 124 126 124 125 123 127 128 126 125 126 128 127 130 129 129 128 127 131 130 132 130 131 129 133 134 132 131 132 134 135 134 133 136 122 123 136 138 137 137 122 136 139 138 140 138 139 137 141 142 140 139 140 142 141 144 143 143 142 141 145 144 146 144 145 143 145 146 147 147 146 148 149 151 150 149 150 152 153 155 154 153 151 155 153 154 156 155 151 149 156 154 157 158 160 159 158 157 160 160 161 159 158 156 157 159 161 162 163 165 164 162 163 164 162 161 163 165 166 164 152 150 167 168 167 169 167 168 152 170 171 169 168 169 171 170 173 172 172 171 170 174 173 175 173 174 172 176 177 175 174 175 177 176 179 178 178 177 176 180 179 181 179 180 178 180 181 182 183 185 184 183 187 186 186 185 183 188 187 189 187 188 186 190 191 189 188 189 191 192 193 191 191 190 192 193 195 194 195 193 192 196 194 197 195 197 194 198 199 196 196 197 198 200 199 198 201 184 202 185 202 184 203 204 201 201 202 203 205 203 206 203 205 204 207 208 206 205 206 208 207 210 209 209 208 207 211 210 212 210 211 209 211 212 213 214 216 215 216 218 217 218 216 214 219 217 220 218 220 217 221 222 219 219 220 221 222 224 223 224 222 221 225 227 226 223 227 225 224 227 223 225 226 228 214 215 229 230 231 229 229 215 230 231 233 232 233 231 230 234 232 235 233 235 232 236 237 234 234 235 236 237 239 238 239 237 236 239 240 238 238 240 241 242 244 243 245 244 246 244 245 243 247 248 246 245 246 248 247 250 249 249 248 247 251 250 252 250 251 249 253 254 252 251 252 254 255 254 253 256 242 257 242 243 257 256 259 258 258 242 256 260 259 261 259 260 258 262 263 261 260 261 263 262 265 264 264 263 262 266 265 267 265 266 264 266 267 268 268 267 269 270 272 271 272 274 273 273 271 272 275 277 276 270 276 277 270 271 276 275 278 277 279 281 280 281 279 278 275 281 278 282 279 280 283 282 280 283 284 282 274 285 273 286 287 285 285 274 286 287 289 288 289 287 286 290 288 291 289 291 288 292 293 290 290 291 292 293 295 294 295 293 292 295 296 294 294 296 297 298 300 299 298 302 301 301 300 298 303 304 302 302 304 301 305 306 303 303 302 305 306 308 307 308 306 305 309 307 310 308 310 307 311 312 309 309 310 311 300 313 299 314 315 313 299 313 315 314 317 316 316 315 314 318 317 319 317 318 316 320 318 321 319 321 318 322 323 320 320 321 322 323 325 324 325 323 322 326 324 327 325 327 324 326 327 328 329 331 330 332 333 329 329 330 332 333 335 334 335 333 332 336 334 337 335 337 334 338 339 336 336 337 338 339 341 340 341 339 338 342 340 343 341 343 340 344 345 342 342 343 344 331 346 330 347 346 348 346 347 330 349 350 348 347 348 350 349 352 351 351 350 349 353 352 354 352 353 351 355 356 354 353 354 356 355 358 357 357 356 355 359 358 360 358 359 357 359 360 361 361 360 362 363 365 364 364 365 366 365 363 367 364 366 368 366 370 369 370 371 369 370 372 371 373 374 372 372 374 371 375 374 373 368 366 369 376 375 373 375 376 377 378 367 363 379 380 378 367 378 380 379 382 381 381 380 379 383 382 384 382 383 381 385 383 386 384 386 383 387 388 385 385 386 387 388 390 389 390 388 387 391 389 392 390 392 389 391 392 393 394 396 395 397 399 398 400 402 401 396 404 403 401 406 405 407 396 408 409 410 395 411 409 412 402 400 413 414 411 415 416 418 417 415 420 419 421 422 417 423 424 401 425 427 426 428 430 429 431 433 432 434 406 402 434 432 433 435 424 436 437 439 438 408 440 436 439 437 441 442 444 443 445 446 438 447 400 435 446 445 397 403 449 448 449 450 448 451 398 399 452 449 453 454 412 455 440 448 456 453 444 442 457 459 458 452 461 460 462 442 443 457 461 452 461 457 463 463 457 458 464 458 465 458 464 463 466 467 465 468 464 465 467 470 469 467 471 468 467 469 471 468 465 467 472 474 473 465 475 466 459 475 458 475 465 458 453 459 457 456 450 460 452 460 450 453 457 452 449 452 450 476 440 456 450 456 448 466 470 467 470 478 477 479 474 472 479 478 474 478 466 480 459 442 481 480 466 475 394 410 482 475 459 481 459 453 442 444 453 449 444 449 403 483 435 476 440 476 435 440 408 448 436 440 435 447 435 483 478 470 466 477 478 479 484 486 485 475 481 480 472 473 487 488 490 489 462 491 481 443 444 404 481 442 462 492 494 493 436 423 407 403 448 408 403 404 444 400 424 435 408 396 403 407 408 436 447 413 400 424 423 436 401 424 400 495 413 496 447 496 413 480 491 474 474 478 480 487 473 497 480 481 491 473 491 498 443 500 499 499 498 462 500 404 394 443 499 462 501 395 407 500 443 404 405 501 423 394 404 396 434 425 426 407 395 396 413 432 402 501 407 423 423 401 405 495 431 432 432 413 495 401 402 406 434 402 432 502 441 431 495 502 431 474 491 473 503 487 497 503 497 504 491 462 498 497 498 505 500 482 506 506 505 499 415 412 507 499 500 506 455 409 501 500 394 482 455 405 508 394 395 410 508 406 426 409 395 501 437 510 509 501 405 455 425 433 509 508 405 406 406 434 426 441 502 439 433 431 441 425 434 433 509 441 437 511 438 439 502 511 439 473 498 497 512 503 504 512 504 513 498 499 505 504 505 514 482 490 488 514 506 488 410 411 490 506 482 488 515 517 516 482 410 490 454 508 518 409 411 410 518 426 427 409 455 412 427 425 519 508 454 455 518 427 520 508 426 518 437 438 521 522 524 523 433 441 509 510 519 509 521 510 437 445 438 525 438 511 525 438 446 521 526 445 525 497 505 504 527 512 513 527 513 528 505 506 514 513 514 529 419 420 416 529 488 489 530 532 531 414 489 490 507 454 533 414 490 411 533 518 520 412 415 411 520 427 534 454 507 412 520 536 535 454 518 533 510 537 519 510 521 494 425 509 519 537 534 519 446 493 521 537 510 494 397 524 446 493 494 521 445 526 397 524 493 446 523 397 398 399 397 526 504 514 513 538 527 528 539 416 540 514 488 529 529 541 528 414 542 489 542 541 489 420 507 543 414 419 542 418 416 420 419 414 415 520 535 533 507 420 415 534 536 520 535 543 533 537 517 534 537 494 516 427 519 534 517 536 534 544 493 524 516 517 537 522 545 544 516 494 492 523 546 522 492 493 544 398 547 546 397 523 524 398 546 523 451 548 398 513 529 528 485 538 549 529 489 541 541 550 549 419 539 542 539 550 542 543 418 420 416 539 419 535 530 543 535 536 532 507 533 543 418 543 530 536 517 551 532 530 535 552 516 492 551 532 536 553 492 544 551 517 515 553 545 554 515 516 552 555 545 522 552 492 553 555 546 556 524 522 544 546 555 522 547 398 548 541 549 528 538 528 549 486 558 557 541 542 550 549 550 484 422 560 559 539 540 484 530 421 418 540 416 417 561 563 562 417 418 421 532 551 564 421 530 531 551 515 562 531 532 564 552 561 515 564 551 562 553 565 552 515 561 562 554 566 565 552 565 561 554 545 567 555 568 567 544 545 553 555 567 545 555 556 569 546 547 556 485 549 484 484 540 558 539 484 550 484 558 486 570 540 417 570 558 540 531 560 421 417 422 570 564 571 531 421 560 422 562 572 564 560 531 571 573 563 574 571 564 572 566 574 565 572 562 563 575 566 554 561 565 574 567 576 575 553 554 565 567 575 554 568 555 569 577 557 578 577 578 579 558 578 557 559 580 428 570 581 578 582 580 559 422 559 581 582 571 583 571 582 560 583 572 584 572 583 571 584 563 573 563 584 572 573 574 585 561 574 563 566 585 574 575 587 586 585 566 586 576 587 575 576 567 568 581 579 578 558 570 578 428 579 581 422 581 570 559 428 581 580 582 588 589 588 583 560 582 559 583 588 582 590 589 584 584 589 583 573 591 590 573 590 584 592 585 593 592 573 585 593 585 586 566 575 586 429 579 428 428 580 430 430 580 594 580 588 594 594 588 595 588 589 595 595 589 596 589 590 596 596 590 591 591 573 592 597 599 598 600 602 601 603 601 602 604 602 600 601 603 599 600 605 604 606 598 599 607 609 608 610 612 611 606 613 598 614 607 611 614 605 615 616 617 612 610 616 612 617 619 618 620 622 621 618 624 623 619 622 624 625 627 626 628 627 629 630 628 631 625 632 629 633 635 634 636 633 634 636 637 633 633 638 630 607 614 615 605 600 615 609 640 639 641 643 642 644 640 615 645 647 646 648 650 649 651 653 652 642 643 654 655 657 656 651 658 647 655 660 659 657 662 661 610 611 607 663 665 664 666 599 597 644 615 600 603 606 599 663 600 601 598 613 667 601 599 666 598 668 597 669 668 667 598 667 668 670 608 641 607 608 610 617 616 619 609 607 615 610 670 616 641 608 671 608 670 610 672 665 666 663 601 666 644 600 663 615 640 609 666 597 672 663 664 644 663 666 665 597 673 672 674 668 669 623 625 626 616 675 619 623 624 625 676 616 670 618 619 624 676 642 677 619 675 622 671 608 609 616 676 675 647 679 678 641 676 670 680 664 649 650 680 649 640 644 664 671 609 639 681 672 673 664 680 640 668 673 597 649 664 665 682 672 681 683 673 674 668 674 673 624 620 632 629 627 625 620 685 684 632 625 624 675 677 621 620 624 622 677 687 686 675 621 622 643 641 671 677 675 676 678 671 639 641 642 676 646 680 650 645 646 650 639 640 680 678 643 671 649 665 682 646 639 680 682 681 688 681 673 683 665 672 682 682 688 648 689 681 683 690 691 629 627 628 630 628 691 631 632 684 690 628 629 691 684 693 692 690 629 632 685 621 686 684 632 620 694 696 695 621 685 620 687 642 654 686 621 677 643 679 654 687 677 642 697 658 652 645 650 698 678 639 646 643 678 679 645 651 647 646 647 678 699 700 688 688 681 689 649 682 648 648 700 698 699 688 689 633 630 631 637 638 633 634 635 701 635 702 701 631 702 635 690 692 703 691 702 631 704 703 692 703 691 690 693 685 705 692 690 684 686 696 705 693 684 685 696 687 706 705 685 686 706 654 707 696 686 687 707 679 658 654 706 687 708 651 645 679 707 654 651 652 658 658 679 647 709 710 700 648 688 700 650 648 698 698 710 708 699 709 700 711 701 712 633 631 635 713 712 714 691 703 702 712 701 702 702 703 714 703 704 714 693 716 715 692 715 704 705 694 716 692 693 715 717 719 718 716 693 705 695 706 720 694 705 696 720 707 697 695 696 706 662 652 661 707 720 706 652 662 697 658 697 707 721 722 710 698 700 710 645 698 708 708 722 653 709 721 710 713 711 712 702 714 712 713 714 723 704 724 714 724 726 725 704 726 724 715 726 704 726 728 727 715 716 728 717 695 729 716 694 718 720 730 729 717 694 695 697 662 730 729 695 720 662 657 731 730 720 697 732 733 722 708 710 722 651 708 653 653 733 661 721 732 722 723 714 724 723 724 725 734 725 726 726 727 734 715 728 726 735 727 736 716 718 728 737 735 736 694 717 718 728 718 736 738 717 729 717 738 719 739 729 730 729 739 738 662 731 730 731 739 730 657 733 656 653 722 733 652 653 661 732 740 733 727 741 734 735 741 727 728 736 727 718 719 736 736 719 737 719 742 737 738 742 719 739 743 738 738 743 742 731 744 739 739 744 743 657 659 731 744 731 659 657 661 733 733 740 656 737 742 745 745 742 746 742 743 746 746 743 747 743 744 747 747 744 748 660 748 659 748 744 659 655 659 657 749 751 750 752 754 753 751 755 750 750 756 749 755 751 757 756 759 758 757 752 755 760 754 761 752 757 761 762 764 763 765 756 750 758 767 766 768 770 769 768 772 771 773 775 774 776 778 777 774 779 772 780 781 767 772 779 782 783 776 777 784 786 785 787 789 788 783 788 790 791 792 788 763 793 762 794 764 795 770 781 780 796 797 795 758 759 767 798 800 799 765 796 759 801 803 802 804 806 805 807 809 808 810 800 798 811 813 812 807 814 802 812 816 815 811 818 817 796 762 759 759 756 765 755 820 819 765 750 821 754 752 761 819 750 755 820 755 752 822 754 823 754 760 823 762 767 759 766 767 781 769 770 780 821 797 765 767 793 780 824 825 819 767 762 793 826 824 820 753 826 820 821 750 819 796 765 797 820 752 753 825 821 819 822 827 753 819 820 824 753 827 826 828 827 822 753 754 822 829 771 772 830 769 780 831 780 793 773 772 768 799 831 763 769 830 773 764 762 796 831 830 780 799 763 832 831 793 763 833 825 834 834 824 835 797 821 825 796 795 764 836 826 827 825 833 797 834 825 824 826 836 835 837 827 828 769 773 768 829 782 778 774 839 838 840 830 831 774 772 773 840 800 841 830 775 773 832 763 764 830 840 775 794 842 832 799 840 831 843 805 834 806 844 805 795 797 833 832 764 794 836 845 835 833 844 795 834 805 833 827 837 836 824 826 835 835 845 843 846 836 837 782 847 785 772 782 829 847 779 838 778 782 777 838 849 848 847 782 779 839 775 841 838 779 774 841 851 850 775 839 774 798 799 832 841 775 840 814 808 852 799 800 840 801 844 806 844 833 805 794 795 844 842 798 832 806 803 801 801 794 844 853 854 845 845 836 846 834 835 843 843 854 804 853 845 846 776 783 790 790 788 792 789 856 855 785 777 782 783 777 787 847 848 784 777 785 786 848 858 857 784 785 847 849 839 850 848 847 838 850 860 859 839 849 838 851 800 810 850 839 841 798 861 810 800 851 841 842 802 861 803 806 862 842 794 801 842 861 798 803 807 802 801 802 842 863 864 854 843 845 854 805 843 804 804 864 862 853 863 854 788 783 787 791 788 789 865 855 856 777 786 787 856 789 787 866 865 867 786 865 787 868 857 869 786 784 868 858 849 859 784 848 857 870 872 871 858 848 849 860 851 873 859 849 850 873 810 874 860 850 851 861 814 874 810 873 851 875 807 803 874 810 861 807 808 814 814 861 802 876 877 864 804 854 864 806 804 862 862 877 875 863 876 864 865 866 855 787 865 856 786 868 865 865 868 867 784 857 868 868 869 867 858 879 878 857 878 869 859 880 879 878 857 858 880 860 881 879 858 859 881 873 882 880 859 860 874 852 882 881 860 873 818 808 817 874 882 873 808 818 852 814 852 874 883 884 877 862 864 877 803 862 875 875 884 809 876 883 877 866 867 885 885 867 886 869 887 867 887 889 888 869 889 887 878 889 869 889 891 890 878 879 891 870 881 892 879 880 871 882 893 892 880 881 870 852 818 893 892 881 882 811 894 818 893 882 852 895 896 884 875 877 884 807 875 809 809 896 817 883 895 884 886 867 887 886 887 888 897 888 889 889 890 897 878 891 889 898 890 899 879 871 891 891 871 899 880 870 871 871 872 899 900 870 892 870 900 872 901 892 893 892 901 900 818 894 893 894 901 893 809 884 896 808 809 817 813 811 896 895 902 896 890 903 897 898 903 890 891 899 890 898 899 904 872 904 899 872 905 904 900 905 872 901 906 900 900 906 905 894 907 901 901 907 906 815 894 811 907 894 815 811 817 896 902 813 896 904 905 908 908 905 909 905 906 909 909 906 910 906 907 910 910 907 911 816 911 815 911 907 815 812 815 811 912 914 913 915 917 916 918 917 919 918 920 916 921 922 917 923 925 924 926 928 927 929 931 930 932 934 933 935 937 936 938 940 939 941 913 937 942 944 943 945 947 946 948 950 949 915 951 914 952 945 912 913 914 937 953 955 954 935 956 941 952 912 913 922 946 957 947 958 953 947 959 958 921 912 946 960 953 958 958 959 961 958 961 960 922 962 919 960 961 963 951 937 914 923 924 916 964 936 951 965 967 966 964 968 966 969 965 970 966 971 936 972 973 970 974 969 975 975 977 976 978 980 979 981 982 980 983 985 984 986 988 987 989 988 986 988 991 990 988 989 991 959 945 952 960 963 992 945 959 947 993 960 992 994 952 913 994 913 941 960 993 955 960 955 953 945 946 912 957 947 953 995 996 955 993 995 955 996 954 955 997 996 995 998 999 956 962 954 1000 937 935 941 996 1000 954 957 953 954 946 947 957 921 914 912 946 922 921 954 962 957 1001 1000 996 1002 996 997 1003 999 998 967 998 971 971 998 956 921 915 914 971 935 936 915 916 924 936 937 951 1000 1005 1004 1006 1005 1001 922 957 962 915 921 917 996 1002 1001 922 919 917 1000 1004 962 1007 1001 1002 1008 1010 1009 956 935 971 1011 967 969 967 1011 998 915 924 951 971 966 967 1012 934 920 964 966 936 1013 1014 1004 951 924 964 1005 1015 1013 1001 1005 1000 919 962 1004 917 918 916 1004 1014 919 1016 1006 1007 1007 1006 1001 1005 1013 1004 1017 1006 1016 1011 1003 998 1003 1011 1010 1011 1009 1010 976 1018 1009 1019 1020 1018 926 1022 1021 1011 969 974 925 964 924 965 969 967 1023 933 930 968 965 966 1024 925 928 925 968 964 1025 1026 1013 1015 1025 1013 918 919 1014 923 916 920 1015 1005 1006 1012 918 1014 1026 1014 1013 1017 1027 1015 1006 1017 1015 1027 1025 1015 1028 1027 1017 1011 974 1009 1008 1009 1018 1029 1019 979 1009 974 976 972 965 968 975 976 974 925 1024 968 975 969 970 928 925 923 965 972 970 1030 923 920 1024 972 968 1031 1032 1026 1012 1014 1026 920 918 1012 928 923 1030 1033 1025 1027 920 934 1030 1032 1012 1026 1031 1025 1033 1034 1027 1028 1008 1018 1020 1035 1037 1036 1037 1035 1019 1038 975 970 1018 978 1019 1039 1041 1040 976 977 978 1042 972 1024 977 975 1038 926 1024 928 1038 970 973 927 928 1030 972 1042 973 1042 926 1021 1042 1024 926 1043 929 1031 1033 1043 1031 934 1012 1032 1030 934 932 1032 933 934 1033 1027 1034 1026 1025 1031 1032 1031 929 1044 1033 1034 1020 1019 1035 1045 1047 1046 1018 976 978 983 984 1036 977 1048 980 978 979 1019 1038 1049 1048 977 980 978 973 1050 1049 1038 1048 977 1042 1021 1050 1038 973 1049 1022 927 1051 1042 1050 973 1051 932 1023 930 944 1052 927 1030 932 1022 926 927 933 1032 929 932 1051 927 1053 1054 1043 933 1023 932 933 929 930 1043 1054 931 1053 1043 1044 1043 1033 1044 1019 1029 1037 1037 983 1036 1055 979 982 1029 1056 1037 1057 1059 1058 979 1055 1029 981 1048 1060 982 979 980 1060 1049 1061 1048 981 980 1061 1050 1041 1049 1060 1048 1041 1021 1062 1061 1049 1050 1062 1022 1063 1041 1050 1021 1051 1064 1063 1062 1021 1022 1023 1052 1064 1051 1063 1022 943 931 1054 1023 1064 1051 930 1052 1023 929 1043 931 943 944 931 1065 1054 1053 983 1037 1056 1066 984 985 1067 1055 1068 1056 1029 1055 1069 983 1056 982 1070 1068 1067 1056 1055 1070 981 1058 1068 1055 982 1058 1060 1071 1070 982 981 1061 1039 1071 1060 1058 981 1072 1040 1062 1071 1060 1061 1073 1072 1063 1039 1061 1041 939 1073 1064 1040 1041 1062 1074 939 1052 1072 1062 1063 950 942 949 1063 1064 1073 1064 1052 939 1054 1065 943 930 931 944 944 942 1074 1075 943 1065 985 983 1069 1076 990 1066 1067 1077 1045 1069 1056 1067 985 1069 1046 1068 1078 1077 1069 1067 1045 1070 1059 1078 1077 1067 1068 1079 1057 1080 1078 1068 1070 1071 1080 1057 1059 1070 1058 1039 1081 1080 1057 1058 1071 1040 1082 1081 1071 1039 1080 1072 1083 1082 1039 1040 1081 1082 1085 1084 1040 1072 1082 940 1073 939 1073 940 1083 942 950 1074 942 943 1075 1052 944 1074 1074 950 938 949 942 1075 985 1046 1076 1076 1066 985 1076 1046 987 1069 1045 1046 1046 1047 987 1086 1045 1077 1045 1086 1047 1087 1077 1078 1077 1087 1086 1088 1078 1059 1078 1088 1087 1089 1059 1057 1088 1059 1089 1081 1090 1080 1089 1057 1079 1082 1084 1081 1079 1080 1090 1083 1085 1082 1090 1081 1084 940 1091 1083 940 938 1092 1072 1073 1083 1083 1091 1085 939 1074 938 1092 1091 940 938 1093 1092 950 948 1093 1076 987 988 990 1076 988 986 987 1094 1095 987 1047 1086 1096 1047 1047 1096 1095 1087 1097 1086 1086 1097 1096 1088 1098 1087 1087 1098 1097 1089 1099 1088 1088 1099 1098 1079 1100 1089 1089 1100 1099 1090 1101 1079 1079 1101 1100 1084 1102 1090 1090 1102 1101 1085 1102 1084 1103 1102 1085 1091 1105 1104 1104 1085 1091 1092 1106 1105 1105 1091 1092 1093 938 950 1106 1092 1093 987 1095 1094 1094 1095 1107 1095 1096 1107 1107 1096 1108 1096 1097 1108 1108 1097 1109 1097 1098 1109 1109 1098 1110 1110 1099 1111 1110 1098 1099 1111 1100 1112 1111 1099 1100 1112 1101 1113 1112 1100 1101 1113 1102 1103 1113 1101 1102 1103 1085 1104</p>
        </triangles>
      </mesh>
    </geometry>
  </library_geometries>

  <library_visual_scenes>
    <visual_scene id="ID1">
      <node id="ID2" name="683c1016ca486b08201e6ce1">
        <instance_geometry url="#ID3">
          <bind_material>
            <technique_common>
              <instance_material symbol="ID9" target="#ID9"/>
            </technique_common>
          </bind_material>
        </instance_geometry>
        <instance_geometry url="#ID10">
          <bind_material>
            <technique_common>
              <instance_material symbol="ID16" target="#ID16"/>
            </technique_common>
          </bind_material>
        </instance_geometry>
        <instance_geometry url="#ID17">
          <bind_material>
            <technique_common>
              <instance_material symbol="ID23" target="#ID23"/>
            </technique_common>
          </bind_material>
        </instance_geometry>
        <instance_geometry url="#ID24">
          <bind_material>
            <technique_common>
              <instance_material symbol="ID30" target="#ID30"/>
            </technique_common>
          </bind_material>
        </instance_geometry>
        <instance_geometry url="#ID31">
          <bind_material>
            <technique_common>
              <instance_material symbol="ID37" target="#ID37"/>
            </technique_common>
          </bind_material>
        </instance_geometry>
        <instance_geometry url="#ID38">
          <bind_material>
            <technique_common>
              <instance_material symbol="ID44" target="#ID44"/>
            </technique_common>
          </bind_material>
        </instance_geometry>
        <instance_geometry url="#ID45">
          <bind_material>
            <technique_common>
              <instance_material symbol="ID9" target="#ID9"/>
            </technique_common>
          </bind_material>
        </instance_geometry>
      </node>
    </visual_scene>
  </library_visual_scenes>

  <scene>
    <instance_visual_scene url="#ID1"/>
  </scene>

  <library_nodes/>

</COLLADA>
