<?xml version="1.0" encoding="UTF-8" standalone="no" ?>
<COLLADA version="1.4.1" xmlns="http://www.collada.org/2005/11/COLLADASchema">

  <asset>
    <contributor>
      <authoring_tool>ONSHAPE BY PTC INC, 1.198</authoring_tool>
    </contributor>
    <created>2025-06-01T20:09:17</created>
    <modified>2025-06-01T20:09:17</modified>
    <unit meter="1" name="meters"/>
    <up_axis>Z_UP</up_axis>
  </asset>

  <library_materials>
    <material id="ID9" name="ID9">
      <instance_effect url="#ID9-fx"/>
    </material>
    <material id="ID16" name="ID16">
      <instance_effect url="#ID16-fx"/>
    </material>
    <material id="ID23" name="ID23">
      <instance_effect url="#ID23-fx"/>
    </material>
    <material id="ID42" name="ID42">
      <instance_effect url="#ID42-fx"/>
    </material>
    <material id="ID67" name="ID67">
      <instance_effect url="#ID67-fx"/>
    </material>
    <material id="ID86" name="ID86">
      <instance_effect url="#ID86-fx"/>
    </material>
    <material id="ID105" name="ID105">
      <instance_effect url="#ID105-fx"/>
    </material>
    <material id="ID130" name="ID130">
      <instance_effect url="#ID130-fx"/>
    </material>
  </library_materials>

  <library_effects>
    <effect id="ID9-fx" name="ID9">
      <profile_COMMON>
        <technique sid="COMMON">
          <lambert>
            <diffuse>
              <color sid="diffuse">0.913725 0.913725 0.913725 1</color>
            </diffuse>
            <transparent opaque="A_ONE">
              <color sid="transparent">1 1 1 1</color>
            </transparent>
            <transparency>
              <float sid="transparency">1</float>
            </transparency>
          </lambert>
        </technique>
        <extra>
          <technique profile="OTHER">
            <double_sided>1</double_sided>
          </technique>
        </extra>
      </profile_COMMON>
    </effect>
    <effect id="ID16-fx" name="ID16">
      <profile_COMMON>
        <technique sid="COMMON">
          <lambert>
            <diffuse>
              <color sid="diffuse">0.231373 0.376471 0.705882 1</color>
            </diffuse>
            <transparent opaque="A_ONE">
              <color sid="transparent">1 1 1 1</color>
            </transparent>
            <transparency>
              <float sid="transparency">1</float>
            </transparency>
          </lambert>
        </technique>
        <extra>
          <technique profile="OTHER">
            <double_sided>1</double_sided>
          </technique>
        </extra>
      </profile_COMMON>
    </effect>
    <effect id="ID23-fx" name="ID23">
      <profile_COMMON>
        <technique sid="COMMON">
          <lambert>
            <diffuse>
              <color sid="diffuse">0.647059 0.647059 0.647059 1</color>
            </diffuse>
            <transparent opaque="A_ONE">
              <color sid="transparent">1 1 1 1</color>
            </transparent>
            <transparency>
              <float sid="transparency">1</float>
            </transparency>
          </lambert>
        </technique>
        <extra>
          <technique profile="OTHER">
            <double_sided>1</double_sided>
          </technique>
        </extra>
      </profile_COMMON>
    </effect>
    <effect id="ID42-fx" name="ID42">
      <profile_COMMON>
        <technique sid="COMMON">
          <lambert>
            <diffuse>
              <color sid="diffuse">0.615686 0.811765 0.92549 1</color>
            </diffuse>
            <transparent opaque="A_ONE">
              <color sid="transparent">1 1 1 1</color>
            </transparent>
            <transparency>
              <float sid="transparency">1</float>
            </transparency>
          </lambert>
        </technique>
        <extra>
          <technique profile="OTHER">
            <double_sided>1</double_sided>
          </technique>
        </extra>
      </profile_COMMON>
    </effect>
    <effect id="ID67-fx" name="ID67">
      <profile_COMMON>
        <technique sid="COMMON">
          <lambert>
            <diffuse>
              <color sid="diffuse">0.498039 0.498039 0.498039 1</color>
            </diffuse>
            <transparent opaque="A_ONE">
              <color sid="transparent">1 1 1 1</color>
            </transparent>
            <transparency>
              <float sid="transparency">1</float>
            </transparency>
          </lambert>
        </technique>
        <extra>
          <technique profile="OTHER">
            <double_sided>1</double_sided>
          </technique>
        </extra>
      </profile_COMMON>
    </effect>
    <effect id="ID86-fx" name="ID86">
      <profile_COMMON>
        <technique sid="COMMON">
          <lambert>
            <diffuse>
              <color sid="diffuse">0.976471 0.709804 0.00392157 1</color>
            </diffuse>
            <transparent opaque="A_ONE">
              <color sid="transparent">1 1 1 1</color>
            </transparent>
            <transparency>
              <float sid="transparency">1</float>
            </transparency>
          </lambert>
        </technique>
        <extra>
          <technique profile="OTHER">
            <double_sided>1</double_sided>
          </technique>
        </extra>
      </profile_COMMON>
    </effect>
    <effect id="ID105-fx" name="ID105">
      <profile_COMMON>
        <technique sid="COMMON">
          <lambert>
            <diffuse>
              <color sid="diffuse">0.968627 0.52549 0.00392157 1</color>
            </diffuse>
            <transparent opaque="A_ONE">
              <color sid="transparent">1 1 1 1</color>
            </transparent>
            <transparency>
              <float sid="transparency">1</float>
            </transparency>
          </lambert>
        </technique>
        <extra>
          <technique profile="OTHER">
            <double_sided>1</double_sided>
          </technique>
        </extra>
      </profile_COMMON>
    </effect>
    <effect id="ID130-fx" name="ID130">
      <profile_COMMON>
        <technique sid="COMMON">
          <lambert>
            <diffuse>
              <color sid="diffuse">0.764706 0.886275 0.94902 1</color>
            </diffuse>
            <transparent opaque="A_ONE">
              <color sid="transparent">1 1 1 1</color>
            </transparent>
            <transparency>
              <float sid="transparency">1</float>
            </transparency>
          </lambert>
        </technique>
        <extra>
          <technique profile="OTHER">
            <double_sided>1</double_sided>
          </technique>
        </extra>
      </profile_COMMON>
    </effect>
  </library_effects>

  <library_geometries>
    <geometry id="ID3">
      <mesh>
        <source id="ID4">
          <float_array count="4524" id="ID5">5.25505e-18 0.0226707 0.00926752 0.00492365 0.0209951 0.00885598 0.005842 0.0227356 0.00925579 5.06718e-18 0.0202728 0.00874634 0.00423742 0.0191636 0.00855515 0.0038074 0.0172906 0.00838717 5.35005e-18 0.0178358 0.00843368 0 0.0153728 0.00836728 0.00363764 0.0153728 0.00837039 6.12183e-18 0.02503 0.0099514 0.005842 0.02508 0.00994547 7.35521e-18 0.0273517 0.0107707 0.005842 0.0274002 0.0107102 8.87144e-18 0.0297095 0.0114492 0.005842 0.0297223 0.0114701 0.005842 0.0321142 0.0119459 1.06581e-17 0.0321142 0.0119459 0.00415989 0.0108114 0.00820763 5.32907e-18 0.0151067 0.00836531 0 0.00447503 0.00856951 0.00375067 0.0129454 0.00825057 0.00363764 0.0151067 0.00836531 0.00486505 0.00872026 0.0082228 0.005842 0.00674565 0.00828086 0.005842 -0.000767087 0.00876744 0 -0.00507157 0.00895645 0.005842 -0.00767597 0.00933183 1.77636e-17 -0.0135331 0.00952613 0.005842 -0.0135331 0.00952613 0.005842 -0.00816162 -0.0126565 0 -0.00907437 -0.0127123 0 -0.00464715 -0.0122699 0.005842 -0.00351414 -0.0120788 0 -0.000302603 -0.0113155 0.005842 0.000594836 -0.0110271 0 0.00387681 -0.00977738 0.005842 0.00437937 -0.00954053 1.77636e-17 -0.0135331 -0.0127263 0.005842 -0.0135331 -0.0127263 0 0.00783322 -0.00771798 0.00474109 0.0103784 -0.00611548 0.005842 0.00793936 -0.00763726 0 0.0115901 -0.00531891 0.00402738 0.012829 -0.00446225 1.77636e-18 0.0152416 -0.00276785 0.00363933 0.0152415 -0.00276797 0.00368054 0.0152416 -0.00276824 0 0.0442125 3.10862e-18 0.005842 0.0442125 3.10862e-18 0.005842 0.0330413 -0.00355999 0 0.0330413 -0.00355999 1.77636e-18 0.0387279 0.0119459 0.005842 0.0387279 0.0119459 0.005842 0.0442125 0.00484823 1.77636e-18 0.0442125 0.00484823 0.008382 0.0345304 0.0109108 0.008382 0.0361771 0.0110168 0.008382 0.0347079 0.0110439 0.008382 0.0328966 0.00944321 0.008382 0.0316638 0.00932208 0.008382 0.0304575 0.00905956 0.008382 0.0341349 0.00949512 0.008382 0.041604 0.00406985 0.008382 0.0366163 0.0105245 0.008382 0.0322701 -0.00113991 0.008382 0.0292762 0.00867899 0.008382 0.0359838 0.0111258 0.008382 0.0357752 0.0112009 0.008382 0.0349044 0.0111458 0.008382 0.0353349 0.0112445 0.008382 0.0355569 0.0112405 0.008382 0.0269266 0.0078808 0.008382 0.0257518 0.00748849 0.008382 0.0280996 0.00827984 0.008382 0.0363501 0.0108777 0.008382 0.0245663 0.00712732 0.008382 0.0233721 -0.000661403 0.008382 0.0364978 0.0107121 0.008382 0.0343764 0.0107509 0.008382 0.0233721 0.00679682 0.008382 0.041604 0.00183459 0.008382 0.0351153 0.0112129 0.008382 0.0342502 0.0105683 0.008382 0.0341561 0.0103676 0.008382 0.0340967 0.0101538 0.008382 0.034073 0.00993309 0.008382 0.0340858 0.00971153 0.008382 0.00664686 -0.00545071 0.008382 0.00664686 0.00574279 0.008382 -8.09105e-05 0.00616341 0.008382 -0.00679911 0.00672031 0.008382 -0.00519227 -0.00977618 0.008382 -0.00108313 -0.00888922 0.008382 -0.0135331 0.00698518 0.008382 -0.0135331 -0.0101854 0.008382 -0.00935346 -0.0101878 0.008382 0.00289552 -0.00742794 0.008382 -0.0135331 -0.0101854 0.0070032 -0.0135338 -0.0125583 0.00727279 -0.0135335 -0.0124382 0.00829945 -0.013534 -0.0110643 0.0083793 -0.0135332 -0.0104804 0.00821464 -0.0135345 -0.011347 0.00835321 -0.0135335 -0.0107741 0.00809547 -0.0135347 -0.0116169 0.00774697 -0.0135335 -0.0120909 0.00793934 -0.0135343 -0.0118675 0.00752269 -0.0135332 -0.0122815 0.00672104 -0.0135339 -0.0126446 0.00643094 -0.0135337 -0.0126985 0.00613692 -0.0135334 -0.0127229 0.005842 -0.0135331 -0.0127263 0.005842 -0.0135331 0.00952613 1.77636e-17 -0.0135331 -0.0127263 1.77636e-17 -0.0135331 0.00952613 0.008382 -0.0135331 0.00698518 0.00727164 -0.0135335 0.00923741 0.00700239 -0.0135337 0.00935748 0.0064306 -0.0135336 0.00949679 0.0061369 -0.0135333 0.00952227 0.00809243 -0.0135342 0.00841632 0.00793815 -0.0135337 0.00866717 0.00774674 -0.0135332 0.00889114 0.00752214 -0.0135332 0.00908206 0.00837926 -0.0135332 0.00728041 0.00835254 -0.0135334 0.00757399 0.00829968 -0.0135338 0.0078643 0.00821294 -0.0135341 0.00814679 0.00672043 -0.0135337 0.00944336 0.005842 0.0321337 -0.00367624 0.005842 0.0232357 -0.00319774 0.00492236 0.0213523 -0.00309646 1.77636e-18 0.0152416 -0.00276785 0.00381405 0.0173302 -0.00288016 0.00363933 0.0152415 -0.00276797 0.00424278 0.0193709 -0.00298991 1.77636e-18 0.0321337 -0.00367624 0.00673528 0.0442125 0.00470808 0.00617234 0.0442129 0.00483838 0.00644575 0.0442126 0.00479841 0.00673528 0.0442125 8.99431e-05 0.005842 0.0442125 3.10862e-18 0.00647949 0.0442135 3.67392e-05 0.00618173 0.0442135 6.75816e-06 0.005842 0.0442125 0.00484823 0 0.0442125 3.10862e-18 1.77636e-18 0.0442125 0.00484823 0.005842 0.0324774 0.0124348 1.06581e-17 0.0321142 0.0119459 0.005842 0.0321142 0.0119459 0.005842 0.0339398 0.0134955 0 0.0335282 0.0132969 0.005842 0.0333999 0.0132202 0.005842 0.0329089 0.0128631 0 0.0329825 0.012929 0 0.0325066 0.0124743 0 0.0354211 0.0137887 0.005842 0.0351172 0.0137728 0.005842 0.0357251 0.0137729 0 0.0341282 0.0135675 0.005842 0.0345171 0.0136803 0 0.0347653 0.013733 0 0.0367139 0.0135675 0.005842 0.0369039 0.0134951 0 0.0373139 0.0132969 0.005842 0.0363257 0.0136803 0 0.0360769 0.013733 0 0.0378597 0.012929 0.005842 0.0374454 0.0132202 0.005842 0.037938 0.0128641 0.005842 0.0383693 0.0124359 0 0.0383355 0.0124743 0.005842 0.0387279 0.0119459 1.77636e-18 0.0387279 0.0119459 0 -0.000302603 -0.0113155 0 -0.00464715 -0.0122699 0 -0.00907437 -0.0127123 1.77636e-18 0.0321337 -0.00367624 0 0.0330413 -0.00355999 -5.45224e-17 0.0327667 -0.00363138 1.77636e-17 -0.0135331 -0.0127263 0 -0.00507157 0.00895645 0 0.00387681 -0.00977738 0 0.0115901 -0.00531891 0 0.00783322 -0.00771798 -9.53638e-17 0.0324174 -0.00367611 0 0.00447503 0.00856951 1.77636e-18 0.0152416 -0.00276785 1.77636e-18 0.0442125 0.00484823 6.12183e-18 0.02503 0.0099514 7.35521e-18 0.0273517 0.0107707 0 0.0442125 3.10862e-18 8.87144e-18 0.0297095 0.0114492 1.06581e-17 0.0321142 0.0119459 0 0.0329825 0.012929 0 0.0378597 0.012929 0 0.0325066 0.0124743 0 0.0347653 0.013733 0 0.0354211 0.0137887 0 0.0360769 0.013733 0 0.0341282 0.0135675 0 0.0367139 0.0135675 0 0.0335282 0.0132969 0 0.0373139 0.0132969 0 0.0383355 0.0124743 5.25505e-18 0.0226707 0.00926752 1.77636e-18 0.0387279 0.0119459 5.06718e-18 0.0202728 0.00874634 5.35005e-18 0.0178358 0.00843368 0 0.0153728 0.00836728 5.32907e-18 0.0151067 0.00836531 1.77636e-17 -0.0135331 0.00952613 0.00627339 0.0133315 0.00571218 0.00642561 0.0123325 -0.00204199 0.00618201 0.0145714 -0.000183984 0.00662128 0.0114525 0.00566767 0.0070399 0.0100953 -0.00383173 0.0061773 0.0152464 0.0058318 0.00722077 0.00962109 0.00568327 0.00805132 0.00790007 -0.00545071 0.00805132 0.00790007 0.00574279 0.00626324 0.0165385 -0.000307696 0.00632162 0.0170573 0.00585038 0.00660618 0.0184739 -0.000429472 0.00720637 0.0203457 -0.000548309 0.00668719 0.0188158 0.0060358 0.00805132 0.0221188 -0.000661403 0.00727059 0.0205198 0.00636487 0.00805132 0.0221188 0.00679682 0.00730677 0.0437815 0.00490655 0.00734087 0.0437488 0.000195378 0.00705065 0.0439936 0.000126776 0.00673528 0.0442125 8.99431e-05 0.00673528 0.0442125 0.00470808 0.0070298 0.0440083 0.00482063 0.00783013 0.0432028 0.000434269 0.00784071 0.0431829 0.0049758 0.00801724 0.0429155 0.00492925 0.0076007 0.0434814 0.00029908 0.00759575 0.0434879 0.00496733 0.00801724 0.0429155 0.000611849 0.00736211 9.43333e-05 0.0083578 0.00762804 7.94138e-05 0.00817098 0.00742491 0.00673449 0.00790468 0.00718365 0.00674006 0.00803735 0.00706685 0.000105908 0.00850274 0.00706685 -0.00661946 0.00906019 0.00736211 -0.00663059 0.00891522 0.00692851 0.00674331 0.00813957 0.00675571 0.000114056 0.00860477 0.00727164 -0.0135335 0.00923741 0.00675571 -0.00661163 0.00916224 0.0064426 0.000118903 0.00866546 0.0064426 -0.00660696 0.00922295 0.00613749 0.000120958 0.0086912 0.00672043 -0.0135337 0.00944336 0.005842 -0.0135331 0.00952613 0.0061369 -0.0135333 0.00952227 0.005842 -0.00767597 0.00933183 0.005842 -0.000767087 0.00876744 0.00613749 -0.00660499 0.0092487 0.0064306 -0.0135336 0.00949679 0.00611753 0.00674601 0.0082789 0.005842 0.00674565 0.00828086 0.00785596 6.12704e-05 0.00794379 0.00764697 0.00672601 0.007741 0.00762804 -0.00664494 0.00872835 0.00785596 -0.00666239 0.00850111 0.00818877 -0.00670535 0.00794156 0.00804337 -0.00668274 0.00823596 0.00809243 -0.0135342 0.00841632 0.00804337 4.01005e-05 0.0076787 0.00835201 -0.00675313 0.00731915 0.00829112 -0.00672916 0.00763134 0.00829968 -0.0135338 0.0078643 0.00818877 1.65954e-05 0.00738437 0.00829112 -8.17321e-06 0.00707422 0.00823985 0.00669095 0.00682847 0.00837783 -0.00677649 0.00701493 0.00837926 -0.0135332 0.00728041 0.008382 -0.0135331 0.00698518 0.00835201 -3.30986e-05 0.00676211 0.00831325 0.00668076 0.0065637 0.008382 -0.00679911 0.00672031 0.00837783 -5.73879e-05 0.00645796 0.00835896 0.00666992 0.00629246 0.00837991 0.00665855 0.00601789 0.008382 0.00664686 0.00574279 0.008382 -8.09105e-05 0.00616341 0.00639137 0.00674582 0.00825637 0.00700239 -0.0135337 0.00935748 0.0066628 0.006745 0.00821192 0.00752214 -0.0135332 0.00908206 0.00774674 -0.0135332 0.00889114 0.00793815 -0.0135337 0.00866717 0.00784003 0.00671735 0.00754583 0.00800398 0.00670888 0.00732542 0.00821294 -0.0135341 0.00814679 0.00813757 0.00670039 0.00708435 0.00835254 -0.0135334 0.00757399 0.00813921 0.0426847 0.000780668 0.00814407 0.0426806 0.00484693 0.00824342 0.042437 0.00475123 0.00824086 0.042452 0.000957766 0.00830883 0.0422165 0.00114751 0.00801724 0.0429155 0.000611849 0.00801724 0.0429155 0.00492925 0.00831497 0.0421912 0.00463945 0.00835399 0.0419862 0.00135013 0.00835952 0.041953 0.00449949 0.00837773 0.0417767 0.001577 0.008382 0.041604 0.00183459 0.00837881 0.0417541 0.00430551 0.008382 0.041604 0.00406985 0.00762804 -0.0004968 -0.010826 0.00762804 -0.00489433 -0.0117852 0.00736211 -0.000444188 -0.0110059 0.0064426 -0.00482102 -0.0122758 0.00613749 -0.000350296 -0.0113269 0.0064426 -0.000357545 -0.0113021 0.00706685 -0.000403369 -0.0111454 0.00736211 -0.00486663 -0.0119706 0.00727279 -0.0135335 -0.0124382 0.00706685 -0.00925532 -0.0125244 0.00736211 -0.00926142 -0.0123792 0.00675571 0.00390607 -0.00965144 0.0064426 0.0039312 -0.0097069 0.00672119 0.00789932 -0.00756401 0.00675571 -0.00925102 -0.0126267 0.0070032 -0.0135338 -0.0125583 0.00706685 -0.00484515 -0.0121144 0.00675571 -0.000374637 -0.0112437 0.005842 0.00793936 -0.00763726 0.00613722 0.00793834 -0.00763467 0.00613749 0.00394186 -0.00973042 0.00675571 -0.00483002 -0.0122156 0.00643131 0.00792604 -0.00761163 0.00613749 -0.00924738 -0.0127133 0.00613749 -0.0048172 -0.0123014 0.0064426 -0.00924847 -0.0126875 0.005842 -0.00816162 -0.0126565 0.005842 -0.00351414 -0.0120788 0.00762804 -0.00926929 -0.0121919 0.00752269 -0.0135332 -0.0122815 0.00613692 -0.0135334 -0.0127229 0.005842 -0.0135331 -0.0127263 0.00785596 -0.00927886 -0.0119642 0.00774697 -0.0135335 -0.0120909 0.00785596 -0.00492802 -0.0115598 0.00785596 -0.000560782 -0.0106073 0.00793934 -0.0135343 -0.0118675 0.00804337 -0.00929002 -0.0116985 0.00804337 -0.000635437 -0.010352 0.00804337 -0.00496732 -0.0112968 0.00818877 -0.00930241 -0.0114035 0.00809547 -0.0135347 -0.0116169 0.00818877 -0.000718327 -0.0100686 0.00818877 -0.00501096 -0.0110048 0.00821464 -0.0135345 -0.011347 0.00829112 -0.00931547 -0.0110926 0.00829112 -0.00505695 -0.0106971 0.00829112 -0.000805672 -0.00977 0.00835201 -0.00932861 -0.0107798 0.00829945 -0.013534 -0.0110643 0.00835201 -0.00089357 -0.00946949 0.00835201 -0.00510322 -0.0103874 0.008382 -0.00519227 -0.00977618 0.00837783 -0.00514832 -0.0100856 0.00837783 -0.000979225 -0.00917664 0.00837783 0.0030173 -0.00768965 0.008382 0.00289552 -0.00742794 0.008382 -0.00108313 -0.00888922 0.00837917 0.00679858 -0.00570367 0.008382 0.00664686 -0.00545071 0.008382 -0.00935346 -0.0101878 0.0083793 -0.0135332 -0.0104804 0.00837783 -0.00934142 -0.010475 0.008382 -0.0135331 -0.0101854 0.00835321 -0.0135335 -0.0107741 0.00835201 0.00314322 -0.00796758 0.00835226 0.00694968 -0.00595493 0.00829112 0.00327243 -0.0082528 0.00829892 0.0070988 -0.00620343 0.00818877 0.00340083 -0.00853622 0.00821382 0.00724273 -0.00644634 0.00804337 0.00352268 -0.00880518 0.00809382 0.00737816 -0.00667925 0.00793836 0.00750317 -0.0068958 0.00785596 0.00363243 -0.00904743 0.00774747 0.00761597 -0.00708961 0.00762804 0.00372649 -0.00925504 0.00752317 0.00771406 -0.00725409 0.00736211 0.00380383 -0.00942576 0.0072717 0.00779446 -0.00738621 0.00706685 0.00386384 -0.00955821 0.00672104 -0.0135339 -0.0126446 0.00700284 0.0078559 -0.00748934 0.00643094 -0.0135337 -0.0126985 0.005842 0.00437937 -0.00954053 0.005842 0.000594836 -0.0110271 0.00833606 0.00713611 -0.00545576 0.00836338 0.00696721 0.0057428 0.00836257 0.00697415 -0.00545376 0.008382 0.00664686 0.00574279 0.00837774 0.00681126 -0.00545222 0.008382 0.00664686 -0.00545071 0.00830208 0.0072848 0.00574276 0.00829939 0.00729541 -0.00545692 0.00825256 0.0074528 -0.00545755 0.00819905 0.00759734 0.00574293 0.00819561 0.00760604 -0.00545672 0.00805132 0.00790007 0.00574279 0.00812854 0.00775514 -0.00545444 0.00805132 0.00790007 -0.00545071 0.00583072 0.0151449 0.0073561 0.00564879 0.0151281 0.00761421 0.00594196 0.0132384 0.00723621 0.00444636 0.0108844 0.00820389 0.00375067 0.0129454 0.00825057 0.00415989 0.0108114 0.00820763 0.00672455 0.0094553 0.00745992 0.00770312 0.0077622 0.00730266 0.00689891 0.00952048 0.00719454 0.00782065 0.00781869 0.00706474 0.00703475 0.00956958 0.0069004 0.00608576 0.0132658 0.0069405 0.00597325 0.015163 0.00707332 0.00713105 0.00960243 0.00659084 0.00791251 0.00786039 0.00681326 0.00722077 0.00962109 0.00568327 0.00662128 0.0114525 0.00566767 0.00661763 0.0114499 0.00596355 0.00607706 0.0151823 0.00677374 0.00624597 0.0133068 0.00631473 0.00614054 0.0152027 0.00646315 0.00617285 0.0152241 0.0061486 0.00627339 0.0133315 0.00571218 0.0061773 0.0152464 0.0058318 0.00797909 0.00788786 0.0065516 0.00718917 0.00961986 0.00627963 0.00627046 0.0133206 0.00600866 0.00653432 0.0114253 0.00658245 0.00643542 0.0113984 0.00689386 0.00721497 0.00962441 0.0059766 0.00659298 0.0114419 0.00626903 0.00804565 0.00790606 0.00601417 0.00542386 0.0151151 0.00783768 0.00575614 0.0132071 0.00750232 0.00805132 0.00790007 0.00574279 0.00552976 0.0131725 0.0077301 0.00651309 0.00937444 0.00768787 0.00755977 0.0076902 0.00752193 0.00720255 0.00749862 0.00787969 0.00626681 0.00927876 0.0078759 0.00699516 0.00738428 0.00801355 0.00599374 0.00917149 0.0080224 0.00516508 0.0151064 0.00802098 0.00526528 0.0131348 0.00791709 0.00570639 0.00905763 0.00812623 0.00677544 0.00726453 0.0081188 0.00504608 0.0110377 0.00811798 0.00534796 0.0111151 0.00801591 0.00466147 0.0130553 0.0081632 0.00654787 0.00713973 0.00819584 0.00541764 0.00894242 0.00818885 0.0047423 0.01096 0.00817849 0.00434945 0.0130165 0.00822299 0.00739197 0.00760172 0.00771554 0.00404528 0.01298 0.00824762 0.0051367 0.00882968 0.00821659 0.00363764 0.0151067 0.00836531 0.00607884 0.00687913 0.008274 0.00486505 0.00872026 0.0082228 0.005842 0.00674565 0.00828086 0.00631479 0.00701088 0.00824677 0.00395482 0.0151021 0.00836 0.00427062 0.0150994 0.00832979 0.00497138 0.0130952 0.00806178 0.00458125 0.0150989 0.00826547 0.0048815 0.0151011 0.00816308 0.0056344 0.0111889 0.00787069 0.0058923 0.0112556 0.00768334 0.0061132 0.0113132 0.00745539 0.00629472 0.0113609 0.00718932 0.00618655 0.0132887 0.00662868 0.00802191 0.00790219 0.00628404 5.32907e-18 0.0151067 0.00836531 0.00363764 0.0151067 0.00836531 0.00363764 0.0153728 0.00837039 0 0.0153728 0.00836728 0.00613728 0.0387253 0.0119432 0.00643159 0.0387053 0.0119287 0.00617234 0.0442129 0.00483838 0.00700419 0.0385896 0.0118485 0.00673528 0.0442125 0.00470808 0.00672189 0.0386609 0.0118977 0.005842 0.0442125 0.00484823 0.005842 0.0387279 0.0119459 0.00644575 0.0442126 0.00479841 0.0077492 0.0382033 0.0115839 0.00759575 0.0434879 0.00496733 0.00752466 0.0383616 0.0116923 0.00727365 0.0384901 0.0117803 0.00730677 0.0437815 0.00490655 0.0070298 0.0440083 0.00482063 0.00814407 0.0426806 0.00484693 0.00809375 0.037809 0.0113157 0.00821358 0.0375853 0.0111652 0.00784071 0.0431829 0.0049758 0.00793917 0.038017 0.0114567 0.00801724 0.0429155 0.00492925 0.00831497 0.0421912 0.00463945 0.008353 0.037109 0.0108478 0.00835952 0.041953 0.00449949 0.00829956 0.0373507 0.0110084 0.00824342 0.042437 0.00475123 0.00837881 0.0417541 0.00430551 0.00837723 0.0368634 0.0106858 0.008382 0.0366163 0.0105245 0.008382 0.041604 0.00406985 0.00834656 0.0324614 -0.00174451 0.00828157 0.0325549 -0.00204092 0.00830883 0.0422165 0.00114751 0.00801724 0.0429155 0.000611849 0.00803713 0.0327326 -0.0025978 0.00785429 0.0328126 -0.00284412 0.00705065 0.0439936 0.000126776 0.00734087 0.0437488 0.000195378 0.00708648 0.0329795 -0.00336809 0.00835399 0.0419862 0.00135013 0.00837814 0.0323662 -0.00144304 0.00837773 0.0417767 0.001577 0.008382 0.041604 0.00183459 0.008382 0.0322701 -0.00113991 0.00824086 0.042452 0.000957766 0.00817894 0.0326456 -0.00232725 0.00813921 0.0426847 0.000780668 0.0076007 0.0434814 0.00029908 0.00783013 0.0432028 0.000434269 0.00762972 0.0328811 -0.00305741 0.00647949 0.0442135 3.67392e-05 0.00673528 0.0442125 8.99431e-05 0.00678592 0.0330103 -0.00346518 0.00737039 0.0329366 -0.00323241 0.00615962 0.0330396 -0.00355615 0.00618173 0.0442135 6.75816e-06 0.00647519 0.0330297 -0.00352597 0.005842 0.0330413 -0.00355999 0.005842 0.0442125 3.10862e-18 0.00584113 0.0327439 -0.0036358 0.00584141 0.0324406 -0.00367465 -5.45224e-17 0.0327667 -0.00363138 0 0.0330413 -0.00355999 0.005842 0.0330413 -0.00355999 -9.53638e-17 0.0324174 -0.00367611 0.005842 0.0321337 -0.00367624 1.77636e-18 0.0321337 -0.00367624 0.00835201 0.0356174 0.0118375 0.00829112 0.0352765 0.0121554 0.00835201 0.0352965 0.0118432 0.00837783 0.0358528 0.011486 0.00837783 0.0355866 0.0115342 0.00829112 0.0356489 0.0121487 0.00829112 0.0360152 0.0120823 0.00818877 0.0356802 0.012458 0.00835201 0.0359329 0.0117803 0.00835201 0.0362344 0.0116716 0.00818877 0.0364949 0.012239 0.00818877 0.0368638 0.012031 0.00804337 0.0366181 0.0125073 0.00804337 0.0361744 0.0126673 0.00818877 0.0360969 0.0123824 0.00762804 0.0368242 0.0129561 0.00785596 0.0371784 0.0124957 0.00762804 0.0373062 0.0126844 0.00785596 0.0367291 0.012749 0.00804337 0.0370293 0.0122755 0.00736211 0.0369024 0.0131265 0.00736211 0.0374112 0.0128396 0.00706685 0.0369631 0.0132586 0.00706685 0.0374927 0.01296 0.00675571 0.0384534 0.0121866 0.00672189 0.0386609 0.0118977 0.0064426 0.038502 0.0122233 0.00675571 0.0380373 0.0126529 0.0064426 0.0375843 0.0130952 0.00675571 0.0375501 0.0130448 0.00613749 0.038097 0.0127158 0.00613749 0.0385227 0.0122388 0.005842 0.0383693 0.0124359 0.005842 0.037938 0.0128641 0.00818877 0.0348376 0.0124052 0.00818877 0.0352566 0.0124656 0.00804337 0.0347707 0.0126927 0.005842 0.0387279 0.0119459 0.00762804 0.0341327 0.013006 0.00785596 0.0347104 0.0129515 0.00762804 0.0346587 0.0131734 0.00762804 0.0336427 0.0127519 0.00736211 0.0335436 0.0129109 0.00736211 0.0330764 0.0125606 0.00675571 0.0334125 0.013121 0.0064426 0.0333803 0.0131727 0.0064426 0.0328726 0.0127919 0.00706685 0.0334667 0.0130342 0.00706685 0.0329804 0.0126696 0.00785596 0.0352207 0.013025 0.00785596 0.0357367 0.0130158 0.00762804 0.0352061 0.0132522 0.00675571 0.0329128 0.0127463 0.00829112 0.0349082 0.0121024 0.00614454 0.0321195 0.0119416 0.00637367 0.0321283 0.0119262 0.0064426 0.0324319 0.0123343 0.008382 0.0357752 0.0112009 0.008382 0.0355569 0.0112405 0.00613749 0.0324119 0.0123506 0.005842 0.0321142 0.0119459 0.00837783 0.0350483 0.0115005 0.008382 0.0353349 0.0112445 0.00837783 0.035316 0.0115391 0.00837783 0.0347912 0.0114187 0.008382 0.0351153 0.0112129 0.00835201 0.0349792 0.0117976 0.008382 0.0349044 0.0111458 0.00837783 0.0345516 0.0112945 0.008382 0.0347079 0.0110439 0.00837783 0.0343353 0.0111322 0.008382 0.0345304 0.0109108 0.00837783 0.0341475 0.0109373 0.008382 0.0343764 0.0107509 0.00837783 0.0339936 0.0107148 0.008382 0.0342502 0.0105683 0.008382 0.0341561 0.0103676 0.00837783 0.0338065 0.0102094 0.008382 0.0340967 0.0101538 0.00835201 0.0337287 0.0108659 0.00835201 0.0335927 0.0105758 0.00837612 0.033757 0.0097968 0.008382 0.0340858 0.00971153 0.008382 0.034073 0.00993309 0.00837783 0.0337776 0.0099403 0.0083818 0.0339471 0.00963586 0.008382 0.0341349 0.00949512 0.00837783 0.0361071 0.0113943 0.008382 0.0361771 0.0110168 0.00837783 0.0363427 0.0112615 0.00837783 0.0338789 0.01047 0.008382 0.0359838 0.0111258 0.00829112 0.0363651 0.0119562 0.008382 0.0363501 0.0108777 0.00837783 0.0365536 0.0110918 0.008382 0.0364978 0.0107121 0.00829112 0.0369795 0.01154 0.00818877 0.0371939 0.0117655 0.00837783 0.0367338 0.01089 0.008382 0.0366163 0.0105245 0.00837723 0.0368634 0.0106858 0.008353 0.037109 0.0108478 0.00804337 0.0377116 0.0116273 0.00809375 0.037809 0.0113157 0.00793917 0.038017 0.0114567 0.00835201 0.0369774 0.0110737 0.00829112 0.0372274 0.0112622 0.00829956 0.0373507 0.0110084 0.00835201 0.0367638 0.011313 0.00835201 0.0365138 0.0115141 0.00835201 0.0346743 0.0117005 0.00835201 0.0343902 0.0115532 0.00835201 0.0341337 0.0113609 0.00835201 0.0339111 0.0111297 0.00829112 0.0336686 0.0113273 0.00835201 0.0335068 0.0102668 0.00836217 0.0335646 0.00997869 0.00818877 0.0374759 0.0114495 0.00821358 0.0375853 0.0111652 0.00829112 0.0366893 0.0117734 0.00829112 0.0345543 0.0119897 0.00829112 0.0339269 0.0115956 0.00829112 0.0342246 0.0118188 0.00829112 0.0334568 0.0110211 0.00818877 0.0331867 0.0111753 0.00818877 0.0334275 0.0115235 0.0082824 0.033182 0.010398 0.00829112 0.0332989 0.0106843 0.00833288 0.0333705 0.0101823 0.00762804 0.0332002 0.0124202 0.00785596 0.0337632 0.0125586 0.00804337 0.03571 0.0127515 0.00804337 0.0352377 0.0127599 0.00818877 0.0344351 0.0122771 0.00818877 0.0340601 0.0120827 0.00818877 0.0337214 0.0118288 0.00804337 0.0335264 0.01205 0.00818877 0.0330071 0.0107922 0.00821284 0.0330113 0.010608 0.00785596 0.037924 0.0117874 0.00804337 0.0373973 0.0119795 0.00736211 0.0363533 0.0133244 0.00804337 0.0343219 0.0125499 0.00804337 0.0339039 0.0123331 0.00804337 0.0331988 0.0117098 0.00785596 0.0333508 0.0122493 0.00804337 0.0329303 0.0113216 0.00801837 0.0327248 0.010994 0.00812462 0.0328598 0.0108072 0.0077492 0.0382033 0.0115839 0.00762804 0.0381059 0.0119246 0.00785596 0.0375805 0.0121723 0.00785596 0.0362443 0.0129238 0.00785596 0.0342201 0.0127955 0.00785596 0.0329928 0.0118776 0.00762804 0.0328162 0.0120213 0.00785596 0.0326994 0.0114533 0.00789571 0.0326064 0.0111644 0.00752466 0.0383616 0.0116923 0.00736211 0.0382556 0.0120375 0.00762804 0.0377375 0.0123375 0.00762804 0.0363041 0.0131436 0.00762804 0.0357597 0.0132423 0.00736211 0.0340609 0.0131791 0.00773376 0.03249 0.0113388 0.00727365 0.0384901 0.0117803 0.00706685 0.0383717 0.012125 0.00736211 0.0378666 0.0124734 0.00736211 0.0357786 0.0134286 0.00736211 0.0351941 0.0134391 0.00736211 0.0346162 0.0133558 0.00706685 0.0345833 0.0134974 0.00706685 0.0340052 0.0133134 0.00736211 0.032671 0.0121396 0.00735753 0.032313 0.0116184 0.00755256 0.0323908 0.011493 0.00700419 0.0385896 0.0118485 0.00706685 0.0379668 0.0125788 0.00706685 0.0363915 0.0134647 0.00706685 0.0357932 0.0135732 0.00706685 0.0351848 0.013584 0.00706685 0.0325584 0.0122313 0.00713283 0.0322447 0.0117301 0.00675571 0.0370058 0.0133517 0.00675571 0.0364184 0.0135634 0.00675571 0.0358035 0.0136749 0.00675571 0.0351783 0.013686 0.00675571 0.0345601 0.013597 0.00675571 0.033966 0.013408 0.00686857 0.0321881 0.0118259 0.00675571 0.0324791 0.0122959 0.00643159 0.0387053 0.0119287 0.0064426 0.0370312 0.013407 0.0064426 0.0380792 0.0126971 0.0064426 0.0364344 0.0136221 0.0064426 0.0358096 0.0137354 0.0064426 0.0345463 0.0136563 0.0064426 0.0351744 0.0137467 0.00613749 0.0345404 0.0136814 0.0064426 0.0339427 0.0134642 0.00661059 0.0321496 0.0118907 0.00613728 0.0387253 0.0119432 0.00613749 0.0375987 0.0131166 0.00613749 0.037042 0.0134305 0.00613749 0.0364412 0.013647 0.00613749 0.0358122 0.0137611 0.00613749 0.0351728 0.0137725 0.005842 0.0339398 0.0134955 0.00613749 0.0339328 0.0134881 0.00613749 0.0333667 0.0131946 0.00613749 0.0328555 0.0128113 0.005842 0.0374454 0.0132202 0.005842 0.0369039 0.0134951 0.005842 0.0363257 0.0136803 0.005842 0.0357251 0.0137729 0.005842 0.0351172 0.0137728 0.005842 0.0345171 0.0136803 0.005842 0.0333999 0.0132202 0.005842 0.0329089 0.0128631 0.005842 0.0324774 0.0124348 0.00538879 0.0107709 -0.00576962 0.00474908 0.0133726 -0.00398554 0.00564989 0.0107914 -0.00565679 0.00683511 0.0104479 -0.00448084 0.00626161 0.0127744 -0.0027193 0.00692937 0.0103317 -0.00425216 0.00531073 0.0133175 -0.00375448 0.00556526 0.0132538 -0.00359435 0.00614386 0.0107678 -0.00534852 0.00503471 0.0133567 -0.0038854 0.00590512 0.0107911 -0.00551566 0.00471058 0.0152114 -0.00262911 0.00445822 0.0152275 -0.00269897 0.0044657 0.0133676 -0.00405513 0.00513228 0.0107331 -0.00585357 0.00488704 0.0106825 -0.00591193 0.00419255 0.013346 -0.00409821 0.00402738 0.012829 -0.00446225 0.00368054 0.0152416 -0.00276824 0.00394742 0.01524 -0.00276333 0.00474109 0.0103784 -0.00611548 0.00604867 0.00802509 -0.00758397 0.00420933 0.0152356 -0.00274007 0.005842 0.00793936 -0.00763726 0.00518356 0.015151 -0.00240829 0.00539753 0.0151076 -0.00225158 0.00573974 0.015005 -0.00188419 0.0059832 0.0130524 -0.0031927 0.00579037 0.0131652 -0.00340649 0.00558061 0.0150602 -0.00208124 0.00614112 0.0129197 -0.00295996 0.00670762 0.0105556 -0.00471492 0.00635898 0.0107201 -0.00515729 0.00654786 0.0106482 -0.00494386 0.00587291 0.0149461 -0.00166819 0.00598211 0.0148827 -0.00142854 0.00612371 0.0147574 -0.000940401 0.00634465 0.0126245 -0.00248203 0.00606464 0.0148205 -0.00118873 0.00642561 0.0123325 -0.00204199 0.0070399 0.0100953 -0.00383173 0.0063952 0.0124762 -0.00225604 0.00615951 0.0146943 -0.000687931 0.00617845 0.0146322 -0.000435401 0.00618201 0.0145714 -0.000183984 0.00699404 0.0102129 -0.00403586 0.00805132 0.00790007 -0.00545071 0.00799879 0.00798883 -0.00565127 0.00792609 0.0080738 -0.00586479 0.00783046 0.00815277 -0.00609014 0.00770491 0.00821958 -0.00632364 0.00755182 0.0082682 -0.00655281 0.00737454 0.00829557 -0.00676923 0.00717568 0.00829952 -0.00696674 0.00695819 0.00827956 -0.00714167 0.0067279 0.00823809 -0.00729252 0.00495448 0.0151851 -0.0025319 0.00649504 0.00817923 -0.00741639 0.00626651 0.00810664 -0.0075129 0.00409756 0.0172493 0.00838097 0.00439751 0.0172076 0.00835325 0.00479761 0.0190163 0.00850726 0.00713416 0.0204092 0.00720382 0.00789375 0.0220025 0.00759173 0.00702623 0.0203959 0.00749491 0.00612316 0.0170246 0.00706626 0.00622592 0.0170254 0.00675699 0.00657391 0.0187341 0.00691499 0.00764436 0.0220018 0.0081408 0.0068822 0.0203998 0.00777461 0.00778509 0.021992 0.00787053 0.00628794 0.0170322 0.00644609 0.00664048 0.0187546 0.0066126 0.00724814 0.0204755 0.00663413 0.00805132 0.0221188 0.00679682 0.00802021 0.0220707 0.00705082 0.00667408 0.0187831 0.00631915 0.00631545 0.0170434 0.00614337 0.00727059 0.0205198 0.00636487 0.00720649 0.020437 0.00691399 0.00668719 0.0188158 0.0060358 0.00617334 0.0152566 0.00614919 0.0061773 0.0152464 0.0058318 0.00632162 0.0170573 0.00585038 0.00670379 0.0204227 0.00803047 0.00646868 0.0187241 0.00721694 0.00597818 0.0170306 0.00736012 0.00579209 0.017044 0.00762521 0.00632372 0.0187269 0.00750513 0.00556643 0.017065 0.0078529 0.0061404 0.0187435 0.00776657 0.00747355 0.022034 0.00839079 0.00649283 0.0204655 0.00825439 0.00592038 0.0187748 0.00799285 0.00530364 0.0170932 0.00804068 0.00625158 0.0205276 0.00844386 0.00727482 0.0220894 0.00861245 0.00566602 0.0188202 0.00818144 0.0050123 0.0171277 0.00818699 0.00705073 0.0221673 0.00880263 0.00598774 0.0206063 0.00859686 0.00470568 0.0171665 0.00829069 0.00538556 0.0188779 0.00833059 0.00680757 0.0222645 0.00895967 0.00571317 0.0206971 0.00871147 0.0060694 0.0226155 0.00922136 0.00492365 0.0209951 0.00885598 0.0051766 0.0208952 0.00883228 0.00451244 0.01909 0.00854173 0.00543999 0.0207949 0.0087882 0.00423742 0.0191636 0.00855515 0.005842 0.0227356 0.00925579 0.00363764 0.0153728 0.00837039 0.0039571 0.015367 0.00836548 0.00427316 0.0153605 0.00833592 0.00509172 0.0189445 0.00843883 0.00797041 0.0220303 0.00731613 0.00614291 0.0152671 0.00646494 0.00607879 0.0152777 0.00677624 0.00597796 0.0152888 0.00707735 0.00583576 0.0153008 0.00736148 0.00565061 0.0153137 0.00761878 0.00542612 0.0153257 0.00784236 0.00516799 0.0153359 0.00802671 0.00488434 0.015345 0.00816897 0.00655614 0.0223757 0.0090812 0.00458396 0.0153532 0.00827146 0.00630756 0.0224945 0.00916696 0.0038074 0.0172906 0.00838717 0.0064426 0.0272833 0.010649 0.0064426 0.026125 0.0102529 0.00675571 0.0261444 0.0101953 0.00613749 0.0284721 0.0110812 0.00613749 0.0272749 0.0106734 0.00675571 0.0273031 0.0105914 0.0064426 0.0284803 0.0110567 0.00613731 0.0227357 0.00925307 0.005842 0.0237047 0.0095784 0.005842 0.0227356 0.00925579 0.00613749 0.0261167 0.0102774 0.00613749 0.0249802 0.00990386 0.005842 0.0258172 0.0102354 0.005842 0.0269607 0.0105697 0.005842 0.0247319 0.00990493 0.00613749 0.0238555 0.00956015 0.0064426 0.024988 0.00987926 0.005842 0.0281624 0.0109079 0.005842 0.0294222 0.0112501 0.00613749 0.029747 0.0114832 0.005842 0.0307402 0.0115961 0.00613749 0.0312213 0.0118385 0.005842 0.0321142 0.0119459 0.00706685 0.0285319 0.0109018 0.00675571 0.0297712 0.0114 0.00675571 0.0284995 0.0109989 0.00643129 0.0227408 0.00922709 0.00706685 0.0261771 0.0100983 0.00785596 0.0275189 0.00996442 0.00785596 0.0263563 0.00956693 0.00804337 0.0264412 0.00931493 0.00706685 0.0273364 0.0104946 0.00736211 0.0273838 0.0103571 0.00706685 0.0297998 0.0113017 0.00736211 0.0285779 0.0107639 0.00736211 0.0262236 0.00996049 0.00762804 0.0262835 0.00978289 0.00785596 0.0252077 0.00918942 0.00762804 0.0274448 0.0101799 0.00812462 0.0328598 0.0108072 0.00804337 0.0313969 0.0108381 0.00818877 0.0314479 0.0105473 0.00818877 0.0242225 0.00830158 0.00804337 0.0241398 0.00858504 0.00809367 0.0230095 0.00817973 0.00829112 0.0243096 0.00800288 0.0082137 0.0230749 0.0079184 0.00837783 0.02566 0.00776913 0.008382 0.0245663 0.00712732 0.008382 0.0257518 0.00748849 0.00829112 0.026635 0.00874031 0.00835201 0.026735 0.00844362 0.00829112 0.0278029 0.00913959 0.00837907 0.0232962 0.00708185 0.00837783 0.0244827 0.00740937 0.008382 0.0233721 0.00679682 0.00762804 0.0286371 0.0105861 0.00785596 0.0287092 0.0103699 0.00762804 0.0298928 0.0109821 0.00804337 0.0287933 0.0101176 0.00785596 0.0299565 0.0107633 0.00804337 0.0252884 0.00893603 0.00804337 0.0300308 0.010508 0.00818877 0.0301132 0.0102244 0.00837783 0.0328827 0.00973401 0.0083818 0.0339471 0.00963586 0.00837612 0.033757 0.0097968 0.00829112 0.0302002 0.0099257 0.00829112 0.0315017 0.0102408 0.00818877 0.0288867 0.00983746 0.00829112 0.0328548 0.0103516 0.00835201 0.0315558 0.00993242 0.00835201 0.032869 0.0100388 0.00837783 0.0303729 0.00933209 0.00835201 0.0302876 0.00962506 0.008382 0.0328966 0.00944321 0.008382 0.0341349 0.00949512 0.00837783 0.0316085 0.00963189 0.00836217 0.0335646 0.00997869 0.00672106 0.0227528 0.00917379 0.0064426 0.0238627 0.00953536 0.00835201 0.0255674 0.00805987 0.00675571 0.0238798 0.00947691 0.0064426 0.0312257 0.0118131 0.0064426 0.0297542 0.0114584 0.00637367 0.0321283 0.0119262 0.00614454 0.0321195 0.0119416 0.00700262 0.0227736 0.00909004 0.00706685 0.0239084 0.00937865 0.00675571 0.0250065 0.00982125 0.00675571 0.0312363 0.0117531 0.00661059 0.0321496 0.0118907 0.00727146 0.0228042 0.00897402 0.00736211 0.0239491 0.00923906 0.00706685 0.0250376 0.00972372 0.00706685 0.031254 0.0116523 0.00686857 0.0321881 0.0118259 0.00752328 0.0228455 0.00882524 0.00762804 0.0240016 0.00905914 0.00736211 0.0250817 0.00958517 0.00736211 0.0298404 0.0111621 0.00713283 0.0322447 0.0117301 0.00736211 0.0312791 0.0115091 0.00774746 0.0228946 0.00863998 0.00785596 0.0240654 0.00884034 0.00762804 0.0251385 0.00940659 0.00762804 0.0313115 0.0113245 0.00755256 0.0323908 0.011493 0.00735753 0.032313 0.0116184 0.00793823 0.0229495 0.00842244 0.00804337 0.0276055 0.00971297 0.00785596 0.0313509 0.0111 0.00773376 0.03249 0.0113388 0.00829894 0.0231457 0.00764513 0.00835201 0.0243973 0.00770229 0.00789571 0.0326064 0.0111644 0.00818877 0.0265356 0.00903514 0.00818877 0.025378 0.00865468 0.00818877 0.0277016 0.00943378 0.00801837 0.0327248 0.010994 0.00829112 0.0254724 0.00835821 0.00829112 0.0289851 0.00954229 0.00821284 0.0330113 0.010608 0.00835219 0.0232204 0.00736508 0.00835201 0.0279048 0.00884353 0.00835201 0.0290841 0.00924525 0.00833288 0.0333705 0.0101823 0.0082824 0.033182 0.010398 0.00837783 0.0268325 0.00815449 0.00837783 0.0280041 0.00855503 0.00837783 0.0291806 0.00895579 0.008382 0.0269266 0.0078808 0.008382 0.0280996 0.00827984 0.008382 0.0292762 0.00867899 0.008382 0.0304575 0.00905956 0.008382 0.0316638 0.00932208 0.00813749 0.0232991 -0.00200199 0.00800391 0.0232868 -0.0022429 0.00803933 0.0321903 -0.00266659 0.00818164 0.0322058 -0.00238292 0.00785567 0.0321748 -0.00292587 0.00823977 0.0233125 -0.0017463 0.00828314 0.0322213 -0.00208253 0.00831316 0.0233268 -0.00148173 0.00834657 0.0322372 -0.00177222 0.00835885 0.0233417 -0.00121069 0.00837803 0.0322535 -0.00145717 0.008382 0.0322701 -0.00113991 0.00837977 0.0233568 -0.000936321 0.008382 0.0233721 -0.000661403 0.00783997 0.0232749 -0.00246318 0.00764694 0.0232632 -0.00265822 0.00742483 0.0232521 -0.00282171 0.00763054 0.0321622 -0.00314859 0.00718358 0.0232446 -0.00295424 0.00737223 0.0321525 -0.00333218 0.00708865 0.0321452 -0.00347493 0.00692846 0.0232398 -0.00305639 0.00666275 0.0232372 -0.00312871 0.00678794 0.0321398 -0.00357732 0.00639134 0.0232359 -0.00317319 0.00647686 0.0321363 -0.00364194 0.00616051 0.0321344 -0.00367201 0.00611751 0.0232354 -0.00319576 0.005842 0.0321337 -0.00367624 0.005842 0.0232357 -0.00319774 0.00539753 0.0151076 -0.00225158 0.00523545 0.0165277 -0.00249983 0.00549946 0.0165097 -0.00231224 0.00587291 0.0149461 -0.00166819 0.00573974 0.015005 -0.00188419 0.00591292 0.0164921 -0.00181951 0.00495448 0.0151851 -0.0025319 0.00494269 0.0165511 -0.00264587 0.00595934 0.0207156 -0.00287257 0.00706437 0.0225651 -0.00287803 0.0062309 0.0206153 -0.00272446 0.00463448 0.0165784 -0.00274925 0.00471058 0.0152114 -0.00262911 0.00683454 0.0226886 -0.00300158 0.0056741 0.0208236 -0.00297883 0.00647651 0.0205275 -0.00253578 0.00727927 0.0224485 -0.00272181 0.00445822 0.0152275 -0.00269897 0.00432456 0.0166081 -0.00281147 0.00441515 0.0188783 -0.00295929 0.00402273 0.0166388 -0.00283883 0.005842 0.0232357 -0.00319774 0.00609445 0.0230938 -0.00318754 0.00492236 0.0213523 -0.00309646 0.00659365 0.0228188 -0.00309287 0.00538783 0.0209343 -0.00304454 0.00634575 0.0229544 -0.00315378 0.00510947 0.0210436 -0.00307576 0.00500867 0.0187363 -0.00286595 0.00381405 0.0173302 -0.00288016 0.00424278 0.0193709 -0.00298991 0.00470786 0.0188074 -0.00292995 0.00368054 0.0152416 -0.00276824 0.00747137 0.022348 -0.00253031 0.00668823 0.0204554 -0.00230819 0.00363933 0.0152415 -0.00276797 0.0057261 0.0164978 -0.00208464 0.00558061 0.0150602 -0.00208124 0.00686375 0.0203996 -0.00204415 0.00763701 0.0222658 -0.00230837 0.00700154 0.0203604 -0.0017522 0.0063972 0.0184583 -0.00164072 0.00649913 0.0184496 -0.00133267 0.0071004 0.0203374 -0.00144556 0.00605835 0.0164924 -0.00152549 0.00716152 0.0203296 -0.00113781 0.00656135 0.0184508 -0.00102321 0.00616131 0.0164981 -0.00121596 0.00606464 0.0148205 -0.00118873 0.00719055 0.0203341 -0.000838594 0.00658986 0.01846 -0.000722118 0.00612371 0.0147574 -0.000940401 0.00622326 0.0165082 -0.000904723 0.00660618 0.0184739 -0.000429472 0.00720637 0.0203457 -0.000548309 0.00626324 0.0165385 -0.000307696 0.0062505 0.0165216 -0.000601652 0.00805132 0.0221188 -0.000661403 0.00804255 0.022109 -0.000950403 0.00618201 0.0145714 -0.000183984 0.00617845 0.0146322 -0.000435401 0.00615951 0.0146943 -0.000687931 0.0080132 0.0221108 -0.00123768 0.00796133 0.0221253 -0.00152163 0.00598211 0.0148827 -0.00142854 0.0078823 0.0221553 -0.00179826 0.00625419 0.0184779 -0.00193368 0.00777425 0.0222018 -0.00206248 0.00607129 0.018509 -0.00219825 0.00585004 0.0185516 -0.00242585 0.00518356 0.015151 -0.00240829 0.00559287 0.0186051 -0.00261399 0.00530811 0.0186678 -0.00276109 0.00420933 0.0152356 -0.00274007 0.00394742 0.01524 -0.00276333 0.00829772 0.0227174 -0.000661064 0.00833462 0.0228795 0.00679755 0.00828206 0.0226611 0.00679775 0.00819438 0.0224098 -0.000661255 0.00821443 0.0224614 0.00679771 0.00813754 0.0222806 0.0067974 0.00805132 0.0221188 -0.000661403 0.00805132 0.0221188 0.00679682 0.00836169 0.0230391 -0.00066123 0.00836973 0.0231166 0.00679719 0.008382 0.0233721 -0.000661403 0.008382 0.0233721 0.00679682 0.0082836 0.00698813 0.00659837 0.00831325 0.00668076 0.0065637 0.00833421 0.00698916 0.00630811 0.00829295 0.00730482 0.00601148 0.00835746 0.00698356 0.00602025 0.00805132 0.00790007 0.00574279 0.00804565 0.00790606 0.00601417 0.00818843 0.00761524 0.00599378 0.0081635 0.0076211 0.00628103 0.00802191 0.00790219 0.00628404 0.00811188 0.00761962 0.00656998 0.00821665 0.00730933 0.00659143 0.00830208 0.0072848 0.00574276 0.00819949 0.00697858 0.00688301 0.00813207 0.00729914 0.00687715 0.00836338 0.00696721 0.0057428 0.00837991 0.00665855 0.00601789 0.008382 0.00664686 0.00574279 0.00823985 0.00669095 0.00682847 0.00802796 0.00760907 0.00685332 0.00791251 0.00786039 0.00681326 0.00813757 0.00670039 0.00708435 0.00808203 0.00695929 0.00715543 0.00782065 0.00781869 0.00706474 0.00790972 0.00758877 0.00712314 0.00826833 0.00731062 0.00630064 0.00770312 0.0077622 0.00730266 0.00775981 0.00755955 0.00737455 0.00755977 0.0076902 0.00752193 0.00757777 0.00752107 0.00760038 0.00793231 0.00693072 0.00740875 0.00800398 0.00670888 0.00732542 0.00745858 0.00716201 0.00782913 0.00739197 0.00760172 0.00771554 0.00784003 0.00671735 0.00754583 0.00774862 0.00689251 0.00763426 0.00720255 0.00749862 0.00787969 0.00721193 0.00710404 0.0079871 0.00753128 0.00684384 0.00782581 0.00764697 0.00672601 0.007741 0.00694711 0.00704003 0.0081094 0.00718365 0.00674006 0.00803735 0.00742491 0.00673449 0.00790468 0.00692851 0.00674331 0.00813957 0.0066628 0.006745 0.00821192 0.0066724 0.00697208 0.00819561 0.00639491 0.00690203 0.00824862 0.00639137 0.00674582 0.00825637 0.00611753 0.00674601 0.0082789 0.00607884 0.00687913 0.008274 0.005842 0.00674565 0.00828086 0.00631479 0.00701088 0.00824677 0.00654787 0.00713973 0.00819584 0.00677544 0.00726453 0.0081188 0.00699516 0.00738428 0.00801355 0.00767776 0.0072114 0.00763487 0.00786144 0.00725002 0.00740502 0.00801244 0.00727906 0.00714963 0.00835896 0.00666992 0.00629246 0.00797909 0.00788786 0.0065516 0.00819905 0.00759734 0.00574293 0.00675157 0.00807088 -0.00742778 0.00672267 0.00817865 -0.00734366 0.00701381 0.00816062 -0.00722247 0.00819933 0.00757884 -0.00593361 0.00815408 0.00768601 -0.00585401 0.00822474 0.00753066 -0.00559356 0.00707833 0.00794939 -0.00739383 0.00704774 0.00805763 -0.00731126 0.00732562 0.00802023 -0.00716291 0.00728745 0.00812105 -0.00707296 0.00780279 0.00786895 -0.00677173 0.00794652 0.00785925 -0.00644873 0.00799034 0.00775504 -0.00653276 0.00757969 0.00795812 -0.00698378 0.00775867 0.0079701 -0.00668393 0.00735868 0.00791329 -0.0072464 0.00649504 0.00817923 -0.00741639 0.00644603 0.00806365 -0.00751425 0.00809457 0.00772744 -0.0061957 0.00813664 0.00762001 -0.00627622 0.00604867 0.00802509 -0.00758397 0.00613722 0.00793834 -0.00763467 0.00789744 0.00796016 -0.00636252 0.005842 0.00793936 -0.00763726 0.00823885 0.00746888 -0.00601168 0.00829865 0.00730851 -0.00574726 0.00826333 0.00742034 -0.00567087 0.0080462 0.00783145 -0.00611308 0.00825256 0.0074528 -0.00545755 0.00812854 0.00775514 -0.00545444 0.00819561 0.00760604 -0.00545672 0.00810482 0.00779063 -0.00577339 0.00826944 0.0073555 -0.00608767 0.00805206 0.00789275 -0.0056922 0.00805132 0.00790007 -0.00545071 0.00829939 0.00729541 -0.00545692 0.00833606 0.00713611 -0.00545576 0.00835488 0.00703268 -0.00556251 0.00834699 0.00707802 -0.0058963 0.00832827 0.0071946 -0.00582242 0.00828718 0.00723789 -0.00616123 0.00829892 0.0070988 -0.00620343 0.00836257 0.00697415 -0.00545376 0.00837203 0.00691605 -0.00563649 0.00837774 0.00681126 -0.00545222 0.008382 0.00664686 -0.00545071 0.00837917 0.00679858 -0.00570367 0.00835226 0.00694968 -0.00595493 0.00700284 0.0078559 -0.00748934 0.0072717 0.00779446 -0.00738621 0.00821382 0.00724273 -0.00644634 0.00818713 0.00738956 -0.00642714 0.00809382 0.00737816 -0.00667925 0.00804432 0.00752686 -0.00668632 0.00816866 0.00750779 -0.00635359 0.00799471 0.00793323 -0.00602945 0.00794226 0.00803361 -0.00594559 0.00799879 0.00798883 -0.00565127 0.00793836 0.00750317 -0.0068958 0.00785986 0.00764289 -0.00692692 0.00802427 0.00764499 -0.00661251 0.00783046 0.00815277 -0.00609014 0.00792609 0.0080738 -0.00586479 0.0078471 0.00805984 -0.00627583 0.00774747 0.00761597 -0.00708961 0.00752317 0.00771406 -0.00725409 0.00783807 0.00776109 -0.00685381 0.00753765 0.00805819 -0.00689394 0.0077114 0.0080689 -0.0065945 0.00770491 0.00821958 -0.00632364 0.00766553 0.00816879 -0.00650661 0.00763658 0.00773226 -0.00713858 0.00761435 0.0078511 -0.00706695 0.00749441 0.0081573 -0.00680352 0.00755182 0.0082682 -0.00655281 0.00725041 0.00822359 -0.00698486 0.00737454 0.00829557 -0.00676923 0.00672119 0.00789932 -0.00756401 0.00677968 0.00796099 -0.00750883 0.00695819 0.00827956 -0.00714167 0.00717568 0.00829952 -0.00696674 0.0067279 0.00823809 -0.00729252 0.00643131 0.00792604 -0.00761163 0.00626651 0.00810664 -0.0075129 0.00427062 0.0150994 0.00832979 0.00458125 0.0150989 0.00826547 0.00458396 0.0153532 0.00827146 0.00427316 0.0153605 0.00833592 0.00488434 0.015345 0.00816897 0.0039571 0.015367 0.00836548 0.00395482 0.0151021 0.00836 0.00363764 0.0151067 0.00836531 0.00363764 0.0153728 0.00837039 0.00516799 0.0153359 0.00802671 0.0048815 0.0151011 0.00816308 0.00516508 0.0151064 0.00802098 0.00542612 0.0153257 0.00784236 0.00542386 0.0151151 0.00783768 0.00565061 0.0153137 0.00761878 0.00564879 0.0151281 0.00761421 0.00583576 0.0153008 0.00736148 0.00583072 0.0151449 0.0073561 0.00597796 0.0152888 0.00707735 0.00607879 0.0152777 0.00677624 0.00597325 0.015163 0.00707332 0.00607706 0.0151823 0.00677374 0.00614291 0.0152671 0.00646494 0.00614054 0.0152027 0.00646315 0.00617334 0.0152566 0.00614919 0.0061773 0.0152464 0.0058318 0.00617285 0.0152241 0.0061486 0.00647057 0.0327411 -0.00360717 0.00678314 0.0327333 -0.00354395 0.00678361 0.0324293 -0.00358285 0.005842 0.0330413 -0.00355999 0.00615962 0.0330396 -0.00355615 0.00615446 0.0327443 -0.00363327 0.00647103 0.032437 -0.00364606 0.00615488 0.03244 -0.00367223 0.00616051 0.0321344 -0.00367201 0.005842 0.0321337 -0.00367624 0.00584113 0.0327439 -0.0036358 0.00584141 0.0324406 -0.00367465 0.00708394 0.0327205 -0.00344218 0.00708443 0.0324167 -0.00348103 0.00678794 0.0321398 -0.00357732 0.00736644 0.0323991 -0.00334079 0.00708865 0.0321452 -0.00347493 0.00736594 0.0327029 -0.00330195 0.00762189 0.0323766 -0.00316122 0.00762124 0.0326802 -0.00312258 0.00737223 0.0321525 -0.00333218 0.00784334 0.0326526 -0.00290439 0.00784397 0.0323492 -0.00294293 0.0080278 0.0326204 -0.00264906 0.00802833 0.032317 -0.00268774 0.00763054 0.0321622 -0.00314859 0.00785567 0.0321748 -0.00292587 0.00818164 0.0322058 -0.00238292 0.00828314 0.0322213 -0.00208253 0.00817894 0.0326456 -0.00232725 0.00828157 0.0325549 -0.00204092 0.00834656 0.0324614 -0.00174451 0.00834657 0.0322372 -0.00177222 0.00837803 0.0322535 -0.00145717 0.00837814 0.0323662 -0.00144304 0.008382 0.0322701 -0.00113991 0.00803933 0.0321903 -0.00266659 0.00803713 0.0327326 -0.0025978 0.00785429 0.0328126 -0.00284412 0.00762972 0.0328811 -0.00305741 0.00737039 0.0329366 -0.00323241 0.00708648 0.0329795 -0.00336809 0.00678592 0.0330103 -0.00346518 0.00647686 0.0321363 -0.00364194 0.00647519 0.0330297 -0.00352597 0.00672106 0.0227528 0.00917379 0.00643129 0.0227408 0.00922709 0.0067773 0.0226646 0.00913606 0.00672719 0.0224697 0.00907627 0.00680757 0.0222645 0.00895967 0.00701835 0.022433 0.00895886 0.00707037 0.022627 0.00902114 0.00734677 0.0226031 0.0088697 0.00727146 0.0228042 0.00897402 0.00776299 0.0224122 0.00838932 0.00759833 0.0225954 0.00868108 0.00754233 0.0224026 0.00861728 0.00642635 0.0225177 0.00915844 0.00727482 0.0220894 0.00861245 0.00747542 0.0222173 0.00853916 0.0072305 0.022223 0.00873018 0.00769184 0.0222276 0.00831182 0.00747355 0.022034 0.00839079 0.00782015 0.0226053 0.00845241 0.00794885 0.022439 0.00812694 0.00613731 0.0227357 0.00925307 0.0060694 0.0226155 0.00922136 0.00655614 0.0223757 0.0090812 0.005842 0.0227356 0.00925579 0.00630756 0.0224945 0.00916696 0.00809608 0.0224825 0.00783945 0.00802159 0.0222959 0.00777023 0.00812816 0.0223521 0.00747335 0.00820102 0.022541 0.00753752 0.00774746 0.0228946 0.00863998 0.00752328 0.0228455 0.00882524 0.00763674 0.0227997 0.00872089 0.00828325 0.0229429 0.00764128 0.0082137 0.0230749 0.0079184 0.0081824 0.0228838 0.00794248 0.00793823 0.0229495 0.00842244 0.00785663 0.0228101 0.00849358 0.00826234 0.0226122 0.00723167 0.00819347 0.0224206 0.00717142 0.00821443 0.0224614 0.00679771 0.00810963 0.0222362 0.00710779 0.00813754 0.0222806 0.0067974 0.00833462 0.0228795 0.00679755 0.00829073 0.0226904 0.00693062 0.00828206 0.0226611 0.00679775 0.00805132 0.0221188 0.00679682 0.00829894 0.0231457 0.00764513 0.00834398 0.0230139 0.00733718 0.00833834 0.0228885 0.00698571 0.00836973 0.0231166 0.00679719 0.00836904 0.0230907 0.00703778 0.00837907 0.0232962 0.00708185 0.00835219 0.0232204 0.00736508 0.008382 0.0233721 0.00679682 0.00831421 0.0228102 0.00728704 0.00804098 0.0221704 0.00740422 0.0082543 0.022738 0.00759386 0.00802021 0.0220707 0.00705082 0.00809367 0.0230095 0.00817973 0.00793527 0.0221158 0.00769552 0.00815139 0.0226782 0.00789776 0.00789375 0.0220025 0.00759173 0.00797041 0.0220303 0.00731613 0.0080394 0.0228387 0.00823073 0.0078751 0.022254 0.00805262 0.00779256 0.0220741 0.00797399 0.00800554 0.0226332 0.00818799 0.00778509 0.021992 0.00787053 0.00764436 0.0220018 0.0081408 0.00729248 0.02241 0.00880636 0.00700262 0.0227736 0.00909004 0.00705073 0.0221673 0.00880263 0.00826695 0.0226997 -0.00121054 0.00833334 0.0230204 -0.00122366 0.00835709 0.023031 -0.000934524 0.00831316 0.0233268 -0.00148173 0.00828225 0.0230166 -0.00151456 0.00805132 0.0221188 -0.000661403 0.00804255 0.022109 -0.000950403 0.00818782 0.0224007 -0.00089704 0.00816183 0.0223901 -0.0011857 0.00810923 0.0223866 -0.00147474 0.0080132 0.0221108 -0.00123768 0.0082924 0.0227103 -0.000919908 0.00836169 0.0230391 -0.00066123 0.00821452 0.0226961 -0.00150177 0.00802437 0.0223926 -0.00175756 0.00837977 0.0233568 -0.000936321 0.008382 0.0233721 -0.000661403 0.00829772 0.0227174 -0.000661064 0.00812905 0.0227016 -0.00178715 0.00790514 0.0224086 -0.00202717 0.00823977 0.0233125 -0.0017463 0.00819762 0.0230214 -0.00179866 0.00775464 0.0224335 -0.0022787 0.00800851 0.0227172 -0.00205969 0.0080792 0.0230362 -0.00207126 0.00813749 0.0232991 -0.00200199 0.00767336 0.0227765 -0.00254506 0.00792901 0.0230604 -0.00232547 0.00785717 0.0227419 -0.00231526 0.00774525 0.0230948 -0.00255169 0.00745352 0.0228225 -0.00273921 0.00800391 0.0232868 -0.0022429 0.00764694 0.0232632 -0.00265822 0.00752719 0.0231402 -0.00274389 0.00783997 0.0232749 -0.00246318 0.00720608 0.0228777 -0.00289733 0.00742483 0.0232521 -0.00282171 0.00683454 0.0226886 -0.00300158 0.00694074 0.0229395 -0.00302029 0.00706437 0.0225651 -0.00287803 0.00718358 0.0232446 -0.00295424 0.00659365 0.0228188 -0.00309287 0.00666618 0.0230057 -0.00310803 0.00692846 0.0232398 -0.00305639 0.00634575 0.0229544 -0.00315378 0.00638973 0.0230743 -0.00316294 0.00666275 0.0232372 -0.00312871 0.00611751 0.0232354 -0.00319576 0.00609445 0.0230938 -0.00318754 0.005842 0.0232357 -0.00319774 0.00639134 0.0232359 -0.00317319 0.00727927 0.0224485 -0.00272181 0.00757245 0.022468 -0.00250494 0.00747137 0.022348 -0.00253031 0.00763701 0.0222658 -0.00230837 0.00777425 0.0222018 -0.00206248 0.0078823 0.0221553 -0.00179826 0.00796133 0.0221253 -0.00152163 0.00835885 0.0233417 -0.00121069 0.00819438 0.0224098 -0.000661255</float_array>
          <technique_common>
            <accessor count="1508" source="#ID5" stride="3">
              <param name="X" type="float"/>
              <param name="Y" type="float"/>
              <param name="Z" type="float"/>
            </accessor>
          </technique_common>
        </source>
        <source id="ID6">
          <float_array count="4524" id="ID7">0 -0.248486 0.968636 0 -0.19387 0.981027 0 -0.25057 0.968099 0 -0.16923 0.985577 0 -0.125843 0.99205 0 -0.0491239 0.998793 0 -0.0731314 0.997322 0 0.033322 0.999445 0 0.033322 0.999445 0 -0.304249 0.952593 0 -0.305199 0.952289 0 -0.325449 0.94556 0 -0.325345 0.945595 0 -0.279906 0.960027 0 -0.280393 0.959885 0 -0.0454078 0.998969 0 -0.0454078 0.998969 0 -0.00551719 0.999985 0 -0.0714319 0.997445 0 0.0557868 0.998443 0 -0.0356126 0.999366 0 -0.0714319 0.997445 0 0.0191857 0.999816 0 0.0388956 0.999243 0 0.0820964 0.996624 0 0.0818007 0.996649 0 0.0701301 0.997538 0 -0.027017 0.999635 0 -0.0270171 0.999635 0 0.0655009 -0.997853 0 0.0457399 -0.998953 0 0.152448 -0.988311 0 0.184928 -0.982752 0 0.281534 -0.959551 0 0.311261 -0.950324 0 0.40997 -0.912099 0 0.424603 -0.90538 -0 -0.0340056 -0.999422 -0 -0.0340056 -0.999422 0 0.506454 -0.862267 0 0.546295 -0.837593 0 0.508859 -0.86085 0 0.559623 -0.828747 0 0.569024 -0.822321 0 0.578487 -0.815692 0 0.578487 -0.815692 0 0.578487 -0.815692 0 0.303632 -0.95279 0 0.303632 -0.95279 0 0.303632 -0.95279 0 0.303632 -0.95279 0 0.791285 0.611448 0 0.791285 0.611448 0 0.791285 0.611448 0 0.791285 0.611448 1 0 0 1 0 0 1 0 0 1 0 0 1 0 0 1 0 0 1 0 0 1 0 0 1 0 0 1 0 0 1 0 0 1 0 0 1 0 0 1 0 0 1 0 0 1 0 0 1 0 0 1 0 0 1 0 0 1 0 0 1 0 0 1 0 0 1 0 0 1 0 0 1 0 0 1 0 0 1 0 0 1 0 0 1 0 0 1 0 0 1 0 0 1 0 0 1 0 0 1 0 0 1 0 0 1 0 0 1 0 0 1 0 0 1 0 0 1 0 0 1 0 0 1 0 0 0 -1 0 0 -1 0 0 -1 0 0 -1 0 0 -1 0 0 -1 0 0 -1 0 0 -1 0 0 -1 0 0 -1 0 0 -1 0 0 -1 0 0 -1 0 0 -1 0 0 -1 0 0 -1 0 0 -1 0 0 -1 0 0 -1 0 0 -1 0 0 -1 0 0 -1 0 0 -1 0 0 -1 0 0 -1 0 0 -1 0 0 -1 0 0 -1 0 0 -1 0 0 -1 0 0 -1 0 0 -1 0 0 -0.053699 -0.998557 0 -0.053699 -0.998557 0 -0.053699 -0.998557 0 -0.053699 -0.998557 0 -0.053699 -0.998557 0 -0.053699 -0.998557 0 -0.053699 -0.998557 0 -0.053699 -0.998557 0 1 0 0 1 0 0 1 0 0 1 0 0 1 0 0 1 0 0 1 0 0 1 0 0 1 0 0 1 0 0 -0.75808 0.652161 0 -0.850426 0.526095 0 -0.850426 0.526095 0 -0.381182 0.9245 0 -0.486778 0.873526 0 -0.520558 0.853826 0 -0.647222 0.762301 0 -0.62713 0.778915 0 -0.749515 0.661988 0 8.74228e-08 1 0 -0.0781353 0.996943 0 0.0781352 0.996943 0 -0.33248 0.94311 0 -0.232498 0.972597 0 -0.168656 0.985675 0 0.33248 0.94311 0 0.381182 0.9245 0 0.486778 0.873526 0 0.232498 0.972597 0 0.168656 0.985675 0 0.62713 0.778915 0 0.520558 0.853826 0 0.647222 0.762301 0 0.75808 0.652161 0 0.749515 0.661987 0 0.850426 0.526095 0 0.850426 0.526095 -1 -0 -0 -1 -0 -0 -1 -0 -0 -1 -0 -0 -1 -0 -0 -1 -0 -0 -1 -0 -0 -1 -0 -0 -1 -0 -0 -1 -0 -0 -1 -0 -0 -1 -0 -0 -1 -0 -0 -1 -0 -0 -1 -0 -0 -1 -0 -0 -1 -0 -0 -1 -0 -0 -1 -0 -0 -1 -0 -0 -1 -0 -0 -1 -0 -0 -1 -0 -0 -1 -0 -0 -1 -0 -0 -1 -0 -0 -1 -0 -0 -1 -0 -0 -1 -0 -0 -1 -0 -0 -1 -0 -0 -1 -0 -0 -1 -0 -0 -1 -0 -0 -1 -0 -0 -1 -0 -0 -1 -0 -0 -1 -0 -0 0.993675 0.112296 0 0.979235 0.20273 0 0.999538 0.0303978 0 0.969053 0.246854 0 0.937904 0.346894 0 0.999865 -0.0164405 0 0.930554 0.366155 0 0.869809 0.493388 0 0.869809 0.493388 0 0.994364 -0.106017 0 0.990258 -0.139248 0 0.970663 -0.240442 0 0.92886 -0.370432 0 0.964479 -0.264161 0 0.869809 -0.493388 0 0.927112 -0.374784 0 0.869809 -0.493388 0 0.674741 0.738054 0 0.690041 0.72377 0 0.613783 0.789475 0 0.526295 0.850302 0 0.526295 0.850302 0 0.602494 0.798124 0 0.81064 0.585544 0 0.803126 0.595809 0 0.856392 0.516326 0 0.755454 0.655202 0 0.741996 0.670405 0 0.856392 0.516326 0 0.508069 0.068568 0.858583 0.642712 0.0609887 0.763677 0.535071 0.0328593 0.844168 0.419213 0.0353129 0.907201 0.375706 0.0737761 0.923798 0.375706 0.0709641 0.924018 0.508069 0.0659546 0.858787 0.307584 0.03701 0.950801 0.249664 0.0770873 0.965259 0.466378 -0.0228401 0.884291 0.249664 0.0741489 0.96549 0.133457 0.0788961 0.987909 0.133457 0.0758887 0.988145 0.0402375 0.0795437 0.996019 0.236329 -0.0250289 0.971351 -1.40061e-14 -0.0257251 0.999669 0.0401055 -0.025708 0.998865 -6.29144e-13 0.0767836 0.997048 -1.46311e-10 0.0795406 0.996832 0.0402375 0.0765116 0.996256 0.129311 -0.0255237 0.991276 0.0309531 0.038877 0.998764 1.70807e-15 0.0388956 0.999243 0.766108 0.0511655 0.640672 0.651507 0.0295079 0.758068 0.642712 0.0586644 0.763859 0.766108 0.0492156 0.640825 0.926739 0.02877 0.374603 0.861316 0.0389056 0.506577 0.884711 -0.0121508 0.465981 0.861316 0.0404468 0.506457 0.991055 0.0102198 0.133065 0.968333 0.0191184 0.248931 0.971777 -0.00618225 0.235821 0.926739 0.0299096 0.374514 0.968333 0.0198756 0.248872 0.951521 0.0119637 0.307352 0.99919 0.00308129 0.0401194 0.9992 -0.0010532 0.0399741 1 -1.13997e-15 -3.01657e-17 0.991055 0.0106245 0.133034 0.979471 0.00784074 0.201432 1 1.11135e-16 -8.53269e-18 0.99919 0.0032033 0.0401098 0.994426 0.0041012 0.105361 0.999521 0.00120394 0.0309297 1 -4.45612e-16 1.73455e-17 1 2.2218e-16 -1.77433e-17 0.105441 0.0386788 0.993673 0.349216 -0.0241617 0.936731 0.201584 0.0380972 0.97873 0.587712 -0.0209266 0.808799 0.707052 -0.0183309 0.706924 0.809148 -0.0152727 0.587406 0.758642 0.0253408 0.651014 0.844807 0.0208119 0.534666 0.937223 -0.00911522 0.348613 0.907888 0.0163055 0.418895 0.991692 -0.00337976 0.128593 0.910158 0.414261 2.29052e-17 0.900456 0.434948 1.74703e-15 0.945462 0.325733 1.76099e-15 0.94766 0.319281 -2.68571e-15 0.970634 0.24056 -2.24708e-15 0.856392 0.516326 -1.29244e-15 0.856392 0.516326 8.72939e-16 0.973 0.230804 1.83885e-15 0.988076 0.153964 -1.89997e-15 0.990783 0.135461 -2.42048e-16 0.997921 0.0644538 -5.68699e-16 1 6.58292e-31 -1.96353e-16 0.998394 0.0566482 5.06825e-16 1 0 -1.96353e-16 0.642712 0.21491 -0.735347 0.642711 0.11319 -0.757701 0.50807 0.24162 -0.826732 0.133457 0.146424 -0.980178 0.0402376 0.280299 -0.959069 0.133457 0.278017 -0.95126 0.375706 0.259973 -0.889527 0.508068 0.127256 -0.851864 0.46591 -0.0281885 -0.884383 0.375704 0.0388956 -0.925923 0.508067 0.0361515 -0.860558 0.249674 0.39974 -0.88197 0.133463 0.409121 -0.902667 0.223698 0.495964 -0.839034 0.249663 0.0406399 -0.96748 0.348657 -0.0298237 -0.936776 0.375705 0.136922 -0.916569 0.249664 0.271642 -0.929451 7.60143e-15 0.508859 -0.86085 0.0351432 0.508545 -0.860318 0.0402392 0.412479 -0.910078 0.249663 0.143067 -0.957706 0.118232 0.50529 -0.854812 0.0402373 0.0419337 -0.99831 0.0402374 0.147626 -0.988225 0.133457 0.0415927 -0.990182 -1.04694e-13 0.0433831 -0.999058 -1.18676e-11 0.149169 -0.988812 0.64271 0.0321574 -0.765434 0.587733 -0.0258131 -0.808643 0.0401129 -0.031736 -0.998691 -1.20243e-13 -0.0317577 -0.999496 0.766106 0.0269799 -0.642147 0.707176 -0.022604 -0.706676 0.766107 0.0949591 -0.635659 0.766108 0.180294 -0.616906 0.808967 -0.0188407 -0.587552 0.861315 0.0213298 -0.507623 0.861316 0.142522 -0.487669 0.861316 0.0750664 -0.502494 0.926738 0.0157745 -0.375376 0.88431 -0.0150032 -0.466659 0.926739 0.105391 -0.360621 0.926739 0.0555102 -0.371583 0.936842 -0.011268 -0.349572 0.968332 0.0104836 -0.249445 0.968332 0.0368879 -0.246924 0.968333 0.0700336 -0.23964 0.991054 0.0056046 -0.13334 0.971593 -0.00764416 -0.236537 0.991055 0.0374359 -0.128099 0.991055 0.0197184 -0.131993 1 -2.91637e-17 -4.35818e-18 0.99919 0.00594517 -0.039796 0.99919 0.0112869 -0.0386221 0.99919 0.0166101 -0.0366473 1 2.92884e-16 1.32688e-16 1 0 0 0.999382 0.017883 -0.030253 1 0 0 1 1.18452e-16 4.97653e-18 0.999208 -0.00129235 -0.0397792 0.99919 0.00168998 -0.0402022 1 -9.45109e-16 3.08381e-17 0.991596 -0.00418966 -0.129304 0.991055 0.0550912 -0.12155 0.992986 0.0601636 -0.10178 0.968335 0.103061 -0.227388 0.974658 0.113831 -0.192571 0.926745 0.155092 -0.342186 0.940795 0.172491 -0.291806 0.861326 0.209732 -0.462742 0.887818 0.234175 -0.396159 0.810808 0.297842 -0.503866 0.766121 0.265315 -0.585377 0.707107 0.359818 -0.608713 0.642728 0.316255 -0.69777 0.585312 0.412587 -0.697984 0.508085 0.35556 -0.784491 0.460196 0.451774 -0.764277 0.37572 0.382569 -0.844083 0.235977 -0.0308947 -0.971267 0.338975 0.478732 -0.809883 0.129293 -0.0315064 -0.991106 1.17478e-09 0.413279 -0.910604 1.08032e-11 0.28163 -0.959523 0.983097 0.183085 -1.372e-16 0.99349 0.113918 7.09375e-16 0.99349 0.113918 5.19054e-16 1 0 0 0.999073 0.0430551 5.15569e-17 1 0 -1.04083e-16 0.966905 0.255138 1.55876e-15 0.966905 0.255138 -3.64767e-16 0.944911 0.327327 -1.31528e-16 0.919392 0.393342 9.95303e-16 0.919392 0.393342 1.43984e-16 0.869809 0.493388 -8.87766e-16 0.889336 0.457254 6.68034e-16 0.869809 0.493388 3.81905e-17 0.860814 -0.0478508 0.506665 0.765607 -0.0559763 0.640868 0.856928 0.0831481 0.508686 0.039023 0.00386483 0.999231 1.1927e-05 -0.0356538 0.999364 -1.88682e-05 -0.00544312 0.999985 0.708975 0.295488 0.640345 0.729776 0.431739 0.530121 0.797154 0.328817 0.506384 0.785032 0.459089 0.415887 0.858024 0.351282 0.374694 0.921671 0.0955367 0.376026 0.926288 -0.0396888 0.374721 0.897018 0.365064 0.249173 0.823849 0.477343 0.305642 0.927593 0.373592 6.90572e-06 0.968938 0.247303 2.4801e-06 0.968204 0.246905 0.0402351 0.967969 -0.031761 0.249053 0.984774 0.111401 0.133454 0.990797 -0.024286 0.133157 0.999026 -0.0183052 0.0401549 0.993208 0.116351 -3.60718e-06 0.999865 -0.0164406 -5.74505e-12 0.849331 0.488233 0.200659 0.918629 0.371959 0.133292 0.992507 0.115382 0.0402205 0.938658 0.237818 0.249726 0.898555 0.226555 0.375861 0.926673 0.373711 0.040215 0.960475 0.244285 0.133467 0.869093 0.493682 0.0309021 0.642283 -0.0631212 0.763864 0.762394 0.0670263 0.643633 0.869809 0.493388 -6.42715e-14 0.639617 0.0478889 0.767201 0.594943 0.251722 0.763334 0.655077 0.393526 0.64499 0.462631 0.291875 0.837127 0.470574 0.203535 0.858565 0.362991 0.238187 0.900836 0.34825 0.15585 0.924355 0.507758 -0.0682048 0.858795 0.505525 0.0284733 0.862342 0.231636 0.110135 0.966548 0.266806 0.185852 0.94566 0.242201 0.0551853 0.968655 0.364498 0.0863455 0.927193 0.248238 -0.00580216 0.968682 0.175203 0.135548 0.975157 0.123956 0.0676691 0.989978 0.129461 0.0266097 0.991227 0.132649 -0.0201928 0.990957 0.562748 0.345178 0.75111 0.0399898 -0.0312624 0.998711 0.0374241 0.0334688 0.998739 -2.6786e-11 -0.0714319 0.997445 0.0270033 0.0533683 0.99821 2.225e-05 0.0192393 0.999815 -1.06199e-13 0.0388956 0.999243 0.0918273 0.0893801 0.991755 0.0402282 -0.0719392 0.996597 0.133416 -0.0726731 0.988392 0.373702 0.0104929 0.92749 0.249562 -0.0725909 0.965634 0.375512 -0.0712191 0.924077 0.492934 0.119326 0.861845 0.62355 0.153236 0.766618 0.743159 0.184702 0.643118 0.835326 0.209322 0.508345 0.962619 0.104788 0.249769 0.863614 0.49307 0.105132 -1.04302e-15 -0.0714319 0.997445 1.30378e-16 -0.0714319 0.997445 -1.05824e-15 0.033322 0.999445 -3.79609e-15 0.033322 0.999445 0.040188 0.790646 0.610954 0.129499 0.784622 0.606299 0.0490738 0.790331 0.610711 0.349748 0.74131 0.572831 0.241741 0.767816 0.593313 0.236771 0.768785 0.594061 -2.00523e-13 0.791285 0.611448 -4.00316e-13 0.791285 0.611448 0.134555 0.784089 0.605887 0.7077 0.559053 0.431996 0.625769 0.617209 0.476934 0.588541 0.639728 0.494336 0.467027 0.699688 0.540668 0.481432 0.693548 0.535924 0.359965 0.738242 0.57046 0.907561 0.332276 0.256759 0.885292 0.367976 0.284345 0.937602 0.275139 0.212607 0.758094 0.516033 0.398753 0.809781 0.464273 0.358756 0.848729 0.418454 0.323351 0.977493 0.166937 0.128997 0.991701 0.101729 0.0786088 0.993672 0.088879 0.0686792 0.972012 0.185897 0.143648 0.949408 0.248499 0.192022 0.99947 0.0257623 0.0199072 0.999201 0.0316284 0.0244401 1 -1.34175e-16 2.97508e-16 1 2.28045e-12 1.76245e-12 0.991055 0.0405218 -0.127157 0.968333 0.0758058 -0.237877 0.975158 0.0672577 -0.211053 0.848729 0.160569 -0.503862 0.861316 0.154266 -0.484083 0.766108 0.195148 -0.612369 0.369027 0.282201 -0.88554 0.498226 0.263263 -0.826114 0.375706 0.281387 -0.882987 0.992102 0.0380861 -0.119514 0.99919 0.0122174 -0.0383379 0.999167 0.0123936 -0.0388908 1 4.23124e-16 1.34839e-16 1 0 0 0.947323 0.0972467 -0.305158 0.926739 0.114076 -0.357969 0.906222 0.128376 -0.402841 0.629328 0.235964 -0.740451 0.751506 0.200314 -0.62858 0.642712 0.232614 -0.72994 0.146866 0.300339 -0.942458 0.241741 0.294626 -0.924531 0.249664 0.294016 -0.922617 0.508069 0.261523 -0.820653 0.0402375 0.303386 -0.952018 0.0513111 0.303232 -0.951534 0.133457 0.300915 -0.944266 1.38313e-15 0.303632 -0.95279 -4.41833e-13 0.303632 -0.95279 1.2929e-17 0.193488 -0.981103 -1.53933e-16 0.0600244 -0.998197 4.97612e-16 0.193488 -0.981103 0 0.303632 -0.95279 -3.98009e-16 0.303632 -0.95279 -1.37022e-16 0.0600245 -0.998197 -3.53843e-16 -0.053699 -0.998557 3.31059e-16 -0.053699 -0.998557 0.991038 0.0130824 0.132939 0.968269 -0.0155562 0.249424 0.991036 -0.00831592 0.133335 0.99919 0.0104091 0.0388798 0.999189 0.00394441 0.040082 0.968275 0.0244727 0.248684 0.968315 0.0645845 0.241235 0.926615 0.0368248 0.374204 0.991049 0.0345239 0.128953 0.991056 0.0556891 0.121272 0.926749 0.156776 0.341406 0.926737 0.210774 0.311021 0.861333 0.212011 0.461689 0.861252 0.131423 0.49089 0.926701 0.0971875 0.363014 0.64274 0.319696 0.696189 0.766102 0.360564 0.532054 0.642705 0.429788 0.634202 0.766132 0.268199 0.584047 0.861312 0.28503 0.420594 0.508098 0.35943 0.782718 0.508062 0.483199 0.713016 0.37573 0.386735 0.842178 0.3757 0.5199 0.767172 0.249674 0.773404 0.582674 0.236244 0.827246 0.509757 0.133463 0.791553 0.596348 0.249667 0.666623 0.702339 0.133455 0.55598 0.820412 0.249659 0.543233 0.801603 0.0402381 0.687866 0.724721 0.0402391 0.798052 0.601244 6.21938e-11 0.758168 0.652059 7.14624e-11 0.646956 0.762527 0.926675 -0.0836696 0.366433 0.926602 -0.0234078 0.375315 0.861207 -0.11314 0.495501 1.10718e-11 0.850596 0.52582 0.642712 -0.29354 0.707641 0.765953 -0.143113 0.626765 0.642528 -0.170575 0.747036 0.642527 -0.408285 0.64843 0.507885 -0.45899 0.728959 0.507675 -0.570767 0.645362 0.249549 -0.515969 0.819452 0.133393 -0.528065 0.838662 0.13332 -0.656575 0.742385 0.375548 -0.493825 0.784283 0.375368 -0.614045 0.694297 0.765776 -0.0400318 0.64186 0.765808 0.0629793 0.639978 0.642317 -0.0477089 0.764953 0.249419 -0.641551 0.725398 0.968303 -0.0556022 0.243511 0.040449 -0.847821 0.528738 0.1239 -0.843797 0.522164 0.133333 -0.766702 0.628006 1 -2.98075e-17 8.11519e-18 1 -2.45619e-16 2.48845e-17 0.0401995 -0.772984 0.633151 -1.1196e-11 -0.847903 0.530152 0.999189 -0.0089615 0.0392471 1 4.92831e-16 3.16027e-17 0.999188 -0.0025073 0.0402015 0.99919 -0.0154173 0.0371667 1 3.21217e-16 7.48135e-17 0.991046 -0.0297227 0.130171 1 0 0 0.999189 -0.0214501 0.0340666 1 -1.39928e-16 -8.72603e-17 0.999188 -0.0266848 0.0301723 1 -2.46997e-16 -2.17679e-16 0.999189 -0.0311576 0.0255212 1 4.15698e-16 5.10494e-16 0.99919 -0.0348731 0.0200961 1 -3.26641e-16 -5.72398e-16 1 2.14137e-16 5.79535e-16 0.99919 -0.0395234 0.0075512 1 -1.23844e-16 -6.46687e-16 0.991049 -0.115664 0.0666531 0.991056 -0.125178 0.0462457 0.999074 -0.0429314 -0.00293435 1 1.84284e-16 -1.30434e-15 1 3.21281e-17 1.31646e-15 0.99919 -0.0402243 0.00100817 0.999948 -0.010032 -0.00185594 1 0 0 0.99919 0.0167903 0.0365636 1 5.45227e-16 -3.69147e-16 0.99919 0.0225736 0.0333099 0.99919 -0.0377413 0.0139431 1 -5.98907e-16 2.74987e-16 0.968337 0.10418 0.226869 1 4.0269e-16 -3.82716e-16 0.99919 0.0277001 0.0291842 1 5.94808e-16 -7.88851e-16 0.968333 0.171872 0.181081 0.926741 0.258642 0.272499 0.99919 0.0321363 0.0242112 1 7.81373e-16 -1.49603e-15 0.999207 0.0349604 0.0190413 0.991665 0.112352 0.0630693 0.861326 0.405782 0.305712 0.885076 0.400417 0.23729 0.809753 0.503289 0.301664 0.991055 0.106588 0.0803021 0.968335 0.199398 0.150225 0.971858 0.204285 0.117298 0.991055 0.0918738 0.0967963 0.991054 0.0748706 0.11048 0.991055 -0.0511351 0.123272 0.991046 -0.0711437 0.112989 0.991036 -0.0885049 0.100072 0.991038 -0.10334 0.0846457 0.968275 -0.193314 0.158343 0.991054 -0.131089 0.0250453 0.994956 -0.100232 0.00398279 0.926744 0.300065 0.226066 0.937386 0.300712 0.175723 0.968331 0.140063 0.20668 0.968333 -0.0956605 0.23061 0.968269 -0.165562 0.1872 0.968303 -0.133089 0.211369 0.968315 -0.216375 0.124689 0.926701 -0.325604 0.187634 0.926615 -0.290886 0.238265 0.966611 -0.250449 0.0542046 0.968337 -0.234176 0.086514 0.984615 -0.173159 0.0234198 0.642317 -0.507757 0.574118 0.765953 -0.342552 0.544035 0.861106 0.0497929 0.505982 0.861083 -0.0316506 0.507478 0.926739 -0.143954 0.347033 0.926675 -0.20027 0.318065 0.926602 -0.249125 0.281684 0.861083 -0.336852 0.380876 0.926749 -0.352402 0.130191 0.94166 -0.32384 0.0916735 0.766121 0.513321 0.38673 0.861319 0.349763 0.368503 0.507961 0.222767 0.832076 0.861316 -0.19467 0.469295 0.861207 -0.270811 0.430097 0.861105 -0.393323 0.322171 0.765776 -0.426051 0.481733 0.861252 -0.440302 0.25373 0.855143 -0.481185 0.192848 0.905985 -0.400262 0.13777 0.708038 0.604224 0.365506 0.642728 0.611879 0.460983 0.766112 0.442455 0.466161 0.766017 0.166244 0.620952 0.766108 -0.24626 0.593662 0.765808 -0.497484 0.40749 0.642355 -0.5929 0.485644 0.766017 -0.556961 0.320956 0.787167 -0.562171 0.253638 0.58832 0.690576 0.420696 0.508085 0.687925 0.518275 0.642717 0.527404 0.555661 0.642603 0.198151 0.740133 0.642354 0.0750584 0.762723 0.508069 -0.330019 0.795583 0.707693 -0.634058 0.311674 0.466474 0.754355 0.461898 0.375719 0.740181 0.557644 0.508075 0.592948 0.624718 0.507712 0.084374 0.857385 0.507675 -0.0536292 0.859878 0.507885 -0.191758 0.83981 0.375548 -0.206312 0.903548 0.375706 -0.355087 0.856013 0.507712 -0.666485 0.545918 0.506147 -0.753176 0.420168 0.6125 -0.699269 0.368601 0.349083 0.798369 0.490661 0.37571 0.637988 0.67217 0.375613 0.239679 0.895248 0.3754 0.0907727 0.922407 0.375368 -0.0576957 0.925078 0.3754 -0.717029 0.587319 0.401656 -0.79141 0.460806 0.249681 0.404095 0.879981 0.249596 0.250431 0.935407 0.249442 0.0948396 0.963734 0.249419 -0.0602802 0.966518 0.249549 -0.215563 0.944064 0.249664 -0.371024 0.894433 0.305737 -0.816619 0.489549 0.249442 -0.749155 0.613633 0.129434 0.843765 0.520872 0.133467 0.413578 0.900633 0.133459 0.682266 0.71882 0.133419 0.256304 0.957344 0.133333 0.097061 0.986307 0.133393 -0.220617 0.966196 0.13332 -0.0616918 0.989151 0.0402179 -0.222426 0.97412 0.133457 -0.37973 0.91542 0.216296 -0.833184 0.50894 0.0401754 0.849989 0.525266 0.0402368 0.560544 0.827147 0.0402406 0.416974 0.908027 0.040226 0.258407 0.965198 0.0401995 0.0978562 0.994388 0.0401955 -0.0621971 0.997254 2.4414e-14 -0.380803 0.924656 0.0402375 -0.382847 0.922935 0.0402179 -0.532396 0.84554 0.0401954 -0.661953 0.748466 4.20843e-11 0.521195 0.853437 7.18491e-12 0.380574 0.924751 -1.11162e-11 0.228414 0.973564 -1.34754e-11 0.0759577 0.997111 -8.43185e-12 -0.0761002 0.9971 -2.53512e-12 -0.228371 0.973574 -2.27106e-12 -0.523682 0.851914 -8.01251e-12 -0.648435 0.76127 -1.31258e-11 -0.75636 0.654156 0.224913 0.590196 -0.775295 0.239238 0.583592 -0.776006 0.332727 0.597492 -0.729586 0.874427 0.441332 -0.201503 0.9302 0.306005 -0.202706 0.911676 0.395887 -0.110095 0.478093 0.556364 -0.679622 0.601919 0.523563 -0.602972 0.556606 0.58364 -0.591231 0.356498 0.575441 -0.736055 0.443627 0.596076 -0.669244 0.307695 0.561469 -0.768164 0.215512 0.572924 -0.790767 0.129129 0.58296 -0.802174 0.122355 0.576034 -0.808217 0.0374202 0.559069 -0.828276 0.0392176 0.576669 -0.816036 -2.07643e-05 0.569335 -0.822105 6.1983e-06 0.578008 -0.816031 0.03903 0.579325 -0.814161 -2.35888e-05 0.54681 -0.837257 0.0345199 0.523861 -0.851104 0.121647 0.578819 -0.806332 -2.60845e-12 0.508859 -0.86085 0.518572 0.511485 -0.685176 0.623635 0.471363 -0.623616 0.798225 0.370297 -0.475098 0.812289 0.421165 -0.403492 0.718251 0.476423 -0.507086 0.721582 0.421352 -0.549346 0.881409 0.363785 -0.301293 0.822566 0.484628 -0.297524 0.664151 0.558655 -0.496798 0.753673 0.524265 -0.396387 0.861242 0.316322 -0.397747 0.914118 0.256942 -0.313639 0.979455 0.137291 -0.147714 0.962148 0.24936 -0.109953 0.954348 0.194613 -0.226596 0.982606 0.185705 3.19893e-05 0.940021 0.341117 4.2857e-05 0.978808 0.201996 -0.0336384 0.993368 0.085283 -0.0771168 0.998731 0.0450607 -0.0224904 0.999538 0.0303979 4.71094e-13 0.933985 0.355701 -0.0338911 0.869809 0.493388 7.57715e-12 0.862439 0.504972 -0.0346753 0.837246 0.535228 -0.11203 0.798166 0.566878 -0.203913 0.746749 0.593816 -0.29958 0.681297 0.614624 -0.397582 0.598893 0.627739 -0.497264 0.501922 0.630477 -0.592092 0.401021 0.622293 -0.67226 0.30203 0.605415 -0.736376 0.411241 0.541392 -0.733332 0.205241 0.581668 -0.787107 0.112294 0.552724 -0.825764 0.0398804 -0.0546453 0.997709 0.132154 -0.0666393 0.988987 0.128629 -0.157482 0.979109 0.881193 -0.406596 0.241202 0.820984 -0.520116 0.235507 0.837732 -0.410417 0.360225 0.915505 -0.147187 0.374416 0.957171 -0.147747 0.248988 0.927582 -0.281219 0.245981 0.715911 -0.517492 0.468693 0.774464 -0.407303 0.484056 0.7771 -0.523018 0.350098 0.980272 -0.146033 0.133194 0.952392 -0.274843 0.131949 0.921431 -0.386534 0.0394651 0.869809 -0.493388 -6.95791e-13 0.866103 -0.498352 0.0388821 0.962822 -0.267175 0.0398911 0.988873 -0.143234 0.0401824 0.924042 -0.38229 2.46216e-05 0.908359 -0.397483 0.129964 0.964448 -0.264271 -1.41116e-05 0.99907 -0.0155478 0.0402206 0.999865 -0.0164406 -4.23279e-13 0.98985 -0.142114 2.744e-07 0.686846 -0.395222 0.609952 0.885092 -0.283779 0.368892 0.850483 -0.143651 0.506006 0.756316 -0.136282 0.639854 0.820665 -0.281251 0.4974 0.634594 -0.124789 0.762705 0.72904 -0.272072 0.628074 0.633616 -0.501274 0.589283 0.576572 -0.372923 0.726975 0.611858 -0.255331 0.748622 0.501894 -0.110795 0.857804 0.457655 -0.343231 0.82021 0.531912 -0.473048 0.70235 0.484642 -0.233276 0.843033 0.371399 -0.096022 0.923495 0.423117 -0.436181 0.794178 0.340597 -0.309854 0.887685 0.247006 -0.0811218 0.965612 0.359467 -0.208795 0.909499 0.31603 -0.394862 0.862675 0.228081 -0.27444 0.934164 0.0351149 -0.266743 0.963128 3.10393e-05 -0.195192 0.980765 0.0373513 -0.207523 0.977517 0.0389042 -0.135661 0.989991 0.12293 -0.238496 0.963332 -9.38685e-06 -0.127289 0.991866 -4.27447e-13 -0.25057 0.968099 -7.29964e-11 0.033322 0.999445 0.0402329 0.0327648 0.998653 0.133448 0.0309573 0.990572 0.23973 -0.183162 0.953405 0.850313 -0.510593 0.127526 0.990982 -0.0125342 0.133405 0.968318 -0.00844438 0.249576 0.926778 -0.00366802 0.375591 0.861394 0.00180554 0.507934 0.766199 0.00798554 0.642554 0.642787 0.0143703 0.76591 0.508114 0.0200136 0.861057 0.375722 0.0245814 0.926406 0.212578 -0.350857 0.911981 0.249661 0.0281958 0.967923 0.115127 -0.305889 0.945081 6.94726e-06 -0.0502135 0.998739 0.133458 -0.322535 0.937102 0.133457 -0.31656 0.939137 0.249664 -0.309302 0.917606 0.0402376 -0.315876 0.947947 0.0402376 -0.325182 0.944795 0.249664 -0.31514 0.915617 0.133458 -0.313304 0.940228 0.0351432 -0.250415 0.967501 1.12858e-09 -0.278126 0.960544 -1.80185e-14 -0.25057 0.968099 0.0402375 -0.319159 0.946847 0.0402375 -0.303292 0.952048 -7.10922e-11 -0.316935 0.948447 1.9492e-11 -0.325151 0.945662 2.53721e-10 -0.30074 0.953706 0.0402375 -0.279692 0.959246 0.133457 -0.300823 0.944296 -3.15871e-12 -0.321645 0.94686 -7.1641e-14 -0.29909 0.954225 0.0402374 -0.279014 0.959444 -1.94442e-15 -0.237462 0.971397 0.0402377 -0.172426 0.9842 0 -0.0489832 0.9988 0.375707 -0.292974 0.87921 0.249663 -0.270398 0.929813 0.249664 -0.306122 0.918671 0.118232 -0.248812 0.961308 0.375706 -0.296017 0.878191 0.766109 -0.209169 0.607722 0.766108 -0.205294 0.609043 0.861316 -0.162287 0.481453 0.375707 -0.301604 0.876287 0.50807 -0.280313 0.814426 0.375705 -0.258785 0.889874 0.50807 -0.272293 0.817142 0.508069 -0.27512 0.816195 0.642712 -0.244709 0.725975 0.766108 -0.195087 0.612389 0.642713 -0.249328 0.7244 0.898759 -0.0198874 0.437992 0.861317 -0.0877111 0.500439 0.92674 -0.0648694 0.370062 0.926739 -0.105168 0.360686 0.861316 -0.142219 0.487758 0.887817 -0.115311 0.445515 0.968333 -0.069886 0.239683 0.940795 -0.0849369 0.328161 0.99919 -0.0122134 0.0383392 1 1.23199e-16 3.59249e-17 1 9.8439e-17 3.13458e-17 0.968333 -0.0797476 0.236585 0.991055 -0.042629 0.126466 0.968333 -0.0812532 0.236071 0.999382 -0.00880583 0.0340221 0.99919 -0.0112633 0.038629 1 -4.41713e-16 -1.14327e-16 0.642713 -0.242196 0.726816 0.766109 -0.203187 0.609748 0.642711 -0.213934 0.735632 0.861317 -0.160623 0.48201 0.766107 -0.179478 0.617145 0.861316 -0.154217 0.484098 0.861316 -0.141881 0.487858 0.926739 -0.104919 0.360759 0.99919 -0.00182643 0.0401959 0.999936 -0.000513727 0.0113034 0.998944 -0.00208529 0.0458867 0.968332 -0.0697222 0.239731 0.968333 -0.0431137 0.245912 0.926739 -0.118778 0.356435 0.968333 -0.0113317 0.249406 0.991055 -0.0230503 0.131451 0.991055 -0.00605756 0.133319 0.99919 -0.0112373 0.0386367 0.991055 -0.0372705 0.128148 1 5.68775e-16 2.5658e-17 1 -2.73008e-15 -1.24095e-16 0.99919 -0.00695099 0.0396324 0.994746 -0.00464954 0.102271 0.223698 -0.24422 0.943565 0.133457 -0.277415 0.951436 0.991055 -0.0405088 0.127161 0.249664 -0.271055 0.929622 0.133458 -0.171024 0.976186 0.133457 -0.276742 0.951632 0.109822 -0.0475085 0.992815 0.041902 -0.048615 0.997938 0.338975 -0.235735 0.910783 0.375706 -0.259412 0.889691 0.249664 -0.293926 0.922646 0.249665 -0.167107 0.953804 0.193942 -0.0438207 0.980034 0.460196 -0.22246 0.859495 0.508069 -0.241099 0.826884 0.375706 -0.2813 0.883015 0.375708 -0.159935 0.912833 0.294045 -0.0401597 0.954947 0.585312 -0.203164 0.784942 0.642712 -0.214448 0.735481 0.508069 -0.261442 0.820679 0.508068 -0.240518 0.827054 0.403916 -0.0418801 0.913837 0.508071 -0.148652 0.84839 0.707107 -0.17718 0.684549 0.766108 -0.179908 0.617018 0.642712 -0.232542 0.729963 0.642714 -0.13223 0.754609 0.602603 -0.0359946 0.797229 0.505778 -0.0400207 0.861735 0.810808 -0.146662 0.56664 0.861317 -0.16535 0.480409 0.76611 -0.110942 0.633062 0.700281 -0.0321586 0.713142 0.974658 -0.0560521 0.216562 0.991055 -0.0373574 0.128122 0.787158 -0.0280925 0.616111 0.926739 -0.120008 0.356024 0.926739 -0.11404 0.35798 0.926739 -0.122273 0.355251 0.849224 -0.0240544 0.527484 0.968333 -0.0757817 0.237885 0.968333 -0.0789314 0.236858 0.936779 -0.0158605 0.349561 0.992986 -0.0296255 0.114461 0.991055 -0.0434338 0.126191 0.991055 -0.0421931 0.126611 0.984251 -0.00803218 0.176596 0.965054 -0.0118983 0.261782 0.99919 -0.0128527 0.0381296 0.99919 -0.0130954 0.0380468 0.99919 -0.0127214 0.0381734 1 -2.15873e-16 -7.27851e-17 1 2.15326e-16 7.41242e-17 1 0 0 1 0 0 1 -2.95981e-15 -5.19447e-16 0.907888 -0.0225113 -0.418608 0.844807 -0.0287328 -0.534299 0.861316 -0.0272828 -0.507336 0.926739 -0.020175 -0.375164 0.766108 -0.034513 -0.641785 0.951521 -0.016517 -0.307141 0.968333 -0.0134067 -0.249304 0.979471 -0.0108249 -0.201293 0.991055 -0.00716652 -0.133265 0.994426 -0.00566208 -0.105289 0.99919 -0.00216071 -0.0401795 1 -7.24068e-16 3.89379e-17 0.999521 -0.00166215 -0.0309085 1 0 0 0.758642 -0.0349853 -0.650567 0.651507 -0.0407383 -0.757548 0.535071 -0.0453653 -0.843588 0.642712 -0.0411392 -0.765002 0.419213 -0.0487527 -0.906578 0.508069 -0.0462518 -0.860074 0.375706 -0.0497649 -0.925402 0.307584 -0.0510957 -0.950148 0.201584 -0.0525966 -0.978058 0.249664 -0.0519985 -0.966935 0.105441 -0.0533996 -0.992991 0.133457 -0.0532186 -0.989625 0.0402375 -0.0536555 -0.997748 0.0309531 -0.0536733 -0.998079 -4.48491e-16 -0.053699 -0.998557 -1.08626e-15 -0.053699 -0.998557 0.630239 -0.0488158 -0.774865 0.504067 -0.0986878 -0.858008 0.637464 -0.107402 -0.762958 0.877901 -0.0247634 -0.478201 0.813015 -0.03409 -0.581244 0.854553 -0.116308 -0.506174 0.415021 -0.0559379 -0.908091 0.372925 -0.0886258 -0.923619 0.346787 -0.187115 -0.91909 0.396394 -0.271135 -0.87713 0.468179 -0.23164 -0.852732 0.247956 -0.0779093 -0.965633 0.312336 -0.0569353 -0.948264 0.292629 -0.21551 -0.931624 0.230902 -0.143504 -0.962336 0.591647 -0.275447 -0.757682 0.50334 -0.327315 -0.799696 0.213464 -0.0567628 -0.9753 0.132619 -0.067132 -0.988891 0.0390404 -0.0632723 -0.997232 0.0400031 -0.0578734 -0.997522 -2.4089e-15 -0.053699 -0.998557 0.0305467 -0.0709242 -0.997014 -6.29936e-13 -0.053699 -0.998557 0.193594 -0.161536 -0.967692 0.123675 -0.102279 -0.987038 0.102571 -0.111219 -0.988489 0.0373488 -0.0684914 -0.996952 0.241669 -0.111304 -0.963954 5.37802e-13 -0.053699 -0.998557 -4.46587e-13 -0.053699 -0.998557 0.129351 -0.0850133 -0.987948 0.00091707 -0.0537187 -0.998556 0.607699 -0.380694 -0.696975 0.70525 -0.313941 -0.63566 3.11143e-13 -0.053699 -0.998557 0.759862 -0.113528 -0.640095 0.728689 -0.0423902 -0.683531 0.793709 -0.342018 -0.503041 0.697266 -0.424885 -0.577315 0.85541 -0.359736 -0.372644 0.895933 -0.240322 -0.373564 0.937347 -0.244099 -0.248589 0.895567 -0.369299 -0.248151 0.919902 -0.116294 -0.374507 0.918454 -0.372519 -0.132936 0.960616 -0.243943 -0.133078 0.961734 -0.114243 -0.24903 0.960494 -0.00443158 -0.278265 0.927553 -0.371529 -0.0401494 0.969559 -0.24154 -0.040177 0.982784 0.00579219 -0.184666 0.984877 -0.110776 -0.133213 0.970676 -0.24039 -5.9313e-06 0.928796 -0.370591 8.76506e-06 0.994392 -0.105753 -1.44003e-05 0.993438 -0.107071 -0.0401973 0.869809 -0.493388 -2.82847e-12 0.868758 -0.493994 -0.0350676 0.999538 0.0303979 5.80844e-13 0.999282 0.02435 -0.0290374 0.995105 0.015691 -0.0975724 0.861481 -0.493957 -0.117718 0.843473 -0.489092 -0.22213 0.92696 -0.014544 -0.374878 0.812146 -0.477201 -0.335706 0.831785 -0.231366 -0.504582 0.764731 -0.456556 -0.45469 0.739342 -0.215727 -0.637837 0.620247 -0.193095 -0.760268 0.520438 -0.0534317 -0.852226 0.490635 -0.166461 -0.855317 0.363208 -0.138802 -0.921311 0.122769 -0.0558477 -0.990863 0.0433043 -0.0545695 -0.997571 0.966905 -0.255138 -1.52062e-16 0.987108 -0.160055 5.29942e-16 0.966905 -0.255138 6.62718e-16 0.919392 -0.393342 -3.40779e-16 0.936825 -0.349799 1.021e-16 0.899741 -0.436425 -2.44622e-15 0.869809 -0.493388 1.98213e-16 0.869809 -0.493388 -5.23263e-15 0.99349 -0.113918 -2.65661e-16 0.997791 -0.066439 1.45847e-16 1 0 5.55112e-17 1 0 0 0.964923 0.138251 0.223181 0.976849 0.00836745 0.213764 0.983207 0.137419 0.120079 0.964856 0.259795 0.0394798 0.990221 0.134009 0.0387784 0.869866 0.493288 2.33556e-05 0.868921 0.493677 0.0354806 0.924054 0.380629 0.0352896 0.916305 0.384001 0.113701 0.862355 0.492713 0.116521 0.896748 0.385092 0.218053 0.937845 0.265467 0.22355 0.968022 0.250864 2.11098e-05 0.928568 0.134533 0.345923 0.901778 0.263559 0.342539 0.991824 0.127611 3.80214e-05 0.999373 0.0015914 0.0353672 1 5.92421e-05 -0.00011912 0.948035 0.0125362 0.317919 0.860535 0.384938 0.333621 0.820238 0.475783 0.317554 0.904549 0.0170023 0.42603 0.880408 0.133087 0.455158 0.78155 0.457424 0.424197 0.811304 0.368227 0.454086 0.957168 0.264038 0.118804 0.727421 0.430587 0.534278 0.7447 0.358626 0.562858 0.65437 0.39312 0.645954 0.640539 0.35332 0.681817 0.809769 0.112849 0.575795 0.842432 0.0209704 0.538394 0.556956 0.201912 0.805625 0.563887 0.34556 0.750079 0.757927 0.025628 0.651835 0.711246 0.0730502 0.699137 0.466224 0.293856 0.834436 0.440353 0.171697 0.881254 0.592363 0.045764 0.80437 0.652485 0.0294114 0.757231 0.324824 0.138265 0.935613 0.426863 0.0350892 0.903635 0.53879 0.0331546 0.841787 0.318745 0.03682 0.947125 0.214097 0.0379734 0.976074 0.21449 0.108116 0.970724 0.1158 0.0774455 0.990249 0.11603 0.0387626 0.992489 0.0358342 0.0391023 0.998592 0.0312049 0.0556012 0.997965 8.78368e-05 0.038747 0.999249 0.101945 0.094817 0.990261 0.187005 0.14193 0.972052 0.276965 0.191415 0.941621 0.369751 0.242334 0.896972 0.682644 0.228078 0.694246 0.785422 0.246071 0.567945 0.849283 0.256216 0.461598 0.993262 0.00469765 0.115797 0.84663 0.487114 0.21433 0.927943 0.372723 3.76423e-06 0.251175 0.654105 -0.713483 0.282776 0.611596 -0.73891 0.377108 0.659171 -0.650602 0.915283 0.399322 -0.0529091 0.898057 0.437421 -0.046427 0.937801 0.347174 -0.000432806 0.376674 0.567237 -0.732365 0.355508 0.670347 -0.651344 0.473765 0.667309 -0.57467 0.477296 0.678135 -0.558858 0.710714 0.591929 -0.380138 0.780254 0.571939 -0.253159 0.807303 0.517994 -0.282744 0.597713 0.641068 -0.481427 0.688019 0.636572 -0.348434 0.49865 0.570718 -0.652402 0.225271 0.587462 -0.777265 0.140871 0.606865 -0.782221 0.857926 0.490622 -0.15249 0.882504 0.434157 -0.180817 0.0419468 0.526936 -0.848869 0.0405519 0.509494 -0.859518 0.766585 0.595122 -0.2412 3.5466e-05 0.50889 -0.860832 0.933833 0.350019 -0.0737708 0.96171 0.273774 0.0127536 0.950348 0.311078 0.00832563 0.839648 0.524906 -0.139519 0.948349 0.317228 -9.15276e-05 0.898057 0.439878 0.000300758 0.926703 0.375794 0.000150879 0.881998 0.469306 -0.0427846 0.952819 0.280179 -0.116768 0.86788 0.495543 -0.0349525 0.87013 0.492821 -0.000296417 0.9669 0.255156 -5.07901e-05 0.981262 0.192679 -3.41493e-05 0.987553 0.156313 0.0174982 0.987991 0.137896 -0.0697016 0.975236 0.220868 -0.0114613 0.965981 0.189858 -0.175597 0.971696 0.120742 -0.203046 0.991449 0.130495 3.54356e-05 0.994936 0.0987967 0.0184853 0.998297 0.0583328 7.10618e-05 1 -7.53794e-05 -0.000286775 0.999202 0.0209233 -0.0340292 0.991605 0.0662788 -0.111028 0.348621 0.477225 -0.806672 0.465987 0.450527 -0.761499 0.937068 0.177982 -0.300378 0.924534 0.252652 -0.285314 0.884555 0.237743 -0.401298 0.860417 0.317624 -0.398495 0.90784 0.352179 -0.22759 0.830124 0.54118 -0.13423 0.829278 0.543661 -0.129351 0.8596 0.509013 -0.0446485 0.808932 0.299205 -0.506068 0.767269 0.375993 -0.519545 0.839088 0.428969 -0.334541 0.787807 0.57342 -0.224833 0.82954 0.542642 -0.131922 0.769326 0.592124 -0.239847 0.706952 0.360002 -0.608784 0.587566 0.411941 -0.696471 0.744235 0.499388 -0.443538 0.587699 0.673466 -0.44839 0.688581 0.637464 -0.345683 0.736581 0.597914 -0.316145 0.705589 0.615971 -0.35032 0.646885 0.417459 -0.638176 0.626315 0.546418 -0.556019 0.604783 0.654796 -0.453298 0.673661 0.616412 -0.407696 0.509025 0.64553 -0.569372 0.595869 0.628068 -0.500471 0.235688 0.494804 -0.836433 0.257457 0.550309 -0.794277 0.411395 0.623755 -0.664593 0.505408 0.630646 -0.588938 0.318364 0.608994 -0.726479 0.128947 0.504885 -0.853501 0.130289 0.558835 -0.81898 0.145051 -0.0724972 0.986765 0.261734 -0.0723329 0.962426 0.262284 0.0273998 0.964602 0.145703 0.0304179 0.988861 0.384821 0.0240097 0.922679 0.0461975 0.0323413 0.998409 0.0456278 -0.071813 0.996374 4.03312e-05 -0.0710111 0.997476 3.63011e-05 0.0332642 0.999447 0.512818 0.0196089 0.858273 0.384223 -0.0709943 0.920507 0.512049 -0.0680574 0.856256 0.64422 0.014094 0.764711 0.643279 -0.0630354 0.763033 0.765553 0.00780492 0.643326 0.764758 -0.056092 0.641872 0.858705 0.00180727 0.512467 0.858028 -0.0482623 0.51133 0.923015 -0.00362905 0.384746 0.965033 -0.00852963 0.26199 0.922615 -0.0404352 0.383596 0.964711 -0.032595 0.261286 0.989282 -0.0127349 0.14546 0.989206 -0.0246056 0.144453 0.998837 -0.0162614 0.0453896 0.999865 -0.0164208 2.34881e-05 0.998821 -0.0171097 0.0454335 0.138369 0.200251 -0.969925 0.259979 0.201043 -0.944454 0.260055 0.0440155 -0.96459 4.36286e-06 0.303623 -0.952792 0.0456306 0.303214 -0.951829 0.0320845 0.18983 -0.981293 0.138575 0.0507501 -0.989051 0.032334 0.0636456 -0.997449 0.0458745 -0.0534494 -0.997516 -2.41063e-05 -0.0536956 -0.998557 -3.11902e-05 0.18488 -0.982761 -9.66527e-05 0.0687869 -0.997631 0.382935 0.197075 -0.902509 0.383231 0.037542 -0.922889 0.26186 -0.051714 -0.963719 0.511384 0.0303098 -0.858818 0.384544 -0.0495448 -0.921776 0.511251 0.188229 -0.838566 0.639389 0.0207384 -0.768603 0.63882 0.174973 -0.749196 0.512697 -0.0460404 -0.857334 0.759427 0.158156 -0.631076 0.759731 0.00764576 -0.650193 0.854219 0.134824 -0.502128 0.854368 -0.00372978 -0.519655 0.64395 -0.0409483 -0.763971 0.765211 -0.0343963 -0.64286 0.923093 -0.0207015 -0.384018 0.965119 -0.0139588 -0.261438 0.923347 0.116599 -0.365834 0.965232 0.0793088 -0.249073 0.989411 0.0440369 -0.1383 0.989402 -0.00760998 -0.145004 0.998948 -0.00215194 -0.0458098 0.998949 0.0136665 -0.0437551 1 -2.44238e-05 6.52286e-05 0.858711 -0.0274563 -0.511724 0.858832 0.155509 -0.488083 0.765194 0.195317 -0.613457 0.64365 0.232273 -0.729221 0.512322 0.260698 -0.818268 0.384439 0.280288 -0.879571 0.261851 0.292944 -0.919575 0.145279 -0.0530182 -0.987969 0.145219 0.300336 -0.942714 0.235725 -0.244104 0.940663 0.129167 -0.24952 0.959717 0.257199 -0.279002 0.925206 0.244004 -0.380799 0.891882 0.329083 -0.40062 0.855107 0.353467 -0.417375 0.837173 0.374808 -0.307016 0.874791 0.49522 -0.325054 0.805666 0.465973 -0.222 0.856496 0.701771 -0.455706 0.547586 0.622718 -0.334254 0.707458 0.589563 -0.4583 0.665113 0.143191 -0.328221 0.933685 0.534155 -0.473979 0.700016 0.583697 -0.499312 0.640301 0.476895 -0.466414 0.745003 0.682472 -0.51256 0.52107 0.631394 -0.500866 0.59201 0.739796 -0.330701 0.585951 0.794376 -0.434878 0.424084 0.0400899 -0.251341 0.967068 0.0417726 -0.270371 0.961849 0.229414 -0.358665 0.904836 0.000100624 -0.250369 0.96815 0.130204 -0.313757 0.940534 0.865392 -0.401156 0.300285 0.829776 -0.482541 0.280405 0.88233 -0.443033 0.158796 0.917578 -0.35846 0.171922 0.706979 -0.17744 0.684614 0.587657 -0.202775 0.783289 0.647226 -0.201271 0.735247 0.965618 -0.124301 0.228323 0.937098 -0.0877332 0.337861 0.92365 -0.147356 0.353774 0.808965 -0.147314 0.569099 0.766414 -0.187205 0.614462 0.948726 -0.311997 0.050769 0.920066 -0.388974 0.0466705 0.93397 -0.35735 -4.3255e-05 0.884951 -0.463472 0.0453406 0.901863 -0.432021 -7.08292e-05 0.980945 -0.194284 -0.000555045 0.962845 -0.270026 -0.00402421 0.959923 -0.280263 -7.88234e-05 0.87 -0.493051 5.65761e-05 0.97172 -0.0596297 0.228482 0.988156 -0.107843 0.109168 0.981074 -0.193492 -0.00740379 0.994976 -0.100106 -0.00142046 0.994896 -0.100344 0.0106338 0.999203 -0.0111104 0.0383476 0.991607 -0.0329447 0.125018 1 9.02622e-05 0.000463812 0.972728 -0.220855 0.0708682 0.853069 -0.50032 0.148169 0.94878 -0.247163 0.19679 0.865038 -0.499516 0.0468216 0.884605 -0.117013 0.451422 0.811448 -0.520924 0.264937 0.902441 -0.280092 0.327336 0.814912 -0.52135 0.253203 0.84645 -0.512625 0.144008 0.859316 -0.171339 0.481891 0.76396 -0.506016 0.400392 0.758983 -0.525688 0.384183 0.834913 -0.309466 0.455138 0.770653 -0.523079 0.363981 0.710803 -0.516906 0.47704 0.468189 -0.444182 0.763873 0.348655 -0.235397 0.907209 0.430649 -0.439383 0.788342 0.956437 -0.267804 -0.116225 0.982824 -0.140718 -0.119395 0.989973 -0.13636 -0.036857 0.976832 -0.0115938 -0.213692 0.964006 -0.145422 -0.222586 0.869984 -0.493081 3.01344e-05 0.868454 -0.494141 -0.0401652 0.923859 -0.381386 -0.0320773 0.915396 -0.387447 -0.10925 0.89543 -0.389864 -0.214967 0.859878 -0.493679 -0.129967 0.964579 -0.261261 -0.0364585 0.991186 -0.132478 1.89026e-05 0.936424 -0.271876 -0.221795 0.858388 -0.392567 -0.330243 0.99937 -0.00199719 -0.0354412 1 1.4255e-05 -7.95811e-06 0.966276 -0.257509 4.40544e-06 0.899922 -0.271593 -0.34114 0.809722 -0.375745 -0.450739 0.948008 -0.0173579 -0.317774 0.927446 -0.141316 -0.346227 0.744062 -0.367974 -0.557644 0.846738 -0.269134 -0.458914 0.878321 -0.147199 -0.454845 0.904556 -0.0234165 -0.425712 0.679468 -0.243979 -0.691952 0.808659 -0.131033 -0.573499 0.782938 -0.262524 -0.563994 0.710266 -0.0867639 -0.698566 0.553048 -0.217545 -0.804246 0.842463 -0.0289179 -0.537977 0.652493 -0.0406503 -0.756704 0.590242 -0.0590698 -0.805063 0.757974 -0.0352466 -0.651332 0.43731 -0.188534 -0.879326 0.53876 -0.0456261 -0.841223 0.301989 -0.220295 -0.927509 0.323624 -0.156408 -0.933169 0.402313 -0.274131 -0.873497 0.426934 -0.048633 -0.902974 0.20494 -0.168428 -0.964174 0.217681 -0.125292 -0.967945 0.318571 -0.0513662 -0.946506 0.112907 -0.118016 -0.986572 0.117986 -0.0935688 -0.988597 0.214288 -0.0518273 -0.975394 0.0357293 -0.0547269 -0.997862 0.034589 -0.0726744 -0.996756 -0.0011891 -0.053396 -0.998573 0.116085 -0.054285 -0.991755 0.505774 -0.328872 -0.797518 0.640334 -0.36488 -0.675896 0.607706 -0.380854 -0.696882 0.695556 -0.423802 -0.580167 0.761349 -0.455304 -0.46157 0.808302 -0.475665 -0.346972 0.840354 -0.487909 -0.236114 0.993255 -0.00648156 -0.115771 0.926191 -0.377054 -5.10603e-06</float_array>
          <technique_common>
            <accessor count="1508" source="#ID7" stride="3">
              <param name="X" type="float"/>
              <param name="Y" type="float"/>
              <param name="Z" type="float"/>
            </accessor>
          </technique_common>
        </source>
        <vertices id="ID8">
          <input semantic="POSITION" source="#ID4"/>
          <input semantic="NORMAL" source="#ID6"/>
        </vertices>
        <triangles count="2042" material="ID9">
          <input offset="0" semantic="VERTEX" source="#ID8"/>
          <p>0 1 2 1 3 4 3 1 0 5 4 6 3 6 4 7 8 5 5 6 7 0 2 9 10 11 9 9 2 10 11 12 13 12 11 10 13 14 15 12 14 13 13 15 16 17 18 19 18 20 21 17 20 18 17 19 22 23 19 24 23 22 19 25 26 24 24 19 25 25 27 26 27 28 26 29 30 31 31 32 29 33 32 31 34 35 36 37 30 38 38 30 29 34 32 33 35 34 33 39 36 35 39 40 41 36 39 41 40 42 43 42 40 39 42 44 43 44 45 43 43 45 46 47 48 49 47 49 50 51 52 53 51 53 54 55 56 57 58 59 60 61 62 63 58 60 64 60 65 64 66 67 68 69 67 70 64 71 72 73 71 64 56 55 74 66 57 56 75 76 72 64 72 76 77 74 78 73 64 65 76 75 79 58 64 62 64 80 62 62 61 58 81 67 69 68 67 81 78 74 55 57 66 68 77 78 82 82 63 77 63 83 84 82 83 63 63 85 86 84 85 63 63 86 61 87 88 89 90 91 92 93 94 95 95 91 90 95 90 93 89 92 96 92 89 90 89 96 87 97 98 99 100 101 102 101 100 103 97 104 102 102 101 97 97 105 106 104 97 106 97 99 107 105 97 107 108 97 109 97 108 98 110 97 111 110 109 97 111 112 113 112 114 113 112 111 115 115 116 117 118 119 115 120 121 115 122 123 115 124 125 126 127 124 126 120 115 127 115 124 127 115 123 116 121 122 115 115 128 118 115 117 128 112 115 119 115 111 97 129 130 131 132 133 134 135 133 132 135 136 131 136 135 132 129 131 136 137 138 139 137 140 141 142 143 140 144 138 137 143 141 140 137 141 144 145 144 141 145 146 144 147 148 149 150 151 152 153 154 155 156 157 158 159 160 161 162 163 164 165 162 166 167 168 169 168 167 164 170 171 169 167 169 171 170 172 173 173 171 170 163 162 165 163 168 164 156 158 166 158 165 166 161 160 157 161 157 156 159 151 150 159 150 160 152 154 153 151 154 152 147 155 148 153 155 147 174 175 176 177 178 179 174 176 180 180 181 182 174 180 182 181 183 184 182 181 184 179 185 177 183 186 187 188 189 190 191 178 188 188 192 193 194 195 196 197 198 199 200 197 199 201 202 200 200 199 201 203 202 201 203 195 194 194 202 203 196 195 204 204 193 196 205 189 188 188 193 206 193 204 206 190 192 188 178 177 205 178 205 188 187 207 177 205 177 207 187 208 207 187 209 208 186 210 187 187 210 209 183 181 186 211 181 180 212 213 214 215 216 213 213 212 215 212 214 217 216 218 219 219 218 220 216 215 218 217 214 221 222 221 223 221 222 217 223 224 225 225 222 223 226 227 224 225 224 227 226 228 227 229 230 231 232 233 234 235 236 237 236 238 239 235 238 236 235 237 240 239 238 230 231 234 229 230 229 239 234 231 232 241 242 243 244 245 241 246 247 245 245 248 249 247 246 250 251 249 252 251 252 253 254 253 252 255 251 253 256 257 258 259 258 260 257 261 260 260 258 257 262 263 259 260 254 259 242 264 265 247 266 241 266 267 242 268 269 270 242 267 264 269 268 271 271 264 269 272 273 274 268 275 271 272 276 273 277 275 276 278 279 280 281 282 276 280 283 278 284 281 278 285 284 286 287 286 288 285 281 284 261 255 253 259 254 262 261 253 260 289 262 254 260 253 254 255 290 251 291 289 252 254 252 289 290 250 246 252 249 291 290 246 251 248 291 249 251 246 249 250 292 247 248 245 244 249 246 245 292 293 266 266 247 292 244 241 243 245 247 241 293 294 267 266 293 267 243 242 265 241 266 242 269 294 270 264 295 265 294 269 267 296 295 264 267 269 264 268 270 297 298 296 271 264 271 296 273 297 274 271 275 298 297 273 268 277 298 275 268 273 275 272 274 299 277 276 282 275 273 276 279 272 299 284 283 288 282 281 285 276 272 281 272 279 278 281 272 278 288 286 284 283 284 278 300 301 302 303 302 304 303 300 302 305 306 301 301 300 305 304 302 307 308 304 307 308 309 310 309 308 307 311 310 312 309 312 310 311 312 313 314 315 316 317 318 319 320 316 321 322 323 324 325 326 327 328 323 329 330 331 320 332 333 334 319 331 335 336 326 334 337 338 339 339 317 328 337 340 341 338 337 341 324 342 343 344 345 340 346 347 342 348 314 349 350 346 351 352 353 349 351 354 355 352 356 357 358 354 359 360 356 361 362 363 359 364 365 361 366 367 368 367 364 368 369 370 371 371 368 369 370 372 373 374 367 366 375 376 377 367 374 376 375 378 362 376 374 377 362 378 363 369 368 379 362 376 375 367 376 365 369 372 370 366 368 371 368 364 379 380 372 369 362 365 376 358 359 363 364 381 379 365 364 367 360 365 362 379 380 369 364 361 381 382 380 379 359 360 362 355 354 358 361 383 381 360 361 365 357 360 359 381 382 379 361 356 383 384 382 381 354 357 359 350 351 355 356 385 383 357 356 360 353 357 354 383 384 381 356 352 385 386 384 383 351 353 354 347 346 350 387 385 388 353 352 357 348 353 351 385 386 383 352 349 388 387 386 385 346 348 351 343 342 347 389 388 390 348 349 353 315 348 346 352 388 385 349 314 390 387 388 389 342 315 346 322 324 343 391 390 392 315 314 348 321 315 342 349 390 388 314 316 392 389 390 391 324 321 342 329 323 322 393 392 394 321 316 315 330 321 324 314 392 390 316 320 394 391 392 393 323 330 324 395 328 329 396 394 325 330 320 321 330 323 335 316 394 392 320 331 325 393 394 396 328 335 323 397 339 395 319 334 326 335 331 330 317 319 335 320 325 394 331 319 326 396 325 327 395 339 328 397 344 337 332 334 398 328 317 335 338 318 317 331 326 325 318 334 319 327 326 336 397 337 339 344 340 337 399 338 341 339 338 317 338 399 318 398 318 399 398 334 318 336 334 333 400 401 402 403 404 401 402 401 404 405 404 403 406 401 400 407 408 406 407 406 400 409 408 410 408 409 406 411 409 412 410 412 409 411 412 413 414 415 416 417 418 419 420 421 422 423 424 422 414 425 426 427 424 428 429 430 431 432 433 434 435 436 437 427 438 439 434 433 440 435 434 440 441 425 442 443 431 444 445 429 443 446 447 415 445 448 429 446 449 447 420 450 451 452 450 453 454 453 455 456 457 449 455 458 459 460 461 462 463 458 464 465 460 466 451 450 467 468 417 465 469 417 419 468 470 418 471 469 472 469 419 472 473 471 472 469 471 474 464 474 463 475 468 466 464 469 474 470 468 475 417 464 465 418 417 468 469 464 417 459 458 463 476 466 462 466 476 475 460 465 458 468 465 466 464 458 465 454 455 459 462 477 478 466 460 462 460 455 461 476 462 478 458 455 460 452 453 454 478 477 479 479 477 457 461 453 480 462 461 477 455 453 461 467 450 452 479 457 456 461 480 477 480 450 481 477 480 457 450 480 453 420 451 421 456 449 446 480 481 457 481 420 482 457 481 449 450 420 481 422 421 423 449 482 447 481 482 449 482 422 483 415 447 416 420 422 482 424 423 428 447 483 416 482 483 447 483 424 442 414 416 425 422 424 483 438 427 428 416 442 425 483 442 416 442 427 441 426 425 484 424 427 442 485 439 438 432 484 433 484 432 426 441 439 444 425 441 484 427 439 441 443 485 445 433 431 440 441 444 484 433 444 431 484 444 433 485 443 439 444 439 443 440 430 436 429 431 443 436 435 440 430 440 431 486 487 488 486 488 489 490 491 492 493 494 495 496 497 490 490 492 496 492 491 498 494 498 495 491 495 498 499 500 501 502 503 504 505 506 507 508 509 510 511 512 513 514 511 515 516 513 517 512 517 513 518 519 516 516 517 518 511 514 512 507 514 515 510 506 505 505 507 515 510 509 506 499 508 500 508 499 509 500 503 501 502 504 493 501 503 502 494 493 504 520 521 522 523 524 525 526 527 528 529 530 520 520 522 529 531 532 530 531 530 529 532 533 530 521 534 522 534 535 536 535 534 521 523 536 524 535 524 536 537 538 539 540 541 542 527 543 528 544 545 546 540 546 545 544 547 548 548 545 544 542 541 526 542 546 540 528 542 526 543 527 537 543 537 539 539 538 525 523 525 538 549 550 551 552 553 549 549 551 552 551 550 554 550 555 554 554 555 556 557 558 559 560 557 561 562 563 564 563 565 566 567 568 569 570 571 567 572 573 574 575 569 576 577 574 578 579 578 580 581 582 583 584 585 586 587 588 589 590 587 589 591 592 593 594 589 588 595 596 597 598 599 600 601 602 603 604 605 599 606 607 608 601 603 609 591 610 558 611 612 613 614 561 615 616 617 611 618 619 620 620 615 561 618 621 622 618 622 619 623 620 559 624 625 626 626 625 627 628 626 627 629 628 627 629 630 628 629 631 630 630 631 632 633 634 635 631 636 637 638 639 640 634 641 635 642 643 639 642 639 638 635 641 640 644 645 646 633 647 634 560 561 614 615 620 619 559 620 561 648 560 614 563 649 571 648 644 560 648 645 644 650 651 646 652 651 650 653 654 568 650 646 645 655 652 656 652 655 651 657 655 656 657 658 655 659 660 661 662 655 658 663 662 664 655 665 651 646 566 644 666 646 651 565 560 644 666 566 646 620 623 618 566 565 644 618 667 621 565 557 560 621 624 622 561 557 559 668 669 625 670 627 669 621 625 624 667 618 623 636 629 670 668 625 621 669 671 670 669 627 625 631 647 632 627 670 629 634 647 672 673 634 672 632 647 633 647 637 672 673 638 641 673 641 634 638 640 641 662 665 655 658 664 662 674 663 675 665 666 651 662 653 665 666 649 566 676 666 665 565 562 557 649 666 676 559 610 623 566 649 563 623 677 667 562 565 563 678 668 679 557 562 558 559 558 610 678 671 669 667 668 621 677 623 610 671 680 670 679 668 667 681 671 682 678 669 668 683 637 684 631 637 647 629 636 631 636 680 684 672 683 685 683 672 637 673 672 685 663 653 662 664 675 663 674 660 659 653 676 665 663 654 653 676 567 649 676 653 568 686 687 598 676 568 567 592 558 562 567 571 649 564 688 689 571 564 563 690 691 677 564 592 562 558 592 591 692 682 678 677 679 667 690 677 610 692 691 693 691 679 677 680 671 681 692 678 679 680 694 684 636 684 637 670 680 636 680 681 694 683 684 695 674 654 663 675 660 674 661 696 659 654 697 576 674 697 654 698 572 577 568 654 576 688 564 571 568 576 569 689 592 564 567 569 570 688 607 606 570 688 571 699 700 690 692 693 701 591 690 610 592 689 593 691 692 679 699 690 591 693 700 702 700 691 690 681 682 703 704 705 681 678 682 671 701 703 682 694 695 684 681 705 694 705 695 694 659 697 674 706 696 661 706 707 696 697 708 573 708 697 659 709 570 569 573 576 697 607 688 570 575 576 573 606 689 688 709 569 575 596 593 689 709 607 570 710 687 699 693 702 711 593 699 591 606 596 689 700 693 691 710 699 593 712 702 686 687 700 699 701 713 703 714 704 703 692 701 682 711 713 701 704 681 703 696 708 659 715 707 706 587 583 588 715 716 707 708 696 717 575 572 718 573 708 574 709 718 719 572 575 573 607 719 608 718 709 575 606 608 597 719 607 709 599 595 720 599 598 595 596 710 593 606 597 596 687 702 700 595 710 596 711 702 712 598 687 710 712 713 711 713 714 703 693 711 701 721 714 713 707 717 696 722 716 715 723 716 722 717 574 708 717 707 724 725 718 698 578 574 717 726 719 725 577 572 574 727 728 729 698 718 572 726 727 608 725 719 718 727 720 597 719 726 608 595 598 710 597 608 727 599 720 604 595 597 720 712 686 730 687 686 702 600 730 686 721 713 712 730 731 712 721 712 732 716 724 707 733 723 722 723 733 581 724 578 717 734 724 716 577 579 735 724 580 578 698 735 736 578 579 577 725 736 737 577 735 698 726 737 728 736 725 698 604 720 729 737 726 725 604 601 609 728 727 726 729 601 604 729 720 727 600 738 730 731 730 739 598 600 686 605 738 600 731 732 712 723 734 716 582 581 733 580 586 740 734 580 724 584 734 723 579 740 741 586 580 734 735 741 742 580 740 579 736 742 743 579 741 735 737 743 744 735 742 736 728 744 745 736 743 737 729 745 601 737 744 728 613 603 616 729 728 745 746 738 747 738 739 730 599 605 600 605 609 747 746 739 738 581 584 723 748 583 582 586 749 740 584 586 734 750 585 584 741 740 751 585 749 586 742 741 752 749 751 740 753 754 755 741 751 752 754 743 742 742 752 754 753 744 743 743 754 753 756 745 744 744 753 756 602 601 745 756 602 745 757 747 613 605 747 738 604 609 605 609 603 613 746 747 757 583 750 581 588 748 758 585 750 759 581 750 584 750 587 759 749 585 760 585 759 760 751 749 761 749 760 761 762 752 751 751 761 762 763 754 752 752 762 763 755 764 765 754 763 755 756 753 765 753 755 765 602 756 766 756 765 766 603 602 767 767 602 766 609 613 747 767 616 603 757 613 612 748 588 583 594 588 758 590 768 759 583 587 750 590 759 587 768 769 760 768 760 759 769 770 761 769 761 760 770 771 762 770 762 761 763 771 772 771 763 762 755 772 773 772 755 763 764 755 773 764 774 765 765 774 766 774 775 766 766 775 767 775 776 767 616 611 613 767 776 616 617 616 776 777 778 779 780 781 782 783 784 785 786 783 787 778 788 786 789 778 790 791 790 777 791 792 793 794 795 793 792 794 793 795 796 793 797 792 798 799 790 796 787 779 786 798 800 797 784 801 802 785 787 783 803 804 805 805 784 806 807 808 804 784 809 785 808 810 804 805 810 809 808 807 780 811 812 807 781 813 814 807 815 781 816 817 818 819 818 814 816 820 821 817 822 818 822 823 824 822 782 814 823 822 817 782 824 825 819 820 818 816 818 820 824 782 822 825 826 780 819 814 813 822 814 818 825 780 782 808 826 827 813 781 815 782 781 814 826 808 780 810 827 828 815 807 812 780 807 781 827 810 808 809 828 829 803 811 804 807 804 811 828 809 810 829 830 785 803 805 806 810 805 804 829 785 809 787 830 831 806 784 802 809 784 805 830 787 785 779 831 832 833 801 783 784 783 801 831 779 787 777 832 834 788 833 786 783 786 833 832 777 779 834 835 791 788 778 789 779 778 786 834 791 777 798 792 835 789 790 799 777 790 778 792 791 835 797 794 792 796 790 793 791 793 790 836 837 838 839 840 841 842 843 844 845 846 847 843 848 849 850 851 852 853 848 854 850 855 851 852 856 850 857 853 854 841 840 847 858 859 860 857 854 860 845 861 846 842 862 863 864 863 865 866 864 867 861 868 869 870 871 866 872 869 873 871 874 875 876 877 872 878 875 879 877 880 881 882 883 884 885 886 884 881 886 838 887 884 883 882 888 883 836 889 890 891 878 837 892 837 878 850 853 855 893 856 852 894 858 854 855 853 857 849 848 853 858 860 854 856 849 850 840 839 893 895 894 848 850 849 853 844 843 849 894 854 848 856 839 844 839 856 893 843 895 848 856 844 849 844 862 842 896 895 843 862 839 841 868 861 845 897 896 842 839 862 844 865 863 862 896 843 842 841 846 865 846 841 847 898 897 863 841 865 862 867 864 865 897 842 863 861 867 846 873 869 868 899 898 864 846 867 865 867 870 866 898 863 864 869 870 861 876 872 873 866 900 899 861 870 867 870 874 871 899 864 866 872 874 869 880 877 876 871 901 900 869 874 870 874 879 875 900 866 871 877 879 872 902 881 880 875 903 901 872 879 874 879 892 878 901 871 875 881 892 877 904 886 902 878 891 903 877 892 879 892 838 837 903 875 878 902 886 881 884 904 882 837 836 890 881 838 892 838 885 836 890 891 837 904 884 886 886 885 838 887 905 885 884 887 885 889 836 905 885 905 836 906 907 908 909 910 906 906 911 912 913 914 915 907 910 916 917 916 918 910 919 916 920 914 921 913 921 914 918 920 917 920 921 917 907 916 922 918 916 919 923 909 924 909 923 910 924 909 925 926 924 925 926 927 928 929 930 931 921 913 932 908 933 911 934 935 936 937 938 929 939 929 940 933 941 937 942 943 935 938 942 944 945 946 947 948 949 950 951 948 952 953 954 955 956 957 958 959 954 960 944 935 934 954 959 961 962 963 964 963 965 966 936 935 967 968 969 946 970 971 972 973 974 947 965 975 968 976 977 978 979 977 980 971 981 982 983 970 978 978 970 984 985 986 932 960 953 987 921 932 986 985 988 986 922 917 986 909 912 925 989 927 990 919 910 923 906 910 907 991 992 927 906 912 909 925 990 927 928 927 992 926 925 927 921 986 917 993 988 985 988 993 994 917 922 916 995 922 988 931 990 912 908 907 995 930 996 989 911 906 908 931 912 911 927 989 991 925 912 990 930 989 990 997 991 989 986 988 922 998 994 993 999 994 998 922 995 907 1000 995 994 938 940 929 908 1000 933 1001 996 939 937 911 933 929 931 937 989 996 997 990 931 930 996 930 939 1002 997 996 988 994 995 1003 999 998 1003 1004 999 995 1000 908 1005 1000 999 911 937 931 933 1005 941 939 940 1006 938 937 941 1007 1001 1008 1001 1002 996 930 929 939 1001 939 1006 1007 1002 1001 994 999 1000 1009 1004 1003 1009 1010 1004 1000 1005 933 1011 1005 1004 962 1006 940 941 1011 942 964 1012 1008 938 941 942 1008 1001 1006 944 962 940 1008 1006 964 1013 1014 1008 1008 1014 1007 999 1004 1005 1015 1010 1009 1015 949 1010 1005 1011 941 1011 1010 943 1016 965 963 1017 1012 966 938 944 940 942 935 944 963 962 934 1008 1012 1013 1006 962 964 1012 964 966 1018 1013 1012 1004 1010 1011 950 949 1015 1019 1020 951 1011 943 942 967 943 949 963 934 1016 968 946 1017 944 934 962 934 936 1016 1021 1017 946 1017 1018 1012 964 963 966 965 968 966 1021 1018 1017 1010 949 943 952 948 950 936 1022 1016 943 967 935 1023 967 948 1016 1024 965 1023 1022 936 969 973 947 1016 1022 1024 966 968 1017 965 1024 975 946 1025 1021 968 975 969 945 1025 946 949 948 967 1019 951 952 1022 956 1024 967 1023 936 951 1026 1023 1024 958 975 1026 956 1022 975 1027 969 958 1024 956 975 958 1027 973 969 1027 946 969 947 1028 947 974 1028 945 947 948 951 1023 1029 1020 1019 1030 1027 958 1023 1026 1022 1020 987 1026 1031 973 1027 987 957 956 980 974 973 957 1030 958 970 972 984 1030 1031 1027 976 1028 974 980 973 1031 976 974 977 1032 1033 976 1028 976 1033 951 1020 1026 960 1029 959 953 1034 957 1026 987 956 953 957 987 1034 1035 1030 1034 1030 957 1035 1036 1031 1035 1031 1030 1036 979 980 1036 980 1031 979 983 977 976 978 1032 974 980 977 977 983 978 984 1032 978 1029 960 1020 987 1020 960 1034 955 1037 954 953 960 1035 1037 1038 955 1034 953 1036 1038 1039 1037 1035 1034 979 1039 1040 1038 1036 1035 983 1040 1041 1039 979 1036 970 1041 981 1040 983 979 1041 970 983 971 970 981 1042 1043 1044 1045 1042 1044 1046 1044 1043 1047 1048 1049 1045 1048 1047 1049 1050 1051 1042 1045 1047 1052 1053 1054 1050 1052 1051 1050 1049 1048 1054 1051 1052 1053 1055 1054 1056 1046 1043 1056 1057 1046 1058 1059 1057 1046 1057 1059 1058 1060 1061 1061 1059 1058 1062 1060 1063 1060 1062 1061 1064 1065 1063 1062 1063 1065 1064 1066 1067 1067 1065 1064 1068 1066 1069 1066 1068 1067 1068 1069 1070 1070 1069 1071 1072 1073 1074 1075 1076 1077 1073 1078 1079 1080 1081 1082 1083 1079 1084 1085 1080 1086 1087 1082 1088 1089 1090 1083 1091 1090 1092 1093 1094 1095 1096 1086 1097 1098 1097 1099 1086 1100 1097 1101 1102 1091 1099 1097 1103 1092 1101 1091 1104 1101 1092 1105 1106 1087 1104 1107 1101 1074 1108 1109 1079 1078 1084 1110 1106 1111 1110 1112 1113 1077 1076 1108 1114 1112 1115 1116 1075 1077 1117 1118 1115 1119 1120 1116 1117 1121 1122 1123 1119 1124 1125 1121 1126 1122 1127 1128 1122 1121 1125 1129 1126 1130 1131 1132 1127 1128 1132 1133 1132 1128 1127 1124 1133 1123 1124 1128 1133 1121 1130 1126 1127 1122 1125 1122 1118 1117 1134 1130 1121 1124 1118 1128 1120 1119 1123 1117 1134 1121 1128 1118 1122 1118 1114 1115 1135 1134 1117 1119 1114 1124 1136 1116 1120 1115 1135 1117 1124 1114 1118 1114 1113 1112 1137 1135 1115 1116 1113 1119 1136 1075 1116 1112 1137 1115 1119 1113 1114 1113 1138 1110 1139 1137 1112 1077 1138 1116 1108 1076 1109 1110 1139 1112 1116 1138 1113 1138 1140 1106 1111 1139 1110 1108 1140 1077 1072 1074 1109 1138 1106 1110 1077 1140 1138 1140 1141 1087 1111 1106 1105 1074 1141 1108 1142 1073 1072 1140 1087 1106 1108 1141 1140 1141 1143 1082 1105 1087 1088 1073 1143 1074 1142 1078 1073 1141 1082 1087 1074 1143 1141 1143 1144 1080 1088 1082 1081 1079 1144 1073 1083 1084 1089 1143 1080 1082 1073 1144 1143 1144 1100 1086 1081 1080 1085 1083 1100 1079 1145 1090 1089 1144 1086 1080 1079 1100 1144 1100 1103 1097 1085 1086 1096 1090 1103 1083 1092 1145 1146 1095 1094 1099 1083 1103 1100 1099 1103 1091 1096 1097 1098 1145 1092 1090 1104 1092 1146 1102 1095 1099 1090 1091 1103 1099 1091 1102 1098 1099 1094 1147 1148 1149 1150 1147 1151 1149 1151 1147 1152 1153 1150 1150 1151 1152 1154 1153 1152 1147 1155 1148 1156 1155 1157 1155 1156 1148 1156 1157 1158 1159 1160 1161 1162 1161 1163 1164 1165 1166 1167 1168 1169 1170 1167 1169 1171 1162 1163 1172 1170 1173 1174 1175 1176 1174 1163 1175 1177 1159 1172 1178 1169 1179 1180 1172 1181 1182 1183 1178 1162 1184 1161 1183 1185 1186 1187 1188 1186 1181 1189 1190 1191 1188 1192 1193 1189 1194 1191 1195 1196 1194 1197 1198 1196 1199 1200 1201 1197 1196 1200 1199 1202 1203 1202 1204 1204 1202 1199 1205 1206 1203 1204 1205 1203 1207 1208 1209 1206 1205 1207 1208 1207 1210 1211 1210 1205 1205 1210 1207 1212 1211 1204 1205 1204 1211 1213 1212 1199 1204 1199 1212 1200 1201 1196 1198 1197 1201 1199 1196 1213 1195 1213 1196 1196 1197 1191 1193 1194 1198 1191 1214 1188 1192 1195 1191 1214 1197 1194 1193 1190 1189 1197 1214 1191 1214 1215 1186 1187 1192 1188 1189 1215 1194 1190 1180 1181 1214 1186 1188 1194 1215 1214 1215 1216 1183 1187 1186 1185 1181 1216 1189 1177 1172 1180 1215 1183 1186 1189 1216 1215 1216 1173 1178 1185 1183 1182 1172 1173 1181 1160 1159 1177 1216 1178 1183 1181 1173 1216 1173 1170 1169 1182 1178 1179 1159 1170 1172 1217 1161 1160 1179 1169 1218 1178 1173 1169 1184 1167 1170 1168 1218 1169 1161 1184 1159 1217 1175 1163 1167 1184 1166 1159 1184 1170 1184 1162 1166 1165 1168 1167 1163 1161 1217 1174 1171 1163 1171 1219 1162 1162 1219 1166 1164 1166 1219 1165 1167 1166 1220 1221 1222 1223 1224 1225 1226 1227 1228 1227 1229 1228 1230 1231 1232 1230 1233 1234 1228 1233 1235 1236 1220 1237 1232 1238 1239 1240 1237 1241 1234 1242 1231 1241 1243 1240 1223 1244 1239 1245 1244 1246 1231 1247 1238 1246 1225 1248 1223 1238 1224 1249 1250 1251 1252 1244 1245 1249 1251 1253 1253 1254 1249 1255 1245 1246 1245 1256 1257 1258 1259 1257 1260 1258 1261 1257 1262 1263 1257 1259 1245 1262 1264 1263 1265 1266 1264 1263 1266 1267 1266 1263 1264 1258 1267 1261 1258 1263 1267 1268 1226 1269 1255 1256 1245 1257 1256 1262 1263 1258 1257 1270 1260 1261 1271 1260 1270 1252 1259 1260 1225 1246 1223 1248 1225 1250 1255 1246 1248 1246 1244 1223 1251 1225 1224 1225 1251 1250 1258 1260 1259 1272 1271 1270 1273 1271 1272 1259 1252 1245 1252 1271 1274 1247 1251 1224 1239 1244 1274 1275 1276 1253 1238 1223 1239 1238 1247 1224 1277 1253 1276 1253 1251 1275 1254 1253 1277 1260 1271 1252 1278 1273 1272 1278 1279 1273 1252 1274 1244 1274 1273 1280 1231 1230 1234 1232 1239 1280 1232 1231 1238 1247 1242 1275 1276 1281 1282 1251 1247 1275 1276 1275 1283 1277 1276 1282 1271 1273 1274 1284 1279 1278 1285 1269 1235 1274 1280 1239 1280 1279 1286 1287 1288 1234 1286 1230 1232 1289 1283 1290 1275 1242 1283 1247 1231 1242 1283 1242 1288 1283 1281 1276 1289 1281 1283 1273 1279 1280 1285 1291 1284 1233 1228 1287 1280 1286 1232 1291 1292 1286 1293 1288 1287 1292 1233 1230 1283 1288 1290 1242 1234 1288 1290 1288 1293 1289 1290 1294 1286 1279 1291 1284 1291 1279 1286 1292 1230 1291 1235 1292 1295 1293 1229 1296 1293 1295 1234 1233 1287 1293 1287 1229 1293 1296 1290 1294 1290 1296 1285 1235 1291 1297 1298 1268 1233 1292 1235 1226 1235 1269 1295 1299 1300 1287 1228 1229 1295 1229 1222 1296 1295 1300 1235 1226 1228 1268 1298 1226 1229 1227 1222 1222 1227 1220 1222 1299 1295 1301 1299 1222 1226 1298 1227 1302 1298 1297 1221 1301 1222 1227 1298 1220 1220 1236 1221 1236 1301 1221 1237 1302 1241 1237 1298 1302 1236 1237 1303 1298 1237 1220 1303 1237 1240 1304 1305 1306 1307 1304 1306 1305 1308 1306 1307 1309 1310 1310 1304 1307 1311 1309 1312 1309 1311 1310 1313 1308 1314 1308 1305 1314 1315 1316 1313 1313 1314 1315 1317 1316 1315 1316 1317 1318 1319 1320 1318 1318 1317 1319 1320 1321 1322 1321 1320 1319 1323 1322 1324 1321 1324 1322 1325 1326 1323 1323 1324 1325 1326 1327 1328 1327 1326 1325 1329 1328 1330 1327 1330 1328 1331 1332 1333 1334 1335 1336 1336 1337 1338 1336 1331 1337 1338 1339 1340 1341 1338 1342 1343 1344 1332 1333 1344 1345 1338 1340 1342 1344 1346 1347 1343 1348 1346 1349 1348 1350 1351 1346 1349 1350 1352 1353 1354 1355 1352 1353 1356 1349 1353 1355 1357 1358 1355 1354 1359 1358 1360 1361 1362 1363 1359 1361 1363 1364 1362 1365 1362 1364 1363 1364 1365 1366 1358 1354 1360 1360 1361 1359 1355 1358 1367 1368 1360 1354 1357 1355 1367 1355 1353 1352 1369 1368 1354 1356 1353 1357 1353 1349 1350 1370 1369 1352 1354 1352 1369 1351 1349 1356 1349 1346 1348 1371 1370 1350 1352 1350 1370 1347 1346 1351 1346 1344 1343 1372 1371 1348 1350 1348 1371 1345 1344 1347 1344 1333 1332 1373 1372 1343 1348 1343 1372 1374 1333 1345 1333 1337 1331 1375 1373 1332 1343 1332 1373 1333 1374 1337 1339 1337 1374 1335 1375 1331 1332 1331 1375 1337 1339 1338 1338 1341 1336 1334 1336 1341 1331 1336 1335 1376 1377 1378 1379 1380 1381 1382 1383 1384 1385 1386 1387 1379 1378 1388 1389 1390 1391 1392 1390 1393 1394 1385 1395 1388 1396 1397 1398 1379 1388 1396 1399 1397 1400 1388 1397 1401 1395 1402 1401 1403 1404 1405 1406 1407 1408 1409 1410 1411 1405 1412 1413 1404 1414 1415 1416 1417 1418 1419 1420 1414 1419 1413 1421 1417 1416 1422 1408 1423 1418 1424 1419 1425 1424 1418 1426 1427 1428 1426 1424 1425 1427 1425 1429 1427 1426 1425 1423 1428 1422 1423 1426 1428 1423 1430 1424 1430 1413 1419 1420 1419 1415 1415 1414 1416 1426 1423 1424 1409 1408 1422 1403 1431 1416 1424 1430 1419 1432 1430 1408 1404 1413 1432 1431 1433 1416 1414 1415 1419 1416 1414 1403 1416 1433 1421 1423 1408 1430 1434 1410 1409 1435 1431 1402 1430 1432 1413 1436 1432 1410 1436 1401 1404 1431 1437 1438 1414 1404 1403 1431 1403 1402 1433 1431 1438 1408 1410 1432 1411 1439 1434 1440 1441 1435 1432 1436 1404 1442 1436 1439 1442 1395 1401 1431 1435 1437 1403 1401 1402 1440 1435 1402 1443 1437 1435 1436 1410 1439 1434 1439 1410 1436 1442 1401 1394 1442 1412 1395 1385 1440 1435 1441 1443 1402 1395 1440 1392 1441 1440 1444 1443 1441 1442 1439 1412 1411 1412 1439 1442 1394 1395 1386 1394 1407 1440 1385 1392 1392 1385 1387 1392 1444 1441 1393 1444 1392 1394 1412 1407 1405 1407 1412 1383 1387 1386 1394 1386 1385 1406 1383 1386 1392 1387 1390 1390 1387 1445 1393 1390 1389 1406 1386 1407 1406 1384 1383 1446 1382 1384 1376 1378 1446 1390 1445 1391 1387 1383 1445 1391 1445 1381 1389 1391 1447 1381 1445 1382 1383 1382 1445 1446 1378 1382 1447 1391 1381 1380 1447 1381 1379 1381 1378 1382 1378 1381 1380 1379 1398 1377 1396 1388 1388 1378 1377 1398 1388 1400 1448 1449 1450 1451 1449 1452 1453 1454 1455 1456 1457 1448 1457 1456 1458 1459 1450 1460 1461 1457 1462 1460 1463 1464 1465 1459 1460 1466 1462 1467 1468 1452 1469 1470 1471 1467 1469 1472 1473 1459 1455 1456 1474 1475 1476 1477 1474 1478 1479 1472 1475 1480 1477 1481 1475 1477 1482 1483 1484 1481 1483 1481 1478 1485 1486 1487 1486 1488 1483 1485 1489 1490 1486 1491 1488 1490 1492 1493 1491 1490 1494 1490 1493 1494 1495 1496 1497 1498 1496 1495 1498 1493 1496 1493 1492 1496 1498 1494 1493 1490 1491 1486 1490 1489 1492 1490 1486 1485 1488 1484 1483 1480 1481 1484 1486 1483 1487 1499 1483 1478 1499 1487 1483 1482 1477 1480 1478 1500 1499 1500 1478 1474 1501 1499 1500 1477 1478 1481 1475 1482 1479 1476 1500 1474 1502 1501 1500 1477 1475 1474 1472 1479 1473 1502 1500 1470 1470 1500 1476 1471 1470 1476 1503 1502 1470 1475 1472 1476 1468 1469 1473 1470 1467 1503 1476 1472 1471 1467 1471 1466 1504 1503 1467 1472 1469 1471 1451 1452 1468 1462 1504 1467 1471 1469 1466 1462 1466 1461 1505 1504 1462 1469 1452 1466 1506 1449 1451 1457 1505 1462 1466 1452 1461 1461 1448 1457 1458 1505 1457 1452 1449 1461 1506 1463 1450 1454 1456 1455 1461 1449 1448 1456 1448 1459 1454 1458 1456 1506 1450 1449 1463 1460 1450 1507 1459 1465 1448 1450 1459 1459 1507 1455 1455 1507 1453</p>
        </triangles>
      </mesh>
    </geometry>
    <geometry id="ID10">
      <mesh>
        <source id="ID11">
          <float_array count="426" id="ID12">-0.00389551 -0.018549 -0.00674722 -0.00495199 -0.0178339 -0.0060371 -0.00385214 -0.0178339 -0.00667211 -0.00499536 -0.018549 -0.00611222 -0.00460851 -0.0120104 -0.00544217 -0.00385214 -0.0178339 -0.00667211 -0.00495199 -0.0178339 -0.0060371 -0.0038015 -2.9375e-17 -0.0040444 -0.00270165 -2.9375e-17 -0.0046794 -0.00312517 -0.00606603 -0.00541296 -0.00422503 -0.00606603 -0.00477796 -0.00350866 -0.0120104 -0.00607717 -0.00270165 -2.9375e-17 -0.0046794 -0.00420248 1.0177e-19 -0.00473891 -0.00310263 1.0177e-19 -0.0053739 -0.0038015 -2.9375e-17 -0.0040444 -0.00451924 -0.006547 -0.00528756 -0.00310263 1.0177e-19 -0.0053739 -0.00420248 1.0177e-19 -0.00473891 -0.00582257 -0.0260722 -0.00754499 -0.00422944 -0.0195831 -0.0073256 -0.00532929 -0.0195831 -0.0066906 -0.00489485 -0.0130747 -0.00593812 -0.00379499 -0.0130747 -0.00657312 -0.00341939 -0.006547 -0.00592256 -0.00588581 -0.0389926 -0.0101945 -0.00698566 -0.0389926 -0.00955951 -0.00765546 -0.0454238 -0.0107196 -0.00472272 -0.0260722 -0.00817999 -0.0063747 -0.032542 -0.0085013 -0.00527484 -0.032542 -0.0091363 -0.0083841 -0.0518357 -0.0119817 -0.00655561 -0.0454238 -0.0113546 -0.00728425 -0.0518357 -0.0126167 -0.00728425 -0.0518357 -0.0126167 -0.00813706 -0.0519628 -0.0115538 -0.00703721 -0.0519628 -0.0121888 -0.0083841 -0.0518357 -0.0119817 -0.00703721 -0.0519628 -0.0121888 -0.00791381 -0.0503399 -0.0111671 -0.00681396 -0.0503399 -0.0118021 -0.00813706 -0.0519628 -0.0115538 -0.00681396 -0.0503399 -0.0118021 -0.00755819 -0.0476271 -0.0105512 -0.00645834 -0.0476271 -0.0111862 -0.00791381 -0.0503399 -0.0111671 -0.00645834 -0.0476271 -0.0111862 -0.00751024 -0.0472478 -0.0104681 -0.00641039 -0.0472478 -0.0111031 -0.00755819 -0.0476271 -0.0105512 -0.00717215 -0.0444692 -0.00988253 -0.00641039 -0.0472478 -0.0111031 -0.00751024 -0.0472478 -0.0104681 -0.00686469 -0.0417586 -0.00934999 -0.00576484 -0.0417586 -0.00998499 -0.0060723 -0.0444692 -0.0105175 -0.00576484 -0.0417586 -0.00998499 -0.00680512 -0.04121 -0.00924681 -0.00570526 -0.04121 -0.00988181 -0.00686469 -0.0417586 -0.00934999 -0.00646702 -0.0379268 -0.0086612 -0.00570526 -0.04121 -0.00988181 -0.00680512 -0.04121 -0.00924681 -0.00616674 -0.0347262 -0.00814111 -0.00506689 -0.0347262 -0.00877611 -0.00536716 -0.0379268 -0.0092962 -0.00506689 -0.0347262 -0.00877611 -0.00610109 -0.0339843 -0.0080274 -0.00500124 -0.0339843 -0.0086624 -0.00616674 -0.0347262 -0.00814111 -0.00579991 -0.0303563 -0.00750574 -0.00500124 -0.0339843 -0.0086624 -0.00610109 -0.0339843 -0.0080274 -0.00553372 -0.0268016 -0.00704469 -0.00443387 -0.0268016 -0.00767969 -0.00470006 -0.0303563 -0.00814074 -0.00443387 -0.0268016 -0.00767969 -0.00546935 -0.0258884 -0.00693319 -0.0043695 -0.0258884 -0.00756819 -0.00553372 -0.0268016 -0.00704469 -0.0052232 -0.0222026 -0.00650684 -0.0043695 -0.0258884 -0.00756819 -0.00546935 -0.0258884 -0.00693319 -0.00499536 -0.018549 -0.00611222 -0.00389551 -0.018549 -0.00674722 -0.00412334 -0.0222026 -0.00714184 -0.00582257 -0.0260722 -0.00754499 -0.00553372 -0.0268016 -0.00704469 -0.00579991 -0.0303563 -0.00750574 -0.00460851 -0.0120104 -0.00544217 -0.00489485 -0.0130747 -0.00593812 -0.00451924 -0.006547 -0.00528756 -0.00422503 -0.00606603 -0.00477796 -0.00420248 1.0177e-19 -0.00473891 -0.0038015 -2.9375e-17 -0.0040444 -0.00495199 -0.0178339 -0.0060371 -0.00532929 -0.0195831 -0.0066906 -0.00646702 -0.0379268 -0.0086612 -0.00680512 -0.04121 -0.00924681 -0.00698566 -0.0389926 -0.00955951 -0.00499536 -0.018549 -0.00611222 -0.00755819 -0.0476271 -0.0105512 -0.00791381 -0.0503399 -0.0111671 -0.00765546 -0.0454238 -0.0107196 -0.00751024 -0.0472478 -0.0104681 -0.0083841 -0.0518357 -0.0119817 -0.00813706 -0.0519628 -0.0115538 -0.00717215 -0.0444692 -0.00988253 -0.00686469 -0.0417586 -0.00934999 -0.0063747 -0.032542 -0.0085013 -0.00616674 -0.0347262 -0.00814111 -0.00610109 -0.0339843 -0.0080274 -0.00546935 -0.0258884 -0.00693319 -0.0052232 -0.0222026 -0.00650684 -0.00472272 -0.0260722 -0.00817999 -0.00470006 -0.0303563 -0.00814074 -0.00443387 -0.0268016 -0.00767969 -0.00312517 -0.00606603 -0.00541296 -0.00310263 1.0177e-19 -0.0053739 -0.00341939 -0.006547 -0.00592256 -0.00350866 -0.0120104 -0.00607717 -0.00389551 -0.018549 -0.00674722 -0.00422944 -0.0195831 -0.0073256 -0.00412334 -0.0222026 -0.00714184 -0.00270165 -2.9375e-17 -0.0046794 -0.00385214 -0.0178339 -0.00667211 -0.00379499 -0.0130747 -0.00657312 -0.00570526 -0.04121 -0.00988181 -0.00588581 -0.0389926 -0.0101945 -0.00576484 -0.0417586 -0.00998499 -0.00645834 -0.0476271 -0.0111862 -0.00655561 -0.0454238 -0.0113546 -0.00681396 -0.0503399 -0.0118021 -0.00641039 -0.0472478 -0.0111031 -0.00728425 -0.0518357 -0.0126167 -0.00703721 -0.0519628 -0.0121888 -0.0060723 -0.0444692 -0.0105175 -0.00536716 -0.0379268 -0.0092962 -0.00527484 -0.032542 -0.0091363 -0.00506689 -0.0347262 -0.00877611 -0.00500124 -0.0339843 -0.0086624 -0.0043695 -0.0258884 -0.00756819</float_array>
          <technique_common>
            <accessor count="142" source="#ID12" stride="3">
              <param name="X" type="float"/>
              <param name="Y" type="float"/>
              <param name="Z" type="float"/>
            </accessor>
          </technique_common>
        </source>
        <source id="ID13">
          <float_array count="426" id="ID14">0.496362 -0.120415 0.859724 0.496362 -0.120415 0.859724 0.496362 -0.120415 0.859724 0.496362 -0.120415 0.859724 0.496396 -0.119858 0.859782 0.496385 -0.120034 0.859764 0.496385 -0.120034 0.859764 0.494281 -0.150818 0.856119 0.494281 -0.150818 0.856119 0.495722 -0.130533 0.858616 0.495722 -0.130533 0.858616 0.496396 -0.119858 0.859782 6.34516e-17 1 1.09901e-16 6.34516e-17 1 1.09901e-16 6.34516e-17 1 1.09901e-16 6.34516e-17 1 1.09901e-16 -0.496873 0.111666 -0.860609 -0.497197 0.105743 -0.86117 -0.497197 0.105743 -0.86117 -0.494344 0.149992 -0.856228 -0.495505 0.13379 -0.85824 -0.495505 0.13379 -0.85824 -0.496325 0.121016 -0.859661 -0.496325 0.121016 -0.859661 -0.496873 0.111666 -0.860609 -0.490629 0.192702 -0.849794 -0.490629 0.192702 -0.849794 -0.487841 0.21919 -0.844966 -0.494344 0.149992 -0.856228 -0.492754 0.169629 -0.853475 -0.492754 0.169629 -0.853475 -0.484246 0.249041 -0.83874 -0.487841 0.21919 -0.844966 -0.484246 0.249041 -0.83874 -0.124521 -0.968493 -0.215676 -0.124521 -0.968493 -0.215676 -0.124521 -0.968493 -0.215676 -0.124521 -0.968493 -0.215676 0.481486 -0.269599 0.833959 0.482677 -0.260942 0.836021 0.482677 -0.260942 0.836021 0.481486 -0.269599 0.833959 0.482677 -0.260942 0.836021 0.48461 -0.246196 0.839369 0.48461 -0.246196 0.839369 0.482677 -0.260942 0.836021 0.48461 -0.246196 0.839369 0.484873 -0.244113 0.839825 0.484873 -0.244113 0.839825 0.48461 -0.246196 0.839369 0.486743 -0.228749 0.843063 0.484873 -0.244113 0.839825 0.484873 -0.244113 0.839825 0.488447 -0.213722 0.846015 0.488447 -0.213722 0.846015 0.486743 -0.228749 0.843063 0.488447 -0.213722 0.846015 0.488776 -0.210694 0.846585 0.488776 -0.210694 0.846585 0.488447 -0.213722 0.846015 0.490616 -0.192827 0.849772 0.488776 -0.210694 0.846585 0.488776 -0.210694 0.846585 0.492181 -0.176155 0.852483 0.492181 -0.176155 0.852483 0.490616 -0.192827 0.849772 0.492181 -0.176155 0.852483 0.492509 -0.172446 0.853051 0.492509 -0.172446 0.853051 0.492181 -0.176155 0.852483 0.493921 -0.155463 0.855496 0.492509 -0.172446 0.853051 0.492509 -0.172446 0.853051 0.49499 -0.141214 0.857347 0.49499 -0.141214 0.857347 0.493921 -0.155463 0.855496 0.49499 -0.141214 0.857347 0.495215 -0.138021 0.857737 0.495215 -0.138021 0.857737 0.49499 -0.141214 0.857347 0.495926 -0.127389 0.85897 0.495215 -0.138021 0.857737 0.495215 -0.138021 0.857737 0.496337 -0.120824 0.859681 0.496337 -0.120824 0.859681 0.495926 -0.127389 0.85897 -0.866025 0 0.5 -0.866025 0 0.5 -0.866025 0 0.5 -0.866025 0 0.5 -0.866025 0 0.5 -0.866025 0 0.5 -0.866025 0 0.5 -0.866025 0 0.5 -0.866025 0 0.5 -0.866025 0 0.5 -0.866025 0 0.5 -0.866025 0 0.5 -0.866025 0 0.5 -0.866025 0 0.5 -0.866025 0 0.5 -0.866025 0 0.5 -0.866025 0 0.5 -0.866025 0 0.5 -0.866025 0 0.5 -0.866025 0 0.5 -0.866025 0 0.5 -0.866025 0 0.5 -0.866025 0 0.5 -0.866025 0 0.5 -0.866025 0 0.5 -0.866025 0 0.5 -0.866025 0 0.5 -0.866025 0 0.5 0.866025 0 -0.5 0.866025 0 -0.5 0.866025 0 -0.5 0.866025 0 -0.5 0.866025 0 -0.5 0.866025 0 -0.5 0.866025 0 -0.5 0.866025 0 -0.5 0.866025 0 -0.5 0.866025 0 -0.5 0.866025 0 -0.5 0.866025 0 -0.5 0.866025 0 -0.5 0.866025 0 -0.5 0.866025 0 -0.5 0.866025 0 -0.5 0.866025 0 -0.5 0.866025 0 -0.5 0.866025 0 -0.5 0.866025 0 -0.5 0.866025 0 -0.5 0.866025 0 -0.5 0.866025 0 -0.5 0.866025 0 -0.5 0.866025 0 -0.5 0.866025 0 -0.5 0.866025 0 -0.5 0.866025 0 -0.5</float_array>
          <technique_common>
            <accessor count="142" source="#ID14" stride="3">
              <param name="X" type="float"/>
              <param name="Y" type="float"/>
              <param name="Z" type="float"/>
            </accessor>
          </technique_common>
        </source>
        <vertices id="ID15">
          <input semantic="POSITION" source="#ID11"/>
          <input semantic="NORMAL" source="#ID13"/>
        </vertices>
        <triangles count="108" material="ID16">
          <input offset="0" semantic="VERTEX" source="#ID15"/>
          <p>0 2 1 1 3 0 4 6 5 7 9 8 10 11 9 4 11 10 7 10 9 5 11 4 12 14 13 13 15 12 16 18 17 19 21 20 22 24 23 25 27 26 28 30 29 31 27 32 25 32 27 33 31 32 29 30 26 30 25 26 28 19 20 28 29 19 21 22 23 20 21 23 16 17 24 22 16 24 34 36 35 35 37 34 38 40 39 39 41 38 42 44 43 43 45 42 46 48 47 47 49 46 50 52 51 53 55 54 55 50 51 53 50 55 56 58 57 57 59 56 60 62 61 63 65 64 65 60 61 63 60 65 66 68 67 67 69 66 70 72 71 73 75 74 75 70 71 73 70 75 76 78 77 77 79 76 80 82 81 83 85 84 85 80 81 83 80 85 86 88 87 89 91 90 92 91 89 93 91 92 94 93 92 95 90 96 90 95 89 97 99 98 95 96 100 101 103 102 101 104 103 105 102 103 105 106 102 103 104 107 99 103 107 108 98 99 108 99 107 99 97 109 110 111 109 110 109 97 88 109 111 112 86 87 88 86 109 112 96 86 100 96 113 112 113 96 114 116 115 117 119 118 117 120 119 121 123 122 124 117 118 125 126 120 119 120 126 127 129 128 125 122 126 130 132 131 130 131 133 134 131 132 134 132 135 131 136 133 128 136 131 128 137 127 129 136 128 138 137 128 139 138 140 139 137 138 115 140 138 141 116 114 115 138 114 141 114 122 141 122 123 122 125 121</p>
        </triangles>
      </mesh>
    </geometry>
    <geometry id="ID17">
      <mesh>
        <source id="ID18">
          <float_array count="876" id="ID19">5.0105e-33 -0.0545856 0 -1.0842e-19 -0.0536684 0.00127 -1.0842e-19 -0.0536684 0 5.0105e-33 -0.0545856 0.00127 -1.0842e-19 -0.0536684 0 -0.00141265 -0.0537234 0.00127 -0.00141265 -0.0537234 0 -1.0842e-19 -0.0536684 0.00127 -0.0019589 -0.0536047 0.00127 -0.00141265 -0.0537234 0 -0.00141265 -0.0537234 0.00127 -0.00362206 -0.0536216 1.81763e-18 -0.00307 -0.0535362 1.2826e-18 -0.00361937 -0.0536174 0.00127 -0.00306953 -0.0535382 0.00127 -0.0025141 -0.0535333 1.04255e-18 -0.00251119 -0.053543 0.00127 -0.00518785 -0.0542005 0.00127 -0.00568539 -0.0544543 0.00127 -0.00568359 -0.0544576 2.56731e-18 -0.00415853 -0.0537661 0.00127 -0.00467935 -0.0539711 0.00127 -0.00467933 -0.0539713 2.43883e-18 -0.007617 -0.0555706 3.52692e-18 -0.00714008 -0.0552811 0.00127 -0.00761741 -0.05557 0.00127 -0.00665808 -0.0550004 3.20105e-18 -0.00617502 -0.0547214 0.00127 -0.00665983 -0.0549972 0.00127 -0.00856814 -0.056154 3.64615e-18 -0.00856951 -0.0561516 0.00127 -0.00904418 -0.0564448 3.93866e-18 -0.00809384 -0.0558602 0.00127 -0.00809291 -0.0558617 3.45748e-18 -0.0095213 -0.0567335 4.24931e-18 -0.00952326 -0.0567304 0.00127 -0.0100023 -0.057016 4.47452e-18 -0.00904538 -0.0564428 0.00127 -0.0104898 -0.0572869 4.66774e-18 -0.0104899 -0.0572867 0.00127 -0.010985 -0.0575448 4.81963e-18 -0.0100041 -0.0570129 0.00127 -0.0109853 -0.0575428 0.00127 -0.0114908 -0.0577789 0.00127 -0.0120082 -0.0579883 0.00127 -0.0114915 -0.0577791 5.23379e-18 -0.0125362 -0.058168 0.00127 -0.012009 -0.0579869 5.67434e-18 -0.0125381 -0.0581643 5.93396e-18 -0.0130729 -0.0583219 0.00127 -0.0136151 -0.058454 0.00127 -0.0130735 -0.05832 6.26296e-18 -0.0136151 -0.058454 6.66134e-18 -0.0071388 -0.0552833 3.41539e-18 -0.00617381 -0.0547235 2.88486e-18 -0.00518628 -0.054205 2.35516e-18 -0.00415793 -0.0537735 2.21543e-18 -0.00195844 -0.0536 8.94237e-19 -0.0136141 -0.0595742 0 -0.0136993 -0.0594818 0.00127 -0.0136141 -0.0595742 0.00127 -0.0135147 -0.0596514 0.00127 -0.0135147 -0.0596514 0 -0.0134041 -0.0597111 0.00127 -0.0134041 -0.0597111 0 -0.0132851 -0.0597518 0 -0.0132851 -0.0597518 0.00127 -0.0131611 -0.0597724 0.00127 -0.0131611 -0.0597724 0 -0.0130353 -0.0597723 0.00127 -0.0130353 -0.0597723 0 -0.0129113 -0.0597515 0 -0.0129113 -0.0597515 0.00127 -0.0127924 -0.0597105 0.00127 -0.0127924 -0.0597105 0 -0.0126819 -0.0596506 0.00127 -0.0126819 -0.0596506 0 -0.0125828 -0.0595732 0 -0.0125828 -0.0595732 0.00127 -0.0136993 -0.0594818 0 -0.0137682 -0.0593766 0.00127 -0.0137682 -0.0593766 0 -0.0138188 -0.0592615 0 -0.0138188 -0.0592615 0.00127 -0.0138498 -0.0591396 0 -0.0138498 -0.0591396 0.00127 -0.0138603 -0.0590143 0.00127 -0.0138603 -0.0590143 0 -0.01385 -0.058889 0 -0.01385 -0.058889 0.00127 -0.0138193 -0.0587671 0 -0.0138193 -0.0587671 0.00127 -0.0137689 -0.0586519 0.00127 -0.0137689 -0.0586519 0 -0.0137002 -0.0585466 0 -0.0137002 -0.0585466 0.00127 -0.0136151 -0.058454 0.00127 -0.0136151 -0.058454 6.66134e-18 -0.0121061 -0.0593653 0.00127 -0.0125828 -0.0595732 0 -0.0125828 -0.0595732 0.00127 -0.0102829 -0.0583706 1.86585e-18 -0.0107273 -0.0586405 1.68504e-18 -0.0107264 -0.0586425 0.00127 -0.0111778 -0.0588995 0.00127 -0.0116373 -0.0591414 9.98299e-19 -0.0116378 -0.0591408 0.00127 -0.00896762 -0.0575316 0.00127 -0.0085324 -0.0572482 2.73054e-18 -0.00896874 -0.0575305 2.51437e-18 -0.00984241 -0.0580945 0.00127 -0.00940505 -0.0578129 2.26471e-18 -0.00984252 -0.058094 2.03304e-18 -0.00721625 -0.0564121 3.10133e-18 -0.00765624 -0.0566889 0.00127 -0.00721617 -0.0564122 0.00127 -0.00809547 -0.0569667 2.8646e-18 -0.00809445 -0.0569683 0.00127 -0.00765687 -0.0566878 2.97665e-18 -0.00632792 -0.055872 3.56923e-18 -0.00632668 -0.0558743 0.00127 -0.00587768 -0.0556125 3.96279e-18 -0.00677299 -0.0561406 0.00127 -0.00677371 -0.0561393 3.23137e-18 -0.00542286 -0.0553613 4.33524e-18 -0.00542149 -0.0553636 0.00127 -0.0049611 -0.0551213 4.52445e-18 -0.00587677 -0.0556141 0.00127 -0.00448991 -0.0549013 4.64743e-18 -0.00448982 -0.0549019 0.00127 -0.00400852 -0.054701 4.7794e-18 -0.00495985 -0.0551248 0.00127 -0.00351112 -0.0545445 4.90122e-18 -0.00400775 -0.0547077 0.00127 -0.00351279 -0.0545512 0.00127 -0.00300238 -0.0544505 5.11206e-18 -0.00300241 -0.0544504 0.00127 -0.00248528 -0.0544285 0.00127 -0.00248212 -0.0544351 5.52889e-18 -0.00196661 -0.0544756 0.00127 -0.00145653 -0.0545856 0.00127 -0.00196684 -0.0544801 5.89729e-18 -0.00145653 -0.0545856 6.21725e-18 -0.00853154 -0.0572494 0.00127 -0.00940424 -0.0578141 0.00127 -0.010282 -0.0583726 0.00127 -0.0111778 -0.0588999 1.39252e-18 -0.0121055 -0.0593661 6.23738e-19 -0.00145653 -0.0545856 6.21725e-18 5.0105e-33 -0.0545856 0.00127 5.0105e-33 -0.0545856 0 -0.00145653 -0.0545856 0.00127 -0.00300241 -0.0544504 0.00127 -0.00415853 -0.0537661 0.00127 -0.00361937 -0.0536174 0.00127 5.0105e-33 -0.0545856 0.00127 -0.00141265 -0.0537234 0.00127 -1.0842e-19 -0.0536684 0.00127 -0.00351279 -0.0545512 0.00127 -0.00467935 -0.0539711 0.00127 -0.00400775 -0.0547077 0.00127 -0.00518785 -0.0542005 0.00127 -0.00448982 -0.0549019 0.00127 -0.0137689 -0.0586519 0.00127 -0.0130729 -0.0583219 0.00127 -0.0138193 -0.0587671 0.00127 -0.00495985 -0.0551248 0.00127 -0.00568539 -0.0544543 0.00127 -0.00587677 -0.0556141 0.00127 -0.00665983 -0.0549972 0.00127 -0.00542149 -0.0553636 0.00127 -0.00617502 -0.0547214 0.00127 -0.00677299 -0.0561406 0.00127 -0.00809384 -0.0558602 0.00127 -0.00761741 -0.05557 0.00127 -0.00714008 -0.0552811 0.00127 -0.00632668 -0.0558743 0.00127 -0.00765624 -0.0566889 0.00127 -0.00809445 -0.0569683 0.00127 -0.00904538 -0.0564428 0.00127 -0.00856951 -0.0561516 0.00127 -0.00721617 -0.0564122 0.00127 -0.0100041 -0.0570129 0.00127 -0.00896762 -0.0575316 0.00127 -0.0104899 -0.0572867 0.00127 -0.00952326 -0.0567304 0.00127 -0.00853154 -0.0572494 0.00127 -0.0120082 -0.0579883 0.00127 -0.0114908 -0.0577789 0.00127 -0.010282 -0.0583726 0.00127 -0.00984241 -0.0580945 0.00127 -0.0109853 -0.0575428 0.00127 -0.00940424 -0.0578141 0.00127 -0.0126819 -0.0596506 0.00127 -0.0136141 -0.0595742 0.00127 -0.0125828 -0.0595732 0.00127 -0.0116378 -0.0591408 0.00127 -0.0135147 -0.0596514 0.00127 -0.0127924 -0.0597105 0.00127 -0.0132851 -0.0597518 0.00127 -0.0130353 -0.0597723 0.00127 -0.0131611 -0.0597724 0.00127 -0.0137002 -0.0585466 0.00127 -0.0121061 -0.0593653 0.00127 -0.01385 -0.058889 0.00127 -0.0136151 -0.058454 0.00127 -0.0136993 -0.0594818 0.00127 -0.0138188 -0.0592615 0.00127 -0.0129113 -0.0597515 0.00127 -0.0134041 -0.0597111 0.00127 -0.0137682 -0.0593766 0.00127 -0.0138498 -0.0591396 0.00127 -0.0138603 -0.0590143 0.00127 -0.0125362 -0.058168 0.00127 -0.0111778 -0.0588995 0.00127 -0.0107264 -0.0586425 0.00127 -0.00248528 -0.0544285 0.00127 -0.00306953 -0.0535382 0.00127 -0.00251119 -0.053543 0.00127 -0.00145653 -0.0545856 0.00127 -0.00196661 -0.0544756 0.00127 -0.0019589 -0.0536047 0.00127 -0.0049611 -0.0551213 4.52445e-18 -0.00448991 -0.0549013 4.64743e-18 -0.00568359 -0.0544576 2.56731e-18 -0.00300238 -0.0544505 5.11206e-18 -0.00415793 -0.0537735 2.21543e-18 -0.00351112 -0.0545445 4.90122e-18 -0.00467933 -0.0539713 2.43883e-18 -0.00400852 -0.054701 4.7794e-18 -0.00518628 -0.054205 2.35516e-18 -0.00362206 -0.0536216 1.81763e-18 -0.00542286 -0.0553613 4.33524e-18 -0.00617381 -0.0547235 2.88486e-18 -0.00665808 -0.0550004 3.20105e-18 -0.007617 -0.0555706 3.52692e-18 -0.00677371 -0.0561393 3.23137e-18 -0.00632792 -0.055872 3.56923e-18 -0.0071388 -0.0552833 3.41539e-18 -0.00587768 -0.0556125 3.96279e-18 -0.00721625 -0.0564121 3.10133e-18 -0.00809291 -0.0558617 3.45748e-18 -0.00856814 -0.056154 3.64615e-18 -0.0095213 -0.0567335 4.24931e-18 -0.0085324 -0.0572482 2.73054e-18 -0.00809547 -0.0569667 2.8646e-18 -0.00904418 -0.0564448 3.93866e-18 -0.00765687 -0.0566878 2.97665e-18 -0.010985 -0.0575448 4.81963e-18 -0.00940505 -0.0578129 2.26471e-18 -0.0104898 -0.0572869 4.66774e-18 -0.00896874 -0.0575305 2.51437e-18 -0.0100023 -0.057016 4.47452e-18 -0.0130735 -0.05832 6.26296e-18 -0.0116373 -0.0591414 9.98299e-19 -0.0111778 -0.0588999 1.39252e-18 -0.00984252 -0.058094 2.03304e-18 -0.0114915 -0.0577791 5.23379e-18 -0.0102829 -0.0583706 1.86585e-18 -0.0135147 -0.0596514 0 -0.0134041 -0.0597111 0 -0.0127924 -0.0597105 0 -0.0121055 -0.0593661 6.23738e-19 -0.0138498 -0.0591396 0 -0.0138188 -0.0592615 0 -0.0136993 -0.0594818 0 -0.0136141 -0.0595742 0 -0.0125828 -0.0595732 0 -0.0129113 -0.0597515 0 -0.0132851 -0.0597518 0 -0.01385 -0.058889 0 -0.0136151 -0.058454 6.66134e-18 -0.0137002 -0.0585466 0 -0.0137689 -0.0586519 0 -0.0126819 -0.0596506 0 -0.0138193 -0.0587671 0 -0.0130353 -0.0597723 0 -0.0131611 -0.0597724 0 -0.0137682 -0.0593766 0 -0.0138603 -0.0590143 0 -0.0125381 -0.0581643 5.93396e-18 -0.0107273 -0.0586405 1.68504e-18 -0.012009 -0.0579869 5.67434e-18 -0.00307 -0.0535362 1.2826e-18 -0.00248212 -0.0544351 5.52889e-18 -0.0025141 -0.0535333 1.04255e-18 -0.00145653 -0.0545856 6.21725e-18 -0.00141265 -0.0537234 0 -0.00196684 -0.0544801 5.89729e-18 -0.00195844 -0.0536 8.94237e-19 5.0105e-33 -0.0545856 0 -1.0842e-19 -0.0536684 0</float_array>
          <technique_common>
            <accessor count="292" source="#ID19" stride="3">
              <param name="X" type="float"/>
              <param name="Y" type="float"/>
              <param name="Z" type="float"/>
            </accessor>
          </technique_common>
        </source>
        <source id="ID20">
          <float_array count="876" id="ID21">1 1.18211e-16 0 1 1.18211e-16 0 1 1.18211e-16 0 1 1.18211e-16 0 -0.0388966 0.999243 0 -0.0388966 0.999243 0 -0.0388966 0.999243 0 -0.0388966 0.999243 0 0.179658 0.983729 0 0.221086 0.975254 0 0.221086 0.975254 0 -0.212569 0.977146 0 -0.0755674 0.997141 0 -0.212639 0.977131 0 -0.0750579 0.997179 0 0.0682103 0.997671 0 0.070384 0.99752 0 -0.437157 0.899385 0 -0.466809 0.884358 0 -0.466466 0.884539 0 -0.3236 0.946194 0 -0.392776 0.919634 0 -0.392755 0.919643 0 -0.519305 0.854589 0 -0.512722 0.858555 0 -0.519322 0.854579 0 -0.502277 0.864707 0 -0.487626 0.873053 0 -0.502466 0.864597 0 -0.522933 0.852374 0 -0.522914 0.852385 0 -0.519727 0.854333 0 -0.522714 0.852508 0 -0.522699 0.852518 0 -0.5124 0.858747 0 -0.51223 0.858849 0 -0.499405 0.866369 0 -0.519671 0.854366 0 -0.477403 0.878684 0 -0.4774 0.878686 0 -0.442405 0.896815 0 -0.499127 0.866529 0 -0.442136 0.896948 0 -0.39844 0.917194 0 -0.347805 0.937567 0 -0.398363 0.917228 0 -0.295386 0.955378 0 -0.347511 0.937676 0 -0.294726 0.955582 0 -0.253127 0.967433 0 -0.236219 0.9717 0 -0.252955 0.967478 0 -0.236219 0.9717 0 -0.512627 0.858612 0 -0.48745 0.873151 0 -0.436642 0.899635 0 -0.322334 0.946626 0 0.179305 0.983794 0 -0.676563 -0.736385 0 -0.788541 -0.614982 -0 -0.676563 -0.736385 0 -0.546131 -0.8377 0 -0.546131 -0.8377 0 -0.400802 -0.916165 0 -0.400802 -0.916165 0 -0.244539 -0.969639 0 -0.244539 -0.969639 0 -0.0816067 -0.996665 0 -0.0816067 -0.996665 0 0.083552 -0.996503 0 0.083552 -0.996503 0 0.246431 -0.96916 0 0.246431 -0.96916 0 0.402589 -0.915381 0 0.402589 -0.915381 0 0.547765 -0.836632 0 0.547765 -0.836632 0 0.677999 -0.735063 0 0.677999 -0.735063 0 -0.788541 -0.614982 -0 -0.879009 -0.476805 -0 -0.879009 -0.476805 -0 -0.9455 -0.325622 -0 -0.9455 -0.325622 -0 -0.9862 -0.165557 -0 -0.9862 -0.165557 -0 -1 -0.000976046 -0 -1 -0.000976046 -0 -0.986521 0.163632 0 -0.986521 0.163632 0 -0.946134 0.323776 0 -0.946134 0.323776 0 -0.879938 0.475089 0 -0.879938 0.475089 0 -0.78974 0.613442 0 -0.78974 0.613442 0 -0.677999 0.735063 0 -0.677999 0.735063 0 0.4121 -0.911139 0 0.394353 -0.918959 0 0.394353 -0.918959 0 0.527748 -0.849401 0 0.508872 -0.860842 0 0.509325 -0.860574 0 0.4825 -0.875896 0 0.448184 -0.893941 0 0.447956 -0.894055 0 0.543525 -0.839393 0 0.5425 -0.840056 0 0.543525 -0.839393 0 0.537651 -0.843167 0 0.542187 -0.840258 0 0.537631 -0.84318 0 0.527824 -0.849354 0 0.534588 -0.845113 0 0.527816 -0.849359 0 0.53951 -0.841979 0 0.539449 -0.842018 0 0.534642 -0.845078 0 0.507304 -0.861767 0 0.507092 -0.861892 0 0.492194 -0.870485 0 0.518788 -0.854903 0 0.518892 -0.85484 0 0.472371 -0.8814 0 0.472052 -0.881571 0 0.445477 -0.895293 0 0.492004 -0.870593 0 0.406582 -0.913614 0 0.406464 -0.913667 0 0.347542 -0.937665 0 0.444992 -0.895535 0 0.24976 -0.968308 0 0.346139 -0.938183 0 0.248686 -0.968584 0 0.117781 -0.99304 0 0.117811 -0.993036 0 -0.0343341 -0.99941 -0 -0.0366554 -0.999328 -0 -0.16316 -0.9866 -0 -0.21474 -0.976671 -0 -0.163708 -0.986509 -0 -0.21474 -0.976671 -0 0.542476 -0.840071 0 0.542228 -0.840231 0 0.528029 -0.849226 0 0.482584 -0.87585 0 0.412322 -0.911038 0 0 -1 0 0 -1 0 0 -1 0 0 -1 0 0 0 1 0 0 1 0 0 1 0 0 1 0 0 1 0 0 1 0 0 1 0 0 1 0 0 1 0 0 1 0 0 1 0 0 1 0 0 1 0 0 1 0 0 1 0 0 1 0 0 1 0 0 1 0 0 1 0 0 1 0 0 1 0 0 1 0 0 1 0 0 1 0 0 1 0 0 1 0 0 1 0 0 1 0 0 1 0 0 1 0 0 1 0 0 1 0 0 1 0 0 1 0 0 1 0 0 1 0 0 1 0 0 1 0 0 1 0 0 1 0 0 1 0 0 1 0 0 1 0 0 1 0 0 1 0 0 1 0 0 1 0 0 1 0 0 1 0 0 1 0 0 1 0 0 1 0 0 1 0 0 1 0 0 1 0 0 1 0 0 1 0 0 1 0 0 1 0 0 1 0 0 1 0 0 1 0 0 1 0 0 1 0 0 1 0 0 1 0 0 1 0 0 1 0 0 1 0 0 1 -0 -0 -1 -0 -0 -1 -0 -0 -1 -0 -0 -1 -0 -0 -1 -0 -0 -1 -0 -0 -1 -0 -0 -1 -0 -0 -1 -0 -0 -1 -0 -0 -1 -0 -0 -1 -0 -0 -1 -0 -0 -1 -0 -0 -1 -0 -0 -1 -0 -0 -1 -0 -0 -1 -0 -0 -1 -0 -0 -1 -0 -0 -1 -0 -0 -1 -0 -0 -1 -0 -0 -1 -0 -0 -1 -0 -0 -1 -0 -0 -1 -0 -0 -1 -0 -0 -1 -0 -0 -1 -0 -0 -1 -0 -0 -1 -0 -0 -1 -0 -0 -1 -0 -0 -1 -0 -0 -1 -0 -0 -1 -0 -0 -1 -0 -0 -1 -0 -0 -1 -0 -0 -1 -0 -0 -1 -0 -0 -1 -0 -0 -1 -0 -0 -1 -0 -0 -1 -0 -0 -1 -0 -0 -1 -0 -0 -1 -0 -0 -1 -0 -0 -1 -0 -0 -1 -0 -0 -1 -0 -0 -1 -0 -0 -1 -0 -0 -1 -0 -0 -1 -0 -0 -1 -0 -0 -1 -0 -0 -1 -0 -0 -1 -0 -0 -1 -0 -0 -1 -0 -0 -1 -0 -0 -1 -0 -0 -1 -0 -0 -1 -0 -0 -1 -0 -0 -1 -0 -0 -1</float_array>
          <technique_common>
            <accessor count="292" source="#ID21" stride="3">
              <param name="X" type="float"/>
              <param name="Y" type="float"/>
              <param name="Z" type="float"/>
            </accessor>
          </technique_common>
        </source>
        <vertices id="ID22">
          <input semantic="POSITION" source="#ID18"/>
          <input semantic="NORMAL" source="#ID20"/>
        </vertices>
        <triangles count="276" material="ID23">
          <input offset="0" semantic="VERTEX" source="#ID22"/>
          <p>0 2 1 1 3 0 4 6 5 5 7 4 8 10 9 11 13 12 14 16 15 17 19 18 20 22 21 23 25 24 26 28 27 29 31 30 25 33 32 34 36 35 37 31 34 38 40 39 41 36 38 40 43 42 39 40 42 44 43 45 40 45 43 44 47 46 47 44 45 48 49 46 46 47 48 50 49 51 48 51 49 52 50 51 41 35 36 41 38 39 37 30 31 37 34 35 33 29 32 32 29 30 24 53 23 23 33 25 28 26 53 53 24 28 27 18 54 26 27 54 17 55 19 18 19 54 55 21 22 21 55 17 56 20 13 56 22 20 12 13 14 56 13 11 15 16 57 12 14 15 9 57 8 16 8 57 58 60 59 60 62 61 62 60 58 63 61 64 62 64 61 65 66 63 63 64 65 66 68 67 68 66 65 69 67 70 68 70 67 71 72 69 69 70 71 72 74 73 74 72 71 75 73 76 74 76 73 77 78 75 75 76 77 58 59 79 80 81 79 79 59 80 81 83 82 83 81 80 84 82 85 83 85 82 86 87 84 84 85 86 87 89 88 89 87 86 90 88 91 89 91 88 92 93 90 90 91 92 93 95 94 95 93 92 95 96 94 94 96 97 98 100 99 101 103 102 104 106 105 107 109 108 110 112 111 113 115 114 116 118 117 119 121 120 122 123 119 124 126 125 127 121 124 128 130 129 131 126 128 132 133 130 129 130 133 134 132 135 132 134 133 136 135 137 136 134 135 138 139 137 137 135 138 140 139 141 138 141 139 142 140 141 131 125 126 131 128 129 127 120 121 127 124 125 122 115 123 122 119 120 118 113 114 113 123 115 116 117 143 118 114 117 107 108 143 116 143 108 144 111 109 107 144 109 145 112 110 110 111 144 145 103 101 101 112 145 102 104 146 102 103 104 105 106 147 146 104 105 99 147 98 106 98 147 148 150 149 149 151 148 152 154 153 155 157 156 152 153 158 159 160 158 153 159 158 161 160 159 160 161 162 163 165 164 162 167 166 168 170 169 166 171 170 172 174 173 175 174 176 177 179 178 180 177 181 182 184 183 182 186 185 187 189 188 190 192 191 193 195 194 165 196 164 197 198 193 199 201 200 202 163 164 196 204 203 205 202 164 194 195 206 203 207 195 208 209 199 194 197 193 198 209 208 199 200 208 206 195 210 198 197 209 203 211 207 195 207 210 211 203 212 196 165 204 203 204 212 213 164 214 214 164 196 215 213 214 187 215 189 215 187 213 189 190 188 191 192 184 188 190 191 182 183 186 184 192 183 185 186 178 180 179 177 179 185 178 173 180 181 176 174 172 172 173 181 168 175 176 170 171 169 168 169 175 166 167 171 162 161 167 216 218 217 217 154 152 219 156 220 216 217 152 156 221 216 216 221 218 156 216 220 156 219 155 222 224 223 225 227 226 228 227 229 226 227 228 229 223 230 231 225 226 232 234 233 235 237 236 238 234 239 240 241 236 240 242 241 243 245 244 246 242 247 248 250 249 251 250 252 253 255 254 256 258 257 259 261 260 262 264 263 265 267 266 268 269 260 262 270 254 262 267 264 253 272 271 272 253 273 274 261 259 253 275 273 276 277 269 274 259 266 261 268 260 268 276 269 278 267 265 267 274 266 262 263 279 267 278 264 279 270 262 275 253 254 270 275 254 280 281 255 280 255 253 282 281 280 258 282 257 258 281 282 248 249 256 256 257 248 249 250 251 251 252 244 243 246 245 252 243 244 242 240 247 246 247 245 283 285 284 286 288 287 238 237 235 235 236 241 232 239 234 239 237 238 222 232 233 289 287 284 223 224 230 222 233 224 229 230 228 283 225 231 284 225 283 284 285 289 284 287 288 286 287 290 287 291 290</p>
        </triangles>
      </mesh>
    </geometry>
    <geometry id="ID24">
      <mesh>
        <source id="ID25">
          <float_array count="876" id="ID26">6.66134e-19 -0.0545856 5.55111e-19 -0.00120784 -0.0536684 0.000392452 6.66134e-19 -0.0536684 4.44089e-19 -0.00120784 -0.0545856 0.000392452 6.66134e-19 -0.0536684 4.44089e-19 -0.00164438 -0.0537234 -0.000951062 -0.000436534 -0.0537234 -0.00134351 -0.00120784 -0.0536684 0.000392452 -0.00181317 -0.0536047 -0.00147057 -0.000436534 -0.0537234 -0.00134351 -0.00164438 -0.0537234 -0.000951062 -0.00111928 -0.0536216 -0.00344479 -0.000948681 -0.0535362 -0.00291974 -0.00232629 -0.0536174 -0.00304978 -0.00215638 -0.0535382 -0.00252684 -0.0007769 -0.0535333 -0.00239105 -0.00198384 -0.053543 -0.00199583 -0.00281098 -0.0542005 -0.00454149 -0.00296472 -0.0544543 -0.00501467 -0.00175633 -0.0544576 -0.00540542 -0.0024929 -0.0537661 -0.00356255 -0.00265384 -0.0539711 -0.00405788 -0.00144599 -0.0539713 -0.0044503 -0.00235378 -0.0555706 -0.0072442 -0.00341425 -0.0552811 -0.00639817 -0.00356175 -0.05557 -0.00685213 -0.00205746 -0.0550004 -0.00633221 -0.00311603 -0.0547214 -0.00548034 -0.00326584 -0.0549972 -0.00594142 -0.0026477 -0.056154 -0.00814879 -0.00385597 -0.0561516 -0.00775764 -0.00279481 -0.0564448 -0.00860153 -0.00370898 -0.0558602 -0.00730525 -0.00250085 -0.0558617 -0.00769681 -0.00294224 -0.0567335 -0.00905529 -0.00415069 -0.0567304 -0.00866471 -0.00309088 -0.057016 -0.00951274 -0.00400302 -0.0564428 -0.00821022 -0.00324154 -0.0572869 -0.00997642 -0.00444939 -0.0572867 -0.00958401 -0.00339455 -0.0575448 -0.0104474 -0.00429927 -0.0570129 -0.009122 -0.0046025 -0.0575428 -0.0100552 -0.00475869 -0.0577789 -0.0105359 -0.00491858 -0.0579883 -0.011028 -0.00355108 -0.0577791 -0.0109291 -0.00508175 -0.058168 -0.0115302 -0.00371097 -0.0579869 -0.0114212 -0.00387447 -0.0581643 -0.0119244 -0.0052476 -0.0583219 -0.0120406 -0.00541515 -0.058454 -0.0125563 -0.00403992 -0.05832 -0.0124336 -0.00420731 -0.058454 -0.0129488 -0.00220601 -0.0552833 -0.00678941 -0.00190781 -0.0547235 -0.00587165 -0.00160265 -0.054205 -0.00493244 -0.00128487 -0.0537735 -0.00395442 -0.000605192 -0.0536 -0.00186259 -0.00420697 -0.0595742 -0.0129477 -0.00544116 -0.0594818 -0.0126364 -0.00541481 -0.0595742 -0.0125553 -0.00538413 -0.0596514 -0.0124608 -0.00417629 -0.0596514 -0.0128533 -0.00534994 -0.0597111 -0.0123556 -0.00414209 -0.0597111 -0.0127481 -0.00410533 -0.0597518 -0.0126349 -0.00531317 -0.0597518 -0.0122425 -0.00527484 -0.0597724 -0.0121245 -0.004067 -0.0597724 -0.0125169 -0.00523598 -0.0597723 -0.0120049 -0.00402814 -0.0597723 -0.0123973 -0.00398982 -0.0597515 -0.0122794 -0.00519766 -0.0597515 -0.011887 -0.00516092 -0.0597105 -0.0117739 -0.00395308 -0.0597105 -0.0121663 -0.00512677 -0.0596506 -0.0116688 -0.00391893 -0.0596506 -0.0120612 -0.00388829 -0.0595732 -0.0119669 -0.00509613 -0.0595732 -0.0115745 -0.00423332 -0.0594818 -0.0130288 -0.00546244 -0.0593766 -0.0127019 -0.0042546 -0.0593766 -0.0130943 -0.00427024 -0.0592615 -0.0131425 -0.00547809 -0.0592615 -0.01275 -0.00427982 -0.0591396 -0.0131719 -0.00548766 -0.0591396 -0.0127795 -0.00549091 -0.0590143 -0.0127895 -0.00428307 -0.0590143 -0.0131819 -0.0042799 -0.058889 -0.0131722 -0.00548774 -0.058889 -0.0127797 -0.00427039 -0.0587671 -0.0131429 -0.00547824 -0.0587671 -0.0127505 -0.00546266 -0.0586519 -0.0127025 -0.00425482 -0.0586519 -0.013095 -0.0042336 -0.0585466 -0.0130297 -0.00544144 -0.0585466 -0.0126372 -0.00541515 -0.058454 -0.0125563 -0.00420731 -0.058454 -0.0129488 -0.00494884 -0.0593653 -0.0111212 -0.00388829 -0.0595732 -0.0119669 -0.00509613 -0.0595732 -0.0115745 -0.00317759 -0.0583706 -0.00977963 -0.00331491 -0.0586405 -0.0102022 -0.00452247 -0.0586425 -0.00980893 -0.00466196 -0.0588995 -0.0102382 -0.00359613 -0.0591414 -0.0110678 -0.00480412 -0.0591408 -0.0106757 -0.00397899 -0.0575316 -0.00813626 -0.00263666 -0.0572482 -0.00811479 -0.00277149 -0.0575305 -0.00852978 -0.00424931 -0.0580945 -0.00896824 -0.00290632 -0.0578129 -0.00894473 -0.00304151 -0.058094 -0.00936079 -0.00222994 -0.0564121 -0.00686306 -0.00357375 -0.0566889 -0.00688907 -0.00343776 -0.0564122 -0.00647054 -0.00250164 -0.0569667 -0.00769925 -0.00370916 -0.0569683 -0.00730583 -0.0023661 -0.0566878 -0.00728212 -0.00195543 -0.055872 -0.0060182 -0.00316289 -0.0558743 -0.00562458 -0.0018163 -0.0556125 -0.00559 -0.00330081 -0.0561406 -0.00604904 -0.00209319 -0.0561393 -0.00644219 -0.00167576 -0.0553613 -0.00515745 -0.00288317 -0.0553636 -0.00476369 -0.00153306 -0.0551213 -0.00471828 -0.00302386 -0.0556141 -0.00519669 -0.00138746 -0.0549013 -0.00427016 -0.00259527 -0.0549019 -0.00387763 -0.0012387 -0.054701 -0.00381233 -0.00274052 -0.0551248 -0.00432465 -0.001085 -0.0545445 -0.00333927 -0.0024463 -0.0547077 -0.00341914 -0.00229335 -0.0545512 -0.00294841 -0.000927787 -0.0544505 -0.00285543 -0.00213564 -0.0544504 -0.00246301 -0.00197584 -0.0544285 -0.00197119 -0.000767018 -0.0544351 -0.00236064 -0.00181556 -0.0544756 -0.00147791 -0.00165793 -0.0545856 -0.000992792 -0.000607787 -0.0544801 -0.00187058 -0.000450093 -0.0545856 -0.00138524 -0.00384423 -0.0572494 -0.00772152 -0.00411391 -0.0578141 -0.00855151 -0.00438516 -0.0583726 -0.00938633 -0.00345413 -0.0588999 -0.0106307 -0.0037408 -0.0593661 -0.011513 -0.000450093 -0.0545856 -0.00138524 -0.00120784 -0.0545856 0.000392452 6.66134e-19 -0.0545856 5.55111e-19 -0.00165793 -0.0545856 -0.000992792 -0.00213564 -0.0544504 -0.00246301 -0.0024929 -0.0537661 -0.00356255 -0.00232629 -0.0536174 -0.00304978 -0.00120784 -0.0545856 0.000392452 -0.00164438 -0.0537234 -0.000951062 -0.00120784 -0.0536684 0.000392452 -0.00229335 -0.0545512 -0.00294841 -0.00265384 -0.0539711 -0.00405788 -0.0024463 -0.0547077 -0.00341914 -0.00281098 -0.0542005 -0.00454149 -0.00259527 -0.0549019 -0.00387763 -0.00546266 -0.0586519 -0.0127025 -0.0052476 -0.0583219 -0.0120406 -0.00547824 -0.0587671 -0.0127505 -0.00274052 -0.0551248 -0.00432465 -0.00296472 -0.0544543 -0.00501467 -0.00302386 -0.0556141 -0.00519669 -0.00326584 -0.0549972 -0.00594142 -0.00288317 -0.0553636 -0.00476369 -0.00311603 -0.0547214 -0.00548034 -0.00330081 -0.0561406 -0.00604904 -0.00370898 -0.0558602 -0.00730525 -0.00356175 -0.05557 -0.00685213 -0.00341425 -0.0552811 -0.00639817 -0.00316289 -0.0558743 -0.00562458 -0.00357375 -0.0566889 -0.00688907 -0.00370916 -0.0569683 -0.00730583 -0.00400302 -0.0564428 -0.00821022 -0.00385597 -0.0561516 -0.00775764 -0.00343776 -0.0564122 -0.00647054 -0.00429927 -0.0570129 -0.009122 -0.00397899 -0.0575316 -0.00813626 -0.00444939 -0.0572867 -0.00958401 -0.00415069 -0.0567304 -0.00866471 -0.00384423 -0.0572494 -0.00772152 -0.00491858 -0.0579883 -0.011028 -0.00475869 -0.0577789 -0.0105359 -0.00438516 -0.0583726 -0.00938633 -0.00424931 -0.0580945 -0.00896824 -0.0046025 -0.0575428 -0.0100552 -0.00411391 -0.0578141 -0.00855151 -0.00512677 -0.0596506 -0.0116688 -0.00541481 -0.0595742 -0.0125553 -0.00509613 -0.0595732 -0.0115745 -0.00480412 -0.0591408 -0.0106757 -0.00538413 -0.0596514 -0.0124608 -0.00516092 -0.0597105 -0.0117739 -0.00531317 -0.0597518 -0.0122425 -0.00523598 -0.0597723 -0.0120049 -0.00527484 -0.0597724 -0.0121245 -0.00544144 -0.0585466 -0.0126372 -0.00494884 -0.0593653 -0.0111212 -0.00548774 -0.058889 -0.0127797 -0.00541515 -0.058454 -0.0125563 -0.00544116 -0.0594818 -0.0126364 -0.00547809 -0.0592615 -0.01275 -0.00519766 -0.0597515 -0.011887 -0.00534994 -0.0597111 -0.0123556 -0.00546244 -0.0593766 -0.0127019 -0.00548766 -0.0591396 -0.0127795 -0.00549091 -0.0590143 -0.0127895 -0.00508175 -0.058168 -0.0115302 -0.00466196 -0.0588995 -0.0102382 -0.00452247 -0.0586425 -0.00980893 -0.00197584 -0.0544285 -0.00197119 -0.00215638 -0.0535382 -0.00252684 -0.00198384 -0.053543 -0.00199583 -0.00165793 -0.0545856 -0.000992792 -0.00181556 -0.0544756 -0.00147791 -0.00181317 -0.0536047 -0.00147057 -0.00153306 -0.0551213 -0.00471828 -0.00138746 -0.0549013 -0.00427016 -0.00175633 -0.0544576 -0.00540542 -0.000927787 -0.0544505 -0.00285543 -0.00128487 -0.0537735 -0.00395442 -0.001085 -0.0545445 -0.00333927 -0.00144599 -0.0539713 -0.0044503 -0.0012387 -0.054701 -0.00381233 -0.00160265 -0.054205 -0.00493244 -0.00111928 -0.0536216 -0.00344479 -0.00167576 -0.0553613 -0.00515745 -0.00190781 -0.0547235 -0.00587165 -0.00205746 -0.0550004 -0.00633221 -0.00235378 -0.0555706 -0.0072442 -0.00209319 -0.0561393 -0.00644219 -0.00195543 -0.055872 -0.0060182 -0.00220601 -0.0552833 -0.00678941 -0.0018163 -0.0556125 -0.00559 -0.00222994 -0.0564121 -0.00686306 -0.00250085 -0.0558617 -0.00769681 -0.0026477 -0.056154 -0.00814879 -0.00294224 -0.0567335 -0.00905529 -0.00263666 -0.0572482 -0.00811479 -0.00250164 -0.0569667 -0.00769925 -0.00279481 -0.0564448 -0.00860153 -0.0023661 -0.0566878 -0.00728212 -0.00339455 -0.0575448 -0.0104474 -0.00290632 -0.0578129 -0.00894473 -0.00324154 -0.0572869 -0.00997642 -0.00277149 -0.0575305 -0.00852978 -0.00309088 -0.057016 -0.00951274 -0.00403992 -0.05832 -0.0124336 -0.00359613 -0.0591414 -0.0110678 -0.00345413 -0.0588999 -0.0106307 -0.00304151 -0.058094 -0.00936079 -0.00355108 -0.0577791 -0.0109291 -0.00317759 -0.0583706 -0.00977963 -0.00417629 -0.0596514 -0.0128533 -0.00414209 -0.0597111 -0.0127481 -0.00395308 -0.0597105 -0.0121663 -0.0037408 -0.0593661 -0.011513 -0.00427982 -0.0591396 -0.0131719 -0.00427024 -0.0592615 -0.0131425 -0.00423332 -0.0594818 -0.0130288 -0.00420697 -0.0595742 -0.0129477 -0.00388829 -0.0595732 -0.0119669 -0.00398982 -0.0597515 -0.0122794 -0.00410533 -0.0597518 -0.0126349 -0.0042799 -0.058889 -0.0131722 -0.00420731 -0.058454 -0.0129488 -0.0042336 -0.0585466 -0.0130297 -0.00425482 -0.0586519 -0.013095 -0.00391893 -0.0596506 -0.0120612 -0.00427039 -0.0587671 -0.0131429 -0.00402814 -0.0597723 -0.0123973 -0.004067 -0.0597724 -0.0125169 -0.0042546 -0.0593766 -0.0130943 -0.00428307 -0.0590143 -0.0131819 -0.00387447 -0.0581643 -0.0119244 -0.00331491 -0.0586405 -0.0102022 -0.00371097 -0.0579869 -0.0114212 -0.000948681 -0.0535362 -0.00291974 -0.000767018 -0.0544351 -0.00236064 -0.0007769 -0.0535333 -0.00239105 -0.000450093 -0.0545856 -0.00138524 -0.000436534 -0.0537234 -0.00134351 -0.000607787 -0.0544801 -0.00187058 -0.000605192 -0.0536 -0.00186259 6.66134e-19 -0.0545856 5.55111e-19 6.66134e-19 -0.0536684 4.44089e-19</float_array>
          <technique_common>
            <accessor count="292" source="#ID26" stride="3">
              <param name="X" type="float"/>
              <param name="Y" type="float"/>
              <param name="Z" type="float"/>
            </accessor>
          </technique_common>
        </source>
        <source id="ID27">
          <float_array count="876" id="ID28">0.309017 1.18211e-16 0.951057 0.309017 1.18211e-16 0.951057 0.309017 1.18211e-16 0.951057 0.309017 1.18211e-16 0.951057 -0.0120197 0.999243 -0.0369928 -0.0120197 0.999243 -0.0369928 -0.0120197 0.999243 -0.0369928 -0.0120197 0.999243 -0.0369928 0.0555173 0.983729 0.170865 0.0683193 0.975254 0.210265 0.0683193 0.975254 0.210265 -0.0656875 0.977146 -0.202165 -0.0233516 0.997141 -0.0718689 -0.065709 0.977131 -0.202231 -0.0231942 0.997179 -0.0713843 0.0210781 0.997671 0.0648719 0.0217498 0.99752 0.0669391 -0.135089 0.899385 -0.415761 -0.144252 0.884358 -0.443962 -0.144146 0.884539 -0.443636 -0.099998 0.946194 -0.307762 -0.121375 0.919634 -0.373552 -0.121368 0.919643 -0.373532 -0.160474 0.854589 -0.493888 -0.15844 0.858555 -0.487627 -0.160479 0.854579 -0.493905 -0.155212 0.864707 -0.477694 -0.150685 0.873053 -0.46376 -0.15527 0.864597 -0.477873 -0.161595 0.852374 -0.497339 -0.161589 0.852385 -0.497321 -0.160604 0.854333 -0.494289 -0.161527 0.852508 -0.497131 -0.161523 0.852518 -0.497116 -0.15834 0.858747 -0.487321 -0.158288 0.858849 -0.487159 -0.154324 0.866369 -0.474962 -0.160587 0.854366 -0.494237 -0.147526 0.878684 -0.454037 -0.147525 0.878686 -0.454035 -0.136711 0.896815 -0.420752 -0.154239 0.866529 -0.474698 -0.136627 0.896948 -0.420496 -0.123125 0.917194 -0.378939 -0.107478 0.937567 -0.330782 -0.123101 0.917228 -0.378866 -0.0912792 0.955378 -0.280929 -0.107387 0.937676 -0.330503 -0.0910754 0.955582 -0.280301 -0.0782206 0.967433 -0.240738 -0.0729957 0.9717 -0.224658 -0.0781674 0.967478 -0.240575 -0.0729957 0.9717 -0.224658 -0.15841 0.858612 -0.487537 -0.15063 0.873151 -0.463592 -0.13493 0.899635 -0.415272 -0.0996067 0.946626 -0.306558 0.0554083 0.983794 0.170529 -0.20907 -0.736385 -0.64345 -0.243673 -0.614982 -0.749947 -0.20907 -0.736385 -0.64345 -0.168764 -0.8377 -0.519401 -0.168764 -0.8377 -0.519401 -0.123854 -0.916165 -0.381185 -0.123854 -0.916165 -0.381185 -0.0755668 -0.969639 -0.232571 -0.0755668 -0.969639 -0.232571 -0.0252179 -0.996665 -0.0776126 -0.0252179 -0.996665 -0.0776126 0.025819 -0.996503 0.0794627 0.025819 -0.996503 0.0794627 0.0761515 -0.96916 0.23437 0.0761515 -0.96916 0.23437 0.124407 -0.915381 0.382885 0.124407 -0.915381 0.382885 0.169269 -0.836632 0.520955 0.169269 -0.836632 0.520955 0.209513 -0.735063 0.644816 0.209513 -0.735063 0.644816 -0.243673 -0.614982 -0.749947 -0.271629 -0.476805 -0.835987 -0.271629 -0.476805 -0.835987 -0.292176 -0.325622 -0.899224 -0.292176 -0.325622 -0.899224 -0.304753 -0.165557 -0.937932 -0.304753 -0.165557 -0.937932 -0.309017 -0.000976046 -0.951056 -0.309017 -0.000976046 -0.951056 -0.304852 0.163632 -0.938238 -0.304852 0.163632 -0.938238 -0.292371 0.323776 -0.899827 -0.292371 0.323776 -0.899827 -0.271916 0.475089 -0.836871 -0.271916 0.475089 -0.836871 -0.244043 0.613442 -0.751087 -0.244043 0.613442 -0.751087 -0.209513 0.735063 -0.644816 -0.209513 0.735063 -0.644816 0.127346 -0.911139 0.39193 0.121862 -0.918959 0.375052 0.121862 -0.918959 0.375052 0.163083 -0.849401 0.501918 0.15725 -0.860842 0.483966 0.15739 -0.860574 0.484397 0.149101 -0.875896 0.458884 0.138497 -0.893941 0.426248 0.138426 -0.894055 0.426032 0.167959 -0.839393 0.516923 0.167642 -0.840056 0.515948 0.167958 -0.839393 0.516923 0.166143 -0.843167 0.511337 0.167545 -0.840258 0.515651 0.166137 -0.84318 0.511317 0.163106 -0.849354 0.50199 0.165197 -0.845113 0.508423 0.163104 -0.849359 0.501982 0.166718 -0.841979 0.513105 0.166699 -0.842018 0.513047 0.165214 -0.845078 0.508475 0.156766 -0.861767 0.482475 0.1567 -0.861892 0.482273 0.152096 -0.870485 0.468104 0.160314 -0.854903 0.493397 0.160346 -0.85484 0.493495 0.145971 -0.8814 0.449251 0.145872 -0.881571 0.448948 0.13766 -0.895293 0.423674 0.152038 -0.870593 0.467924 0.125641 -0.913614 0.386682 0.125604 -0.913667 0.38657 0.107396 -0.937665 0.330532 0.13751 -0.895535 0.423212 0.0771802 -0.968308 0.237536 0.106963 -0.938183 0.329198 0.0768481 -0.968584 0.236514 0.0363964 -0.99304 0.112017 0.0364055 -0.993036 0.112045 -0.0106098 -0.99941 -0.0326536 -0.0113272 -0.999328 -0.0348614 -0.0504191 -0.9866 -0.155174 -0.0663583 -0.976671 -0.20423 -0.0505886 -0.986509 -0.155696 -0.0663583 -0.976671 -0.20423 0.167634 -0.840071 0.515926 0.167558 -0.840231 0.515689 0.16317 -0.849226 0.502186 0.149127 -0.87585 0.458964 0.127415 -0.911038 0.392142 0 -1 0 0 -1 0 0 -1 0 0 -1 0 -0.951057 0 0.309017 -0.951057 0 0.309017 -0.951057 0 0.309017 -0.951057 0 0.309017 -0.951057 0 0.309017 -0.951057 0 0.309017 -0.951057 0 0.309017 -0.951057 0 0.309017 -0.951057 0 0.309017 -0.951057 0 0.309017 -0.951057 0 0.309017 -0.951057 0 0.309017 -0.951057 0 0.309017 -0.951057 0 0.309017 -0.951057 0 0.309017 -0.951057 0 0.309017 -0.951057 0 0.309017 -0.951057 0 0.309017 -0.951057 0 0.309017 -0.951057 0 0.309017 -0.951057 0 0.309017 -0.951057 0 0.309017 -0.951057 0 0.309017 -0.951057 0 0.309017 -0.951057 0 0.309017 -0.951057 0 0.309017 -0.951057 0 0.309017 -0.951057 0 0.309017 -0.951057 0 0.309017 -0.951057 0 0.309017 -0.951057 0 0.309017 -0.951057 0 0.309017 -0.951057 0 0.309017 -0.951057 0 0.309017 -0.951057 0 0.309017 -0.951057 0 0.309017 -0.951057 0 0.309017 -0.951057 0 0.309017 -0.951057 0 0.309017 -0.951057 0 0.309017 -0.951057 0 0.309017 -0.951057 0 0.309017 -0.951057 0 0.309017 -0.951057 0 0.309017 -0.951057 0 0.309017 -0.951057 0 0.309017 -0.951057 0 0.309017 -0.951057 0 0.309017 -0.951057 0 0.309017 -0.951057 0 0.309017 -0.951057 0 0.309017 -0.951057 0 0.309017 -0.951057 0 0.309017 -0.951057 0 0.309017 -0.951057 0 0.309017 -0.951057 0 0.309017 -0.951057 0 0.309017 -0.951057 0 0.309017 -0.951057 0 0.309017 -0.951057 0 0.309017 -0.951057 0 0.309017 -0.951057 0 0.309017 -0.951057 0 0.309017 -0.951057 0 0.309017 -0.951057 0 0.309017 -0.951057 0 0.309017 -0.951057 0 0.309017 -0.951057 0 0.309017 -0.951057 0 0.309017 -0.951057 0 0.309017 0.951057 0 -0.309017 0.951057 0 -0.309017 0.951057 0 -0.309017 0.951057 0 -0.309017 0.951057 0 -0.309017 0.951057 0 -0.309017 0.951057 0 -0.309017 0.951057 0 -0.309017 0.951057 0 -0.309017 0.951057 0 -0.309017 0.951057 0 -0.309017 0.951057 0 -0.309017 0.951057 0 -0.309017 0.951057 0 -0.309017 0.951057 0 -0.309017 0.951057 0 -0.309017 0.951057 0 -0.309017 0.951057 0 -0.309017 0.951057 0 -0.309017 0.951057 0 -0.309017 0.951057 0 -0.309017 0.951057 0 -0.309017 0.951057 0 -0.309017 0.951057 0 -0.309017 0.951057 0 -0.309017 0.951057 0 -0.309017 0.951057 0 -0.309017 0.951057 0 -0.309017 0.951057 0 -0.309017 0.951057 0 -0.309017 0.951057 0 -0.309017 0.951057 0 -0.309017 0.951057 0 -0.309017 0.951057 0 -0.309017 0.951057 0 -0.309017 0.951057 0 -0.309017 0.951057 0 -0.309017 0.951057 0 -0.309017 0.951057 0 -0.309017 0.951057 0 -0.309017 0.951057 0 -0.309017 0.951057 0 -0.309017 0.951057 0 -0.309017 0.951057 0 -0.309017 0.951057 0 -0.309017 0.951057 0 -0.309017 0.951057 0 -0.309017 0.951057 0 -0.309017 0.951057 0 -0.309017 0.951057 0 -0.309017 0.951057 0 -0.309017 0.951057 0 -0.309017 0.951057 0 -0.309017 0.951057 0 -0.309017 0.951057 0 -0.309017 0.951057 0 -0.309017 0.951057 0 -0.309017 0.951057 0 -0.309017 0.951057 0 -0.309017 0.951057 0 -0.309017 0.951057 0 -0.309017 0.951057 0 -0.309017 0.951057 0 -0.309017 0.951057 0 -0.309017 0.951057 0 -0.309017 0.951057 0 -0.309017 0.951057 0 -0.309017 0.951057 0 -0.309017 0.951057 0 -0.309017 0.951057 0 -0.309017</float_array>
          <technique_common>
            <accessor count="292" source="#ID28" stride="3">
              <param name="X" type="float"/>
              <param name="Y" type="float"/>
              <param name="Z" type="float"/>
            </accessor>
          </technique_common>
        </source>
        <vertices id="ID29">
          <input semantic="POSITION" source="#ID25"/>
          <input semantic="NORMAL" source="#ID27"/>
        </vertices>
        <triangles count="276" material="ID23">
          <input offset="0" semantic="VERTEX" source="#ID29"/>
          <p>0 2 1 1 3 0 4 6 5 5 7 4 8 10 9 11 13 12 14 16 15 17 19 18 20 22 21 23 25 24 26 28 27 29 31 30 25 33 32 34 36 35 37 31 34 38 40 39 41 36 38 40 43 42 39 40 42 44 43 45 40 45 43 44 47 46 47 44 45 48 49 46 46 47 48 50 49 51 48 51 49 52 50 51 41 35 36 41 38 39 37 30 31 37 34 35 33 29 32 32 29 30 24 53 23 23 33 25 28 26 53 53 24 28 27 18 54 26 27 54 17 55 19 18 19 54 55 21 22 21 55 17 56 20 13 56 22 20 12 13 14 56 13 11 15 16 57 12 14 15 9 57 8 16 8 57 58 60 59 60 62 61 62 60 58 63 61 64 62 64 61 65 66 63 63 64 65 66 68 67 68 66 65 69 67 70 68 70 67 71 72 69 69 70 71 72 74 73 74 72 71 75 73 76 74 76 73 77 78 75 75 76 77 58 59 79 80 81 79 79 59 80 81 83 82 83 81 80 84 82 85 83 85 82 86 87 84 84 85 86 87 89 88 89 87 86 90 88 91 89 91 88 92 93 90 90 91 92 93 95 94 95 93 92 95 96 94 94 96 97 98 100 99 101 103 102 104 106 105 107 109 108 110 112 111 113 115 114 116 118 117 119 121 120 122 123 119 124 126 125 127 121 124 128 130 129 131 126 128 132 133 130 129 130 133 134 132 135 132 134 133 136 135 137 136 134 135 138 139 137 137 135 138 140 139 141 138 141 139 142 140 141 131 125 126 131 128 129 127 120 121 127 124 125 122 115 123 122 119 120 118 113 114 113 123 115 116 117 143 118 114 117 107 108 143 116 143 108 144 111 109 107 144 109 145 112 110 110 111 144 145 103 101 101 112 145 102 104 146 102 103 104 105 106 147 146 104 105 99 147 98 106 98 147 148 150 149 149 151 148 152 154 153 155 157 156 152 153 158 159 160 158 153 159 158 161 160 159 160 161 162 163 165 164 162 167 166 168 170 169 166 171 170 172 174 173 175 174 176 177 179 178 180 177 181 182 184 183 182 186 185 187 189 188 190 192 191 193 195 194 165 196 164 197 198 193 199 201 200 202 163 164 196 204 203 205 202 164 194 195 206 203 207 195 208 209 199 194 197 193 198 209 208 199 200 208 206 195 210 198 197 209 203 211 207 195 207 210 211 203 212 196 165 204 203 204 212 213 164 214 214 164 196 215 213 214 187 215 189 215 187 213 189 190 188 191 192 184 188 190 191 182 183 186 184 192 183 185 186 178 180 179 177 179 185 178 173 180 181 176 174 172 172 173 181 168 175 176 170 171 169 168 169 175 166 167 171 162 161 167 216 218 217 217 154 152 219 156 220 216 217 152 156 221 216 216 221 218 156 216 220 156 219 155 222 224 223 225 227 226 228 227 229 226 227 228 229 223 230 231 225 226 232 234 233 235 237 236 238 234 239 240 241 236 240 242 241 243 245 244 246 242 247 248 250 249 251 250 252 253 255 254 256 258 257 259 261 260 262 264 263 265 267 266 268 269 260 262 270 254 262 267 264 253 272 271 272 253 273 274 261 259 253 275 273 276 277 269 274 259 266 261 268 260 268 276 269 278 267 265 267 274 266 262 263 279 267 278 264 279 270 262 275 253 254 270 275 254 280 281 255 280 255 253 282 281 280 258 282 257 258 281 282 248 249 256 256 257 248 249 250 251 251 252 244 243 246 245 252 243 244 242 240 247 246 247 245 283 285 284 286 288 287 238 237 235 235 236 241 232 239 234 239 237 238 222 232 233 289 287 284 223 224 230 222 233 224 229 230 228 283 225 231 284 225 283 284 285 289 284 287 288 286 287 290 287 291 290</p>
        </triangles>
      </mesh>
    </geometry>
    <geometry id="ID30">
      <mesh>
        <source id="ID31">
          <float_array count="426" id="ID32">0.00389551 -0.018549 -0.00674722 0.00275229 -0.0178339 -0.00730711 0.00385214 -0.0178339 -0.00667211 0.00279566 -0.018549 -0.00738222 0.0024088 -0.0120104 -0.00671217 0.00385214 -0.0178339 -0.00667211 0.00275229 -0.0178339 -0.00730711 0.0016018 -2.9375e-17 -0.0053144 0.00270165 -2.9375e-17 -0.0046794 0.00312517 -0.00606603 -0.00541296 0.00202532 -0.00606603 -0.00604796 0.00350866 -0.0120104 -0.00607717 0.00270165 -2.9375e-17 -0.0046794 0.00200277 1.0177e-19 -0.0060089 0.00310263 1.0177e-19 -0.0053739 0.0016018 -2.9375e-17 -0.0053144 0.00200277 1.0177e-19 -0.0060089 0.00231954 -0.006547 -0.00655756 0.00341939 -0.006547 -0.00592256 0.00422944 -0.0195831 -0.0073256 0.00379499 -0.0130747 -0.00657312 0.00269514 -0.0130747 -0.00720812 0.00588581 -0.0389926 -0.0101945 0.00527484 -0.032542 -0.0091363 0.00417499 -0.032542 -0.0097713 0.00472272 -0.0260722 -0.00817999 0.00312959 -0.0195831 -0.0079606 0.00362287 -0.0260722 -0.00881499 0.00545576 -0.0454238 -0.0119896 0.00655561 -0.0454238 -0.0113546 0.00478595 -0.0389926 -0.0108295 0.0061844 -0.0518357 -0.0132517 0.00728425 -0.0518357 -0.0126167 0.00310263 1.0177e-19 -0.0053739 0.00728425 -0.0518357 -0.0126167 0.00593736 -0.0519628 -0.0128238 0.00703721 -0.0519628 -0.0121888 0.0061844 -0.0518357 -0.0132517 0.00703721 -0.0519628 -0.0121888 0.0057141 -0.0503399 -0.0124371 0.00681396 -0.0503399 -0.0118021 0.00593736 -0.0519628 -0.0128238 0.00681396 -0.0503399 -0.0118021 0.00535849 -0.0476271 -0.0118212 0.00645834 -0.0476271 -0.0111862 0.0057141 -0.0503399 -0.0124371 0.00645834 -0.0476271 -0.0111862 0.00531054 -0.0472478 -0.0117381 0.00641039 -0.0472478 -0.0111031 0.00535849 -0.0476271 -0.0118212 0.00497245 -0.0444692 -0.0111525 0.00641039 -0.0472478 -0.0111031 0.00531054 -0.0472478 -0.0117381 0.00466499 -0.0417586 -0.01062 0.00576484 -0.0417586 -0.00998499 0.0060723 -0.0444692 -0.0105175 0.00576484 -0.0417586 -0.00998499 0.00460541 -0.04121 -0.0105168 0.00570526 -0.04121 -0.00988181 0.00466499 -0.0417586 -0.01062 0.00426731 -0.0379268 -0.0099312 0.00570526 -0.04121 -0.00988181 0.00460541 -0.04121 -0.0105168 0.00396704 -0.0347262 -0.00941111 0.00506689 -0.0347262 -0.00877611 0.00536716 -0.0379268 -0.0092962 0.00506689 -0.0347262 -0.00877611 0.00390139 -0.0339843 -0.0092974 0.00500124 -0.0339843 -0.0086624 0.00396704 -0.0347262 -0.00941111 0.00360021 -0.0303563 -0.00877574 0.00500124 -0.0339843 -0.0086624 0.00390139 -0.0339843 -0.0092974 0.00333402 -0.0268016 -0.00831469 0.00443387 -0.0268016 -0.00767969 0.00470006 -0.0303563 -0.00814074 0.00443387 -0.0268016 -0.00767969 0.00326964 -0.0258884 -0.00820319 0.0043695 -0.0258884 -0.00756819 0.00333402 -0.0268016 -0.00831469 0.00302349 -0.0222026 -0.00777684 0.0043695 -0.0258884 -0.00756819 0.00326964 -0.0258884 -0.00820319 0.00279566 -0.018549 -0.00738222 0.00389551 -0.018549 -0.00674722 0.00412334 -0.0222026 -0.00714184 0.00362287 -0.0260722 -0.00881499 0.00333402 -0.0268016 -0.00831469 0.00360021 -0.0303563 -0.00877574 0.0024088 -0.0120104 -0.00671217 0.00269514 -0.0130747 -0.00720812 0.00231954 -0.006547 -0.00655756 0.00202532 -0.00606603 -0.00604796 0.00200277 1.0177e-19 -0.0060089 0.0016018 -2.9375e-17 -0.0053144 0.00275229 -0.0178339 -0.00730711 0.00312959 -0.0195831 -0.0079606 0.00426731 -0.0379268 -0.0099312 0.00460541 -0.04121 -0.0105168 0.00478595 -0.0389926 -0.0108295 0.00279566 -0.018549 -0.00738222 0.00535849 -0.0476271 -0.0118212 0.0057141 -0.0503399 -0.0124371 0.00545576 -0.0454238 -0.0119896 0.00531054 -0.0472478 -0.0117381 0.0061844 -0.0518357 -0.0132517 0.00593736 -0.0519628 -0.0128238 0.00497245 -0.0444692 -0.0111525 0.00466499 -0.0417586 -0.01062 0.00417499 -0.032542 -0.0097713 0.00396704 -0.0347262 -0.00941111 0.00390139 -0.0339843 -0.0092974 0.00326964 -0.0258884 -0.00820319 0.00302349 -0.0222026 -0.00777684 0.00472272 -0.0260722 -0.00817999 0.00470006 -0.0303563 -0.00814074 0.00443387 -0.0268016 -0.00767969 0.00312517 -0.00606603 -0.00541296 0.00310263 1.0177e-19 -0.0053739 0.00341939 -0.006547 -0.00592256 0.00350866 -0.0120104 -0.00607717 0.00389551 -0.018549 -0.00674722 0.00422944 -0.0195831 -0.0073256 0.00412334 -0.0222026 -0.00714184 0.00270165 -2.9375e-17 -0.0046794 0.00385214 -0.0178339 -0.00667211 0.00379499 -0.0130747 -0.00657312 0.00570526 -0.04121 -0.00988181 0.00588581 -0.0389926 -0.0101945 0.00576484 -0.0417586 -0.00998499 0.00645834 -0.0476271 -0.0111862 0.00655561 -0.0454238 -0.0113546 0.00681396 -0.0503399 -0.0118021 0.00641039 -0.0472478 -0.0111031 0.00728425 -0.0518357 -0.0126167 0.00703721 -0.0519628 -0.0121888 0.0060723 -0.0444692 -0.0105175 0.00536716 -0.0379268 -0.0092962 0.00527484 -0.032542 -0.0091363 0.00506689 -0.0347262 -0.00877611 0.00500124 -0.0339843 -0.0086624 0.0043695 -0.0258884 -0.00756819</float_array>
          <technique_common>
            <accessor count="142" source="#ID32" stride="3">
              <param name="X" type="float"/>
              <param name="Y" type="float"/>
              <param name="Z" type="float"/>
            </accessor>
          </technique_common>
        </source>
        <source id="ID33">
          <float_array count="426" id="ID34">-0.496362 -0.120415 0.859724 -0.496362 -0.120415 0.859724 -0.496362 -0.120415 0.859724 -0.496362 -0.120415 0.859724 -0.496396 -0.119858 0.859782 -0.496385 -0.120034 0.859764 -0.496385 -0.120034 0.859764 -0.494281 -0.150818 0.856119 -0.494281 -0.150818 0.856119 -0.495722 -0.130533 0.858616 -0.495722 -0.130533 0.858616 -0.496396 -0.119858 0.859782 -6.34516e-17 1 1.09901e-16 -6.34516e-17 1 1.09901e-16 -6.34516e-17 1 1.09901e-16 -6.34516e-17 1 1.09901e-16 0.497197 0.105743 -0.86117 0.496873 0.111666 -0.860609 0.496873 0.111666 -0.860609 0.495505 0.13379 -0.85824 0.496325 0.121016 -0.859661 0.496325 0.121016 -0.859661 0.490629 0.192702 -0.849794 0.492754 0.169629 -0.853475 0.492754 0.169629 -0.853475 0.494344 0.149992 -0.856228 0.495505 0.13379 -0.85824 0.494344 0.149992 -0.856228 0.487841 0.21919 -0.844966 0.487841 0.21919 -0.844966 0.490629 0.192702 -0.849794 0.484246 0.249041 -0.83874 0.484246 0.249041 -0.83874 0.497197 0.105743 -0.86117 0.124521 -0.968493 -0.215676 0.124521 -0.968493 -0.215676 0.124521 -0.968493 -0.215676 0.124521 -0.968493 -0.215676 -0.481486 -0.269599 0.833959 -0.482677 -0.260942 0.836021 -0.482677 -0.260942 0.836021 -0.481486 -0.269599 0.833959 -0.482677 -0.260942 0.836021 -0.48461 -0.246196 0.839369 -0.48461 -0.246196 0.839369 -0.482677 -0.260942 0.836021 -0.48461 -0.246196 0.839369 -0.484873 -0.244113 0.839825 -0.484873 -0.244113 0.839825 -0.48461 -0.246196 0.839369 -0.486743 -0.228749 0.843063 -0.484873 -0.244113 0.839825 -0.484873 -0.244113 0.839825 -0.488447 -0.213722 0.846015 -0.488447 -0.213722 0.846015 -0.486743 -0.228749 0.843063 -0.488447 -0.213722 0.846015 -0.488776 -0.210694 0.846585 -0.488776 -0.210694 0.846585 -0.488447 -0.213722 0.846015 -0.490616 -0.192827 0.849772 -0.488776 -0.210694 0.846585 -0.488776 -0.210694 0.846585 -0.492181 -0.176155 0.852483 -0.492181 -0.176155 0.852483 -0.490616 -0.192827 0.849772 -0.492181 -0.176155 0.852483 -0.492509 -0.172446 0.853051 -0.492509 -0.172446 0.853051 -0.492181 -0.176155 0.852483 -0.493921 -0.155463 0.855496 -0.492509 -0.172446 0.853051 -0.492509 -0.172446 0.853051 -0.49499 -0.141214 0.857347 -0.49499 -0.141214 0.857347 -0.493921 -0.155463 0.855496 -0.49499 -0.141214 0.857347 -0.495215 -0.138021 0.857737 -0.495215 -0.138021 0.857737 -0.49499 -0.141214 0.857347 -0.495926 -0.127389 0.85897 -0.495215 -0.138021 0.857737 -0.495215 -0.138021 0.857737 -0.496337 -0.120824 0.859681 -0.496337 -0.120824 0.859681 -0.495926 -0.127389 0.85897 -0.866025 0 -0.5 -0.866025 0 -0.5 -0.866025 0 -0.5 -0.866025 0 -0.5 -0.866025 0 -0.5 -0.866025 0 -0.5 -0.866025 0 -0.5 -0.866025 0 -0.5 -0.866025 0 -0.5 -0.866025 0 -0.5 -0.866025 0 -0.5 -0.866025 0 -0.5 -0.866025 0 -0.5 -0.866025 0 -0.5 -0.866025 0 -0.5 -0.866025 0 -0.5 -0.866025 0 -0.5 -0.866025 0 -0.5 -0.866025 0 -0.5 -0.866025 0 -0.5 -0.866025 0 -0.5 -0.866025 0 -0.5 -0.866025 0 -0.5 -0.866025 0 -0.5 -0.866025 0 -0.5 -0.866025 0 -0.5 -0.866025 0 -0.5 -0.866025 0 -0.5 0.866025 0 0.5 0.866025 0 0.5 0.866025 0 0.5 0.866025 0 0.5 0.866025 0 0.5 0.866025 0 0.5 0.866025 0 0.5 0.866025 0 0.5 0.866025 0 0.5 0.866025 0 0.5 0.866025 0 0.5 0.866025 0 0.5 0.866025 0 0.5 0.866025 0 0.5 0.866025 0 0.5 0.866025 0 0.5 0.866025 0 0.5 0.866025 0 0.5 0.866025 0 0.5 0.866025 0 0.5 0.866025 0 0.5 0.866025 0 0.5 0.866025 0 0.5 0.866025 0 0.5 0.866025 0 0.5 0.866025 0 0.5 0.866025 0 0.5 0.866025 0 0.5</float_array>
          <technique_common>
            <accessor count="142" source="#ID34" stride="3">
              <param name="X" type="float"/>
              <param name="Y" type="float"/>
              <param name="Z" type="float"/>
            </accessor>
          </technique_common>
        </source>
        <vertices id="ID35">
          <input semantic="POSITION" source="#ID31"/>
          <input semantic="NORMAL" source="#ID33"/>
        </vertices>
        <triangles count="108" material="ID16">
          <input offset="0" semantic="VERTEX" source="#ID35"/>
          <p>0 2 1 1 3 0 4 6 5 7 9 8 10 11 9 4 11 10 7 10 9 5 11 4 12 14 13 13 15 12 16 18 17 19 21 20 22 24 23 25 27 26 28 30 29 22 29 30 28 32 31 32 28 29 22 30 24 23 27 25 23 24 27 26 21 19 25 26 19 17 18 20 21 17 20 16 33 18 34 36 35 35 37 34 38 40 39 39 41 38 42 44 43 43 45 42 46 48 47 47 49 46 50 52 51 53 55 54 55 50 51 53 50 55 56 58 57 57 59 56 60 62 61 63 65 64 65 60 61 63 60 65 66 68 67 67 69 66 70 72 71 73 75 74 75 70 71 73 70 75 76 78 77 77 79 76 80 82 81 83 85 84 85 80 81 83 80 85 86 88 87 89 91 90 92 91 89 93 91 92 94 93 92 95 90 96 90 95 89 97 99 98 95 96 100 101 103 102 101 104 103 105 102 103 105 106 102 103 104 107 99 103 107 108 98 99 108 99 107 99 97 109 110 111 109 110 109 97 88 109 111 112 86 87 88 86 109 112 96 86 100 96 113 112 113 96 114 116 115 117 119 118 117 120 119 121 123 122 124 117 118 125 126 120 119 120 126 127 129 128 125 122 126 130 132 131 130 131 133 134 131 132 134 132 135 131 136 133 128 136 131 128 137 127 129 136 128 138 137 128 139 138 140 139 137 138 115 140 138 141 116 114 115 138 114 141 114 122 141 122 123 122 125 121</p>
        </triangles>
      </mesh>
    </geometry>
    <geometry id="ID36">
      <mesh>
        <source id="ID37">
          <float_array count="453" id="ID38">-0.000840011 0 -0.00113577 0.00123327 0 0.000688944 -0.000635982 0 -0.0012614 0.0010991 0 -0.000887457 0.000740665 0 -0.00120292 0.00123327 0 -0.000688944 0.000933305 0 -0.00106044 0.00133196 0 -0.000470611 0.000526717 0 -0.00131079 0.000297617 0 -0.00138095 0.00139233 0 -0.00023874 5.99547e-05 0 -0.00141138 0.00141265 0 0 -0.000413657 0 -0.00135073 0.00133196 0 0.000470611 0.00139233 0 0.00023874 -0.000179432 0 -0.00140121 -0.0011704 0 -0.000791051 -0.00128725 0 -0.000581874 0.000740665 0 0.00120292 0.000933305 0 0.00106044 0.0010991 0 0.000887457 -0.00101987 0 -0.00097747 -0.00136707 0 -0.000355958 0.000297617 0 0.00138095 0.000526717 0 0.00131079 -0.00136707 0 0.000355958 -0.000413657 0 0.00135073 -0.000179432 0 0.00140121 -0.00140756 0 0.000119801 5.99547e-05 0 0.00141138 -0.00140756 0 -0.000119801 -0.0011704 0 0.000791051 -0.00101987 0 0.00097747 -0.000840011 0 0.00113577 -0.000635982 0 0.0012614 -0.00128725 0 0.000581874 -0.00140756 0 -0.000119801 -0.00141265 -0.0537234 -1.73e-19 -0.00140756 0 0.000119801 -0.00136707 0 0.000355958 -0.00139339 -0.0537234 0.000232515 -0.00133611 -0.0537234 0.000458688 -0.00128725 0 0.000581874 -0.00124239 -0.0537234 0.000672349 -0.0011704 0 0.000791051 -0.00101987 0 0.00097747 -0.00111478 -0.0537234 0.00086767 -0.000956764 -0.0537234 0.00103932 -0.000840011 0 0.00113577 -0.000772648 -0.0537234 0.00118263 -0.000635982 0 0.0012614 -0.000413657 0 0.00135073 -0.000567457 -0.0537234 0.00129367 -0.000346786 -0.0537234 0.00136943 -0.000179432 0 0.00140121 -0.000116656 -0.0537234 0.00140783 5.99547e-05 0 0.00141138 0.000116656 -0.0537234 0.00140783 0.000346786 -0.0537234 0.00136943 0.000297617 0 0.00138095 0.000567457 -0.0537234 0.00129367 0.000526717 0 0.00131079 0.000740665 0 0.00120292 0.000772648 -0.0537234 0.00118263 0.000956764 -0.0537234 0.00103932 0.000933305 0 0.00106044 0.00111478 -0.0537234 0.00086767 0.0010991 0 0.000887457 0.00123327 0 0.000688944 0.00124239 -0.0537234 0.000672349 0.00133611 -0.0537234 0.000458688 0.00133196 0 0.000470611 0.00139339 -0.0537234 0.000232515 0.00139233 0 0.00023874 0.00141265 0 0 0.00141265 -0.0537234 0 -0.00139339 -0.0537234 -0.000232515 -0.00136707 0 -0.000355958 -0.00133611 -0.0537234 -0.000458688 -0.00128725 0 -0.000581874 -0.00124239 -0.0537234 -0.000672349 -0.00111478 -0.0537234 -0.00086767 -0.0011704 0 -0.000791051 -0.00101987 0 -0.00097747 -0.000956764 -0.0537234 -0.00103932 -0.000840011 0 -0.00113577 -0.000772648 -0.0537234 -0.00118263 -0.000567457 -0.0537234 -0.00129367 -0.000635982 0 -0.0012614 -0.000413657 0 -0.00135073 -0.000346786 -0.0537234 -0.00136943 -0.000179432 0 -0.00140121 -0.000116656 -0.0537234 -0.00140783 0.000116656 -0.0537234 -0.00140783 5.99547e-05 0 -0.00141138 0.000297617 0 -0.00138095 0.000346786 -0.0537234 -0.00136943 0.000526717 0 -0.00131079 0.000567457 -0.0537234 -0.00129367 0.000772648 -0.0537234 -0.00118263 0.000740665 0 -0.00120292 0.000933305 0 -0.00106044 0.000956764 -0.0537234 -0.00103932 0.0010991 0 -0.000887457 0.00111478 -0.0537234 -0.00086767 0.00124239 -0.0537234 -0.000672349 0.00123327 0 -0.000688944 0.00133196 0 -0.000470611 0.00133611 -0.0537234 -0.000458688 0.00139233 0 -0.00023874 0.00139339 -0.0537234 -0.000232515 -0.00141265 -0.0537234 -1.73e-19 1.2326e-35 -0.0536684 0 -0.00139339 -0.0537234 0.000232515 -0.00139339 -0.0537234 -0.000232515 -0.00124239 -0.0537234 0.000672349 -0.00133611 -0.0537234 0.000458688 -0.000956764 -0.0537234 0.00103932 -0.00111478 -0.0537234 0.00086767 -0.000567457 -0.0537234 0.00129367 -0.000772648 -0.0537234 0.00118263 -0.000116656 -0.0537234 0.00140783 -0.000346786 -0.0537234 0.00136943 0.000346786 -0.0537234 0.00136943 0.000116656 -0.0537234 0.00140783 0.000772648 -0.0537234 0.00118263 0.000567457 -0.0537234 0.00129367 0.00111478 -0.0537234 0.00086767 0.000956764 -0.0537234 0.00103932 0.00133611 -0.0537234 0.000458688 0.00124239 -0.0537234 0.000672349 0.00141265 -0.0537234 0 0.00139339 -0.0537234 0.000232515 0.00139339 -0.0537234 -0.000232515 0.00124239 -0.0537234 -0.000672349 0.00133611 -0.0537234 -0.000458688 0.000956764 -0.0537234 -0.00103932 0.00111478 -0.0537234 -0.00086767 0.000567457 -0.0537234 -0.00129367 0.000772648 -0.0537234 -0.00118263 0.000116656 -0.0537234 -0.00140783 0.000346786 -0.0537234 -0.00136943 -0.000346786 -0.0537234 -0.00136943 -0.000116656 -0.0537234 -0.00140783 -0.000772648 -0.0537234 -0.00118263 -0.000567457 -0.0537234 -0.00129367 -0.00111478 -0.0537234 -0.00086767 -0.000956764 -0.0537234 -0.00103932 -0.00133611 -0.0537234 -0.000458688 -0.00124239 -0.0537234 -0.000672349</float_array>
          <technique_common>
            <accessor count="151" source="#ID38" stride="3">
              <param name="X" type="float"/>
              <param name="Y" type="float"/>
              <param name="Z" type="float"/>
            </accessor>
          </technique_common>
        </source>
        <source id="ID39">
          <float_array count="453" id="ID40">0 1 0 0 1 0 0 1 0 0 1 0 0 1 0 0 1 0 0 1 0 0 1 0 0 1 0 0 1 0 0 1 0 0 1 0 0 1 0 0 1 0 0 1 0 0 1 0 0 1 0 0 1 0 0 1 0 0 1 0 0 1 0 0 1 0 0 1 0 0 1 0 0 1 0 0 1 0 0 1 0 0 1 0 0 1 0 0 1 0 0 1 0 0 1 0 0 1 0 0 1 0 0 1 0 0 1 0 0 1 0 -0.996397 0 -0.0848059 -1 0 8.74228e-08 -0.996397 0 0.0848059 -0.967733 0 0.251978 -0.986361 0 0.164595 -0.945817 0 0.324699 -0.911228 0 0.411901 -0.879474 0 0.475947 -0.82851 0 0.559975 -0.721956 0 0.691939 -0.78914 0 0.614213 -0.677282 0 0.735724 -0.594633 0 0.803997 -0.546948 0 0.837167 -0.450204 0 0.892926 -0.292823 0 0.956167 -0.401695 0 0.915773 -0.245486 0 0.9694 -0.127018 0 0.9919 -0.0825794 0 0.996584 0.042441 0 0.999099 0.0825794 0 0.996584 0.245486 0 0.9694 0.210679 0 0.977555 0.401695 0 0.915773 0.372857 0 0.927889 0.524307 0 0.851529 0.546948 0 0.837166 0.677282 0 0.735724 0.660675 0 0.750672 0.78914 0 0.614213 0.778036 0 0.62822 0.873014 0 0.487695 0.879474 0 0.475948 0.945817 0 0.3247 0.942877 0 0.33314 0.986361 0 0.164595 0.985616 0 0.169001 1 0 3.01992e-07 1 0 -1.74846e-07 -0.986361 0 -0.164595 -0.967733 0 -0.251978 -0.945817 0 -0.3247 -0.911228 0 -0.411901 -0.879474 0 -0.475947 -0.789141 0 -0.614213 -0.82851 0 -0.559975 -0.721956 0 -0.691939 -0.677282 0 -0.735724 -0.594633 0 -0.803997 -0.546948 0 -0.837166 -0.401695 0 -0.915773 -0.450204 0 -0.892926 -0.292823 0 -0.956167 -0.245485 0 -0.9694 -0.127018 0 -0.9919 -0.0825794 0 -0.996584 0.0825794 0 -0.996584 0.0424412 0 -0.999099 0.210679 0 -0.977555 0.245485 0 -0.9694 0.372857 0 -0.927889 0.401695 0 -0.915773 0.546948 0 -0.837166 0.524307 0 -0.851529 0.660675 0 -0.750672 0.677282 0 -0.735724 0.778036 0 -0.62822 0.789141 0 -0.614213 0.879474 0 -0.475947 0.873014 0 -0.487695 0.942877 0 -0.33314 0.945817 0 -0.324699 0.985616 0 -0.169001 0.986361 0 -0.164595 0.0388966 -0.999243 6.80089e-09 0.0388966 -0.999243 6.80089e-09 0.0383661 -0.999243 -0.00640216 0.0383661 -0.999243 0.00640217 0.0342085 -0.999243 -0.0185127 0.0367891 -0.999243 -0.0126297 0.0263439 -0.999243 -0.0286171 0.0306949 -0.999243 -0.0238908 0.0156246 -0.999243 -0.0356205 0.0212744 -0.999243 -0.0325629 0.00321206 -0.999243 -0.0387637 0.00954853 -0.999243 -0.0377064 -0.00954855 -0.999243 -0.0377063 -0.00321206 -0.999243 -0.0387637 -0.0212744 -0.999243 -0.0325629 -0.0156246 -0.999243 -0.0356205 -0.0306949 -0.999243 -0.0238908 -0.0263439 -0.999243 -0.0286171 -0.0367891 -0.999243 -0.0126297 -0.0342085 -0.999243 -0.0185127 -0.0388966 -0.999243 -3.40045e-09 -0.0383661 -0.999243 -0.00640217 -0.0383661 -0.999243 0.00640217 -0.0342085 -0.999243 0.0185127 -0.0367891 -0.999243 0.0126297 -0.0263439 -0.999243 0.0286171 -0.0306949 -0.999243 0.0238908 -0.0156246 -0.999243 0.0356204 -0.0212744 -0.999243 0.0325629 -0.00321205 -0.999243 0.0387637 -0.00954855 -0.999243 0.0377063 0.00954855 -0.999243 0.0377063 0.00321205 -0.999243 0.0387637 0.0212744 -0.999243 0.0325629 0.0156246 -0.999243 0.0356204 0.0306949 -0.999243 0.0238908 0.0263439 -0.999243 0.0286171 0.0367891 -0.999243 0.0126297 0.0342085 -0.999243 0.0185127</float_array>
          <technique_common>
            <accessor count="151" source="#ID40" stride="3">
              <param name="X" type="float"/>
              <param name="Y" type="float"/>
              <param name="Z" type="float"/>
            </accessor>
          </technique_common>
        </source>
        <vertices id="ID41">
          <input semantic="POSITION" source="#ID37"/>
          <input semantic="NORMAL" source="#ID39"/>
        </vertices>
        <triangles count="148" material="ID42">
          <input offset="0" semantic="VERTEX" source="#ID41"/>
          <p>0 1 2 3 4 5 3 6 4 7 5 8 4 8 5 9 10 7 7 8 9 10 11 12 11 10 9 13 14 15 11 16 12 17 18 19 20 21 22 23 24 25 26 27 28 29 30 31 32 33 34 35 36 32 36 35 27 32 34 35 29 26 28 26 36 27 30 29 28 23 31 24 24 31 30 19 18 25 25 18 23 20 22 17 19 20 17 21 1 0 22 21 0 2 14 13 2 1 14 12 16 15 16 13 15 37 38 39 40 39 41 38 41 39 42 43 40 40 41 42 43 44 45 44 43 42 46 45 47 44 47 45 48 49 46 46 47 48 49 50 51 50 49 48 52 51 53 50 53 51 54 55 52 52 53 54 56 55 54 57 56 58 56 57 55 59 60 58 57 58 60 59 61 62 62 60 59 63 61 64 61 63 62 65 66 64 63 64 66 65 67 68 68 66 65 69 67 70 67 69 68 71 72 70 69 70 72 71 73 74 74 72 71 73 75 74 73 76 75 37 77 38 78 79 77 77 37 78 79 80 81 80 79 78 82 81 83 80 83 81 84 85 82 82 83 84 85 86 87 86 85 84 88 87 89 86 89 87 90 91 88 88 89 90 91 92 93 92 91 90 94 93 95 92 95 93 96 97 94 94 95 96 97 98 99 98 97 96 100 99 101 98 101 99 102 103 100 100 101 102 103 104 105 104 103 102 106 105 107 104 107 105 108 109 106 106 107 108 109 110 111 110 109 108 110 75 111 111 75 76 112 113 114 112 115 113 113 116 117 114 113 117 113 118 119 116 113 119 113 120 121 118 113 121 113 122 123 120 113 123 113 124 125 122 113 125 113 126 127 124 113 127 113 128 129 126 113 129 113 130 131 128 113 131 113 132 133 130 113 133 134 132 113 135 136 113 113 136 134 137 138 113 113 138 135 139 140 113 113 140 137 141 142 113 113 142 139 143 144 113 113 144 141 145 146 113 113 146 143 147 148 113 113 148 145 149 150 113 113 150 147 113 115 149</p>
        </triangles>
      </mesh>
    </geometry>
    <geometry id="ID43">
      <mesh>
        <source id="ID44">
          <float_array count="426" id="ID45">-0.00779102 -0.018549 -8.88178e-19 -0.00770428 -0.0178339 0.00127 -0.00770428 -0.0178339 -8.88178e-19 -0.00779102 -0.018549 0.00127 -0.00701731 -0.0120104 0.00127 -0.00770428 -0.0178339 -8.88178e-19 -0.00770428 -0.0178339 0.00127 -0.0054033 -2.9375e-17 0.00127 -0.0054033 -2.9375e-17 2.26485e-17 -0.00625035 -0.00606603 0 -0.00625035 -0.00606603 0.00127 -0.00701731 -0.0120104 0 -0.0054033 -2.9375e-17 2.26485e-17 -0.00620525 1.0177e-19 0.00127 -0.00620525 1.0177e-19 0 -0.0054033 -2.9375e-17 0.00127 -0.00683878 -0.006547 0.00127 -0.00620525 1.0177e-19 0 -0.00620525 1.0177e-19 0.00127 -0.00944544 -0.0260722 0.00127 -0.00845888 -0.0195831 0 -0.00845888 -0.0195831 0.00127 -0.00758999 -0.0130747 0.00127 -0.00758999 -0.0130747 0 -0.00683878 -0.006547 0 -0.0117716 -0.0389926 0 -0.0117716 -0.0389926 0.00127 -0.0131112 -0.0454238 0.00127 -0.00944544 -0.0260722 0 -0.0105497 -0.032542 0.00127 -0.0105497 -0.032542 0 -0.0145685 -0.0518357 0.00127 -0.0131112 -0.0454238 0 -0.0145685 -0.0518357 2.37588e-17 -0.0145685 -0.0518357 2.37588e-17 -0.0140744 -0.0519628 0.00127 -0.0140744 -0.0519628 6.66134e-19 -0.0145685 -0.0518357 0.00127 -0.0140744 -0.0519628 6.66134e-19 -0.0136279 -0.0503399 0.00127 -0.0136279 -0.0503399 1.33227e-18 -0.0140744 -0.0519628 0.00127 -0.0136279 -0.0503399 1.33227e-18 -0.0129167 -0.0476271 0.00127 -0.0129167 -0.0476271 2.44249e-18 -0.0136279 -0.0503399 0.00127 -0.0129167 -0.0476271 2.44249e-18 -0.0128208 -0.0472478 0.00127 -0.0128208 -0.0472478 2.88658e-18 -0.0129167 -0.0476271 0.00127 -0.0121446 -0.0444692 0.00127 -0.0128208 -0.0472478 2.88658e-18 -0.0128208 -0.0472478 0.00127 -0.0115297 -0.0417586 0.00127 -0.0115297 -0.0417586 4.88498e-18 -0.0121446 -0.0444692 0 -0.0115297 -0.0417586 4.88498e-18 -0.0114105 -0.04121 0.00127 -0.0114105 -0.04121 5.55112e-18 -0.0115297 -0.0417586 0.00127 -0.0107343 -0.0379268 0.00127 -0.0114105 -0.04121 5.55112e-18 -0.0114105 -0.04121 0.00127 -0.0101338 -0.0347262 0.00127 -0.0101338 -0.0347262 7.99361e-18 -0.0107343 -0.0379268 0 -0.0101338 -0.0347262 7.99361e-18 -0.0100025 -0.0339843 0.00127 -0.0100025 -0.0339843 7.77156e-18 -0.0101338 -0.0347262 0.00127 -0.00940012 -0.0303563 0.00127 -0.0100025 -0.0339843 7.77156e-18 -0.0100025 -0.0339843 0.00127 -0.00886774 -0.0268016 0.00127 -0.00886774 -0.0268016 1.11022e-17 -0.00940012 -0.0303563 0 -0.00886774 -0.0268016 1.11022e-17 -0.00873899 -0.0258884 0.00127 -0.00873899 -0.0258884 1.11022e-17 -0.00886774 -0.0268016 0.00127 -0.00824669 -0.0222026 0.00127 -0.00873899 -0.0258884 1.11022e-17 -0.00873899 -0.0258884 0.00127 -0.00779102 -0.018549 0.00127 -0.00779102 -0.018549 -8.88178e-19 -0.00824669 -0.0222026 0 -0.00944544 -0.0260722 0.00127 -0.00886774 -0.0268016 0.00127 -0.00940012 -0.0303563 0.00127 -0.00701731 -0.0120104 0.00127 -0.00758999 -0.0130747 0.00127 -0.00683878 -0.006547 0.00127 -0.00625035 -0.00606603 0.00127 -0.00620525 1.0177e-19 0.00127 -0.0054033 -2.9375e-17 0.00127 -0.00770428 -0.0178339 0.00127 -0.00845888 -0.0195831 0.00127 -0.0107343 -0.0379268 0.00127 -0.0114105 -0.04121 0.00127 -0.0117716 -0.0389926 0.00127 -0.00779102 -0.018549 0.00127 -0.0129167 -0.0476271 0.00127 -0.0136279 -0.0503399 0.00127 -0.0131112 -0.0454238 0.00127 -0.0128208 -0.0472478 0.00127 -0.0145685 -0.0518357 0.00127 -0.0140744 -0.0519628 0.00127 -0.0121446 -0.0444692 0.00127 -0.0115297 -0.0417586 0.00127 -0.0105497 -0.032542 0.00127 -0.0101338 -0.0347262 0.00127 -0.0100025 -0.0339843 0.00127 -0.00873899 -0.0258884 0.00127 -0.00824669 -0.0222026 0.00127 -0.00944544 -0.0260722 0 -0.00940012 -0.0303563 0 -0.00886774 -0.0268016 1.11022e-17 -0.00625035 -0.00606603 0 -0.00620525 1.0177e-19 0 -0.00683878 -0.006547 0 -0.00701731 -0.0120104 0 -0.00779102 -0.018549 -8.88178e-19 -0.00845888 -0.0195831 0 -0.00824669 -0.0222026 0 -0.0054033 -2.9375e-17 2.26485e-17 -0.00770428 -0.0178339 -8.88178e-19 -0.00758999 -0.0130747 0 -0.0114105 -0.04121 5.55112e-18 -0.0117716 -0.0389926 0 -0.0115297 -0.0417586 4.88498e-18 -0.0129167 -0.0476271 2.44249e-18 -0.0131112 -0.0454238 0 -0.0136279 -0.0503399 1.33227e-18 -0.0128208 -0.0472478 2.88658e-18 -0.0145685 -0.0518357 2.37588e-17 -0.0140744 -0.0519628 6.66134e-19 -0.0121446 -0.0444692 0 -0.0107343 -0.0379268 0 -0.0105497 -0.032542 0 -0.0101338 -0.0347262 7.99361e-18 -0.0100025 -0.0339843 7.77156e-18 -0.00873899 -0.0258884 1.11022e-17</float_array>
          <technique_common>
            <accessor count="142" source="#ID45" stride="3">
              <param name="X" type="float"/>
              <param name="Y" type="float"/>
              <param name="Z" type="float"/>
            </accessor>
          </technique_common>
        </source>
        <source id="ID46">
          <float_array count="426" id="ID47">0.992724 -0.120415 0 0.992724 -0.120415 0 0.992724 -0.120415 0 0.992724 -0.120415 0 0.992791 -0.119858 0 0.99277 -0.120034 0 0.99277 -0.120034 0 0.988562 -0.150818 0 0.988562 -0.150818 0 0.991444 -0.130533 0 0.991444 -0.130533 0 0.992791 -0.119858 0 1.26903e-16 1 0 1.26903e-16 1 0 1.26903e-16 1 0 1.26903e-16 1 0 -0.993746 0.111666 0 -0.994394 0.105743 0 -0.994394 0.105743 0 -0.988687 0.149992 0 -0.99101 0.13379 0 -0.99101 0.13379 0 -0.992651 0.121016 0 -0.992651 0.121016 0 -0.993746 0.111666 0 -0.981257 0.192702 0 -0.981257 0.192702 0 -0.975682 0.21919 0 -0.988687 0.149992 0 -0.985508 0.169629 0 -0.985508 0.169629 0 -0.968493 0.249041 0 -0.975682 0.21919 0 -0.968493 0.249041 0 -0.249041 -0.968493 -0 -0.249041 -0.968493 -0 -0.249041 -0.968493 -0 -0.249041 -0.968493 -0 0.962973 -0.269599 0 0.965354 -0.260942 0 0.965354 -0.260942 0 0.962973 -0.269599 0 0.965354 -0.260942 0 0.96922 -0.246196 0 0.96922 -0.246196 0 0.965354 -0.260942 0 0.96922 -0.246196 0 0.969747 -0.244113 0 0.969747 -0.244113 0 0.96922 -0.246196 0 0.973485 -0.228749 0 0.969747 -0.244113 0 0.969747 -0.244113 0 0.976894 -0.213722 0 0.976894 -0.213722 0 0.973485 -0.228749 0 0.976894 -0.213722 0 0.977552 -0.210694 0 0.977552 -0.210694 0 0.976894 -0.213722 0 0.981233 -0.192827 0 0.977552 -0.210694 0 0.977552 -0.210694 0 0.984362 -0.176155 0 0.984362 -0.176155 0 0.981233 -0.192827 0 0.984362 -0.176155 0 0.985019 -0.172446 0 0.985019 -0.172446 0 0.984362 -0.176155 0 0.987842 -0.155463 0 0.985019 -0.172446 0 0.985019 -0.172446 0 0.989979 -0.141214 0 0.989979 -0.141214 0 0.987842 -0.155463 0 0.989979 -0.141214 0 0.990429 -0.138021 0 0.990429 -0.138021 0 0.989979 -0.141214 0 0.991853 -0.127389 0 0.990429 -0.138021 0 0.990429 -0.138021 0 0.992674 -0.120824 0 0.992674 -0.120824 0 0.991853 -0.127389 0 0 0 1 0 0 1 0 0 1 0 0 1 0 0 1 0 0 1 0 0 1 0 0 1 0 0 1 0 0 1 0 0 1 0 0 1 0 0 1 0 0 1 0 0 1 0 0 1 0 0 1 0 0 1 0 0 1 0 0 1 0 0 1 0 0 1 0 0 1 0 0 1 0 0 1 0 0 1 0 0 1 0 0 1 -0 -0 -1 -0 -0 -1 -0 -0 -1 -0 -0 -1 -0 -0 -1 -0 -0 -1 -0 -0 -1 -0 -0 -1 -0 -0 -1 -0 -0 -1 -0 -0 -1 -0 -0 -1 -0 -0 -1 -0 -0 -1 -0 -0 -1 -0 -0 -1 -0 -0 -1 -0 -0 -1 -0 -0 -1 -0 -0 -1 -0 -0 -1 -0 -0 -1 -0 -0 -1 -0 -0 -1 -0 -0 -1 -0 -0 -1 -0 -0 -1 -0 -0 -1</float_array>
          <technique_common>
            <accessor count="142" source="#ID47" stride="3">
              <param name="X" type="float"/>
              <param name="Y" type="float"/>
              <param name="Z" type="float"/>
            </accessor>
          </technique_common>
        </source>
        <vertices id="ID48">
          <input semantic="POSITION" source="#ID44"/>
          <input semantic="NORMAL" source="#ID46"/>
        </vertices>
        <triangles count="108" material="ID16">
          <input offset="0" semantic="VERTEX" source="#ID48"/>
          <p>0 2 1 1 3 0 4 6 5 7 9 8 10 11 9 4 11 10 7 10 9 5 11 4 12 14 13 13 15 12 16 18 17 19 21 20 22 24 23 25 27 26 28 30 29 31 27 32 25 32 27 33 31 32 29 30 26 30 25 26 28 19 20 28 29 19 21 22 23 20 21 23 16 17 24 22 16 24 34 36 35 35 37 34 38 40 39 39 41 38 42 44 43 43 45 42 46 48 47 47 49 46 50 52 51 53 55 54 55 50 51 53 50 55 56 58 57 57 59 56 60 62 61 63 65 64 65 60 61 63 60 65 66 68 67 67 69 66 70 72 71 73 75 74 75 70 71 73 70 75 76 78 77 77 79 76 80 82 81 83 85 84 85 80 81 83 80 85 86 88 87 89 91 90 92 91 89 93 91 92 94 93 92 95 90 96 90 95 89 97 99 98 95 96 100 101 103 102 101 104 103 105 102 103 105 106 102 103 104 107 99 103 107 108 98 99 108 99 107 99 97 109 110 111 109 110 109 97 88 109 111 112 86 87 88 86 109 112 96 86 100 96 113 112 113 96 114 116 115 117 119 118 117 120 119 121 123 122 124 117 118 125 126 120 119 120 126 127 129 128 125 122 126 130 132 131 130 131 133 134 131 132 134 132 135 131 136 133 128 136 131 128 137 127 129 136 128 138 137 128 139 138 140 139 137 138 115 140 138 141 116 114 115 138 114 141 114 122 141 122 123 122 125 121</p>
        </triangles>
      </mesh>
    </geometry>
    <geometry id="ID49">
      <mesh>
        <source id="ID50">
          <float_array count="876" id="ID51">-5.55111e-19 -0.0545856 4.44089e-19 -0.000746487 -0.0536684 -0.00102745 -4.44089e-19 -0.0536684 4.44089e-19 -0.000746487 -0.0545856 -0.00102745 -4.44089e-19 -0.0536684 4.44089e-19 0.000396374 -0.0537234 -0.00185779 0.00114286 -0.0537234 -0.000830337 -0.000746487 -0.0536684 -0.00102745 0.000838293 -0.0536047 -0.00217886 0.00114286 -0.0537234 -0.000830337 0.000396374 -0.0537234 -0.00185779 0.00293031 -0.0536216 -0.002129 0.00248368 -0.0535362 -0.0018045 0.00218165 -0.0536174 -0.00315487 0.00173681 -0.0535382 -0.00283167 0.00203395 -0.0535333 -0.00147775 0.00128511 -0.053543 -0.00250349 0.00345057 -0.0542005 -0.00407679 0.00385309 -0.0544543 -0.00436924 0.00459812 -0.0544576 -0.00334073 0.00261784 -0.0537661 -0.00347177 0.00303919 -0.0539711 -0.00377791 0.00378565 -0.0539713 -0.00275044 0.00616228 -0.0555706 -0.00447716 0.00502996 -0.0552811 -0.00522429 0.00541612 -0.05557 -0.00550485 0.0053865 -0.0550004 -0.00391352 0.00424921 -0.0547214 -0.00465704 0.00464143 -0.0549972 -0.004942 0.00693177 -0.056154 -0.00503623 0.00618639 -0.0561516 -0.00606448 0.0073169 -0.0564448 -0.00531604 0.00580157 -0.0558602 -0.00578489 0.0065473 -0.0558617 -0.00475689 0.00770289 -0.0567335 -0.00559648 0.00695799 -0.0567304 -0.00662508 0.00809202 -0.057016 -0.0058792 0.00657138 -0.0564428 -0.00634419 0.00848645 -0.0572869 -0.00616577 0.00774 -0.0572867 -0.00719324 0.00888705 -0.0575448 -0.00645682 0.00734698 -0.0570129 -0.0069077 0.00814084 -0.0575428 -0.00748447 0.00854974 -0.0577789 -0.00778156 0.00896836 -0.0579883 -0.0080857 0.00929684 -0.0577791 -0.00675455 0.00939555 -0.058168 -0.00839607 0.00971546 -0.0579869 -0.00705869 0.0101435 -0.0581643 -0.00736969 0.00982973 -0.0583219 -0.00871153 0.0102684 -0.058454 -0.00903023 0.0105766 -0.05832 -0.00768438 0.0110149 -0.058454 -0.00800278 0.00577541 -0.0552833 -0.00419608 0.00499472 -0.0547235 -0.00362888 0.00419579 -0.054205 -0.00304842 0.00336383 -0.0537735 -0.00244397 0.00158441 -0.0536 -0.00115114 0.011014 -0.0595742 -0.00800214 0.0103365 -0.0594818 -0.0090797 0.0102675 -0.0595742 -0.00902959 0.0101872 -0.0596514 -0.00897122 0.0109337 -0.0596514 -0.00794377 0.0100977 -0.0597111 -0.00890618 0.0108441 -0.0597111 -0.00787873 0.0107479 -0.0597518 -0.0078088 0.0100014 -0.0597518 -0.00883626 0.00990105 -0.0597724 -0.00876334 0.0106475 -0.0597724 -0.00773589 0.00979932 -0.0597723 -0.00868943 0.0105458 -0.0597723 -0.00766198 0.0104455 -0.0597515 -0.00758909 0.009699 -0.0597515 -0.00861654 0.00960282 -0.0597105 -0.00854666 0.0103493 -0.0597105 -0.00751921 0.0095134 -0.0596506 -0.00848169 0.0102599 -0.0596506 -0.00745424 0.0101797 -0.0595732 -0.00739596 0.00943318 -0.0595732 -0.00842341 0.011083 -0.0594818 -0.00805225 0.0103922 -0.0593766 -0.00912018 0.0111387 -0.0593766 -0.00809273 0.0111796 -0.0592615 -0.00812249 0.0104332 -0.0592615 -0.00914994 0.0112047 -0.0591396 -0.0081407 0.0104582 -0.0591396 -0.00916815 0.0104667 -0.0590143 -0.00917433 0.0112132 -0.0590143 -0.00814688 0.0112049 -0.058889 -0.00814085 0.0104584 -0.058889 -0.0091683 0.01118 -0.0587671 -0.00812277 0.0104335 -0.0587671 -0.00915022 0.0103928 -0.0586519 -0.0091206 0.0111393 -0.0586519 -0.00809315 0.0110837 -0.0585466 -0.00805278 0.0103372 -0.0585466 -0.00908024 0.0102684 -0.058454 -0.00903023 0.0110149 -0.058454 -0.00800278 0.00904757 -0.0593653 -0.00814325 0.0101797 -0.0595732 -0.00739596 0.00943318 -0.0595732 -0.00842341 0.00831905 -0.0583706 -0.00604414 0.00867855 -0.0586405 -0.00630533 0.00793133 -0.0586425 -0.00733225 0.0082965 -0.0588995 -0.00759757 0.0094148 -0.0591414 -0.00684025 0.00866868 -0.0591408 -0.00786797 0.00650847 -0.0575316 -0.00629849 0.00690285 -0.0572482 -0.00501522 0.00725586 -0.0575305 -0.00527169 0.00721619 -0.0580945 -0.00681268 0.00760884 -0.0578129 -0.00552815 0.00796276 -0.058094 -0.00578529 0.00583807 -0.0564121 -0.00424161 0.00544754 -0.0566889 -0.00552768 0.00509152 -0.0564122 -0.00526901 0.00654937 -0.0569667 -0.0047584 0.00580206 -0.0569683 -0.00578525 0.00619454 -0.0566878 -0.0045006 0.00511939 -0.055872 -0.00371946 0.0043719 -0.0558743 -0.00474618 0.00475514 -0.0556125 -0.00345481 0.00473298 -0.0561406 -0.00500851 0.00548005 -0.0561393 -0.00398149 0.00438719 -0.0553613 -0.00318748 0.00363959 -0.0553636 -0.00421412 0.00401361 -0.0551213 -0.00291606 0.00400792 -0.0556141 -0.00448173 0.00363242 -0.0549013 -0.0026391 0.00288586 -0.0549019 -0.0036665 0.00324296 -0.054701 -0.00235615 0.00326612 -0.0551248 -0.00394278 0.00284056 -0.0545445 -0.00206379 0.00249585 -0.0547077 -0.00338315 0.00209542 -0.0545512 -0.00309222 0.00242898 -0.0544505 -0.00176476 0.00168251 -0.0544504 -0.00279222 0.00126415 -0.0544285 -0.00248827 0.00200808 -0.0544351 -0.00145896 0.000844533 -0.0544756 -0.0021834 0.000431871 -0.0545856 -0.00188358 0.00159121 -0.0544801 -0.00115608 0.00117836 -0.0545856 -0.000856127 0.00615567 -0.0572494 -0.00604216 0.0068617 -0.0578141 -0.00655512 0.00757184 -0.0583726 -0.00707107 0.00904304 -0.0588999 -0.00657015 0.00979353 -0.0593661 -0.00711542 0.00117836 -0.0545856 -0.000856127 -0.000746487 -0.0545856 -0.00102745 -5.55111e-19 -0.0545856 4.44089e-19 0.000431871 -0.0545856 -0.00188358 0.00168251 -0.0544504 -0.00279222 0.00261784 -0.0537661 -0.00347177 0.00218165 -0.0536174 -0.00315487 -0.000746487 -0.0545856 -0.00102745 0.000396374 -0.0537234 -0.00185779 -0.000746487 -0.0536684 -0.00102745 0.00209542 -0.0545512 -0.00309222 0.00303919 -0.0539711 -0.00377791 0.00249585 -0.0547077 -0.00338315 0.00345057 -0.0542005 -0.00407679 0.00288586 -0.0549019 -0.0036665 0.0103928 -0.0586519 -0.0091206 0.00982973 -0.0583219 -0.00871153 0.0104335 -0.0587671 -0.00915022 0.00326612 -0.0551248 -0.00394278 0.00385309 -0.0544543 -0.00436924 0.00400792 -0.0556141 -0.00448173 0.00464143 -0.0549972 -0.004942 0.00363959 -0.0553636 -0.00421412 0.00424921 -0.0547214 -0.00465704 0.00473298 -0.0561406 -0.00500851 0.00580157 -0.0558602 -0.00578489 0.00541612 -0.05557 -0.00550485 0.00502996 -0.0552811 -0.00522429 0.0043719 -0.0558743 -0.00474618 0.00544754 -0.0566889 -0.00552768 0.00580206 -0.0569683 -0.00578525 0.00657138 -0.0564428 -0.00634419 0.00618639 -0.0561516 -0.00606448 0.00509152 -0.0564122 -0.00526901 0.00734698 -0.0570129 -0.0069077 0.00650847 -0.0575316 -0.00629849 0.00774 -0.0572867 -0.00719324 0.00695799 -0.0567304 -0.00662508 0.00615567 -0.0572494 -0.00604216 0.00896836 -0.0579883 -0.0080857 0.00854974 -0.0577789 -0.00778156 0.00757184 -0.0583726 -0.00707107 0.00721619 -0.0580945 -0.00681268 0.00814084 -0.0575428 -0.00748447 0.0068617 -0.0578141 -0.00655512 0.0095134 -0.0596506 -0.00848169 0.0102675 -0.0595742 -0.00902959 0.00943318 -0.0595732 -0.00842341 0.00866868 -0.0591408 -0.00786797 0.0101872 -0.0596514 -0.00897122 0.00960282 -0.0597105 -0.00854666 0.0100014 -0.0597518 -0.00883626 0.00979932 -0.0597723 -0.00868943 0.00990105 -0.0597724 -0.00876334 0.0103372 -0.0585466 -0.00908024 0.00904757 -0.0593653 -0.00814325 0.0104584 -0.058889 -0.0091683 0.0102684 -0.058454 -0.00903023 0.0103365 -0.0594818 -0.0090797 0.0104332 -0.0592615 -0.00914994 0.009699 -0.0597515 -0.00861654 0.0100977 -0.0597111 -0.00890618 0.0103922 -0.0593766 -0.00912018 0.0104582 -0.0591396 -0.00916815 0.0104667 -0.0590143 -0.00917433 0.00939555 -0.058168 -0.00839607 0.0082965 -0.0588995 -0.00759757 0.00793133 -0.0586425 -0.00733225 0.00126415 -0.0544285 -0.00248827 0.00173681 -0.0535382 -0.00283167 0.00128511 -0.053543 -0.00250349 0.000431871 -0.0545856 -0.00188358 0.000844533 -0.0544756 -0.0021834 0.000838293 -0.0536047 -0.00217886 0.00401361 -0.0551213 -0.00291606 0.00363242 -0.0549013 -0.0026391 0.00459812 -0.0544576 -0.00334073 0.00242898 -0.0544505 -0.00176476 0.00336383 -0.0537735 -0.00244397 0.00284056 -0.0545445 -0.00206379 0.00378565 -0.0539713 -0.00275044 0.00324296 -0.054701 -0.00235615 0.00419579 -0.054205 -0.00304842 0.00293031 -0.0536216 -0.002129 0.00438719 -0.0553613 -0.00318748 0.00499472 -0.0547235 -0.00362888 0.0053865 -0.0550004 -0.00391352 0.00616228 -0.0555706 -0.00447716 0.00548005 -0.0561393 -0.00398149 0.00511939 -0.055872 -0.00371946 0.00577541 -0.0552833 -0.00419608 0.00475514 -0.0556125 -0.00345481 0.00583807 -0.0564121 -0.00424161 0.0065473 -0.0558617 -0.00475689 0.00693177 -0.056154 -0.00503623 0.00770289 -0.0567335 -0.00559648 0.00690285 -0.0572482 -0.00501522 0.00654937 -0.0569667 -0.0047584 0.0073169 -0.0564448 -0.00531604 0.00619454 -0.0566878 -0.0045006 0.00888705 -0.0575448 -0.00645682 0.00760884 -0.0578129 -0.00552815 0.00848645 -0.0572869 -0.00616577 0.00725586 -0.0575305 -0.00527169 0.00809202 -0.057016 -0.0058792 0.0105766 -0.05832 -0.00768438 0.0094148 -0.0591414 -0.00684025 0.00904304 -0.0588999 -0.00657015 0.00796276 -0.058094 -0.00578529 0.00929684 -0.0577791 -0.00675455 0.00831905 -0.0583706 -0.00604414 0.0109337 -0.0596514 -0.00794377 0.0108441 -0.0597111 -0.00787873 0.0103493 -0.0597105 -0.00751921 0.00979353 -0.0593661 -0.00711542 0.0112047 -0.0591396 -0.0081407 0.0111796 -0.0592615 -0.00812249 0.011083 -0.0594818 -0.00805225 0.011014 -0.0595742 -0.00800214 0.0101797 -0.0595732 -0.00739596 0.0104455 -0.0597515 -0.00758909 0.0107479 -0.0597518 -0.0078088 0.0112049 -0.058889 -0.00814085 0.0110149 -0.058454 -0.00800278 0.0110837 -0.0585466 -0.00805278 0.0111393 -0.0586519 -0.00809315 0.0102599 -0.0596506 -0.00745424 0.01118 -0.0587671 -0.00812277 0.0105458 -0.0597723 -0.00766198 0.0106475 -0.0597724 -0.00773589 0.0111387 -0.0593766 -0.00809273 0.0112132 -0.0590143 -0.00814688 0.0101435 -0.0581643 -0.00736969 0.00867855 -0.0586405 -0.00630533 0.00971546 -0.0579869 -0.00705869 0.00248368 -0.0535362 -0.0018045 0.00200808 -0.0544351 -0.00145896 0.00203395 -0.0535333 -0.00147775 0.00117836 -0.0545856 -0.000856127 0.00114286 -0.0537234 -0.000830337 0.00159121 -0.0544801 -0.00115608 0.00158441 -0.0536 -0.00115114 -5.55111e-19 -0.0545856 4.44089e-19 -4.44089e-19 -0.0536684 4.44089e-19</float_array>
          <technique_common>
            <accessor count="292" source="#ID51" stride="3">
              <param name="X" type="float"/>
              <param name="Y" type="float"/>
              <param name="Z" type="float"/>
            </accessor>
          </technique_common>
        </source>
        <source id="ID52">
          <float_array count="876" id="ID53">-0.809017 1.18211e-16 0.587785 -0.809017 1.18211e-16 0.587785 -0.809017 1.18211e-16 0.587785 -0.809017 1.18211e-16 0.587785 0.031468 0.999243 -0.0228628 0.031468 0.999243 -0.0228628 0.031468 0.999243 -0.0228628 0.031468 0.999243 -0.0228628 -0.145346 0.983729 0.1056 -0.178862 0.975254 0.129951 -0.178862 0.975254 0.129951 0.171972 0.977146 -0.124945 0.0611353 0.997141 -0.0444174 0.172028 0.977131 -0.124986 0.0607231 0.997179 -0.0441179 -0.0551833 0.997671 0.040093 -0.0569418 0.99752 0.0413707 0.353668 0.899385 -0.256955 0.377656 0.884358 -0.274383 0.377379 0.884539 -0.274182 0.261798 0.946194 -0.190208 0.317763 0.919634 -0.230868 0.317746 0.919643 -0.230856 0.420127 0.854589 -0.30524 0.4148 0.858555 -0.30137 0.42014 0.854579 -0.30525 0.406351 0.864707 -0.295231 0.394498 0.873053 -0.286619 0.406503 0.864597 -0.295342 0.423062 0.852374 -0.307372 0.423047 0.852385 -0.307361 0.420468 0.854333 -0.305488 0.422884 0.852508 -0.307244 0.422872 0.852518 -0.307235 0.41454 0.858747 -0.301181 0.414402 0.858849 -0.301081 0.404027 0.866369 -0.293543 0.420423 0.854366 -0.305455 0.386227 0.878684 -0.280611 0.386225 0.878686 -0.280609 0.357913 0.896815 -0.260039 0.403803 0.866529 -0.29338 0.357695 0.896948 -0.259881 0.322345 0.917194 -0.234197 0.28138 0.937567 -0.204435 0.322283 0.917228 -0.234152 0.238972 0.955378 -0.173623 0.281143 0.937676 -0.204262 0.238439 0.955582 -0.173236 0.204784 0.967433 -0.148784 0.191105 0.9717 -0.138846 0.204645 0.967478 -0.148683 0.191105 0.9717 -0.138846 0.414724 0.858612 -0.301315 0.394355 0.873151 -0.286516 0.353251 0.899635 -0.256652 0.260774 0.946626 -0.189463 -0.145061 0.983794 0.105393 0.547351 -0.736385 -0.397674 0.637943 -0.614982 -0.463493 0.547351 -0.736385 -0.397674 0.441829 -0.8377 -0.321008 0.441829 -0.8377 -0.321008 0.324255 -0.916165 -0.235585 0.324255 -0.916165 -0.235585 0.197836 -0.969639 -0.143737 0.197836 -0.969639 -0.143737 0.0660212 -0.996665 -0.0479672 0.0660212 -0.996665 -0.0479672 -0.067595 -0.996503 0.0491106 -0.067595 -0.996503 0.0491106 -0.199367 -0.96916 0.144849 -0.199367 -0.96916 0.144849 -0.325701 -0.915381 0.236636 -0.325701 -0.915381 0.236636 -0.443151 -0.836632 0.321968 -0.443151 -0.836632 0.321968 -0.548513 -0.735063 0.398518 -0.548513 -0.735063 0.398518 0.637943 -0.614982 -0.463493 0.711133 -0.476805 -0.516668 0.711133 -0.476805 -0.516668 0.764925 -0.325622 -0.555751 0.764925 -0.325622 -0.555751 0.797853 -0.165557 -0.579674 0.797853 -0.165557 -0.579674 0.809017 -0.000976046 -0.587785 0.809017 -0.000976046 -0.587785 0.798113 0.163632 -0.579863 0.798113 0.163632 -0.579863 0.765438 0.323776 -0.556123 0.765438 0.323776 -0.556123 0.711885 0.475089 -0.517215 0.711885 0.475089 -0.517215 0.638913 0.613442 -0.464197 0.638913 0.613442 -0.464197 0.548513 0.735063 -0.398518 0.548513 0.735063 -0.398518 -0.333396 -0.911139 0.242226 -0.319038 -0.918959 0.231795 -0.319038 -0.918959 0.231795 -0.426957 -0.849401 0.310202 -0.411686 -0.860842 0.299107 -0.412053 -0.860574 0.299374 -0.39035 -0.875896 0.283606 -0.362589 -0.893941 0.263436 -0.362404 -0.894055 0.263302 -0.439721 -0.839393 0.319476 -0.438892 -0.840056 0.318874 -0.439721 -0.839393 0.319476 -0.434969 -0.843167 0.316023 -0.438639 -0.840258 0.31869 -0.434952 -0.84318 0.316011 -0.427018 -0.849354 0.310247 -0.432491 -0.845113 0.314223 -0.427012 -0.849359 0.310242 -0.436473 -0.841979 0.317116 -0.436424 -0.842018 0.31708 -0.432535 -0.845078 0.314255 -0.410418 -0.861767 0.298186 -0.410246 -0.861892 0.298061 -0.398193 -0.870485 0.289304 -0.419709 -0.854903 0.304936 -0.419792 -0.85484 0.304997 -0.382156 -0.8814 0.277653 -0.381898 -0.881571 0.277465 -0.360398 -0.895293 0.261845 -0.39804 -0.870593 0.289193 -0.328932 -0.913614 0.238983 -0.328836 -0.913667 0.238913 -0.281167 -0.937665 0.20428 -0.360006 -0.895535 0.26156 -0.20206 -0.968308 0.146805 -0.280033 -0.938183 0.203456 -0.201191 -0.968584 0.146174 -0.095287 -0.99304 0.06923 -0.0953108 -0.993036 0.0692473 0.0277768 -0.99941 -0.0201811 0.0296549 -0.999328 -0.0215455 0.131999 -0.9866 -0.0959029 0.173728 -0.976671 -0.126221 0.132443 -0.986509 -0.0962251 0.173728 -0.976671 -0.126221 -0.438873 -0.840071 0.31886 -0.438672 -0.840231 0.318714 -0.427185 -0.849226 0.310368 -0.390418 -0.87585 0.283656 -0.333576 -0.911038 0.242357 -0 -1 -0 -0 -1 -0 -0 -1 -0 -0 -1 -0 -0.587785 0 -0.809017 -0.587785 0 -0.809017 -0.587785 0 -0.809017 -0.587785 0 -0.809017 -0.587785 0 -0.809017 -0.587785 0 -0.809017 -0.587785 0 -0.809017 -0.587785 0 -0.809017 -0.587785 0 -0.809017 -0.587785 0 -0.809017 -0.587785 0 -0.809017 -0.587785 0 -0.809017 -0.587785 0 -0.809017 -0.587785 0 -0.809017 -0.587785 0 -0.809017 -0.587785 0 -0.809017 -0.587785 0 -0.809017 -0.587785 0 -0.809017 -0.587785 0 -0.809017 -0.587785 0 -0.809017 -0.587785 0 -0.809017 -0.587785 0 -0.809017 -0.587785 0 -0.809017 -0.587785 0 -0.809017 -0.587785 0 -0.809017 -0.587785 0 -0.809017 -0.587785 0 -0.809017 -0.587785 0 -0.809017 -0.587785 0 -0.809017 -0.587785 0 -0.809017 -0.587785 0 -0.809017 -0.587785 0 -0.809017 -0.587785 0 -0.809017 -0.587785 0 -0.809017 -0.587785 0 -0.809017 -0.587785 0 -0.809017 -0.587785 0 -0.809017 -0.587785 0 -0.809017 -0.587785 0 -0.809017 -0.587785 0 -0.809017 -0.587785 0 -0.809017 -0.587785 0 -0.809017 -0.587785 0 -0.809017 -0.587785 0 -0.809017 -0.587785 0 -0.809017 -0.587785 0 -0.809017 -0.587785 0 -0.809017 -0.587785 0 -0.809017 -0.587785 0 -0.809017 -0.587785 0 -0.809017 -0.587785 0 -0.809017 -0.587785 0 -0.809017 -0.587785 0 -0.809017 -0.587785 0 -0.809017 -0.587785 0 -0.809017 -0.587785 0 -0.809017 -0.587785 0 -0.809017 -0.587785 0 -0.809017 -0.587785 0 -0.809017 -0.587785 0 -0.809017 -0.587785 0 -0.809017 -0.587785 0 -0.809017 -0.587785 0 -0.809017 -0.587785 0 -0.809017 -0.587785 0 -0.809017 -0.587785 0 -0.809017 -0.587785 0 -0.809017 -0.587785 0 -0.809017 -0.587785 0 -0.809017 -0.587785 0 -0.809017 0.587785 0 0.809017 0.587785 0 0.809017 0.587785 0 0.809017 0.587785 0 0.809017 0.587785 0 0.809017 0.587785 0 0.809017 0.587785 0 0.809017 0.587785 0 0.809017 0.587785 0 0.809017 0.587785 0 0.809017 0.587785 0 0.809017 0.587785 0 0.809017 0.587785 0 0.809017 0.587785 0 0.809017 0.587785 0 0.809017 0.587785 0 0.809017 0.587785 0 0.809017 0.587785 0 0.809017 0.587785 0 0.809017 0.587785 0 0.809017 0.587785 0 0.809017 0.587785 0 0.809017 0.587785 0 0.809017 0.587785 0 0.809017 0.587785 0 0.809017 0.587785 0 0.809017 0.587785 0 0.809017 0.587785 0 0.809017 0.587785 0 0.809017 0.587785 0 0.809017 0.587785 0 0.809017 0.587785 0 0.809017 0.587785 0 0.809017 0.587785 0 0.809017 0.587785 0 0.809017 0.587785 0 0.809017 0.587785 0 0.809017 0.587785 0 0.809017 0.587785 0 0.809017 0.587785 0 0.809017 0.587785 0 0.809017 0.587785 0 0.809017 0.587785 0 0.809017 0.587785 0 0.809017 0.587785 0 0.809017 0.587785 0 0.809017 0.587785 0 0.809017 0.587785 0 0.809017 0.587785 0 0.809017 0.587785 0 0.809017 0.587785 0 0.809017 0.587785 0 0.809017 0.587785 0 0.809017 0.587785 0 0.809017 0.587785 0 0.809017 0.587785 0 0.809017 0.587785 0 0.809017 0.587785 0 0.809017 0.587785 0 0.809017 0.587785 0 0.809017 0.587785 0 0.809017 0.587785 0 0.809017 0.587785 0 0.809017 0.587785 0 0.809017 0.587785 0 0.809017 0.587785 0 0.809017 0.587785 0 0.809017 0.587785 0 0.809017 0.587785 0 0.809017 0.587785 0 0.809017</float_array>
          <technique_common>
            <accessor count="292" source="#ID53" stride="3">
              <param name="X" type="float"/>
              <param name="Y" type="float"/>
              <param name="Z" type="float"/>
            </accessor>
          </technique_common>
        </source>
        <vertices id="ID54">
          <input semantic="POSITION" source="#ID50"/>
          <input semantic="NORMAL" source="#ID52"/>
        </vertices>
        <triangles count="276" material="ID23">
          <input offset="0" semantic="VERTEX" source="#ID54"/>
          <p>0 2 1 1 3 0 4 6 5 5 7 4 8 10 9 11 13 12 14 16 15 17 19 18 20 22 21 23 25 24 26 28 27 29 31 30 25 33 32 34 36 35 37 31 34 38 40 39 41 36 38 40 43 42 39 40 42 44 43 45 40 45 43 44 47 46 47 44 45 48 49 46 46 47 48 50 49 51 48 51 49 52 50 51 41 35 36 41 38 39 37 30 31 37 34 35 33 29 32 32 29 30 24 53 23 23 33 25 28 26 53 53 24 28 27 18 54 26 27 54 17 55 19 18 19 54 55 21 22 21 55 17 56 20 13 56 22 20 12 13 14 56 13 11 15 16 57 12 14 15 9 57 8 16 8 57 58 60 59 60 62 61 62 60 58 63 61 64 62 64 61 65 66 63 63 64 65 66 68 67 68 66 65 69 67 70 68 70 67 71 72 69 69 70 71 72 74 73 74 72 71 75 73 76 74 76 73 77 78 75 75 76 77 58 59 79 80 81 79 79 59 80 81 83 82 83 81 80 84 82 85 83 85 82 86 87 84 84 85 86 87 89 88 89 87 86 90 88 91 89 91 88 92 93 90 90 91 92 93 95 94 95 93 92 95 96 94 94 96 97 98 100 99 101 103 102 104 106 105 107 109 108 110 112 111 113 115 114 116 118 117 119 121 120 122 123 119 124 126 125 127 121 124 128 130 129 131 126 128 132 133 130 129 130 133 134 132 135 132 134 133 136 135 137 136 134 135 138 139 137 137 135 138 140 139 141 138 141 139 142 140 141 131 125 126 131 128 129 127 120 121 127 124 125 122 115 123 122 119 120 118 113 114 113 123 115 116 117 143 118 114 117 107 108 143 116 143 108 144 111 109 107 144 109 145 112 110 110 111 144 145 103 101 101 112 145 102 104 146 102 103 104 105 106 147 146 104 105 99 147 98 106 98 147 148 150 149 149 151 148 152 154 153 155 157 156 152 153 158 159 160 158 153 159 158 161 160 159 160 161 162 163 165 164 162 167 166 168 170 169 166 171 170 172 174 173 175 174 176 177 179 178 180 177 181 182 184 183 182 186 185 187 189 188 190 192 191 193 195 194 165 196 164 197 198 193 199 201 200 202 163 164 196 204 203 205 202 164 194 195 206 203 207 195 208 209 199 194 197 193 198 209 208 199 200 208 206 195 210 198 197 209 203 211 207 195 207 210 211 203 212 196 165 204 203 204 212 213 164 214 214 164 196 215 213 214 187 215 189 215 187 213 189 190 188 191 192 184 188 190 191 182 183 186 184 192 183 185 186 178 180 179 177 179 185 178 173 180 181 176 174 172 172 173 181 168 175 176 170 171 169 168 169 175 166 167 171 162 161 167 216 218 217 217 154 152 219 156 220 216 217 152 156 221 216 216 221 218 156 216 220 156 219 155 222 224 223 225 227 226 228 227 229 226 227 228 229 223 230 231 225 226 232 234 233 235 237 236 238 234 239 240 241 236 240 242 241 243 245 244 246 242 247 248 250 249 251 250 252 253 255 254 256 258 257 259 261 260 262 264 263 265 267 266 268 269 260 262 270 254 262 267 264 253 272 271 272 253 273 274 261 259 253 275 273 276 277 269 274 259 266 261 268 260 268 276 269 278 267 265 267 274 266 262 263 279 267 278 264 279 270 262 275 253 254 270 275 254 280 281 255 280 255 253 282 281 280 258 282 257 258 281 282 248 249 256 256 257 248 249 250 251 251 252 244 243 246 245 252 243 244 242 240 247 246 247 245 283 285 284 286 288 287 238 237 235 235 236 241 232 239 234 239 237 238 222 232 233 289 287 284 223 224 230 222 233 224 229 230 228 283 225 231 284 225 283 284 285 289 284 287 288 286 287 290 287 291 290</p>
        </triangles>
      </mesh>
    </geometry>
    <geometry id="ID55">
      <mesh>
        <source id="ID56">
          <float_array count="426" id="ID57">0.00779102 -0.018549 0 0.00770428 -0.0178339 -0.00127 0.00770428 -0.0178339 0 0.00779102 -0.018549 -0.00127 0.00701731 -0.0120104 -0.00127 0.00770428 -0.0178339 0 0.00770428 -0.0178339 -0.00127 0.0054033 -2.9375e-17 -0.00127 0.0054033 -2.9375e-17 -2.33147e-17 0.00625035 -0.00606603 -7.65447e-19 0.00625035 -0.00606603 -0.00127 0.00701731 -0.0120104 -8.59373e-19 0.0054033 -2.9375e-17 -2.33147e-17 0.00620525 1.0177e-19 -0.00127 0.00620525 1.0177e-19 -6.66134e-19 0.0054033 -2.9375e-17 -0.00127 0.00683878 -0.006547 -0.00127 0.00620525 1.0177e-19 -6.66134e-19 0.00620525 1.0177e-19 -0.00127 0.00944544 -0.0260722 -0.00127 0.00845888 -0.0195831 -1.03591e-18 0.00845888 -0.0195831 -0.00127 0.00758999 -0.0130747 -0.00127 0.00758999 -0.0130747 -9.29505e-19 0.00683878 -0.006547 -8.37509e-19 0.0117716 -0.0389926 -1.44161e-18 0.0117716 -0.0389926 -0.00127 0.0131112 -0.0454238 -0.00127 0.00944544 -0.0260722 -1.15673e-18 0.0105497 -0.032542 -0.00127 0.0105497 -0.032542 -1.29196e-18 0.0145685 -0.0518357 -0.00127 0.0131112 -0.0454238 -1.60566e-18 0.0145685 -0.0518357 -2.55351e-17 0.0145685 -0.0518357 -2.55351e-17 0.0140744 -0.0519628 -0.00127 0.0140744 -0.0519628 -1.9984e-18 0.0145685 -0.0518357 -0.00127 0.0140744 -0.0519628 -1.9984e-18 0.0136279 -0.0503399 -0.00127 0.0136279 -0.0503399 -3.10862e-18 0.0140744 -0.0519628 -0.00127 0.0136279 -0.0503399 -3.10862e-18 0.0129167 -0.0476271 -0.00127 0.0129167 -0.0476271 -3.9968e-18 0.0136279 -0.0503399 -0.00127 0.0129167 -0.0476271 -3.9968e-18 0.0128208 -0.0472478 -0.00127 0.0128208 -0.0472478 -4.44089e-18 0.0129167 -0.0476271 -0.00127 0.0121446 -0.0444692 -0.00127 0.0128208 -0.0472478 -4.44089e-18 0.0128208 -0.0472478 -0.00127 0.0115297 -0.0417586 -0.00127 0.0115297 -0.0417586 -6.21725e-18 0.0121446 -0.0444692 -1.48728e-18 0.0115297 -0.0417586 -6.21725e-18 0.0114105 -0.04121 -0.00127 0.0114105 -0.04121 -6.88338e-18 0.0115297 -0.0417586 -0.00127 0.0107343 -0.0379268 -0.00127 0.0114105 -0.04121 -6.88338e-18 0.0114105 -0.04121 -0.00127 0.0101338 -0.0347262 -0.00127 0.0101338 -0.0347262 -9.32587e-18 0.0107343 -0.0379268 -1.31458e-18 0.0101338 -0.0347262 -9.32587e-18 0.0100025 -0.0339843 -0.00127 0.0100025 -0.0339843 -9.10383e-18 0.0101338 -0.0347262 -0.00127 0.00940012 -0.0303563 -0.00127 0.0100025 -0.0339843 -9.10383e-18 0.0100025 -0.0339843 -0.00127 0.00886774 -0.0268016 -0.00127 0.00886774 -0.0268016 -1.22125e-17 0.00940012 -0.0303563 -1.15118e-18 0.00886774 -0.0268016 -1.22125e-17 0.00873899 -0.0258884 -0.00127 0.00873899 -0.0258884 -1.22125e-17 0.00886774 -0.0268016 -0.00127 0.00824669 -0.0222026 -0.00127 0.00873899 -0.0258884 -1.22125e-17 0.00873899 -0.0258884 -0.00127 0.00779102 -0.018549 -0.00127 0.00779102 -0.018549 0 0.00824669 -0.0222026 -1.00993e-18 0.00944544 -0.0260722 -0.00127 0.00886774 -0.0268016 -0.00127 0.00940012 -0.0303563 -0.00127 0.00701731 -0.0120104 -0.00127 0.00758999 -0.0130747 -0.00127 0.00683878 -0.006547 -0.00127 0.00625035 -0.00606603 -0.00127 0.00620525 1.0177e-19 -0.00127 0.0054033 -2.9375e-17 -0.00127 0.00770428 -0.0178339 -0.00127 0.00845888 -0.0195831 -0.00127 0.0107343 -0.0379268 -0.00127 0.0114105 -0.04121 -0.00127 0.0117716 -0.0389926 -0.00127 0.00779102 -0.018549 -0.00127 0.0129167 -0.0476271 -0.00127 0.0136279 -0.0503399 -0.00127 0.0131112 -0.0454238 -0.00127 0.0128208 -0.0472478 -0.00127 0.0145685 -0.0518357 -0.00127 0.0140744 -0.0519628 -0.00127 0.0121446 -0.0444692 -0.00127 0.0115297 -0.0417586 -0.00127 0.0105497 -0.032542 -0.00127 0.0101338 -0.0347262 -0.00127 0.0100025 -0.0339843 -0.00127 0.00873899 -0.0258884 -0.00127 0.00824669 -0.0222026 -0.00127 0.00944544 -0.0260722 -1.15673e-18 0.00940012 -0.0303563 -1.15118e-18 0.00886774 -0.0268016 -1.22125e-17 0.00625035 -0.00606603 -7.65447e-19 0.00620525 1.0177e-19 -6.66134e-19 0.00683878 -0.006547 -8.37509e-19 0.00701731 -0.0120104 -8.59373e-19 0.00779102 -0.018549 0 0.00845888 -0.0195831 -1.03591e-18 0.00824669 -0.0222026 -1.00993e-18 0.0054033 -2.9375e-17 -2.33147e-17 0.00770428 -0.0178339 0 0.00758999 -0.0130747 -9.29505e-19 0.0114105 -0.04121 -6.88338e-18 0.0117716 -0.0389926 -1.44161e-18 0.0115297 -0.0417586 -6.21725e-18 0.0129167 -0.0476271 -3.9968e-18 0.0131112 -0.0454238 -1.60566e-18 0.0136279 -0.0503399 -3.10862e-18 0.0128208 -0.0472478 -4.44089e-18 0.0145685 -0.0518357 -2.55351e-17 0.0140744 -0.0519628 -1.9984e-18 0.0121446 -0.0444692 -1.48728e-18 0.0107343 -0.0379268 -1.31458e-18 0.0105497 -0.032542 -1.29196e-18 0.0101338 -0.0347262 -9.32587e-18 0.0100025 -0.0339843 -9.10383e-18 0.00873899 -0.0258884 -1.22125e-17</float_array>
          <technique_common>
            <accessor count="142" source="#ID57" stride="3">
              <param name="X" type="float"/>
              <param name="Y" type="float"/>
              <param name="Z" type="float"/>
            </accessor>
          </technique_common>
        </source>
        <source id="ID58">
          <float_array count="426" id="ID59">-0.992724 -0.120415 1.21574e-16 -0.992724 -0.120415 1.21574e-16 -0.992724 -0.120415 1.21574e-16 -0.992724 -0.120415 1.21574e-16 -0.992791 -0.119858 1.21582e-16 -0.99277 -0.120034 1.21579e-16 -0.99277 -0.120034 1.21579e-16 -0.988562 -0.150818 1.21064e-16 -0.988562 -0.150818 1.21064e-16 -0.991444 -0.130533 1.21417e-16 -0.991444 -0.130533 1.21417e-16 -0.992791 -0.119858 1.21582e-16 -1.26903e-16 1 1.55412e-32 -1.26903e-16 1 1.55412e-32 -1.26903e-16 1 1.55412e-32 -1.26903e-16 1 1.55412e-32 0.993746 0.111666 -1.21699e-16 0.994394 0.105743 -1.21778e-16 0.994394 0.105743 -1.21778e-16 0.988687 0.149992 -1.21079e-16 0.99101 0.13379 -1.21364e-16 0.99101 0.13379 -1.21364e-16 0.992651 0.121016 -1.21565e-16 0.992651 0.121016 -1.21565e-16 0.993746 0.111666 -1.21699e-16 0.981257 0.192702 -1.20169e-16 0.981257 0.192702 -1.20169e-16 0.975682 0.21919 -1.19487e-16 0.988687 0.149992 -1.21079e-16 0.985508 0.169629 -1.2069e-16 0.985508 0.169629 -1.2069e-16 0.968493 0.249041 -1.18606e-16 0.975682 0.21919 -1.19487e-16 0.968493 0.249041 -1.18606e-16 0.249041 -0.968493 -3.04987e-17 0.249041 -0.968493 -3.04987e-17 0.249041 -0.968493 -3.04987e-17 0.249041 -0.968493 -3.04987e-17 -0.962973 -0.269599 1.1793e-16 -0.965354 -0.260942 1.18222e-16 -0.965354 -0.260942 1.18222e-16 -0.962973 -0.269599 1.1793e-16 -0.965354 -0.260942 1.18222e-16 -0.96922 -0.246196 1.18695e-16 -0.96922 -0.246196 1.18695e-16 -0.965354 -0.260942 1.18222e-16 -0.96922 -0.246196 1.18695e-16 -0.969747 -0.244113 1.1876e-16 -0.969747 -0.244113 1.1876e-16 -0.96922 -0.246196 1.18695e-16 -0.973485 -0.228749 1.19218e-16 -0.969747 -0.244113 1.1876e-16 -0.969747 -0.244113 1.1876e-16 -0.976894 -0.213722 1.19635e-16 -0.976894 -0.213722 1.19635e-16 -0.973485 -0.228749 1.19218e-16 -0.976894 -0.213722 1.19635e-16 -0.977552 -0.210694 1.19716e-16 -0.977552 -0.210694 1.19716e-16 -0.976894 -0.213722 1.19635e-16 -0.981233 -0.192827 1.20166e-16 -0.977552 -0.210694 1.19716e-16 -0.977552 -0.210694 1.19716e-16 -0.984362 -0.176155 1.2055e-16 -0.984362 -0.176155 1.2055e-16 -0.981233 -0.192827 1.20166e-16 -0.984362 -0.176155 1.2055e-16 -0.985019 -0.172446 1.2063e-16 -0.985019 -0.172446 1.2063e-16 -0.984362 -0.176155 1.2055e-16 -0.987842 -0.155463 1.20976e-16 -0.985019 -0.172446 1.2063e-16 -0.985019 -0.172446 1.2063e-16 -0.989979 -0.141214 1.21237e-16 -0.989979 -0.141214 1.21237e-16 -0.987842 -0.155463 1.20976e-16 -0.989979 -0.141214 1.21237e-16 -0.990429 -0.138021 1.21293e-16 -0.990429 -0.138021 1.21293e-16 -0.989979 -0.141214 1.21237e-16 -0.991853 -0.127389 1.21467e-16 -0.990429 -0.138021 1.21293e-16 -0.990429 -0.138021 1.21293e-16 -0.992674 -0.120824 1.21568e-16 -0.992674 -0.120824 1.21568e-16 -0.991853 -0.127389 1.21467e-16 -1.22465e-16 0 -1 -1.22465e-16 0 -1 -1.22465e-16 0 -1 -1.22465e-16 0 -1 -1.22465e-16 0 -1 -1.22465e-16 0 -1 -1.22465e-16 0 -1 -1.22465e-16 0 -1 -1.22465e-16 0 -1 -1.22465e-16 0 -1 -1.22465e-16 0 -1 -1.22465e-16 0 -1 -1.22465e-16 0 -1 -1.22465e-16 0 -1 -1.22465e-16 0 -1 -1.22465e-16 0 -1 -1.22465e-16 0 -1 -1.22465e-16 0 -1 -1.22465e-16 0 -1 -1.22465e-16 0 -1 -1.22465e-16 0 -1 -1.22465e-16 0 -1 -1.22465e-16 0 -1 -1.22465e-16 0 -1 -1.22465e-16 0 -1 -1.22465e-16 0 -1 -1.22465e-16 0 -1 -1.22465e-16 0 -1 1.22465e-16 0 1 1.22465e-16 0 1 1.22465e-16 0 1 1.22465e-16 0 1 1.22465e-16 0 1 1.22465e-16 0 1 1.22465e-16 0 1 1.22465e-16 0 1 1.22465e-16 0 1 1.22465e-16 0 1 1.22465e-16 0 1 1.22465e-16 0 1 1.22465e-16 0 1 1.22465e-16 0 1 1.22465e-16 0 1 1.22465e-16 0 1 1.22465e-16 0 1 1.22465e-16 0 1 1.22465e-16 0 1 1.22465e-16 0 1 1.22465e-16 0 1 1.22465e-16 0 1 1.22465e-16 0 1 1.22465e-16 0 1 1.22465e-16 0 1 1.22465e-16 0 1 1.22465e-16 0 1 1.22465e-16 0 1</float_array>
          <technique_common>
            <accessor count="142" source="#ID59" stride="3">
              <param name="X" type="float"/>
              <param name="Y" type="float"/>
              <param name="Z" type="float"/>
            </accessor>
          </technique_common>
        </source>
        <vertices id="ID60">
          <input semantic="POSITION" source="#ID56"/>
          <input semantic="NORMAL" source="#ID58"/>
        </vertices>
        <triangles count="108" material="ID16">
          <input offset="0" semantic="VERTEX" source="#ID60"/>
          <p>0 2 1 1 3 0 4 6 5 7 9 8 10 11 9 4 11 10 7 10 9 5 11 4 12 14 13 13 15 12 16 18 17 19 21 20 22 24 23 25 27 26 28 30 29 31 27 32 25 32 27 33 31 32 29 30 26 30 25 26 28 19 20 28 29 19 21 22 23 20 21 23 16 17 24 22 16 24 34 36 35 35 37 34 38 40 39 39 41 38 42 44 43 43 45 42 46 48 47 47 49 46 50 52 51 53 55 54 55 50 51 53 50 55 56 58 57 57 59 56 60 62 61 63 65 64 65 60 61 63 60 65 66 68 67 67 69 66 70 72 71 73 75 74 75 70 71 73 70 75 76 78 77 77 79 76 80 82 81 83 85 84 85 80 81 83 80 85 86 88 87 89 91 90 92 91 89 93 91 92 94 93 92 95 90 96 90 95 89 97 99 98 95 96 100 101 103 102 101 104 103 105 102 103 105 106 102 103 104 107 99 103 107 108 98 99 108 99 107 99 97 109 110 111 109 110 109 97 88 109 111 112 86 87 88 86 109 112 96 86 100 96 113 112 113 96 114 116 115 117 119 118 117 120 119 121 123 122 124 117 118 125 126 120 119 120 126 127 129 128 125 122 126 130 132 131 130 131 133 134 131 132 134 132 135 131 136 133 128 136 131 128 137 127 129 136 128 138 137 128 139 138 140 139 137 138 115 140 138 141 116 114 115 138 114 141 114 122 141 122 123 122 125 121</p>
        </triangles>
      </mesh>
    </geometry>
    <geometry id="ID61">
      <mesh>
        <source id="ID62">
          <float_array count="900" id="ID63">0.0129167 -0.0476271 5.05787e-12 0.0127405 -0.0476271 0.00212602 0.0126459 -0.0472478 0.00211023 -0.00105873 -0.0472478 -0.012777 -0.00314731 -0.0472478 -0.0124285 -0.00317086 -0.0476271 -0.0125214 -0.00106665 -0.0476271 -0.0128726 -0.00317086 -0.0476271 0.0125214 -0.00314731 -0.0472478 0.0124285 -0.00106665 -0.0476271 0.0128726 -0.00515005 -0.0472478 -0.0117409 -0.00518857 -0.0476271 -0.0118287 -0.00706475 -0.0476271 -0.0108134 -0.0070123 -0.0472478 -0.0107331 -0.00874823 -0.0476271 -0.00950311 -0.00868328 -0.0472478 -0.00943255 -0.0112755 -0.0472478 -0.00610201 -0.0113599 -0.0476271 -0.00614766 -0.0101174 -0.0472478 -0.00787468 -0.0101931 -0.0476271 -0.00793359 -0.0122168 -0.0476271 -0.00419404 -0.0127405 -0.0476271 -0.00212602 -0.0121261 -0.0472478 -0.0041629 0.00105873 -0.0472478 -0.012777 -0.0126459 -0.0472478 -0.00211023 -0.0128208 -0.0472478 -3.67529e-16 -0.0129167 -0.0476271 -3.47333e-16 0.00106665 -0.0476271 -0.0128726 0.00314731 -0.0472478 -0.0124285 0.00317086 -0.0476271 -0.0125214 0.00515005 -0.0472478 -0.0117409 0.0070123 -0.0472478 -0.0107331 0.00518857 -0.0476271 -0.0118287 0.00706475 -0.0476271 -0.0108134 0.00868328 -0.0472478 -0.00943255 0.00874823 -0.0476271 -0.00950311 0.0101174 -0.0472478 -0.00787468 0.0112755 -0.0472478 -0.00610201 0.0101931 -0.0476271 -0.00793359 0.0113599 -0.0476271 -0.00614766 0.0121261 -0.0472478 -0.0041629 0.0122168 -0.0476271 -0.00419404 0.0126459 -0.0472478 -0.00211023 0.0128208 -0.0472478 -7.47528e-12 0.0127405 -0.0476271 -0.00212602 0.0112755 -0.0472478 0.00610201 0.0121261 -0.0472478 0.0041629 0.0122168 -0.0476271 0.00419404 0.0070123 -0.0472478 0.0107331 0.00868328 -0.0472478 0.00943255 0.00874823 -0.0476271 0.00950311 0.0101174 -0.0472478 0.00787468 0.0113599 -0.0476271 0.00614766 0.0101931 -0.0476271 0.00793359 0.00314731 -0.0472478 0.0124285 0.00317086 -0.0476271 0.0125214 0.00105873 -0.0472478 0.012777 0.00706475 -0.0476271 0.0108134 0.00518857 -0.0476271 0.0118287 0.00515005 -0.0472478 0.0117409 -0.00515005 -0.0472478 0.0117409 -0.00105873 -0.0472478 0.012777 0.00106665 -0.0476271 0.0128726 -0.0101174 -0.0472478 0.00787468 -0.00868328 -0.0472478 0.00943255 -0.00874823 -0.0476271 0.00950311 -0.0070123 -0.0472478 0.0107331 -0.00518857 -0.0476271 0.0118287 -0.00706475 -0.0476271 0.0108134 -0.0101931 -0.0476271 0.00793359 -0.0112755 -0.0472478 0.00610201 -0.0113599 -0.0476271 0.00614766 -0.0121261 -0.0472478 0.0041629 -0.0126459 -0.0472478 0.00211023 -0.0122168 -0.0476271 0.00419404 -0.0127405 -0.0476271 0.00212602 0.011933 -0.0476271 -0.00421619 0.0124739 -0.0476271 -0.00213886 0.0122168 -0.0476271 -0.00419404 0.00471884 -0.0476271 0.0117433 0.00266634 -0.0476271 0.0123718 0.00317086 -0.0476271 0.0125214 0.0127405 -0.0476271 0.00212602 0.0129167 -0.0476271 5.05787e-12 0.0126559 -0.0476271 0 0.0127405 -0.0476271 -0.00212602 0.0122168 -0.0476271 0.00419404 0.0124739 -0.0476271 0.00213886 0.0113599 -0.0476271 0.00614766 0.011933 -0.0476271 0.00421619 0.0101931 -0.0476271 0.00793359 0.0110488 -0.0476271 0.00617222 0.00874823 -0.0476271 0.00950311 0.00984675 -0.0476271 0.00795069 0.00706475 -0.0476271 0.0108134 0.00836144 -0.0476271 0.00950044 0.00518857 -0.0476271 0.0118287 0.00663558 -0.0476271 0.0107769 0.00106665 -0.0476271 0.0128726 0.000537132 -0.0476271 0.0126445 -0.00106665 -0.0476271 0.0128726 -0.00160753 -0.0476271 0.0125534 -0.00317086 -0.0476271 0.0125214 -0.00370594 -0.0476271 0.0121012 -0.00518857 -0.0476271 0.0118287 -0.00569774 -0.0476271 0.0113008 -0.00706475 -0.0476271 0.0108134 -0.00752562 -0.0476271 0.0101753 -0.00874823 -0.0476271 0.00950311 -0.00913701 -0.0476271 0.00875711 -0.0101931 -0.0476271 0.00793359 -0.0104855 -0.0476271 0.00708699 -0.0113599 -0.0476271 0.00614766 -0.0115324 -0.0476271 0.00521298 -0.0122168 -0.0476271 0.00419404 -0.0122475 -0.0476271 0.00318901 -0.0127405 -0.0476271 0.00212602 -0.0126103 -0.0476271 0.0010733 -0.0129167 -0.0476271 -3.47333e-16 -0.0126103 -0.0476271 -0.0010733 -0.0127405 -0.0476271 -0.00212602 -0.0122475 -0.0476271 -0.00318901 -0.0122168 -0.0476271 -0.00419404 -0.0115324 -0.0476271 -0.00521298 -0.0113599 -0.0476271 -0.00614766 -0.0104855 -0.0476271 -0.00708699 -0.0101931 -0.0476271 -0.00793359 -0.00913701 -0.0476271 -0.00875711 -0.00874823 -0.0476271 -0.00950311 -0.00752562 -0.0476271 -0.0101753 -0.00706475 -0.0476271 -0.0108134 -0.00569774 -0.0476271 -0.0113008 -0.00518857 -0.0476271 -0.0118287 -0.00370594 -0.0476271 -0.0121012 -0.00317086 -0.0476271 -0.0125214 -0.00160753 -0.0476271 -0.0125534 -0.00106665 -0.0476271 -0.0128726 0.000537132 -0.0476271 -0.0126445 0.00106665 -0.0476271 -0.0128726 0.00266634 -0.0476271 -0.0123718 0.00317086 -0.0476271 -0.0125214 0.00471884 -0.0476271 -0.0117433 0.00518857 -0.0476271 -0.0118287 0.00663558 -0.0476271 -0.0107769 0.00706475 -0.0476271 -0.0108134 0.00836144 -0.0476271 -0.00950044 0.00874823 -0.0476271 -0.00950311 0.00984675 -0.0476271 -0.00795069 0.0101931 -0.0476271 -0.00793359 0.0110488 -0.0476271 -0.00617222 0.0113599 -0.0476271 -0.00614766 0.011933 -0.0472478 0.00421619 0.011933 -0.0476271 0.00421619 0.0124739 -0.0476271 0.00213886 0.0126559 -0.0476271 0 0.0126559 -0.0472478 3.0998e-18 0.0124739 -0.0472478 0.00213886 0.00984675 -0.0476271 0.00795069 0.00836144 -0.0472478 0.00950044 0.00836144 -0.0476271 0.00950044 0.00984675 -0.0472478 0.00795069 0.0110488 -0.0476271 0.00617222 0.0110488 -0.0472478 0.00617222 0.00266634 -0.0472478 0.0123718 0.00266634 -0.0476271 0.0123718 0.00471884 -0.0476271 0.0117433 0.00471884 -0.0472478 0.0117433 0.00663558 -0.0476271 0.0107769 0.00663558 -0.0472478 0.0107769 -0.00370594 -0.0476271 0.0121012 -0.00160753 -0.0476271 0.0125534 -0.00370594 -0.0472478 0.0121012 0.000537132 -0.0476271 0.0126445 0.000537132 -0.0472478 0.0126445 -0.00160753 -0.0472478 0.0125534 -0.00752562 -0.0476271 0.0101753 -0.00913701 -0.0472478 0.00875711 -0.00913701 -0.0476271 0.00875711 -0.00569774 -0.0472478 0.0113008 -0.00752562 -0.0472478 0.0101753 -0.00569774 -0.0476271 0.0113008 -0.0122475 -0.0472478 0.00318901 -0.0122475 -0.0476271 0.00318901 -0.0115324 -0.0476271 0.00521298 -0.0115324 -0.0472478 0.00521298 -0.0104855 -0.0476271 0.00708699 -0.0104855 -0.0472478 0.00708699 -0.0122475 -0.0476271 -0.00318901 -0.0126103 -0.0476271 -0.0010733 -0.0122475 -0.0472478 -0.00318901 -0.0126103 -0.0476271 0.0010733 -0.0126103 -0.0472478 0.0010733 -0.0126103 -0.0472478 -0.0010733 -0.0104855 -0.0476271 -0.00708699 -0.00913701 -0.0472478 -0.00875711 -0.00913701 -0.0476271 -0.00875711 -0.0115324 -0.0472478 -0.00521298 -0.0104855 -0.0472478 -0.00708699 -0.0115324 -0.0476271 -0.00521298 -0.00370594 -0.0472478 -0.0121012 -0.00370594 -0.0476271 -0.0121012 -0.00569774 -0.0476271 -0.0113008 -0.00569774 -0.0472478 -0.0113008 -0.00752562 -0.0476271 -0.0101753 -0.00752562 -0.0472478 -0.0101753 0.00266634 -0.0472478 -0.0123718 0.000537132 -0.0476271 -0.0126445 0.000537132 -0.0472478 -0.0126445 -0.00160753 -0.0476271 -0.0125534 -0.00160753 -0.0472478 -0.0125534 0.00471884 -0.0472478 -0.0117433 0.00266634 -0.0476271 -0.0123718 0.00471884 -0.0476271 -0.0117433 0.00663558 -0.0472478 -0.0107769 0.00836144 -0.0472478 -0.00950044 0.00663558 -0.0476271 -0.0107769 0.00984675 -0.0472478 -0.00795069 0.00836144 -0.0476271 -0.00950044 0.00984675 -0.0476271 -0.00795069 0.0110488 -0.0472478 -0.00617222 0.011933 -0.0472478 -0.00421619 0.0110488 -0.0476271 -0.00617222 0.0124739 -0.0472478 -0.00213886 0.011933 -0.0476271 -0.00421619 0.0124739 -0.0476271 -0.00213886 0.011933 -0.0472478 0.00421619 0.0124739 -0.0472478 0.00213886 0.0121261 -0.0472478 0.0041629 -0.0104855 -0.0472478 -0.00708699 -0.0115324 -0.0472478 -0.00521298 -0.0112755 -0.0472478 -0.00610201 0.0126559 -0.0472478 3.0998e-18 0.0126459 -0.0472478 -0.00211023 0.0128208 -0.0472478 -7.47528e-12 0.0126459 -0.0472478 0.00211023 0.0121261 -0.0472478 -0.0041629 0.0124739 -0.0472478 -0.00213886 0.0112755 -0.0472478 -0.00610201 0.011933 -0.0472478 -0.00421619 0.0101174 -0.0472478 -0.00787468 0.0110488 -0.0472478 -0.00617222 0.00868328 -0.0472478 -0.00943255 0.00984675 -0.0472478 -0.00795069 0.0070123 -0.0472478 -0.0107331 0.00836144 -0.0472478 -0.00950044 0.00515005 -0.0472478 -0.0117409 0.00663558 -0.0472478 -0.0107769 0.00314731 -0.0472478 -0.0124285 0.00471884 -0.0472478 -0.0117433 0.00105873 -0.0472478 -0.012777 0.00266634 -0.0472478 -0.0123718 -0.00105873 -0.0472478 -0.012777 0.000537132 -0.0472478 -0.0126445 -0.00314731 -0.0472478 -0.0124285 -0.00160753 -0.0472478 -0.0125534 -0.00515005 -0.0472478 -0.0117409 -0.00370594 -0.0472478 -0.0121012 -0.0070123 -0.0472478 -0.0107331 -0.00569774 -0.0472478 -0.0113008 -0.00868328 -0.0472478 -0.00943255 -0.00752562 -0.0472478 -0.0101753 -0.0101174 -0.0472478 -0.00787468 -0.00913701 -0.0472478 -0.00875711 -0.0121261 -0.0472478 -0.0041629 -0.0122475 -0.0472478 -0.00318901 -0.0126459 -0.0472478 -0.00211023 -0.0126103 -0.0472478 -0.0010733 -0.0128208 -0.0472478 -3.67529e-16 -0.0126103 -0.0472478 0.0010733 -0.0126459 -0.0472478 0.00211023 -0.0122475 -0.0472478 0.00318901 -0.0121261 -0.0472478 0.0041629 -0.0115324 -0.0472478 0.00521298 -0.0112755 -0.0472478 0.00610201 -0.0104855 -0.0472478 0.00708699 -0.0101174 -0.0472478 0.00787468 -0.00913701 -0.0472478 0.00875711 -0.00868328 -0.0472478 0.00943255 -0.00752562 -0.0472478 0.0101753 -0.0070123 -0.0472478 0.0107331 -0.00569774 -0.0472478 0.0113008 -0.00515005 -0.0472478 0.0117409 -0.00370594 -0.0472478 0.0121012 -0.00314731 -0.0472478 0.0124285 -0.00160753 -0.0472478 0.0125534 -0.00105873 -0.0472478 0.012777 0.000537132 -0.0472478 0.0126445 0.00105873 -0.0472478 0.012777 0.00266634 -0.0472478 0.0123718 0.00314731 -0.0472478 0.0124285 0.00471884 -0.0472478 0.0117433 0.00515005 -0.0472478 0.0117409 0.00663558 -0.0472478 0.0107769 0.0070123 -0.0472478 0.0107331 0.00836144 -0.0472478 0.00950044 0.00868328 -0.0472478 0.00943255 0.00984675 -0.0472478 0.00795069 0.0101174 -0.0472478 0.00787468 0.0110488 -0.0472478 0.00617222 0.0112755 -0.0472478 0.00610201</float_array>
          <technique_common>
            <accessor count="300" source="#ID63" stride="3">
              <param name="X" type="float"/>
              <param name="Y" type="float"/>
              <param name="Z" type="float"/>
            </accessor>
          </technique_common>
        </source>
        <source id="ID64">
          <float_array count="900" id="ID65">0.96922 0.246196 -8.47319e-08 0.956001 0.246196 0.159528 0.956521 0.244113 0.159615 -0.0800811 0.244113 -0.966435 -0.238059 0.244113 -0.940073 -0.23793 0.246196 -0.939562 -0.0800376 0.246196 -0.96591 -0.237929 0.246196 0.939562 -0.238059 0.244113 0.940073 -0.0800375 0.246196 0.96591 -0.389543 0.244113 -0.888068 -0.389332 0.246196 -0.887586 -0.530113 0.246196 -0.811399 -0.530401 0.244113 -0.81184 -0.656435 0.246196 -0.713078 -0.656792 0.244113 -0.713466 -0.852867 0.244113 -0.461549 -0.852404 0.246196 -0.461298 -0.765266 0.244113 -0.595631 -0.764851 0.246196 -0.595308 -0.916705 0.246196 -0.314705 -0.956001 0.246196 -0.159528 -0.917203 0.244113 -0.314876 0.0800811 0.244113 -0.966435 -0.956521 0.244113 -0.159615 -0.969747 0.244113 1.69556e-07 -0.96922 0.246196 1.69464e-07 0.0800376 0.246196 -0.96591 0.238059 0.244113 -0.940073 0.23793 0.246196 -0.939562 0.389543 0.244113 -0.888068 0.530401 0.244113 -0.81184 0.389331 0.246196 -0.887586 0.530113 0.246196 -0.811399 0.656792 0.244113 -0.713466 0.656435 0.246196 -0.713079 0.765267 0.244113 -0.595631 0.852867 0.244113 -0.461548 0.764851 0.246196 -0.595307 0.852404 0.246196 -0.461298 0.917203 0.244113 -0.314876 0.916705 0.246196 -0.314705 0.956521 0.244113 -0.159615 0.969747 0.244113 -8.4778e-08 0.956001 0.246196 -0.159528 0.852867 0.244113 0.461549 0.917203 0.244113 0.314876 0.916705 0.246196 0.314705 0.530401 0.244113 0.81184 0.656792 0.244113 0.713466 0.656435 0.246196 0.713078 0.765267 0.244113 0.595631 0.852404 0.246196 0.461298 0.764851 0.246196 0.595307 0.238059 0.244113 0.940073 0.237929 0.246196 0.939562 0.0800811 0.244113 0.966435 0.530113 0.246196 0.811399 0.389331 0.246196 0.887586 0.389543 0.244113 0.888068 -0.389543 0.244113 0.888068 -0.080081 0.244113 0.966435 0.0800375 0.246196 0.96591 -0.765267 0.244113 0.595631 -0.656792 0.244113 0.713466 -0.656435 0.246196 0.713078 -0.530401 0.244113 0.81184 -0.389331 0.246196 0.887586 -0.530113 0.246196 0.811399 -0.764851 0.246196 0.595307 -0.852867 0.244113 0.461549 -0.852404 0.246196 0.461298 -0.917203 0.244113 0.314876 -0.956521 0.244113 0.159615 -0.916705 0.246196 0.314705 -0.956001 0.246196 0.159528 0 -1 0 0 -1 0 0 -1 0 0 -1 0 0 -1 0 0 -1 0 0 -1 0 0 -1 0 0 -1 0 0 -1 0 0 -1 0 0 -1 0 0 -1 0 0 -1 0 0 -1 0 0 -1 0 0 -1 0 0 -1 0 0 -1 0 0 -1 0 0 -1 0 0 -1 0 0 -1 0 0 -1 0 0 -1 0 0 -1 0 0 -1 0 0 -1 0 0 -1 0 0 -1 0 0 -1 0 0 -1 0 0 -1 0 0 -1 0 0 -1 0 0 -1 0 0 -1 0 0 -1 0 0 -1 0 0 -1 0 0 -1 0 0 -1 0 0 -1 0 0 -1 0 0 -1 0 0 -1 0 0 -1 0 0 -1 0 0 -1 0 0 -1 0 0 -1 0 0 -1 0 0 -1 0 0 -1 0 0 -1 0 0 -1 0 0 -1 0 0 -1 0 0 -1 0 0 -1 0 0 -1 0 0 -1 0 0 -1 0 0 -1 0 0 -1 0 0 -1 0 0 -1 0 0 -1 0 0 -1 0 0 -1 0 0 -1 0 0 -1 0 0 -1 0 0 -1 0 0 -1 0 -0.942877 -0 -0.33314 -0.942877 -0 -0.33314 -0.985616 -0 -0.169001 -1 0 1.74846e-07 -1 -0 -3.01992e-07 -0.985616 -0 -0.169001 -0.778036 -0 -0.62822 -0.660675 -0 -0.750672 -0.660675 -0 -0.750672 -0.778036 -0 -0.62822 -0.873014 -0 -0.487695 -0.873014 -0 -0.487695 -0.210679 -0 -0.977555 -0.210679 -0 -0.977555 -0.372856 -0 -0.927889 -0.372857 -0 -0.927889 -0.524307 -0 -0.851529 -0.524307 -0 -0.851529 0.292823 0 -0.956167 0.127018 0 -0.9919 0.292823 0 -0.956167 -0.0424415 -0 -0.999099 -0.042441 -0 -0.999099 0.127018 0 -0.9919 0.594633 0 -0.803997 0.721956 0 -0.691939 0.721956 0 -0.691939 0.450204 0 -0.892926 0.594633 0 -0.803997 0.450204 0 -0.892926 0.967733 0 -0.251978 0.967733 0 -0.251978 0.911228 0 -0.411901 0.911228 0 -0.411901 0.82851 0 -0.559975 0.82851 0 -0.559975 0.967733 0 0.251978 0.996397 0 0.0848059 0.967733 0 0.251978 0.996397 0 -0.0848059 0.996397 0 -0.0848059 0.996397 0 0.0848059 0.82851 0 0.559975 0.721956 0 0.691939 0.721956 0 0.691939 0.911228 0 0.411901 0.82851 0 0.559975 0.911229 0 0.411901 0.292823 0 0.956167 0.292823 0 0.956167 0.450204 0 0.892926 0.450204 0 0.892926 0.594633 0 0.803997 0.594633 0 0.803997 -0.210679 0 0.977555 -0.0424412 0 0.999099 -0.0424412 0 0.999099 0.127018 0 0.9919 0.127018 0 0.9919 -0.372857 0 0.927889 -0.210679 0 0.977555 -0.372856 0 0.927889 -0.524307 0 0.851529 -0.660675 0 0.750672 -0.524307 0 0.851529 -0.778036 0 0.62822 -0.660675 0 0.750672 -0.778036 0 0.62822 -0.873014 0 0.487695 -0.942877 0 0.33314 -0.873014 0 0.487695 -0.985616 0 0.169001 -0.942877 0 0.33314 -0.985616 0 0.169001 0 1 0 0 1 0 0 1 0 0 1 0 0 1 0 0 1 0 0 1 0 0 1 0 0 1 0 0 1 0 0 1 0 0 1 0 0 1 0 0 1 0 0 1 0 0 1 0 0 1 0 0 1 0 0 1 0 0 1 0 0 1 0 0 1 0 0 1 0 0 1 0 0 1 0 0 1 0 0 1 0 0 1 0 0 1 0 0 1 0 0 1 0 0 1 0 0 1 0 0 1 0 0 1 0 0 1 0 0 1 0 0 1 0 0 1 0 0 1 0 0 1 0 0 1 0 0 1 0 0 1 0 0 1 0 0 1 0 0 1 0 0 1 0 0 1 0 0 1 0 0 1 0 0 1 0 0 1 0 0 1 0 0 1 0 0 1 0 0 1 0 0 1 0 0 1 0 0 1 0 0 1 0 0 1 0 0 1 0 0 1 0 0 1 0 0 1 0 0 1 0 0 1 0 0 1 0 0 1 0 0 1 0 0 1 0 0 1 0 0 1 0 0 1 0</float_array>
          <technique_common>
            <accessor count="300" source="#ID65" stride="3">
              <param name="X" type="float"/>
              <param name="Y" type="float"/>
              <param name="Z" type="float"/>
            </accessor>
          </technique_common>
        </source>
        <vertices id="ID66">
          <input semantic="POSITION" source="#ID62"/>
          <input semantic="NORMAL" source="#ID64"/>
        </vertices>
        <triangles count="300" material="ID67">
          <input offset="0" semantic="VERTEX" source="#ID66"/>
          <p>0 2 1 3 5 4 6 5 3 7 9 8 10 4 11 11 12 10 13 10 12 11 4 5 14 15 13 13 12 14 16 18 17 15 14 19 17 18 19 16 17 20 18 15 19 21 22 20 16 20 22 6 3 23 22 21 24 25 24 26 24 21 26 27 23 28 23 27 6 28 30 29 29 27 28 31 32 30 29 30 32 33 31 34 31 33 32 34 36 35 35 33 34 37 38 36 35 36 38 39 37 40 37 39 38 40 42 41 41 39 40 43 44 42 41 42 44 45 47 46 43 0 44 48 50 49 51 53 52 54 56 55 57 59 58 7 8 60 9 62 61 63 65 64 66 68 67 69 63 70 63 69 65 70 72 71 71 69 70 73 74 72 71 72 74 75 73 25 73 75 74 26 75 25 1 46 47 68 66 64 64 65 68 66 67 60 67 7 60 54 58 59 61 62 56 9 61 8 55 58 54 55 56 62 48 57 50 48 59 57 2 46 1 49 53 51 49 50 53 52 47 45 51 52 45 0 43 2 76 78 77 79 81 80 82 84 83 84 85 83 86 87 82 82 87 84 88 89 86 86 89 87 90 91 88 88 91 89 92 93 90 90 93 91 94 95 92 92 95 93 96 97 94 94 97 95 81 79 96 96 79 97 98 99 80 81 98 80 100 101 99 98 100 99 102 103 101 100 102 101 104 105 103 102 104 103 106 107 105 104 106 105 108 109 107 106 108 107 110 111 109 108 110 109 112 113 111 110 112 111 114 115 113 112 114 113 116 117 115 114 116 115 118 119 117 116 118 117 120 121 119 118 120 119 122 123 121 120 122 121 124 125 123 122 124 123 126 127 125 124 126 125 128 129 127 126 128 127 130 131 129 128 130 129 132 133 131 130 132 131 134 135 133 132 134 133 136 137 135 134 136 135 138 139 137 136 138 137 140 141 139 138 140 139 142 143 141 140 142 141 144 145 143 142 144 143 146 147 145 144 146 145 148 149 147 146 148 147 150 76 149 148 150 149 150 78 76 84 77 85 78 85 77 151 153 152 154 156 155 157 159 158 160 162 161 163 165 164 166 168 167 169 171 170 172 174 173 175 177 176 178 180 179 181 183 182 184 186 185 187 189 188 190 192 191 193 195 194 196 198 197 199 201 200 202 204 203 205 207 206 208 207 209 205 211 210 211 205 206 212 213 210 210 211 212 214 213 215 212 215 213 214 217 216 217 214 215 218 219 216 216 217 218 220 219 221 218 221 219 220 223 222 223 220 221 224 155 222 222 223 224 208 209 200 224 154 155 207 208 206 202 201 199 199 200 209 195 203 204 203 201 202 193 194 197 195 204 194 198 196 187 193 197 198 189 192 188 196 189 187 191 182 190 192 190 188 184 183 181 181 182 191 177 185 186 185 183 184 175 176 179 177 186 176 180 178 169 175 179 180 171 174 170 178 171 169 173 164 172 174 172 170 166 165 163 163 164 173 159 167 168 167 165 166 157 158 160 159 168 158 161 162 152 157 160 161 151 156 153 162 151 152 154 153 156 225 227 226 228 230 229 231 233 232 231 234 233 235 236 232 232 236 231 237 238 235 235 238 236 239 240 237 237 240 238 241 242 239 239 242 240 243 244 241 241 244 242 245 246 243 243 246 244 247 248 245 245 248 246 249 250 247 247 250 248 251 252 249 249 252 250 253 254 251 251 254 252 255 256 253 253 256 254 257 258 255 255 258 256 259 260 257 257 260 258 261 262 259 259 262 260 230 228 261 261 228 262 263 264 229 230 263 229 265 266 264 263 265 264 267 268 266 265 267 266 269 270 268 267 269 268 271 272 270 269 271 270 273 274 272 271 273 272 275 276 274 273 275 274 277 278 276 275 277 276 279 280 278 277 279 278 281 282 280 279 281 280 283 284 282 281 283 282 285 286 284 283 285 284 287 288 286 285 287 286 289 290 288 287 289 288 291 292 290 289 291 290 293 294 292 291 293 292 295 296 294 293 295 294 297 298 296 295 297 296 299 225 298 297 299 298 299 227 225 231 226 234 227 234 226</p>
        </triangles>
      </mesh>
    </geometry>
    <geometry id="ID68">
      <mesh>
        <source id="ID69">
          <float_array count="876" id="ID70">1.11022e-18 -0.0545856 8.88178e-19 0.000746487 -0.0536684 -0.00102745 1.11022e-18 -0.0536684 8.88178e-19 0.000746487 -0.0545856 -0.00102745 1.11022e-18 -0.0536684 8.88178e-19 0.00188935 -0.0537234 -0.000197114 0.00114286 -0.0537234 0.000830337 0.000746487 -0.0536684 -0.00102745 0.00233127 -0.0536047 0.000123958 0.00114286 -0.0537234 0.000830337 0.00188935 -0.0537234 -0.000197114 0.00293031 -0.0536216 0.002129 0.00248368 -0.0535362 0.0018045 0.00367462 -0.0536174 0.00109996 0.00322979 -0.0535382 0.000776772 0.00203395 -0.0535333 0.00147775 0.00277808 -0.053543 0.000448587 0.00494355 -0.0542005 0.00202189 0.00534606 -0.0544543 0.00231433 0.00459812 -0.0544576 0.00334073 0.00411081 -0.0537661 0.00141687 0.00453216 -0.0539711 0.001723 0.00378565 -0.0539713 0.00275044 0.00616228 -0.0555706 0.00447716 0.00652293 -0.0552811 0.00316938 0.0069091 -0.05557 0.00344995 0.0053865 -0.0550004 0.00391352 0.00574219 -0.0547214 0.00260214 0.0061344 -0.0549972 0.0028871 0.00693177 -0.056154 0.00503623 0.00767937 -0.0561516 0.00400958 0.0073169 -0.0564448 0.00531604 0.00729454 -0.0558602 0.00372999 0.0065473 -0.0558617 0.00475689 0.00770289 -0.0567335 0.00559648 0.00845097 -0.0567304 0.00457018 0.00809202 -0.057016 0.0058792 0.00806435 -0.0564428 0.00428929 0.00848645 -0.0572869 0.00616577 0.00923297 -0.0572867 0.00513834 0.00888705 -0.0575448 0.00645682 0.00883996 -0.0570129 0.0048528 0.00963381 -0.0575428 0.00542957 0.0100427 -0.0577789 0.00572666 0.0104613 -0.0579883 0.0060308 0.00929684 -0.0577791 0.00675455 0.0108885 -0.058168 0.00634117 0.00971546 -0.0579869 0.00705869 0.0101435 -0.0581643 0.00736969 0.0113227 -0.0583219 0.00665662 0.0117614 -0.058454 0.00697533 0.0105766 -0.05832 0.00768438 0.0110149 -0.058454 0.00800278 0.00577541 -0.0552833 0.00419608 0.00499472 -0.0547235 0.00362888 0.00419579 -0.054205 0.00304842 0.00336383 -0.0537735 0.00244397 0.00158441 -0.0536 0.00115114 0.011014 -0.0595742 0.00800214 0.0118295 -0.0594818 0.0070248 0.0117605 -0.0595742 0.00697469 0.0116801 -0.0596514 0.00691632 0.0109337 -0.0596514 0.00794377 0.0115906 -0.0597111 0.00685128 0.0108441 -0.0597111 0.00787873 0.0107479 -0.0597518 0.0078088 0.0114944 -0.0597518 0.00678135 0.011394 -0.0597724 0.00670844 0.0106475 -0.0597724 0.00773589 0.0112923 -0.0597723 0.00663453 0.0105458 -0.0597723 0.00766198 0.0104455 -0.0597515 0.00758909 0.011192 -0.0597515 0.00656164 0.0110958 -0.0597105 0.00649176 0.0103493 -0.0597105 0.00751921 0.0110064 -0.0596506 0.00642679 0.0102599 -0.0596506 0.00745424 0.0101797 -0.0595732 0.00739596 0.0109262 -0.0595732 0.00636851 0.011083 -0.0594818 0.00805225 0.0118852 -0.0593766 0.00706528 0.0111387 -0.0593766 0.00809273 0.0111796 -0.0592615 0.00812249 0.0119261 -0.0592615 0.00709504 0.0112047 -0.0591396 0.0081407 0.0119512 -0.0591396 0.00711325 0.0119597 -0.0590143 0.00711943 0.0112132 -0.0590143 0.00814688 0.0112049 -0.058889 0.00814085 0.0119514 -0.058889 0.00711339 0.01118 -0.0587671 0.00812277 0.0119265 -0.0587671 0.00709532 0.0118858 -0.0586519 0.0070657 0.0111393 -0.0586519 0.00809315 0.0110837 -0.0585466 0.00805278 0.0118302 -0.0585466 0.00702533 0.0117614 -0.058454 0.00697533 0.0110149 -0.058454 0.00800278 0.0105405 -0.0593653 0.00608835 0.0101797 -0.0595732 0.00739596 0.0109262 -0.0595732 0.00636851 0.00831905 -0.0583706 0.00604414 0.00867855 -0.0586405 0.00630533 0.0094243 -0.0586425 0.00527735 0.00978948 -0.0588995 0.00554267 0.0094148 -0.0591414 0.00684025 0.0101617 -0.0591408 0.00581307 0.00800145 -0.0575316 0.00424359 0.00690285 -0.0572482 0.00501522 0.00725586 -0.0575305 0.00527169 0.00870917 -0.0580945 0.00475777 0.00760884 -0.0578129 0.00552815 0.00796276 -0.058094 0.00578529 0.00583807 -0.0564121 0.00424161 0.00694052 -0.0566889 0.00347277 0.00658449 -0.0564122 0.00321411 0.00654937 -0.0569667 0.0047584 0.00729503 -0.0569683 0.00373035 0.00619454 -0.0566878 0.0045006 0.00511939 -0.055872 0.00371946 0.00586488 -0.0558743 0.00269128 0.00475514 -0.0556125 0.00345481 0.00622595 -0.0561406 0.00295361 0.00548005 -0.0561393 0.00398149 0.00438719 -0.0553613 0.00318748 0.00513256 -0.0553636 0.00215922 0.00401361 -0.0551213 0.00291606 0.0055009 -0.0556141 0.00242683 0.00363242 -0.0549013 0.0026391 0.00437883 -0.0549019 0.0016116 0.00324296 -0.054701 0.00235615 0.00475909 -0.0551248 0.00188788 0.00284056 -0.0545445 0.00206379 0.00398882 -0.0547077 0.00132824 0.00358839 -0.0545512 0.00103731 0.00242898 -0.0544505 0.00176476 0.00317549 -0.0544504 0.000737321 0.00275712 -0.0544285 0.000433362 0.00200808 -0.0544351 0.00145896 0.00233751 -0.0544756 0.000128492 0.00192485 -0.0545856 -0.000171324 0.00159121 -0.0544801 0.00115608 0.00117836 -0.0545856 0.000856127 0.00764864 -0.0572494 0.00398726 0.00835468 -0.0578141 0.00450022 0.00906482 -0.0583726 0.00501617 0.00904304 -0.0588999 0.00657015 0.00979353 -0.0593661 0.00711542 0.00117836 -0.0545856 0.000856127 0.000746487 -0.0545856 -0.00102745 1.11022e-18 -0.0545856 8.88178e-19 0.00192485 -0.0545856 -0.000171324 0.00317549 -0.0544504 0.000737321 0.00411081 -0.0537661 0.00141687 0.00367462 -0.0536174 0.00109996 0.000746487 -0.0545856 -0.00102745 0.00188935 -0.0537234 -0.000197114 0.000746487 -0.0536684 -0.00102745 0.00358839 -0.0545512 0.00103731 0.00453216 -0.0539711 0.001723 0.00398882 -0.0547077 0.00132824 0.00494355 -0.0542005 0.00202189 0.00437883 -0.0549019 0.0016116 0.0118858 -0.0586519 0.0070657 0.0113227 -0.0583219 0.00665662 0.0119265 -0.0587671 0.00709532 0.00475909 -0.0551248 0.00188788 0.00534606 -0.0544543 0.00231433 0.0055009 -0.0556141 0.00242683 0.0061344 -0.0549972 0.0028871 0.00513256 -0.0553636 0.00215922 0.00574219 -0.0547214 0.00260214 0.00622595 -0.0561406 0.00295361 0.00729454 -0.0558602 0.00372999 0.0069091 -0.05557 0.00344995 0.00652293 -0.0552811 0.00316938 0.00586488 -0.0558743 0.00269128 0.00694052 -0.0566889 0.00347277 0.00729503 -0.0569683 0.00373035 0.00806435 -0.0564428 0.00428929 0.00767937 -0.0561516 0.00400958 0.00658449 -0.0564122 0.00321411 0.00883996 -0.0570129 0.0048528 0.00800145 -0.0575316 0.00424359 0.00923297 -0.0572867 0.00513834 0.00845097 -0.0567304 0.00457018 0.00764864 -0.0572494 0.00398726 0.0104613 -0.0579883 0.0060308 0.0100427 -0.0577789 0.00572666 0.00906482 -0.0583726 0.00501617 0.00870917 -0.0580945 0.00475777 0.00963381 -0.0575428 0.00542957 0.00835468 -0.0578141 0.00450022 0.0110064 -0.0596506 0.00642679 0.0117605 -0.0595742 0.00697469 0.0109262 -0.0595732 0.00636851 0.0101617 -0.0591408 0.00581307 0.0116801 -0.0596514 0.00691632 0.0110958 -0.0597105 0.00649176 0.0114944 -0.0597518 0.00678135 0.0112923 -0.0597723 0.00663453 0.011394 -0.0597724 0.00670844 0.0118302 -0.0585466 0.00702533 0.0105405 -0.0593653 0.00608835 0.0119514 -0.058889 0.00711339 0.0117614 -0.058454 0.00697533 0.0118295 -0.0594818 0.0070248 0.0119261 -0.0592615 0.00709504 0.011192 -0.0597515 0.00656164 0.0115906 -0.0597111 0.00685128 0.0118852 -0.0593766 0.00706528 0.0119512 -0.0591396 0.00711325 0.0119597 -0.0590143 0.00711943 0.0108885 -0.058168 0.00634117 0.00978948 -0.0588995 0.00554267 0.0094243 -0.0586425 0.00527735 0.00275712 -0.0544285 0.000433362 0.00322979 -0.0535382 0.000776772 0.00277808 -0.053543 0.000448587 0.00192485 -0.0545856 -0.000171324 0.00233751 -0.0544756 0.000128492 0.00233127 -0.0536047 0.000123958 0.00401361 -0.0551213 0.00291606 0.00363242 -0.0549013 0.0026391 0.00459812 -0.0544576 0.00334073 0.00242898 -0.0544505 0.00176476 0.00336383 -0.0537735 0.00244397 0.00284056 -0.0545445 0.00206379 0.00378565 -0.0539713 0.00275044 0.00324296 -0.054701 0.00235615 0.00419579 -0.054205 0.00304842 0.00293031 -0.0536216 0.002129 0.00438719 -0.0553613 0.00318748 0.00499472 -0.0547235 0.00362888 0.0053865 -0.0550004 0.00391352 0.00616228 -0.0555706 0.00447716 0.00548005 -0.0561393 0.00398149 0.00511939 -0.055872 0.00371946 0.00577541 -0.0552833 0.00419608 0.00475514 -0.0556125 0.00345481 0.00583807 -0.0564121 0.00424161 0.0065473 -0.0558617 0.00475689 0.00693177 -0.056154 0.00503623 0.00770289 -0.0567335 0.00559648 0.00690285 -0.0572482 0.00501522 0.00654937 -0.0569667 0.0047584 0.0073169 -0.0564448 0.00531604 0.00619454 -0.0566878 0.0045006 0.00888705 -0.0575448 0.00645682 0.00760884 -0.0578129 0.00552815 0.00848645 -0.0572869 0.00616577 0.00725586 -0.0575305 0.00527169 0.00809202 -0.057016 0.0058792 0.0105766 -0.05832 0.00768438 0.0094148 -0.0591414 0.00684025 0.00904304 -0.0588999 0.00657015 0.00796276 -0.058094 0.00578529 0.00929684 -0.0577791 0.00675455 0.00831905 -0.0583706 0.00604414 0.0109337 -0.0596514 0.00794377 0.0108441 -0.0597111 0.00787873 0.0103493 -0.0597105 0.00751921 0.00979353 -0.0593661 0.00711542 0.0112047 -0.0591396 0.0081407 0.0111796 -0.0592615 0.00812249 0.011083 -0.0594818 0.00805225 0.011014 -0.0595742 0.00800214 0.0101797 -0.0595732 0.00739596 0.0104455 -0.0597515 0.00758909 0.0107479 -0.0597518 0.0078088 0.0112049 -0.058889 0.00814085 0.0110149 -0.058454 0.00800278 0.0110837 -0.0585466 0.00805278 0.0111393 -0.0586519 0.00809315 0.0102599 -0.0596506 0.00745424 0.01118 -0.0587671 0.00812277 0.0105458 -0.0597723 0.00766198 0.0106475 -0.0597724 0.00773589 0.0111387 -0.0593766 0.00809273 0.0112132 -0.0590143 0.00814688 0.0101435 -0.0581643 0.00736969 0.00867855 -0.0586405 0.00630533 0.00971546 -0.0579869 0.00705869 0.00248368 -0.0535362 0.0018045 0.00200808 -0.0544351 0.00145896 0.00203395 -0.0535333 0.00147775 0.00117836 -0.0545856 0.000856127 0.00114286 -0.0537234 0.000830337 0.00159121 -0.0544801 0.00115608 0.00158441 -0.0536 0.00115114 1.11022e-18 -0.0545856 8.88178e-19 1.11022e-18 -0.0536684 8.88178e-19</float_array>
          <technique_common>
            <accessor count="292" source="#ID70" stride="3">
              <param name="X" type="float"/>
              <param name="Y" type="float"/>
              <param name="Z" type="float"/>
            </accessor>
          </technique_common>
        </source>
        <source id="ID71">
          <float_array count="876" id="ID72">-0.809017 1.18211e-16 -0.587785 -0.809017 1.18211e-16 -0.587785 -0.809017 1.18211e-16 -0.587785 -0.809017 1.18211e-16 -0.587785 0.031468 0.999243 0.0228628 0.031468 0.999243 0.0228628 0.031468 0.999243 0.0228628 0.031468 0.999243 0.0228628 -0.145346 0.983729 -0.1056 -0.178862 0.975254 -0.129951 -0.178862 0.975254 -0.129951 0.171972 0.977146 0.124945 0.0611353 0.997141 0.0444174 0.172028 0.977131 0.124986 0.0607231 0.997179 0.0441179 -0.0551833 0.997671 -0.040093 -0.0569418 0.99752 -0.0413707 0.353668 0.899385 0.256955 0.377656 0.884358 0.274383 0.377379 0.884539 0.274182 0.261798 0.946194 0.190208 0.317763 0.919634 0.230868 0.317746 0.919643 0.230856 0.420127 0.854589 0.30524 0.4148 0.858555 0.30137 0.42014 0.854579 0.30525 0.406351 0.864707 0.295231 0.394498 0.873053 0.286619 0.406503 0.864597 0.295342 0.423062 0.852374 0.307372 0.423047 0.852385 0.307361 0.420468 0.854333 0.305488 0.422884 0.852508 0.307244 0.422872 0.852518 0.307235 0.41454 0.858747 0.301181 0.414402 0.858849 0.301081 0.404027 0.866369 0.293543 0.420423 0.854366 0.305455 0.386227 0.878684 0.280611 0.386225 0.878686 0.280609 0.357913 0.896815 0.260039 0.403803 0.866529 0.29338 0.357695 0.896948 0.259881 0.322345 0.917194 0.234197 0.28138 0.937567 0.204435 0.322283 0.917228 0.234152 0.238972 0.955378 0.173623 0.281143 0.937676 0.204262 0.238439 0.955582 0.173236 0.204784 0.967433 0.148784 0.191105 0.9717 0.138846 0.204645 0.967478 0.148683 0.191105 0.9717 0.138846 0.414724 0.858612 0.301315 0.394355 0.873151 0.286516 0.353251 0.899635 0.256652 0.260774 0.946626 0.189463 -0.145061 0.983794 -0.105393 0.547351 -0.736385 0.397674 0.637943 -0.614982 0.463493 0.547351 -0.736385 0.397674 0.441829 -0.8377 0.321008 0.441829 -0.8377 0.321008 0.324255 -0.916165 0.235585 0.324255 -0.916165 0.235585 0.197836 -0.969639 0.143737 0.197836 -0.969639 0.143737 0.0660212 -0.996665 0.0479672 0.0660212 -0.996665 0.0479672 -0.067595 -0.996503 -0.0491106 -0.067595 -0.996503 -0.0491106 -0.199367 -0.96916 -0.144849 -0.199367 -0.96916 -0.144849 -0.325701 -0.915381 -0.236636 -0.325701 -0.915381 -0.236636 -0.443151 -0.836632 -0.321968 -0.443151 -0.836632 -0.321968 -0.548513 -0.735063 -0.398518 -0.548513 -0.735063 -0.398518 0.637943 -0.614982 0.463493 0.711133 -0.476805 0.516668 0.711133 -0.476805 0.516668 0.764925 -0.325622 0.555751 0.764925 -0.325622 0.555751 0.797853 -0.165557 0.579674 0.797853 -0.165557 0.579674 0.809017 -0.000976046 0.587785 0.809017 -0.000976046 0.587785 0.798113 0.163632 0.579863 0.798113 0.163632 0.579863 0.765438 0.323776 0.556123 0.765438 0.323776 0.556123 0.711885 0.475089 0.517215 0.711885 0.475089 0.517215 0.638913 0.613442 0.464197 0.638913 0.613442 0.464197 0.548513 0.735063 0.398518 0.548513 0.735063 0.398518 -0.333396 -0.911139 -0.242226 -0.319038 -0.918959 -0.231795 -0.319038 -0.918959 -0.231795 -0.426957 -0.849401 -0.310202 -0.411686 -0.860842 -0.299107 -0.412053 -0.860574 -0.299374 -0.39035 -0.875896 -0.283606 -0.362589 -0.893941 -0.263436 -0.362404 -0.894055 -0.263302 -0.439721 -0.839393 -0.319476 -0.438892 -0.840056 -0.318874 -0.439721 -0.839393 -0.319476 -0.434969 -0.843167 -0.316023 -0.438639 -0.840258 -0.31869 -0.434952 -0.84318 -0.316011 -0.427018 -0.849354 -0.310247 -0.432491 -0.845113 -0.314223 -0.427012 -0.849359 -0.310242 -0.436473 -0.841979 -0.317116 -0.436424 -0.842018 -0.31708 -0.432535 -0.845078 -0.314255 -0.410418 -0.861767 -0.298186 -0.410246 -0.861892 -0.298061 -0.398193 -0.870485 -0.289304 -0.419709 -0.854903 -0.304936 -0.419792 -0.85484 -0.304997 -0.382156 -0.8814 -0.277653 -0.381898 -0.881571 -0.277465 -0.360398 -0.895293 -0.261845 -0.39804 -0.870593 -0.289193 -0.328932 -0.913614 -0.238983 -0.328836 -0.913667 -0.238913 -0.281167 -0.937665 -0.20428 -0.360006 -0.895535 -0.26156 -0.20206 -0.968308 -0.146805 -0.280033 -0.938183 -0.203456 -0.201191 -0.968584 -0.146174 -0.095287 -0.99304 -0.06923 -0.0953108 -0.993036 -0.0692473 0.0277768 -0.99941 0.0201811 0.0296549 -0.999328 0.0215455 0.131999 -0.9866 0.0959029 0.173728 -0.976671 0.126221 0.132443 -0.986509 0.0962251 0.173728 -0.976671 0.126221 -0.438873 -0.840071 -0.31886 -0.438672 -0.840231 -0.318714 -0.427185 -0.849226 -0.310368 -0.390418 -0.87585 -0.283656 -0.333576 -0.911038 -0.242357 -0 -1 -0 -0 -1 -0 -0 -1 -0 -0 -1 -0 0.587785 0 -0.809017 0.587785 0 -0.809017 0.587785 0 -0.809017 0.587785 0 -0.809017 0.587785 0 -0.809017 0.587785 0 -0.809017 0.587785 0 -0.809017 0.587785 0 -0.809017 0.587785 0 -0.809017 0.587785 0 -0.809017 0.587785 0 -0.809017 0.587785 0 -0.809017 0.587785 0 -0.809017 0.587785 0 -0.809017 0.587785 0 -0.809017 0.587785 0 -0.809017 0.587785 0 -0.809017 0.587785 0 -0.809017 0.587785 0 -0.809017 0.587785 0 -0.809017 0.587785 0 -0.809017 0.587785 0 -0.809017 0.587785 0 -0.809017 0.587785 0 -0.809017 0.587785 0 -0.809017 0.587785 0 -0.809017 0.587785 0 -0.809017 0.587785 0 -0.809017 0.587785 0 -0.809017 0.587785 0 -0.809017 0.587785 0 -0.809017 0.587785 0 -0.809017 0.587785 0 -0.809017 0.587785 0 -0.809017 0.587785 0 -0.809017 0.587785 0 -0.809017 0.587785 0 -0.809017 0.587785 0 -0.809017 0.587785 0 -0.809017 0.587785 0 -0.809017 0.587785 0 -0.809017 0.587785 0 -0.809017 0.587785 0 -0.809017 0.587785 0 -0.809017 0.587785 0 -0.809017 0.587785 0 -0.809017 0.587785 0 -0.809017 0.587785 0 -0.809017 0.587785 0 -0.809017 0.587785 0 -0.809017 0.587785 0 -0.809017 0.587785 0 -0.809017 0.587785 0 -0.809017 0.587785 0 -0.809017 0.587785 0 -0.809017 0.587785 0 -0.809017 0.587785 0 -0.809017 0.587785 0 -0.809017 0.587785 0 -0.809017 0.587785 0 -0.809017 0.587785 0 -0.809017 0.587785 0 -0.809017 0.587785 0 -0.809017 0.587785 0 -0.809017 0.587785 0 -0.809017 0.587785 0 -0.809017 0.587785 0 -0.809017 0.587785 0 -0.809017 0.587785 0 -0.809017 0.587785 0 -0.809017 -0.587785 0 0.809017 -0.587785 0 0.809017 -0.587785 0 0.809017 -0.587785 0 0.809017 -0.587785 0 0.809017 -0.587785 0 0.809017 -0.587785 0 0.809017 -0.587785 0 0.809017 -0.587785 0 0.809017 -0.587785 0 0.809017 -0.587785 0 0.809017 -0.587785 0 0.809017 -0.587785 0 0.809017 -0.587785 0 0.809017 -0.587785 0 0.809017 -0.587785 0 0.809017 -0.587785 0 0.809017 -0.587785 0 0.809017 -0.587785 0 0.809017 -0.587785 0 0.809017 -0.587785 0 0.809017 -0.587785 0 0.809017 -0.587785 0 0.809017 -0.587785 0 0.809017 -0.587785 0 0.809017 -0.587785 0 0.809017 -0.587785 0 0.809017 -0.587785 0 0.809017 -0.587785 0 0.809017 -0.587785 0 0.809017 -0.587785 0 0.809017 -0.587785 0 0.809017 -0.587785 0 0.809017 -0.587785 0 0.809017 -0.587785 0 0.809017 -0.587785 0 0.809017 -0.587785 0 0.809017 -0.587785 0 0.809017 -0.587785 0 0.809017 -0.587785 0 0.809017 -0.587785 0 0.809017 -0.587785 0 0.809017 -0.587785 0 0.809017 -0.587785 0 0.809017 -0.587785 0 0.809017 -0.587785 0 0.809017 -0.587785 0 0.809017 -0.587785 0 0.809017 -0.587785 0 0.809017 -0.587785 0 0.809017 -0.587785 0 0.809017 -0.587785 0 0.809017 -0.587785 0 0.809017 -0.587785 0 0.809017 -0.587785 0 0.809017 -0.587785 0 0.809017 -0.587785 0 0.809017 -0.587785 0 0.809017 -0.587785 0 0.809017 -0.587785 0 0.809017 -0.587785 0 0.809017 -0.587785 0 0.809017 -0.587785 0 0.809017 -0.587785 0 0.809017 -0.587785 0 0.809017 -0.587785 0 0.809017 -0.587785 0 0.809017 -0.587785 0 0.809017 -0.587785 0 0.809017 -0.587785 0 0.809017</float_array>
          <technique_common>
            <accessor count="292" source="#ID72" stride="3">
              <param name="X" type="float"/>
              <param name="Y" type="float"/>
              <param name="Z" type="float"/>
            </accessor>
          </technique_common>
        </source>
        <vertices id="ID73">
          <input semantic="POSITION" source="#ID69"/>
          <input semantic="NORMAL" source="#ID71"/>
        </vertices>
        <triangles count="276" material="ID23">
          <input offset="0" semantic="VERTEX" source="#ID73"/>
          <p>0 2 1 1 3 0 4 6 5 5 7 4 8 10 9 11 13 12 14 16 15 17 19 18 20 22 21 23 25 24 26 28 27 29 31 30 25 33 32 34 36 35 37 31 34 38 40 39 41 36 38 40 43 42 39 40 42 44 43 45 40 45 43 44 47 46 47 44 45 48 49 46 46 47 48 50 49 51 48 51 49 52 50 51 41 35 36 41 38 39 37 30 31 37 34 35 33 29 32 32 29 30 24 53 23 23 33 25 28 26 53 53 24 28 27 18 54 26 27 54 17 55 19 18 19 54 55 21 22 21 55 17 56 20 13 56 22 20 12 13 14 56 13 11 15 16 57 12 14 15 9 57 8 16 8 57 58 60 59 60 62 61 62 60 58 63 61 64 62 64 61 65 66 63 63 64 65 66 68 67 68 66 65 69 67 70 68 70 67 71 72 69 69 70 71 72 74 73 74 72 71 75 73 76 74 76 73 77 78 75 75 76 77 58 59 79 80 81 79 79 59 80 81 83 82 83 81 80 84 82 85 83 85 82 86 87 84 84 85 86 87 89 88 89 87 86 90 88 91 89 91 88 92 93 90 90 91 92 93 95 94 95 93 92 95 96 94 94 96 97 98 100 99 101 103 102 104 106 105 107 109 108 110 112 111 113 115 114 116 118 117 119 121 120 122 123 119 124 126 125 127 121 124 128 130 129 131 126 128 132 133 130 129 130 133 134 132 135 132 134 133 136 135 137 136 134 135 138 139 137 137 135 138 140 139 141 138 141 139 142 140 141 131 125 126 131 128 129 127 120 121 127 124 125 122 115 123 122 119 120 118 113 114 113 123 115 116 117 143 118 114 117 107 108 143 116 143 108 144 111 109 107 144 109 145 112 110 110 111 144 145 103 101 101 112 145 102 104 146 102 103 104 105 106 147 146 104 105 99 147 98 106 98 147 148 150 149 149 151 148 152 154 153 155 157 156 152 153 158 159 160 158 153 159 158 161 160 159 160 161 162 163 165 164 162 167 166 168 170 169 166 171 170 172 174 173 175 174 176 177 179 178 180 177 181 182 184 183 182 186 185 187 189 188 190 192 191 193 195 194 165 196 164 197 198 193 199 201 200 202 163 164 196 204 203 205 202 164 194 195 206 203 207 195 208 209 199 194 197 193 198 209 208 199 200 208 206 195 210 198 197 209 203 211 207 195 207 210 211 203 212 196 165 204 203 204 212 213 164 214 214 164 196 215 213 214 187 215 189 215 187 213 189 190 188 191 192 184 188 190 191 182 183 186 184 192 183 185 186 178 180 179 177 179 185 178 173 180 181 176 174 172 172 173 181 168 175 176 170 171 169 168 169 175 166 167 171 162 161 167 216 218 217 217 154 152 219 156 220 216 217 152 156 221 216 216 221 218 156 216 220 156 219 155 222 224 223 225 227 226 228 227 229 226 227 228 229 223 230 231 225 226 232 234 233 235 237 236 238 234 239 240 241 236 240 242 241 243 245 244 246 242 247 248 250 249 251 250 252 253 255 254 256 258 257 259 261 260 262 264 263 265 267 266 268 269 260 262 270 254 262 267 264 253 272 271 272 253 273 274 261 259 253 275 273 276 277 269 274 259 266 261 268 260 268 276 269 278 267 265 267 274 266 262 263 279 267 278 264 279 270 262 275 253 254 270 275 254 280 281 255 280 255 253 282 281 280 258 282 257 258 281 282 248 249 256 256 257 248 249 250 251 251 252 244 243 246 245 252 243 244 242 240 247 246 247 245 283 285 284 286 288 287 238 237 235 235 236 241 232 239 234 239 237 238 222 232 233 289 287 284 223 224 230 222 233 224 229 230 228 283 225 231 284 225 283 284 285 289 284 287 288 286 287 290 287 291 290</p>
        </triangles>
      </mesh>
    </geometry>
    <geometry id="ID74">
      <mesh>
        <source id="ID75">
          <float_array count="426" id="ID76">0.00389551 -0.018549 0.00674722 0.00495199 -0.0178339 0.0060371 0.00385214 -0.0178339 0.00667211 0.00499536 -0.018549 0.00611222 0.00495199 -0.0178339 0.0060371 0.00460851 -0.0120104 0.00544217 0.00350866 -0.0120104 0.00607717 0.00270165 -2.9375e-17 0.0046794 0.00312517 -0.00606603 0.00541296 0.00422503 -0.00606603 0.00477796 0.0038015 -2.9375e-17 0.0040444 0.00385214 -0.0178339 0.00667211 0.00270165 -2.9375e-17 0.0046794 0.00420248 1.0177e-19 0.00473891 0.00310263 1.0177e-19 0.0053739 0.0038015 -2.9375e-17 0.0040444 0.00451924 -0.006547 0.00528756 0.00310263 1.0177e-19 0.0053739 0.00420248 1.0177e-19 0.00473891 0.00582257 -0.0260722 0.00754499 0.00422944 -0.0195831 0.0073256 0.00532929 -0.0195831 0.0066906 0.00489485 -0.0130747 0.00593812 0.00379499 -0.0130747 0.00657312 0.00341939 -0.006547 0.00592256 0.00588581 -0.0389926 0.0101945 0.00698566 -0.0389926 0.00955951 0.00765546 -0.0454238 0.0107196 0.00472272 -0.0260722 0.00817999 0.0063747 -0.032542 0.0085013 0.00527484 -0.032542 0.0091363 0.0083841 -0.0518357 0.0119817 0.00655561 -0.0454238 0.0113546 0.00728425 -0.0518357 0.0126167 0.00728425 -0.0518357 0.0126167 0.00813706 -0.0519628 0.0115538 0.00703721 -0.0519628 0.0121888 0.0083841 -0.0518357 0.0119817 0.00703721 -0.0519628 0.0121888 0.00791381 -0.0503399 0.0111671 0.00681396 -0.0503399 0.0118021 0.00813706 -0.0519628 0.0115538 0.00681396 -0.0503399 0.0118021 0.00755819 -0.0476271 0.0105512 0.00645834 -0.0476271 0.0111862 0.00791381 -0.0503399 0.0111671 0.00645834 -0.0476271 0.0111862 0.00751024 -0.0472478 0.0104681 0.00641039 -0.0472478 0.0111031 0.00755819 -0.0476271 0.0105512 0.00717215 -0.0444692 0.00988253 0.00641039 -0.0472478 0.0111031 0.00751024 -0.0472478 0.0104681 0.00686469 -0.0417586 0.00934999 0.00576484 -0.0417586 0.00998499 0.0060723 -0.0444692 0.0105175 0.00576484 -0.0417586 0.00998499 0.00680512 -0.04121 0.00924681 0.00570526 -0.04121 0.00988181 0.00686469 -0.0417586 0.00934999 0.00646702 -0.0379268 0.0086612 0.00570526 -0.04121 0.00988181 0.00680512 -0.04121 0.00924681 0.00616674 -0.0347262 0.00814111 0.00506689 -0.0347262 0.00877611 0.00536716 -0.0379268 0.0092962 0.00506689 -0.0347262 0.00877611 0.00610109 -0.0339843 0.0080274 0.00500124 -0.0339843 0.0086624 0.00616674 -0.0347262 0.00814111 0.00579991 -0.0303563 0.00750574 0.00500124 -0.0339843 0.0086624 0.00610109 -0.0339843 0.0080274 0.00553372 -0.0268016 0.00704469 0.00443387 -0.0268016 0.00767969 0.00470006 -0.0303563 0.00814074 0.00443387 -0.0268016 0.00767969 0.00546935 -0.0258884 0.00693319 0.0043695 -0.0258884 0.00756819 0.00553372 -0.0268016 0.00704469 0.0052232 -0.0222026 0.00650684 0.0043695 -0.0258884 0.00756819 0.00546935 -0.0258884 0.00693319 0.00499536 -0.018549 0.00611222 0.00389551 -0.018549 0.00674722 0.00412334 -0.0222026 0.00714184 0.00582257 -0.0260722 0.00754499 0.00553372 -0.0268016 0.00704469 0.00579991 -0.0303563 0.00750574 0.00460851 -0.0120104 0.00544217 0.00489485 -0.0130747 0.00593812 0.00451924 -0.006547 0.00528756 0.00422503 -0.00606603 0.00477796 0.00420248 1.0177e-19 0.00473891 0.0038015 -2.9375e-17 0.0040444 0.00495199 -0.0178339 0.0060371 0.00532929 -0.0195831 0.0066906 0.00646702 -0.0379268 0.0086612 0.00680512 -0.04121 0.00924681 0.00698566 -0.0389926 0.00955951 0.00499536 -0.018549 0.00611222 0.00755819 -0.0476271 0.0105512 0.00791381 -0.0503399 0.0111671 0.00765546 -0.0454238 0.0107196 0.00751024 -0.0472478 0.0104681 0.0083841 -0.0518357 0.0119817 0.00813706 -0.0519628 0.0115538 0.00717215 -0.0444692 0.00988253 0.00686469 -0.0417586 0.00934999 0.0063747 -0.032542 0.0085013 0.00616674 -0.0347262 0.00814111 0.00610109 -0.0339843 0.0080274 0.00546935 -0.0258884 0.00693319 0.0052232 -0.0222026 0.00650684 0.00472272 -0.0260722 0.00817999 0.00470006 -0.0303563 0.00814074 0.00443387 -0.0268016 0.00767969 0.00312517 -0.00606603 0.00541296 0.00310263 1.0177e-19 0.0053739 0.00341939 -0.006547 0.00592256 0.00350866 -0.0120104 0.00607717 0.00389551 -0.018549 0.00674722 0.00422944 -0.0195831 0.0073256 0.00412334 -0.0222026 0.00714184 0.00270165 -2.9375e-17 0.0046794 0.00385214 -0.0178339 0.00667211 0.00379499 -0.0130747 0.00657312 0.00570526 -0.04121 0.00988181 0.00588581 -0.0389926 0.0101945 0.00576484 -0.0417586 0.00998499 0.00645834 -0.0476271 0.0111862 0.00655561 -0.0454238 0.0113546 0.00681396 -0.0503399 0.0118021 0.00641039 -0.0472478 0.0111031 0.00728425 -0.0518357 0.0126167 0.00703721 -0.0519628 0.0121888 0.0060723 -0.0444692 0.0105175 0.00536716 -0.0379268 0.0092962 0.00527484 -0.032542 0.0091363 0.00506689 -0.0347262 0.00877611 0.00500124 -0.0339843 0.0086624 0.0043695 -0.0258884 0.00756819</float_array>
          <technique_common>
            <accessor count="142" source="#ID76" stride="3">
              <param name="X" type="float"/>
              <param name="Y" type="float"/>
              <param name="Z" type="float"/>
            </accessor>
          </technique_common>
        </source>
        <source id="ID77">
          <float_array count="426" id="ID78">-0.496362 -0.120415 -0.859724 -0.496362 -0.120415 -0.859724 -0.496362 -0.120415 -0.859724 -0.496362 -0.120415 -0.859724 -0.496385 -0.120034 -0.859764 -0.496396 -0.119858 -0.859782 -0.496396 -0.119858 -0.859782 -0.494281 -0.150818 -0.856119 -0.495722 -0.130533 -0.858616 -0.495722 -0.130533 -0.858616 -0.494281 -0.150818 -0.856119 -0.496385 -0.120034 -0.859764 -6.34516e-17 1 -1.09901e-16 -6.34516e-17 1 -1.09901e-16 -6.34516e-17 1 -1.09901e-16 -6.34516e-17 1 -1.09901e-16 0.496873 0.111666 0.860609 0.497197 0.105743 0.86117 0.497197 0.105743 0.86117 0.494344 0.149992 0.856228 0.495505 0.13379 0.85824 0.495505 0.13379 0.85824 0.496325 0.121016 0.859661 0.496325 0.121016 0.859661 0.496873 0.111666 0.860609 0.490629 0.192702 0.849794 0.490629 0.192702 0.849794 0.487841 0.21919 0.844966 0.494344 0.149992 0.856228 0.492754 0.169629 0.853475 0.492754 0.169629 0.853475 0.484246 0.249041 0.83874 0.487841 0.21919 0.844966 0.484246 0.249041 0.83874 0.124521 -0.968493 0.215676 0.124521 -0.968493 0.215676 0.124521 -0.968493 0.215676 0.124521 -0.968493 0.215676 -0.481486 -0.269599 -0.833959 -0.482677 -0.260942 -0.836021 -0.482677 -0.260942 -0.836021 -0.481486 -0.269599 -0.833959 -0.482677 -0.260942 -0.836021 -0.48461 -0.246196 -0.839369 -0.48461 -0.246196 -0.839369 -0.482677 -0.260942 -0.836021 -0.48461 -0.246196 -0.839369 -0.484873 -0.244113 -0.839825 -0.484873 -0.244113 -0.839825 -0.48461 -0.246196 -0.839369 -0.486743 -0.228749 -0.843063 -0.484873 -0.244113 -0.839825 -0.484873 -0.244113 -0.839825 -0.488447 -0.213722 -0.846015 -0.488447 -0.213722 -0.846015 -0.486743 -0.228749 -0.843063 -0.488447 -0.213722 -0.846015 -0.488776 -0.210694 -0.846585 -0.488776 -0.210694 -0.846585 -0.488447 -0.213722 -0.846015 -0.490616 -0.192827 -0.849772 -0.488776 -0.210694 -0.846585 -0.488776 -0.210694 -0.846585 -0.492181 -0.176155 -0.852483 -0.492181 -0.176155 -0.852483 -0.490616 -0.192827 -0.849772 -0.492181 -0.176155 -0.852483 -0.492509 -0.172446 -0.853051 -0.492509 -0.172446 -0.853051 -0.492181 -0.176155 -0.852483 -0.493921 -0.155463 -0.855496 -0.492509 -0.172446 -0.853051 -0.492509 -0.172446 -0.853051 -0.49499 -0.141214 -0.857347 -0.49499 -0.141214 -0.857347 -0.493921 -0.155463 -0.855496 -0.49499 -0.141214 -0.857347 -0.495215 -0.138021 -0.857737 -0.495215 -0.138021 -0.857737 -0.49499 -0.141214 -0.857347 -0.495926 -0.127389 -0.85897 -0.495215 -0.138021 -0.857737 -0.495215 -0.138021 -0.857737 -0.496337 -0.120824 -0.859681 -0.496337 -0.120824 -0.859681 -0.495926 -0.127389 -0.85897 0.866025 0 -0.5 0.866025 0 -0.5 0.866025 0 -0.5 0.866025 0 -0.5 0.866025 0 -0.5 0.866025 0 -0.5 0.866025 0 -0.5 0.866025 0 -0.5 0.866025 0 -0.5 0.866025 0 -0.5 0.866025 0 -0.5 0.866025 0 -0.5 0.866025 0 -0.5 0.866025 0 -0.5 0.866025 0 -0.5 0.866025 0 -0.5 0.866025 0 -0.5 0.866025 0 -0.5 0.866025 0 -0.5 0.866025 0 -0.5 0.866025 0 -0.5 0.866025 0 -0.5 0.866025 0 -0.5 0.866025 0 -0.5 0.866025 0 -0.5 0.866025 0 -0.5 0.866025 0 -0.5 0.866025 0 -0.5 -0.866025 0 0.5 -0.866025 0 0.5 -0.866025 0 0.5 -0.866025 0 0.5 -0.866025 0 0.5 -0.866025 0 0.5 -0.866025 0 0.5 -0.866025 0 0.5 -0.866025 0 0.5 -0.866025 0 0.5 -0.866025 0 0.5 -0.866025 0 0.5 -0.866025 0 0.5 -0.866025 0 0.5 -0.866025 0 0.5 -0.866025 0 0.5 -0.866025 0 0.5 -0.866025 0 0.5 -0.866025 0 0.5 -0.866025 0 0.5 -0.866025 0 0.5 -0.866025 0 0.5 -0.866025 0 0.5 -0.866025 0 0.5 -0.866025 0 0.5 -0.866025 0 0.5 -0.866025 0 0.5 -0.866025 0 0.5</float_array>
          <technique_common>
            <accessor count="142" source="#ID78" stride="3">
              <param name="X" type="float"/>
              <param name="Y" type="float"/>
              <param name="Z" type="float"/>
            </accessor>
          </technique_common>
        </source>
        <vertices id="ID79">
          <input semantic="POSITION" source="#ID75"/>
          <input semantic="NORMAL" source="#ID77"/>
        </vertices>
        <triangles count="108" material="ID16">
          <input offset="0" semantic="VERTEX" source="#ID79"/>
          <p>0 2 1 1 3 0 4 6 5 7 9 8 10 9 7 8 9 5 4 11 6 5 6 8 12 14 13 13 15 12 16 18 17 19 21 20 22 24 23 25 27 26 28 30 29 31 27 32 25 32 27 33 31 32 29 30 26 30 25 26 28 19 20 28 29 19 21 22 23 20 21 23 16 17 24 22 16 24 34 36 35 35 37 34 38 40 39 39 41 38 42 44 43 43 45 42 46 48 47 47 49 46 50 52 51 53 55 54 55 50 51 53 50 55 56 58 57 57 59 56 60 62 61 63 65 64 65 60 61 63 60 65 66 68 67 67 69 66 70 72 71 73 75 74 75 70 71 73 70 75 76 78 77 77 79 76 80 82 81 83 85 84 85 80 81 83 80 85 86 88 87 89 91 90 92 91 89 93 91 92 94 93 92 95 90 96 90 95 89 97 99 98 95 96 100 101 103 102 101 104 103 105 102 103 105 106 102 103 104 107 99 103 107 108 98 99 108 99 107 99 97 109 110 111 109 110 109 97 88 109 111 112 86 87 88 86 109 112 96 86 100 96 113 112 113 96 114 116 115 117 119 118 117 120 119 121 123 122 124 117 118 125 126 120 119 120 126 127 129 128 125 122 126 130 132 131 130 131 133 134 131 132 134 132 135 131 136 133 128 136 131 128 137 127 129 136 128 138 137 128 139 138 140 139 137 138 115 140 138 141 116 114 115 138 114 141 114 122 141 122 123 122 125 121</p>
        </triangles>
      </mesh>
    </geometry>
    <geometry id="ID80">
      <mesh>
        <source id="ID81">
          <float_array count="900" id="ID82">0.0115297 -0.0417586 1.82854e-13 0.0113724 -0.0417586 0.00189772 0.0112549 -0.04121 0.00187811 -0.00280112 -0.04121 -0.0110614 -0.00283037 -0.0417586 -0.0111769 -0.000942274 -0.04121 -0.0113716 -0.000952113 -0.0417586 -0.0114903 0.00283037 -0.0417586 0.0111769 0.000952113 -0.0417586 0.0114903 0.000942274 -0.04121 0.0113716 -0.00624097 -0.04121 -0.00955251 -0.00780884 -0.0417586 -0.00848266 -0.00630613 -0.0417586 -0.00965226 -0.00463142 -0.0417586 -0.0105586 -0.00458356 -0.04121 -0.0104495 0.000942274 -0.04121 -0.0113716 -0.00772814 -0.04121 -0.008395 -0.00909853 -0.0417586 -0.00708167 -0.01014 -0.0417586 -0.00548752 -0.00900451 -0.04121 -0.00700849 -0.0100353 -0.04121 -0.00543081 -0.010905 -0.0417586 -0.00374368 -0.0107923 -0.04121 -0.00370499 -0.0113724 -0.0417586 -0.00189772 -0.0112549 -0.04121 -0.00187811 -0.0115297 -0.0417586 -4.73883e-16 -0.0114105 -0.04121 -4.9939e-16 0.000952113 -0.0417586 -0.0114903 0.00280112 -0.04121 -0.0110614 0.00283037 -0.0417586 -0.0111769 0.00458356 -0.04121 -0.0104495 0.00624097 -0.04121 -0.00955251 0.00463142 -0.0417586 -0.0105586 0.00630613 -0.0417586 -0.00965226 0.00772814 -0.04121 -0.008395 0.00780884 -0.0417586 -0.00848266 0.00900451 -0.04121 -0.00700849 0.0100353 -0.04121 -0.00543081 0.00909853 -0.0417586 -0.00708167 0.01014 -0.0417586 -0.00548752 0.0107923 -0.04121 -0.00370499 0.010905 -0.0417586 -0.00374368 0.0112549 -0.04121 -0.00187811 0.0114105 -0.04121 -3.67836e-12 0.0113724 -0.0417586 -0.00189772 0.0100353 -0.04121 0.00543081 0.0107923 -0.04121 0.00370499 0.010905 -0.0417586 0.00374368 0.00624097 -0.04121 0.00955251 0.00772814 -0.04121 0.008395 0.00780884 -0.0417586 0.00848266 0.00900451 -0.04121 0.00700849 0.01014 -0.0417586 0.00548752 0.00909853 -0.0417586 0.00708167 0.00280112 -0.04121 0.0110614 0.00630613 -0.0417586 0.00965226 0.00463142 -0.0417586 0.0105586 0.00458356 -0.04121 0.0104495 -0.00283037 -0.0417586 0.0111769 -0.00458356 -0.04121 0.0104495 -0.00280112 -0.04121 0.0110614 -0.000952113 -0.0417586 0.0114903 -0.000942274 -0.04121 0.0113716 -0.00900451 -0.04121 0.00700849 -0.00772814 -0.04121 0.008395 -0.00780884 -0.0417586 0.00848266 -0.00624097 -0.04121 0.00955251 -0.00463142 -0.0417586 0.0105586 -0.00630613 -0.0417586 0.00965226 -0.00909853 -0.0417586 0.00708167 -0.0100353 -0.04121 0.00543081 -0.01014 -0.0417586 0.00548752 -0.0107923 -0.04121 0.00370499 -0.0112549 -0.04121 0.00187811 -0.010905 -0.0417586 0.00374368 -0.0113724 -0.0417586 0.00189772 -0.00630613 -0.0417586 -0.00965226 -0.00498106 -0.0417586 -0.00987934 -0.00463142 -0.0417586 -0.0105586 0.00463142 -0.0417586 -0.0105586 0.00412529 -0.0417586 -0.0102662 0.00580094 -0.0417586 -0.00942133 0.00233096 -0.0417586 -0.0108157 0.00283037 -0.0417586 -0.0111769 0.00730971 -0.0417586 -0.00830545 0.00630613 -0.0417586 -0.00965226 0.000952113 -0.0417586 -0.0114903 0.00046957 -0.0417586 -0.011054 0.00780884 -0.0417586 -0.00848266 0.0086082 -0.0417586 -0.00695063 -0.000952113 -0.0417586 -0.0114903 -0.00140533 -0.0417586 -0.0109744 0.01014 -0.0417586 -0.00548752 0.00909853 -0.0417586 -0.00708167 0.00965904 -0.0417586 -0.00539586 -0.00283037 -0.0417586 -0.0111769 0.010432 -0.0417586 -0.00368586 0.0109049 -0.0417586 -0.00186983 0.010905 -0.0417586 -0.00374368 -0.00323979 -0.0417586 -0.010579 -0.00909853 -0.0417586 -0.00708167 -0.00798773 -0.0417586 -0.00765562 -0.00780884 -0.0417586 -0.00848266 -0.010905 -0.0417586 -0.00374368 -0.0113724 -0.0417586 -0.00189772 -0.010707 -0.0417586 -0.00278789 -0.010707 -0.0417586 0.00278789 -0.0113724 -0.0417586 0.00189772 -0.010905 -0.0417586 0.00374368 0.0086082 -0.0417586 0.00695063 0.00780884 -0.0417586 0.00848266 0.00909853 -0.0417586 0.00708167 -0.00909853 -0.0417586 0.00708167 -0.00780884 -0.0417586 0.00848266 -0.00798773 -0.0417586 0.00765562 0.00283037 -0.0417586 0.0111769 0.00463142 -0.0417586 0.0105586 0.00412529 -0.0417586 0.0102662 -0.00283037 -0.0417586 0.0111769 -0.00323979 -0.0417586 0.010579 -0.00463142 -0.0417586 0.0105586 -0.000952113 -0.0417586 0.0114903 -0.00140533 -0.0417586 0.0109744 -0.00657903 -0.0417586 0.00889543 -0.00630613 -0.0417586 0.00965226 -0.00498106 -0.0417586 0.00987934 0.000952113 -0.0417586 0.0114903 0.00046957 -0.0417586 0.011054 -0.00916664 -0.0417586 0.00619557 -0.01014 -0.0417586 0.00548752 0.00233096 -0.0417586 0.0108157 0.00630613 -0.0417586 0.00965226 0.00580094 -0.0417586 0.00942133 -0.0100818 -0.0417586 0.00455728 -0.0115297 -0.0417586 -4.73883e-16 -0.0110242 -0.0417586 0.000938294 0.00730971 -0.0417586 0.00830545 0.01014 -0.0417586 0.00548752 0.00965904 -0.0417586 0.00539586 -0.0110242 -0.0417586 -0.000938294 -0.0100818 -0.0417586 -0.00455728 -0.01014 -0.0417586 -0.00548752 0.010905 -0.0417586 0.00374368 0.010432 -0.0417586 0.00368586 0.0113724 -0.0417586 0.00189772 0.011064 -0.0417586 0 0.0109049 -0.0417586 0.00186983 -0.00916664 -0.0417586 -0.00619557 -0.00657903 -0.0417586 -0.00889543 0.0115297 -0.0417586 1.82854e-13 0.0113724 -0.0417586 -0.00189772 0.010432 -0.04121 0.00368586 0.010432 -0.0417586 0.00368586 0.0109049 -0.0417586 0.00186983 0.011064 -0.0417586 0 0.011064 -0.04121 2.7099e-18 0.0109049 -0.04121 0.00186983 0.0086082 -0.0417586 0.00695063 0.00730971 -0.04121 0.00830545 0.00730971 -0.0417586 0.00830545 0.0086082 -0.04121 0.00695063 0.00965904 -0.0417586 0.00539586 0.00965904 -0.04121 0.00539586 0.00233096 -0.04121 0.0108157 0.00233096 -0.0417586 0.0108157 0.00412529 -0.0417586 0.0102662 0.00412529 -0.04121 0.0102662 0.00580094 -0.0417586 0.00942133 0.00580094 -0.04121 0.00942133 -0.00323979 -0.0417586 0.010579 -0.00140533 -0.0417586 0.0109744 -0.00323979 -0.04121 0.010579 0.00046957 -0.0417586 0.011054 0.00046957 -0.04121 0.011054 -0.00140533 -0.04121 0.0109744 -0.00657903 -0.0417586 0.00889543 -0.00798773 -0.04121 0.00765562 -0.00798773 -0.0417586 0.00765562 -0.00498106 -0.04121 0.00987934 -0.00657903 -0.04121 0.00889543 -0.00498106 -0.0417586 0.00987934 -0.010707 -0.04121 0.00278789 -0.010707 -0.0417586 0.00278789 -0.0100818 -0.0417586 0.00455728 -0.0100818 -0.04121 0.00455728 -0.00916664 -0.0417586 0.00619557 -0.00916664 -0.04121 0.00619557 -0.010707 -0.0417586 -0.00278789 -0.0110242 -0.0417586 -0.000938294 -0.010707 -0.04121 -0.00278789 -0.0110242 -0.0417586 0.000938294 -0.0110242 -0.04121 0.000938294 -0.0110242 -0.04121 -0.000938294 -0.00916664 -0.0417586 -0.00619557 -0.00798773 -0.04121 -0.00765562 -0.00798773 -0.0417586 -0.00765562 -0.0100818 -0.04121 -0.00455728 -0.00916664 -0.04121 -0.00619557 -0.0100818 -0.0417586 -0.00455728 -0.00323979 -0.04121 -0.010579 -0.00323979 -0.0417586 -0.010579 -0.00498106 -0.0417586 -0.00987934 -0.00498106 -0.04121 -0.00987934 -0.00657903 -0.0417586 -0.00889543 -0.00657903 -0.04121 -0.00889543 0.00233096 -0.04121 -0.0108157 0.00046957 -0.0417586 -0.011054 0.00046957 -0.04121 -0.011054 -0.00140533 -0.0417586 -0.0109744 -0.00140533 -0.04121 -0.0109744 0.00412529 -0.04121 -0.0102662 0.00233096 -0.0417586 -0.0108157 0.00412529 -0.0417586 -0.0102662 0.00580094 -0.04121 -0.00942133 0.00730971 -0.04121 -0.00830545 0.00580094 -0.0417586 -0.00942133 0.0086082 -0.04121 -0.00695063 0.00730971 -0.0417586 -0.00830545 0.0086082 -0.0417586 -0.00695063 0.00965904 -0.04121 -0.00539586 0.010432 -0.04121 -0.00368586 0.00965904 -0.0417586 -0.00539586 0.0109049 -0.04121 -0.00186983 0.010432 -0.0417586 -0.00368586 0.0109049 -0.0417586 -0.00186983 0.00412529 -0.04121 0.0102662 0.00458356 -0.04121 0.0104495 0.00280112 -0.04121 0.0110614 0.00730971 -0.04121 -0.00830545 0.00624097 -0.04121 -0.00955251 0.00772814 -0.04121 -0.008395 0.000942274 -0.04121 0.0113716 0.00233096 -0.04121 0.0108157 0.00624097 -0.04121 0.00955251 0.00580094 -0.04121 0.00942133 -0.000942274 -0.04121 0.0113716 0.00046957 -0.04121 0.011054 0.00730971 -0.04121 0.00830545 0.00772814 -0.04121 0.008395 0.0086082 -0.04121 0.00695063 0.00900451 -0.04121 0.00700849 0.00965904 -0.04121 0.00539586 0.0100353 -0.04121 0.00543081 -0.00280112 -0.04121 0.0110614 -0.00140533 -0.04121 0.0109744 0.010432 -0.04121 0.00368586 0.0109049 -0.04121 0.00186983 0.0107923 -0.04121 0.00370499 -0.00323979 -0.04121 0.010579 -0.00458356 -0.04121 0.0104495 -0.00772814 -0.04121 0.008395 -0.00900451 -0.04121 0.00700849 -0.00798773 -0.04121 0.00765562 -0.00624097 -0.04121 0.00955251 -0.00498106 -0.04121 0.00987934 -0.0112549 -0.04121 0.00187811 -0.010707 -0.04121 0.00278789 -0.0107923 -0.04121 0.00370499 0.0112549 -0.04121 -0.00187811 0.0109049 -0.04121 -0.00186983 0.0107923 -0.04121 -0.00370499 -0.010707 -0.04121 -0.00278789 -0.0112549 -0.04121 -0.00187811 -0.0107923 -0.04121 -0.00370499 0.0086082 -0.04121 -0.00695063 0.00900451 -0.04121 -0.00700849 -0.00900451 -0.04121 -0.00700849 -0.00772814 -0.04121 -0.008395 -0.00798773 -0.04121 -0.00765562 0.00280112 -0.04121 -0.0110614 0.00458356 -0.04121 -0.0104495 0.00412529 -0.04121 -0.0102662 -0.00458356 -0.04121 -0.0104495 -0.00280112 -0.04121 -0.0110614 -0.00323979 -0.04121 -0.010579 -0.000942274 -0.04121 -0.0113716 -0.00140533 -0.04121 -0.0109744 -0.00624097 -0.04121 -0.00955251 -0.00657903 -0.04121 -0.00889543 -0.00498106 -0.04121 -0.00987934 0.00233096 -0.04121 -0.0108157 0.000942274 -0.04121 -0.0113716 0.00046957 -0.04121 -0.011054 -0.0100353 -0.04121 -0.00543081 -0.0100818 -0.04121 -0.00455728 -0.00916664 -0.04121 -0.00619557 -0.0110242 -0.04121 -0.000938294 -0.0114105 -0.04121 -4.9939e-16 0.00580094 -0.04121 -0.00942133 0.0100353 -0.04121 -0.00543081 0.00965904 -0.04121 -0.00539586 -0.0110242 -0.04121 0.000938294 0.010432 -0.04121 -0.00368586 -0.0100353 -0.04121 0.00543081 -0.00916664 -0.04121 0.00619557 -0.0100818 -0.04121 0.00455728 0.011064 -0.04121 2.7099e-18 0.0114105 -0.04121 -3.67836e-12 0.0112549 -0.04121 0.00187811 -0.00657903 -0.04121 0.00889543</float_array>
          <technique_common>
            <accessor count="300" source="#ID82" stride="3">
              <param name="X" type="float"/>
              <param name="Y" type="float"/>
              <param name="Z" type="float"/>
            </accessor>
          </technique_common>
        </source>
        <source id="ID83">
          <float_array count="900" id="ID84">0.976894 0.213722 -8.54028e-08 0.963571 0.213722 0.160792 0.96422 0.210694 0.1609 -0.239975 0.210694 -0.947639 -0.239814 0.213722 -0.947002 -0.0807257 0.210694 -0.974213 -0.0806714 0.213722 -0.973558 0.239813 0.213722 0.947002 0.0806713 0.213722 0.973558 0.0807256 0.210694 0.974213 -0.53467 0.210694 -0.818374 -0.661633 0.213722 -0.718725 -0.534311 0.213722 -0.817823 -0.392414 0.213722 -0.894614 -0.392678 0.210694 -0.895216 0.0807257 0.210694 -0.974213 -0.662078 0.210694 -0.719208 -0.770907 0.213722 -0.600021 -0.859153 0.213722 -0.464951 -0.771426 0.210694 -0.600425 -0.859731 0.210694 -0.465264 -0.923964 0.213722 -0.317197 -0.924586 0.210694 -0.317411 -0.963571 0.213722 -0.160791 -0.96422 0.210694 -0.1609 -0.976894 0.213722 1.70806e-07 -0.977552 0.210694 1.70921e-07 0.0806713 0.213722 -0.973558 0.239975 0.210694 -0.947639 0.239813 0.213722 -0.947002 0.392678 0.210694 -0.895216 0.53467 0.210694 -0.818374 0.392414 0.213722 -0.894614 0.534311 0.213722 -0.817823 0.662078 0.210694 -0.719208 0.661633 0.213722 -0.718725 0.771426 0.210694 -0.600425 0.859731 0.210694 -0.465263 0.770907 0.213722 -0.600021 0.859153 0.213722 -0.46495 0.924586 0.210694 -0.31741 0.923964 0.213722 -0.317197 0.96422 0.210694 -0.1609 0.977552 0.210694 -8.54603e-08 0.963571 0.213722 -0.160792 0.859731 0.210694 0.465263 0.924586 0.210694 0.317411 0.923964 0.213722 0.317197 0.53467 0.210694 0.818374 0.662078 0.210694 0.719208 0.661633 0.213722 0.718725 0.771426 0.210694 0.600425 0.859153 0.213722 0.46495 0.770907 0.213722 0.600021 0.239975 0.210694 0.947639 0.534311 0.213722 0.817823 0.392414 0.213722 0.894614 0.392678 0.210694 0.895216 -0.239813 0.213722 0.947002 -0.392678 0.210694 0.895216 -0.239975 0.210694 0.947639 -0.0806713 0.213722 0.973558 -0.0807256 0.210694 0.974213 -0.771426 0.210694 0.600425 -0.662078 0.210694 0.719208 -0.661633 0.213722 0.718725 -0.53467 0.210694 0.818374 -0.392414 0.213722 0.894614 -0.534311 0.213722 0.817823 -0.770907 0.213722 0.600021 -0.859731 0.210694 0.465263 -0.859153 0.213722 0.46495 -0.924586 0.210694 0.317411 -0.96422 0.210694 0.1609 -0.923964 0.213722 0.317197 -0.963571 0.213722 0.160792 0 -1 0 0 -1 0 0 -1 0 0 -1 0 0 -1 0 0 -1 0 0 -1 0 0 -1 0 0 -1 0 0 -1 0 0 -1 0 0 -1 0 0 -1 0 0 -1 0 0 -1 0 0 -1 0 0 -1 0 0 -1 0 0 -1 0 0 -1 0 0 -1 0 0 -1 0 0 -1 0 0 -1 0 0 -1 0 0 -1 0 0 -1 0 0 -1 0 0 -1 0 0 -1 0 0 -1 0 0 -1 0 0 -1 0 0 -1 0 0 -1 0 0 -1 0 0 -1 0 0 -1 0 0 -1 0 0 -1 0 0 -1 0 0 -1 0 0 -1 0 0 -1 0 0 -1 0 0 -1 0 0 -1 0 0 -1 0 0 -1 0 0 -1 0 0 -1 0 0 -1 0 0 -1 0 0 -1 0 0 -1 0 0 -1 0 0 -1 0 0 -1 0 0 -1 0 0 -1 0 0 -1 0 0 -1 0 0 -1 0 0 -1 0 0 -1 0 0 -1 0 0 -1 0 0 -1 0 0 -1 0 0 -1 0 0 -1 0 0 -1 0 0 -1 0 0 -1 0 0 -1 0 -0.942877 -0 -0.33314 -0.942877 -0 -0.33314 -0.985616 -0 -0.169001 -1 0 1.74846e-07 -1 -0 -3.01992e-07 -0.985616 -0 -0.169001 -0.778036 -0 -0.62822 -0.660675 -0 -0.750672 -0.660675 -0 -0.750672 -0.778036 -0 -0.62822 -0.873014 -0 -0.487695 -0.873014 -0 -0.487695 -0.210679 -0 -0.977555 -0.210679 -0 -0.977555 -0.372856 -0 -0.927889 -0.372857 -0 -0.927889 -0.524307 -0 -0.851529 -0.524307 -0 -0.851529 0.292823 0 -0.956167 0.127018 0 -0.9919 0.292823 0 -0.956167 -0.0424415 -0 -0.999099 -0.042441 -0 -0.999099 0.127018 0 -0.9919 0.594633 0 -0.803997 0.721956 0 -0.691939 0.721956 0 -0.691939 0.450204 0 -0.892926 0.594633 0 -0.803997 0.450204 0 -0.892926 0.967733 0 -0.251978 0.967733 0 -0.251978 0.911228 0 -0.411901 0.911228 0 -0.411901 0.82851 0 -0.559975 0.82851 0 -0.559975 0.967733 0 0.251978 0.996397 0 0.0848059 0.967733 0 0.251978 0.996397 0 -0.0848059 0.996397 0 -0.0848059 0.996397 0 0.0848059 0.82851 0 0.559975 0.721956 0 0.691939 0.721956 0 0.691939 0.911228 0 0.411901 0.82851 0 0.559975 0.911229 0 0.411901 0.292823 0 0.956167 0.292823 0 0.956167 0.450204 0 0.892926 0.450204 0 0.892926 0.594633 0 0.803997 0.594633 0 0.803997 -0.210679 0 0.977555 -0.0424412 0 0.999099 -0.0424412 0 0.999099 0.127018 0 0.9919 0.127018 0 0.9919 -0.372857 0 0.927889 -0.210679 0 0.977555 -0.372856 0 0.927889 -0.524307 0 0.851529 -0.660675 0 0.750672 -0.524307 0 0.851529 -0.778036 0 0.62822 -0.660675 0 0.750672 -0.778036 0 0.62822 -0.873014 0 0.487695 -0.942877 0 0.33314 -0.873014 0 0.487695 -0.985616 0 0.169001 -0.942877 0 0.33314 -0.985616 0 0.169001 0 1 0 0 1 0 0 1 0 0 1 0 0 1 0 0 1 0 0 1 0 0 1 0 0 1 0 0 1 0 0 1 0 0 1 0 0 1 0 0 1 0 0 1 0 0 1 0 0 1 0 0 1 0 0 1 0 0 1 0 0 1 0 0 1 0 0 1 0 0 1 0 0 1 0 0 1 0 0 1 0 0 1 0 0 1 0 0 1 0 0 1 0 0 1 0 0 1 0 0 1 0 0 1 0 0 1 0 0 1 0 0 1 0 0 1 0 0 1 0 0 1 0 0 1 0 0 1 0 0 1 0 0 1 0 0 1 0 0 1 0 0 1 0 0 1 0 0 1 0 0 1 0 0 1 0 0 1 0 0 1 0 0 1 0 0 1 0 0 1 0 0 1 0 0 1 0 0 1 0 0 1 0 0 1 0 0 1 0 0 1 0 0 1 0 0 1 0 0 1 0 0 1 0 0 1 0 0 1 0 0 1 0 0 1 0 0 1 0 0 1 0 0 1 0</float_array>
          <technique_common>
            <accessor count="300" source="#ID84" stride="3">
              <param name="X" type="float"/>
              <param name="Y" type="float"/>
              <param name="Z" type="float"/>
            </accessor>
          </technique_common>
        </source>
        <vertices id="ID85">
          <input semantic="POSITION" source="#ID81"/>
          <input semantic="NORMAL" source="#ID83"/>
        </vertices>
        <triangles count="300" material="ID86">
          <input offset="0" semantic="VERTEX" source="#ID85"/>
          <p>0 2 1 3 5 4 6 4 5 7 9 8 10 12 11 12 14 13 3 13 14 4 13 3 10 14 12 6 5 15 16 11 17 18 19 17 16 17 19 20 18 21 18 20 19 10 11 16 20 21 22 21 23 22 24 23 25 23 24 22 26 24 25 27 15 28 15 27 6 28 30 29 29 27 28 31 32 30 29 30 32 33 31 34 31 33 32 34 36 35 35 33 34 37 38 36 35 36 38 39 37 40 37 39 38 40 42 41 41 39 40 43 44 42 41 42 44 45 47 46 43 0 44 48 50 49 51 53 52 54 9 7 55 57 56 58 60 59 61 8 62 63 65 64 66 68 67 69 63 70 63 69 65 70 72 71 71 69 70 73 74 72 71 72 74 75 73 26 73 75 74 25 75 26 55 50 48 64 68 66 64 65 68 67 58 59 66 67 59 62 60 61 58 61 60 62 8 9 55 48 57 57 54 56 56 54 7 47 45 52 53 51 49 49 50 53 45 51 52 0 43 2 47 1 46 1 2 46 76 78 77 79 81 80 82 83 80 84 81 85 86 82 87 88 89 84 90 87 91 92 94 93 95 90 91 96 98 97 99 78 95 94 89 93 100 102 101 103 105 104 106 108 107 109 111 110 112 114 113 115 117 116 118 120 119 121 118 122 123 124 113 124 125 120 126 121 127 112 129 128 126 130 115 131 116 132 129 108 133 134 135 107 136 110 131 111 138 137 104 139 134 140 103 141 142 137 143 144 146 145 147 141 100 76 148 102 144 145 149 145 150 149 142 143 146 144 142 146 137 138 143 111 109 138 110 136 109 131 132 136 116 117 132 115 130 117 126 127 130 121 122 127 118 119 122 120 125 119 124 123 125 113 114 123 112 128 114 129 133 128 108 106 133 107 135 106 134 139 135 104 105 139 103 140 105 141 147 140 100 101 147 102 148 101 76 77 148 78 99 77 95 91 99 90 86 87 86 83 82 83 79 80 79 85 81 85 88 84 88 93 89 94 92 96 92 98 96 145 97 150 98 150 97 151 153 152 154 156 155 157 159 158 160 162 161 163 165 164 166 168 167 169 171 170 172 174 173 175 177 176 178 180 179 181 183 182 184 186 185 187 189 188 190 192 191 193 195 194 196 198 197 199 201 200 202 204 203 205 207 206 208 207 209 205 211 210 211 205 206 212 213 210 210 211 212 214 213 215 212 215 213 214 217 216 217 214 215 218 219 216 216 217 218 220 219 221 218 221 219 220 223 222 223 220 221 224 155 222 222 223 224 208 209 200 224 154 155 207 208 206 202 201 199 199 200 209 195 203 204 203 201 202 193 194 197 195 204 194 198 196 187 193 197 198 189 192 188 196 189 187 191 182 190 192 190 188 184 183 181 181 182 191 177 185 186 185 183 184 175 176 179 177 186 176 180 178 169 175 179 180 171 174 170 178 171 169 173 164 172 174 172 170 166 165 163 163 164 173 159 167 168 167 165 166 157 158 160 159 168 158 161 162 152 157 160 161 151 156 153 162 151 152 154 153 156 225 227 226 228 230 229 231 227 232 233 234 226 235 231 236 237 233 238 239 238 240 241 240 242 235 244 243 245 247 246 248 249 243 250 252 251 253 249 254 255 257 256 258 260 259 261 263 262 264 265 230 266 268 267 269 271 270 272 274 273 273 276 275 277 267 278 279 272 277 280 269 281 275 282 281 263 284 283 285 266 283 286 262 287 288 229 270 289 265 290 287 255 291 292 260 289 251 294 293 295 257 293 296 297 258 296 258 259 296 298 297 250 253 299 247 245 242 260 292 259 289 290 292 265 264 290 230 228 264 229 288 228 270 271 288 269 280 271 281 282 280 275 276 282 273 274 276 272 279 274 277 278 279 267 268 278 266 285 268 283 284 285 263 261 284 262 286 261 287 291 286 255 256 291 257 295 256 293 294 295 251 252 294 250 299 252 253 254 299 249 248 254 243 244 248 235 236 244 231 232 236 227 225 232 226 234 225 233 237 234 238 239 237 240 241 239 242 245 241 247 298 246 296 246 298</p>
        </triangles>
      </mesh>
    </geometry>
    <geometry id="ID87">
      <mesh>
        <source id="ID88">
          <float_array count="876" id="ID89">-4.44089e-19 -0.0545856 5.55112e-20 0.00120784 -0.0536684 0.000392452 -4.44089e-19 -0.0536684 1.66533e-19 0.00120784 -0.0545856 0.000392452 -4.44089e-19 -0.0536684 1.66533e-19 0.000771308 -0.0537234 0.00173597 -0.000436534 -0.0537234 0.00134351 0.00120784 -0.0536684 0.000392452 0.00060251 -0.0536047 0.00225547 -0.000436534 -0.0537234 0.00134351 0.000771308 -0.0537234 0.00173597 -0.00111928 -0.0536216 0.00344479 -0.000948681 -0.0535362 0.00291974 8.9394e-05 -0.0536174 0.00383468 0.000259306 -0.0535382 0.00331175 -0.0007769 -0.0535333 0.00239105 0.000431842 -0.053543 0.00278073 -0.000395293 -0.0542005 0.00532639 -0.000549039 -0.0544543 0.00579957 -0.00175633 -0.0544576 0.00540542 -7.72151e-05 -0.0537661 0.00434745 -0.000238157 -0.0539711 0.00484278 -0.00144599 -0.0539713 0.0044503 -0.00235378 -0.0555706 0.0072442 -0.000998565 -0.0552811 0.00718307 -0.00114607 -0.05557 0.00763703 -0.00205746 -0.0550004 0.00633221 -0.000700345 -0.0547214 0.00626525 -0.000850159 -0.0549972 0.00672633 -0.0026477 -0.056154 0.00814879 -0.00144028 -0.0561516 0.00854254 -0.00279481 -0.0564448 0.00860153 -0.00129329 -0.0558602 0.00809015 -0.00250085 -0.0558617 0.00769681 -0.00294224 -0.0567335 0.00905529 -0.00173501 -0.0567304 0.00944961 -0.00309088 -0.057016 0.00951274 -0.00158733 -0.0564428 0.00899512 -0.00324154 -0.0572869 0.00997642 -0.00203371 -0.0572867 0.0103689 -0.00339455 -0.0575448 0.0104474 -0.00188359 -0.0570129 0.0099069 -0.00218682 -0.0575428 0.0108401 -0.002343 -0.0577789 0.0113208 -0.0025029 -0.0579883 0.0118129 -0.00355108 -0.0577791 0.0109291 -0.00266607 -0.058168 0.0123151 -0.00371097 -0.0579869 0.0114212 -0.00387447 -0.0581643 0.0119244 -0.00283192 -0.0583219 0.0128255 -0.00299947 -0.058454 0.0133412 -0.00403992 -0.05832 0.0124336 -0.00420731 -0.058454 0.0129488 -0.00220601 -0.0552833 0.00678941 -0.00190781 -0.0547235 0.00587165 -0.00160265 -0.054205 0.00493244 -0.00128487 -0.0537735 0.00395442 -0.000605192 -0.0536 0.00186259 -0.00420697 -0.0595742 0.0129477 -0.00302548 -0.0594818 0.0134213 -0.00299913 -0.0595742 0.0133402 -0.00296844 -0.0596514 0.0132457 -0.00417629 -0.0596514 0.0128533 -0.00293425 -0.0597111 0.0131405 -0.00414209 -0.0597111 0.0127481 -0.00410533 -0.0597518 0.0126349 -0.00289749 -0.0597518 0.0130274 -0.00285916 -0.0597724 0.0129094 -0.004067 -0.0597724 0.0125169 -0.0028203 -0.0597723 0.0127898 -0.00402814 -0.0597723 0.0123973 -0.00398982 -0.0597515 0.0122794 -0.00278198 -0.0597515 0.0126719 -0.00274524 -0.0597105 0.0125588 -0.00395308 -0.0597105 0.0121663 -0.00271109 -0.0596506 0.0124537 -0.00391893 -0.0596506 0.0120612 -0.00388829 -0.0595732 0.0119669 -0.00268045 -0.0595732 0.0123594 -0.00423332 -0.0594818 0.0130288 -0.00304676 -0.0593766 0.0134868 -0.0042546 -0.0593766 0.0130943 -0.00427024 -0.0592615 0.0131425 -0.0030624 -0.0592615 0.0135349 -0.00427982 -0.0591396 0.0131719 -0.00307198 -0.0591396 0.0135644 -0.00307523 -0.0590143 0.0135744 -0.00428307 -0.0590143 0.0131819 -0.0042799 -0.058889 0.0131722 -0.00307205 -0.058889 0.0135646 -0.00427039 -0.0587671 0.0131429 -0.00306255 -0.0587671 0.0135354 -0.00304698 -0.0586519 0.0134874 -0.00425482 -0.0586519 0.013095 -0.0042336 -0.0585466 0.0130297 -0.00302576 -0.0585466 0.0134221 -0.00299947 -0.058454 0.0133412 -0.00420731 -0.058454 0.0129488 -0.00253316 -0.0593653 0.0119061 -0.00388829 -0.0595732 0.0119669 -0.00268045 -0.0595732 0.0123594 -0.00317759 -0.0583706 0.00977963 -0.00331491 -0.0586405 0.0102022 -0.00210679 -0.0586425 0.0105938 -0.00224627 -0.0588995 0.0110231 -0.00359613 -0.0591414 0.0110678 -0.00238843 -0.0591408 0.0114606 -0.00156331 -0.0575316 0.00892117 -0.00263666 -0.0572482 0.00811479 -0.00277149 -0.0575305 0.00852978 -0.00183363 -0.0580945 0.00975314 -0.00290632 -0.0578129 0.00894473 -0.00304151 -0.058094 0.00936079 -0.00222994 -0.0564121 0.00686306 -0.00115807 -0.0566889 0.00767397 -0.00102208 -0.0564122 0.00725544 -0.00250164 -0.0569667 0.00769925 -0.00129348 -0.0569683 0.00809073 -0.0023661 -0.0566878 0.00728212 -0.00195543 -0.055872 0.0060182 -0.00074721 -0.0558743 0.00640948 -0.0018163 -0.0556125 0.00559 -0.000885127 -0.0561406 0.00683395 -0.00209319 -0.0561393 0.00644219 -0.00167576 -0.0553613 0.00515745 -0.00046749 -0.0553636 0.00554859 -0.00153306 -0.0551213 0.00471828 -0.000608181 -0.0556141 0.00598159 -0.00138746 -0.0549013 0.00427016 -0.00017959 -0.0549019 0.00466253 -0.0012387 -0.054701 0.00381233 -0.000324837 -0.0551248 0.00510955 -0.001085 -0.0545445 0.00333927 -3.062e-05 -0.0547077 0.00420405 0.00012233 -0.0545512 0.00373331 -0.000927787 -0.0544505 0.00285543 0.000280046 -0.0544504 0.00324791 0.000439847 -0.0544285 0.0027561 -0.000767018 -0.0544351 0.00236064 0.000600126 -0.0544756 0.00226281 0.000757749 -0.0545856 0.00177769 -0.000607787 -0.0544801 0.00187058 -0.000450093 -0.0545856 0.00138524 -0.00142855 -0.0572494 0.00850642 -0.00169823 -0.0578141 0.00933641 -0.00196948 -0.0583726 0.0101712 -0.00345413 -0.0588999 0.0106307 -0.0037408 -0.0593661 0.011513 -0.000450093 -0.0545856 0.00138524 0.00120784 -0.0545856 0.000392452 -4.44089e-19 -0.0545856 5.55112e-20 0.000757749 -0.0545856 0.00177769 0.000280046 -0.0544504 0.00324791 -7.72151e-05 -0.0537661 0.00434745 8.9394e-05 -0.0536174 0.00383468 0.00120784 -0.0545856 0.000392452 0.000771308 -0.0537234 0.00173597 0.00120784 -0.0536684 0.000392452 0.00012233 -0.0545512 0.00373331 -0.000238157 -0.0539711 0.00484278 -3.062e-05 -0.0547077 0.00420405 -0.000395293 -0.0542005 0.00532639 -0.00017959 -0.0549019 0.00466253 -0.00304698 -0.0586519 0.0134874 -0.00283192 -0.0583219 0.0128255 -0.00306255 -0.0587671 0.0135354 -0.000324837 -0.0551248 0.00510955 -0.000549039 -0.0544543 0.00579957 -0.000608181 -0.0556141 0.00598159 -0.000850159 -0.0549972 0.00672633 -0.00046749 -0.0553636 0.00554859 -0.000700345 -0.0547214 0.00626525 -0.000885127 -0.0561406 0.00683395 -0.00129329 -0.0558602 0.00809015 -0.00114607 -0.05557 0.00763703 -0.000998565 -0.0552811 0.00718307 -0.00074721 -0.0558743 0.00640948 -0.00115807 -0.0566889 0.00767397 -0.00129348 -0.0569683 0.00809073 -0.00158733 -0.0564428 0.00899512 -0.00144028 -0.0561516 0.00854254 -0.00102208 -0.0564122 0.00725544 -0.00188359 -0.0570129 0.0099069 -0.00156331 -0.0575316 0.00892117 -0.00203371 -0.0572867 0.0103689 -0.00173501 -0.0567304 0.00944961 -0.00142855 -0.0572494 0.00850642 -0.0025029 -0.0579883 0.0118129 -0.002343 -0.0577789 0.0113208 -0.00196948 -0.0583726 0.0101712 -0.00183363 -0.0580945 0.00975314 -0.00218682 -0.0575428 0.0108401 -0.00169823 -0.0578141 0.00933641 -0.00271109 -0.0596506 0.0124537 -0.00299913 -0.0595742 0.0133402 -0.00268045 -0.0595732 0.0123594 -0.00238843 -0.0591408 0.0114606 -0.00296844 -0.0596514 0.0132457 -0.00274524 -0.0597105 0.0125588 -0.00289749 -0.0597518 0.0130274 -0.0028203 -0.0597723 0.0127898 -0.00285916 -0.0597724 0.0129094 -0.00302576 -0.0585466 0.0134221 -0.00253316 -0.0593653 0.0119061 -0.00307205 -0.058889 0.0135646 -0.00299947 -0.058454 0.0133412 -0.00302548 -0.0594818 0.0134213 -0.0030624 -0.0592615 0.0135349 -0.00278198 -0.0597515 0.0126719 -0.00293425 -0.0597111 0.0131405 -0.00304676 -0.0593766 0.0134868 -0.00307198 -0.0591396 0.0135644 -0.00307523 -0.0590143 0.0135744 -0.00266607 -0.058168 0.0123151 -0.00224627 -0.0588995 0.0110231 -0.00210679 -0.0586425 0.0105938 0.000439847 -0.0544285 0.0027561 0.000259306 -0.0535382 0.00331175 0.000431842 -0.053543 0.00278073 0.000757749 -0.0545856 0.00177769 0.000600126 -0.0544756 0.00226281 0.00060251 -0.0536047 0.00225547 -0.00153306 -0.0551213 0.00471828 -0.00138746 -0.0549013 0.00427016 -0.00175633 -0.0544576 0.00540542 -0.000927787 -0.0544505 0.00285543 -0.00128487 -0.0537735 0.00395442 -0.001085 -0.0545445 0.00333927 -0.00144599 -0.0539713 0.0044503 -0.0012387 -0.054701 0.00381233 -0.00160265 -0.054205 0.00493244 -0.00111928 -0.0536216 0.00344479 -0.00167576 -0.0553613 0.00515745 -0.00190781 -0.0547235 0.00587165 -0.00205746 -0.0550004 0.00633221 -0.00235378 -0.0555706 0.0072442 -0.00209319 -0.0561393 0.00644219 -0.00195543 -0.055872 0.0060182 -0.00220601 -0.0552833 0.00678941 -0.0018163 -0.0556125 0.00559 -0.00222994 -0.0564121 0.00686306 -0.00250085 -0.0558617 0.00769681 -0.0026477 -0.056154 0.00814879 -0.00294224 -0.0567335 0.00905529 -0.00263666 -0.0572482 0.00811479 -0.00250164 -0.0569667 0.00769925 -0.00279481 -0.0564448 0.00860153 -0.0023661 -0.0566878 0.00728212 -0.00339455 -0.0575448 0.0104474 -0.00290632 -0.0578129 0.00894473 -0.00324154 -0.0572869 0.00997642 -0.00277149 -0.0575305 0.00852978 -0.00309088 -0.057016 0.00951274 -0.00403992 -0.05832 0.0124336 -0.00359613 -0.0591414 0.0110678 -0.00345413 -0.0588999 0.0106307 -0.00304151 -0.058094 0.00936079 -0.00355108 -0.0577791 0.0109291 -0.00317759 -0.0583706 0.00977963 -0.00417629 -0.0596514 0.0128533 -0.00414209 -0.0597111 0.0127481 -0.00395308 -0.0597105 0.0121663 -0.0037408 -0.0593661 0.011513 -0.00427982 -0.0591396 0.0131719 -0.00427024 -0.0592615 0.0131425 -0.00423332 -0.0594818 0.0130288 -0.00420697 -0.0595742 0.0129477 -0.00388829 -0.0595732 0.0119669 -0.00398982 -0.0597515 0.0122794 -0.00410533 -0.0597518 0.0126349 -0.0042799 -0.058889 0.0131722 -0.00420731 -0.058454 0.0129488 -0.0042336 -0.0585466 0.0130297 -0.00425482 -0.0586519 0.013095 -0.00391893 -0.0596506 0.0120612 -0.00427039 -0.0587671 0.0131429 -0.00402814 -0.0597723 0.0123973 -0.004067 -0.0597724 0.0125169 -0.0042546 -0.0593766 0.0130943 -0.00428307 -0.0590143 0.0131819 -0.00387447 -0.0581643 0.0119244 -0.00331491 -0.0586405 0.0102022 -0.00371097 -0.0579869 0.0114212 -0.000948681 -0.0535362 0.00291974 -0.000767018 -0.0544351 0.00236064 -0.0007769 -0.0535333 0.00239105 -0.000450093 -0.0545856 0.00138524 -0.000436534 -0.0537234 0.00134351 -0.000607787 -0.0544801 0.00187058 -0.000605192 -0.0536 0.00186259 -4.44089e-19 -0.0545856 5.55112e-20 -4.44089e-19 -0.0536684 1.66533e-19</float_array>
          <technique_common>
            <accessor count="292" source="#ID89" stride="3">
              <param name="X" type="float"/>
              <param name="Y" type="float"/>
              <param name="Z" type="float"/>
            </accessor>
          </technique_common>
        </source>
        <source id="ID90">
          <float_array count="876" id="ID91">0.309017 1.18211e-16 -0.951057 0.309017 1.18211e-16 -0.951057 0.309017 1.18211e-16 -0.951057 0.309017 1.18211e-16 -0.951057 -0.0120197 0.999243 0.0369928 -0.0120197 0.999243 0.0369928 -0.0120197 0.999243 0.0369928 -0.0120197 0.999243 0.0369928 0.0555173 0.983729 -0.170865 0.0683193 0.975254 -0.210265 0.0683193 0.975254 -0.210265 -0.0656875 0.977146 0.202165 -0.0233516 0.997141 0.0718689 -0.065709 0.977131 0.202231 -0.0231942 0.997179 0.0713843 0.0210781 0.997671 -0.0648719 0.0217498 0.99752 -0.0669391 -0.135089 0.899385 0.415761 -0.144252 0.884358 0.443962 -0.144146 0.884539 0.443636 -0.099998 0.946194 0.307762 -0.121375 0.919634 0.373552 -0.121368 0.919643 0.373532 -0.160474 0.854589 0.493888 -0.15844 0.858555 0.487627 -0.160479 0.854579 0.493905 -0.155212 0.864707 0.477694 -0.150685 0.873053 0.46376 -0.15527 0.864597 0.477873 -0.161595 0.852374 0.497339 -0.161589 0.852385 0.497321 -0.160604 0.854333 0.494289 -0.161527 0.852508 0.497131 -0.161523 0.852518 0.497116 -0.15834 0.858747 0.487321 -0.158288 0.858849 0.487159 -0.154324 0.866369 0.474962 -0.160587 0.854366 0.494237 -0.147526 0.878684 0.454037 -0.147525 0.878686 0.454035 -0.136711 0.896815 0.420752 -0.154239 0.866529 0.474698 -0.136627 0.896948 0.420496 -0.123125 0.917194 0.378939 -0.107478 0.937567 0.330782 -0.123101 0.917228 0.378866 -0.0912792 0.955378 0.280929 -0.107387 0.937676 0.330503 -0.0910754 0.955582 0.280301 -0.0782206 0.967433 0.240738 -0.0729957 0.9717 0.224658 -0.0781674 0.967478 0.240575 -0.0729957 0.9717 0.224658 -0.15841 0.858612 0.487537 -0.15063 0.873151 0.463592 -0.13493 0.899635 0.415272 -0.0996067 0.946626 0.306558 0.0554083 0.983794 -0.170529 -0.20907 -0.736385 0.64345 -0.243673 -0.614982 0.749947 -0.20907 -0.736385 0.64345 -0.168764 -0.8377 0.519401 -0.168764 -0.8377 0.519401 -0.123854 -0.916165 0.381185 -0.123854 -0.916165 0.381185 -0.0755668 -0.969639 0.232571 -0.0755668 -0.969639 0.232571 -0.0252179 -0.996665 0.0776126 -0.0252179 -0.996665 0.0776126 0.025819 -0.996503 -0.0794627 0.025819 -0.996503 -0.0794627 0.0761515 -0.96916 -0.23437 0.0761515 -0.96916 -0.23437 0.124407 -0.915381 -0.382885 0.124407 -0.915381 -0.382885 0.169269 -0.836632 -0.520955 0.169269 -0.836632 -0.520955 0.209513 -0.735063 -0.644816 0.209513 -0.735063 -0.644816 -0.243673 -0.614982 0.749947 -0.271629 -0.476805 0.835987 -0.271629 -0.476805 0.835987 -0.292176 -0.325622 0.899224 -0.292176 -0.325622 0.899224 -0.304753 -0.165557 0.937932 -0.304753 -0.165557 0.937932 -0.309017 -0.000976046 0.951056 -0.309017 -0.000976046 0.951056 -0.304852 0.163632 0.938238 -0.304852 0.163632 0.938238 -0.292371 0.323776 0.899827 -0.292371 0.323776 0.899827 -0.271916 0.475089 0.836871 -0.271916 0.475089 0.836871 -0.244043 0.613442 0.751087 -0.244043 0.613442 0.751087 -0.209513 0.735063 0.644816 -0.209513 0.735063 0.644816 0.127346 -0.911139 -0.39193 0.121862 -0.918959 -0.375052 0.121862 -0.918959 -0.375052 0.163083 -0.849401 -0.501918 0.15725 -0.860842 -0.483966 0.15739 -0.860574 -0.484397 0.149101 -0.875896 -0.458884 0.138497 -0.893941 -0.426248 0.138426 -0.894055 -0.426032 0.167959 -0.839393 -0.516923 0.167642 -0.840056 -0.515948 0.167958 -0.839393 -0.516923 0.166143 -0.843167 -0.511337 0.167545 -0.840258 -0.515651 0.166137 -0.84318 -0.511317 0.163106 -0.849354 -0.50199 0.165197 -0.845113 -0.508423 0.163104 -0.849359 -0.501982 0.166718 -0.841979 -0.513105 0.166699 -0.842018 -0.513047 0.165214 -0.845078 -0.508475 0.156766 -0.861767 -0.482475 0.1567 -0.861892 -0.482273 0.152096 -0.870485 -0.468104 0.160314 -0.854903 -0.493397 0.160346 -0.85484 -0.493495 0.145971 -0.8814 -0.449251 0.145872 -0.881571 -0.448948 0.13766 -0.895293 -0.423674 0.152038 -0.870593 -0.467924 0.125641 -0.913614 -0.386682 0.125604 -0.913667 -0.38657 0.107396 -0.937665 -0.330532 0.13751 -0.895535 -0.423212 0.0771802 -0.968308 -0.237536 0.106963 -0.938183 -0.329198 0.0768481 -0.968584 -0.236514 0.0363964 -0.99304 -0.112017 0.0364055 -0.993036 -0.112045 -0.0106098 -0.99941 0.0326536 -0.0113272 -0.999328 0.0348614 -0.0504191 -0.9866 0.155174 -0.0663583 -0.976671 0.20423 -0.0505886 -0.986509 0.155696 -0.0663583 -0.976671 0.20423 0.167634 -0.840071 -0.515926 0.167558 -0.840231 -0.515689 0.16317 -0.849226 -0.502186 0.149127 -0.87585 -0.458964 0.127415 -0.911038 -0.392142 -0 -1 -0 -0 -1 -0 -0 -1 -0 -0 -1 -0 0.951057 0 0.309017 0.951057 0 0.309017 0.951057 0 0.309017 0.951057 0 0.309017 0.951057 0 0.309017 0.951057 0 0.309017 0.951057 0 0.309017 0.951057 0 0.309017 0.951057 0 0.309017 0.951057 0 0.309017 0.951057 0 0.309017 0.951057 0 0.309017 0.951057 0 0.309017 0.951057 0 0.309017 0.951057 0 0.309017 0.951057 0 0.309017 0.951057 0 0.309017 0.951057 0 0.309017 0.951057 0 0.309017 0.951057 0 0.309017 0.951057 0 0.309017 0.951057 0 0.309017 0.951057 0 0.309017 0.951057 0 0.309017 0.951057 0 0.309017 0.951057 0 0.309017 0.951057 0 0.309017 0.951057 0 0.309017 0.951057 0 0.309017 0.951057 0 0.309017 0.951057 0 0.309017 0.951057 0 0.309017 0.951057 0 0.309017 0.951057 0 0.309017 0.951057 0 0.309017 0.951057 0 0.309017 0.951057 0 0.309017 0.951057 0 0.309017 0.951057 0 0.309017 0.951057 0 0.309017 0.951057 0 0.309017 0.951057 0 0.309017 0.951057 0 0.309017 0.951057 0 0.309017 0.951057 0 0.309017 0.951057 0 0.309017 0.951057 0 0.309017 0.951057 0 0.309017 0.951057 0 0.309017 0.951057 0 0.309017 0.951057 0 0.309017 0.951057 0 0.309017 0.951057 0 0.309017 0.951057 0 0.309017 0.951057 0 0.309017 0.951057 0 0.309017 0.951057 0 0.309017 0.951057 0 0.309017 0.951057 0 0.309017 0.951057 0 0.309017 0.951057 0 0.309017 0.951057 0 0.309017 0.951057 0 0.309017 0.951057 0 0.309017 0.951057 0 0.309017 0.951057 0 0.309017 0.951057 0 0.309017 0.951057 0 0.309017 0.951057 0 0.309017 0.951057 0 0.309017 -0.951057 -0 -0.309017 -0.951057 -0 -0.309017 -0.951057 -0 -0.309017 -0.951057 -0 -0.309017 -0.951057 -0 -0.309017 -0.951057 -0 -0.309017 -0.951057 -0 -0.309017 -0.951057 -0 -0.309017 -0.951057 -0 -0.309017 -0.951057 -0 -0.309017 -0.951057 -0 -0.309017 -0.951057 -0 -0.309017 -0.951057 -0 -0.309017 -0.951057 -0 -0.309017 -0.951057 -0 -0.309017 -0.951057 -0 -0.309017 -0.951057 -0 -0.309017 -0.951057 -0 -0.309017 -0.951057 -0 -0.309017 -0.951057 -0 -0.309017 -0.951057 -0 -0.309017 -0.951057 -0 -0.309017 -0.951057 -0 -0.309017 -0.951057 -0 -0.309017 -0.951057 -0 -0.309017 -0.951057 -0 -0.309017 -0.951057 -0 -0.309017 -0.951057 -0 -0.309017 -0.951057 -0 -0.309017 -0.951057 -0 -0.309017 -0.951057 -0 -0.309017 -0.951057 -0 -0.309017 -0.951057 -0 -0.309017 -0.951057 -0 -0.309017 -0.951057 -0 -0.309017 -0.951057 -0 -0.309017 -0.951057 -0 -0.309017 -0.951057 -0 -0.309017 -0.951057 -0 -0.309017 -0.951057 -0 -0.309017 -0.951057 -0 -0.309017 -0.951057 -0 -0.309017 -0.951057 -0 -0.309017 -0.951057 -0 -0.309017 -0.951057 -0 -0.309017 -0.951057 -0 -0.309017 -0.951057 -0 -0.309017 -0.951057 -0 -0.309017 -0.951057 -0 -0.309017 -0.951057 -0 -0.309017 -0.951057 -0 -0.309017 -0.951057 -0 -0.309017 -0.951057 -0 -0.309017 -0.951057 -0 -0.309017 -0.951057 -0 -0.309017 -0.951057 -0 -0.309017 -0.951057 -0 -0.309017 -0.951057 -0 -0.309017 -0.951057 -0 -0.309017 -0.951057 -0 -0.309017 -0.951057 -0 -0.309017 -0.951057 -0 -0.309017 -0.951057 -0 -0.309017 -0.951057 -0 -0.309017 -0.951057 -0 -0.309017 -0.951057 -0 -0.309017 -0.951057 -0 -0.309017 -0.951057 -0 -0.309017 -0.951057 -0 -0.309017 -0.951057 -0 -0.309017</float_array>
          <technique_common>
            <accessor count="292" source="#ID91" stride="3">
              <param name="X" type="float"/>
              <param name="Y" type="float"/>
              <param name="Z" type="float"/>
            </accessor>
          </technique_common>
        </source>
        <vertices id="ID92">
          <input semantic="POSITION" source="#ID88"/>
          <input semantic="NORMAL" source="#ID90"/>
        </vertices>
        <triangles count="276" material="ID23">
          <input offset="0" semantic="VERTEX" source="#ID92"/>
          <p>0 2 1 1 3 0 4 6 5 5 7 4 8 10 9 11 13 12 14 16 15 17 19 18 20 22 21 23 25 24 26 28 27 29 31 30 25 33 32 34 36 35 37 31 34 38 40 39 41 36 38 40 43 42 39 40 42 44 43 45 40 45 43 44 47 46 47 44 45 48 49 46 46 47 48 50 49 51 48 51 49 52 50 51 41 35 36 41 38 39 37 30 31 37 34 35 33 29 32 32 29 30 24 53 23 23 33 25 28 26 53 53 24 28 27 18 54 26 27 54 17 55 19 18 19 54 55 21 22 21 55 17 56 20 13 56 22 20 12 13 14 56 13 11 15 16 57 12 14 15 9 57 8 16 8 57 58 60 59 60 62 61 62 60 58 63 61 64 62 64 61 65 66 63 63 64 65 66 68 67 68 66 65 69 67 70 68 70 67 71 72 69 69 70 71 72 74 73 74 72 71 75 73 76 74 76 73 77 78 75 75 76 77 58 59 79 80 81 79 79 59 80 81 83 82 83 81 80 84 82 85 83 85 82 86 87 84 84 85 86 87 89 88 89 87 86 90 88 91 89 91 88 92 93 90 90 91 92 93 95 94 95 93 92 95 96 94 94 96 97 98 100 99 101 103 102 104 106 105 107 109 108 110 112 111 113 115 114 116 118 117 119 121 120 122 123 119 124 126 125 127 121 124 128 130 129 131 126 128 132 133 130 129 130 133 134 132 135 132 134 133 136 135 137 136 134 135 138 139 137 137 135 138 140 139 141 138 141 139 142 140 141 131 125 126 131 128 129 127 120 121 127 124 125 122 115 123 122 119 120 118 113 114 113 123 115 116 117 143 118 114 117 107 108 143 116 143 108 144 111 109 107 144 109 145 112 110 110 111 144 145 103 101 101 112 145 102 104 146 102 103 104 105 106 147 146 104 105 99 147 98 106 98 147 148 150 149 149 151 148 152 154 153 155 157 156 152 153 158 159 160 158 153 159 158 161 160 159 160 161 162 163 165 164 162 167 166 168 170 169 166 171 170 172 174 173 175 174 176 177 179 178 180 177 181 182 184 183 182 186 185 187 189 188 190 192 191 193 195 194 165 196 164 197 198 193 199 201 200 202 163 164 196 204 203 205 202 164 194 195 206 203 207 195 208 209 199 194 197 193 198 209 208 199 200 208 206 195 210 198 197 209 203 211 207 195 207 210 211 203 212 196 165 204 203 204 212 213 164 214 214 164 196 215 213 214 187 215 189 215 187 213 189 190 188 191 192 184 188 190 191 182 183 186 184 192 183 185 186 178 180 179 177 179 185 178 173 180 181 176 174 172 172 173 181 168 175 176 170 171 169 168 169 175 166 167 171 162 161 167 216 218 217 217 154 152 219 156 220 216 217 152 156 221 216 216 221 218 156 216 220 156 219 155 222 224 223 225 227 226 228 227 229 226 227 228 229 223 230 231 225 226 232 234 233 235 237 236 238 234 239 240 241 236 240 242 241 243 245 244 246 242 247 248 250 249 251 250 252 253 255 254 256 258 257 259 261 260 262 264 263 265 267 266 268 269 260 262 270 254 262 267 264 253 272 271 272 253 273 274 261 259 253 275 273 276 277 269 274 259 266 261 268 260 268 276 269 278 267 265 267 274 266 262 263 279 267 278 264 279 270 262 275 253 254 270 275 254 280 281 255 280 255 253 282 281 280 258 282 257 258 281 282 248 249 256 256 257 248 249 250 251 251 252 244 243 246 245 252 243 244 242 240 247 246 247 245 283 285 284 286 288 287 238 237 235 235 236 241 232 239 234 239 237 238 222 232 233 289 287 284 223 224 230 222 233 224 229 230 228 283 225 231 284 225 283 284 285 289 284 287 288 286 287 290 287 291 290</p>
        </triangles>
      </mesh>
    </geometry>
    <geometry id="ID93">
      <mesh>
        <source id="ID94">
          <float_array count="426" id="ID95">-0.00389551 -0.018549 0.00674722 -0.00275229 -0.0178339 0.00730711 -0.00385214 -0.0178339 0.00667211 -0.00279566 -0.018549 0.00738222 -0.0024088 -0.0120104 0.00671217 -0.00385214 -0.0178339 0.00667211 -0.00275229 -0.0178339 0.00730711 -0.0016018 -2.9375e-17 0.0053144 -0.00270165 -2.9375e-17 0.0046794 -0.00312517 -0.00606603 0.00541296 -0.00202532 -0.00606603 0.00604796 -0.00350866 -0.0120104 0.00607717 -0.00270165 -2.9375e-17 0.0046794 -0.00200277 1.0177e-19 0.0060089 -0.00310263 1.0177e-19 0.0053739 -0.0016018 -2.9375e-17 0.0053144 -0.00231954 -0.006547 0.00655756 -0.00310263 1.0177e-19 0.0053739 -0.00200277 1.0177e-19 0.0060089 -0.00362287 -0.0260722 0.00881499 -0.00422944 -0.0195831 0.0073256 -0.00312959 -0.0195831 0.0079606 -0.00269514 -0.0130747 0.00720812 -0.00379499 -0.0130747 0.00657312 -0.00341939 -0.006547 0.00592256 -0.00588581 -0.0389926 0.0101945 -0.00478595 -0.0389926 0.0108295 -0.00545576 -0.0454238 0.0119896 -0.00472272 -0.0260722 0.00817999 -0.00417499 -0.032542 0.0097713 -0.00527484 -0.032542 0.0091363 -0.0061844 -0.0518357 0.0132517 -0.00655561 -0.0454238 0.0113546 -0.00728425 -0.0518357 0.0126167 -0.00728425 -0.0518357 0.0126167 -0.00593736 -0.0519628 0.0128238 -0.00703721 -0.0519628 0.0121888 -0.0061844 -0.0518357 0.0132517 -0.00703721 -0.0519628 0.0121888 -0.0057141 -0.0503399 0.0124371 -0.00681396 -0.0503399 0.0118021 -0.00593736 -0.0519628 0.0128238 -0.00681396 -0.0503399 0.0118021 -0.00535849 -0.0476271 0.0118212 -0.00645834 -0.0476271 0.0111862 -0.0057141 -0.0503399 0.0124371 -0.00645834 -0.0476271 0.0111862 -0.00531054 -0.0472478 0.0117381 -0.00641039 -0.0472478 0.0111031 -0.00535849 -0.0476271 0.0118212 -0.00497245 -0.0444692 0.0111525 -0.00641039 -0.0472478 0.0111031 -0.00531054 -0.0472478 0.0117381 -0.00466499 -0.0417586 0.01062 -0.00576484 -0.0417586 0.00998499 -0.0060723 -0.0444692 0.0105175 -0.00576484 -0.0417586 0.00998499 -0.00460541 -0.04121 0.0105168 -0.00570526 -0.04121 0.00988181 -0.00466499 -0.0417586 0.01062 -0.00426731 -0.0379268 0.0099312 -0.00570526 -0.04121 0.00988181 -0.00460541 -0.04121 0.0105168 -0.00396704 -0.0347262 0.00941111 -0.00506689 -0.0347262 0.00877611 -0.00536716 -0.0379268 0.0092962 -0.00506689 -0.0347262 0.00877611 -0.00390139 -0.0339843 0.0092974 -0.00500124 -0.0339843 0.0086624 -0.00396704 -0.0347262 0.00941111 -0.00360021 -0.0303563 0.00877574 -0.00500124 -0.0339843 0.0086624 -0.00390139 -0.0339843 0.0092974 -0.00333402 -0.0268016 0.00831469 -0.00443387 -0.0268016 0.00767969 -0.00470006 -0.0303563 0.00814074 -0.00443387 -0.0268016 0.00767969 -0.00326964 -0.0258884 0.00820319 -0.0043695 -0.0258884 0.00756819 -0.00333402 -0.0268016 0.00831469 -0.00302349 -0.0222026 0.00777684 -0.0043695 -0.0258884 0.00756819 -0.00326964 -0.0258884 0.00820319 -0.00279566 -0.018549 0.00738222 -0.00389551 -0.018549 0.00674722 -0.00412334 -0.0222026 0.00714184 -0.00362287 -0.0260722 0.00881499 -0.00333402 -0.0268016 0.00831469 -0.00360021 -0.0303563 0.00877574 -0.0024088 -0.0120104 0.00671217 -0.00269514 -0.0130747 0.00720812 -0.00231954 -0.006547 0.00655756 -0.00202532 -0.00606603 0.00604796 -0.00200277 1.0177e-19 0.0060089 -0.0016018 -2.9375e-17 0.0053144 -0.00275229 -0.0178339 0.00730711 -0.00312959 -0.0195831 0.0079606 -0.00426731 -0.0379268 0.0099312 -0.00460541 -0.04121 0.0105168 -0.00478595 -0.0389926 0.0108295 -0.00279566 -0.018549 0.00738222 -0.00535849 -0.0476271 0.0118212 -0.0057141 -0.0503399 0.0124371 -0.00545576 -0.0454238 0.0119896 -0.00531054 -0.0472478 0.0117381 -0.0061844 -0.0518357 0.0132517 -0.00593736 -0.0519628 0.0128238 -0.00497245 -0.0444692 0.0111525 -0.00466499 -0.0417586 0.01062 -0.00417499 -0.032542 0.0097713 -0.00396704 -0.0347262 0.00941111 -0.00390139 -0.0339843 0.0092974 -0.00326964 -0.0258884 0.00820319 -0.00302349 -0.0222026 0.00777684 -0.00472272 -0.0260722 0.00817999 -0.00470006 -0.0303563 0.00814074 -0.00443387 -0.0268016 0.00767969 -0.00312517 -0.00606603 0.00541296 -0.00310263 1.0177e-19 0.0053739 -0.00341939 -0.006547 0.00592256 -0.00350866 -0.0120104 0.00607717 -0.00389551 -0.018549 0.00674722 -0.00422944 -0.0195831 0.0073256 -0.00412334 -0.0222026 0.00714184 -0.00270165 -2.9375e-17 0.0046794 -0.00385214 -0.0178339 0.00667211 -0.00379499 -0.0130747 0.00657312 -0.00570526 -0.04121 0.00988181 -0.00588581 -0.0389926 0.0101945 -0.00576484 -0.0417586 0.00998499 -0.00645834 -0.0476271 0.0111862 -0.00655561 -0.0454238 0.0113546 -0.00681396 -0.0503399 0.0118021 -0.00641039 -0.0472478 0.0111031 -0.00728425 -0.0518357 0.0126167 -0.00703721 -0.0519628 0.0121888 -0.0060723 -0.0444692 0.0105175 -0.00536716 -0.0379268 0.0092962 -0.00527484 -0.032542 0.0091363 -0.00506689 -0.0347262 0.00877611 -0.00500124 -0.0339843 0.0086624 -0.0043695 -0.0258884 0.00756819</float_array>
          <technique_common>
            <accessor count="142" source="#ID95" stride="3">
              <param name="X" type="float"/>
              <param name="Y" type="float"/>
              <param name="Z" type="float"/>
            </accessor>
          </technique_common>
        </source>
        <source id="ID96">
          <float_array count="426" id="ID97">0.496362 -0.120415 -0.859724 0.496362 -0.120415 -0.859724 0.496362 -0.120415 -0.859724 0.496362 -0.120415 -0.859724 0.496396 -0.119858 -0.859782 0.496385 -0.120034 -0.859764 0.496385 -0.120034 -0.859764 0.494281 -0.150818 -0.856119 0.494281 -0.150818 -0.856119 0.495722 -0.130533 -0.858616 0.495722 -0.130533 -0.858616 0.496396 -0.119858 -0.859782 6.34516e-17 1 -1.09901e-16 6.34516e-17 1 -1.09901e-16 6.34516e-17 1 -1.09901e-16 6.34516e-17 1 -1.09901e-16 -0.496873 0.111666 0.860609 -0.497197 0.105743 0.86117 -0.497197 0.105743 0.86117 -0.494344 0.149992 0.856228 -0.495505 0.13379 0.85824 -0.495505 0.13379 0.85824 -0.496325 0.121016 0.859661 -0.496325 0.121016 0.859661 -0.496873 0.111666 0.860609 -0.490629 0.192702 0.849794 -0.490629 0.192702 0.849794 -0.487841 0.21919 0.844966 -0.494344 0.149992 0.856228 -0.492754 0.169629 0.853475 -0.492754 0.169629 0.853475 -0.484246 0.249041 0.83874 -0.487841 0.21919 0.844966 -0.484246 0.249041 0.83874 -0.124521 -0.968493 0.215676 -0.124521 -0.968493 0.215676 -0.124521 -0.968493 0.215676 -0.124521 -0.968493 0.215676 0.481486 -0.269599 -0.833959 0.482677 -0.260942 -0.836021 0.482677 -0.260942 -0.836021 0.481486 -0.269599 -0.833959 0.482677 -0.260942 -0.836021 0.48461 -0.246196 -0.839369 0.48461 -0.246196 -0.839369 0.482677 -0.260942 -0.836021 0.48461 -0.246196 -0.839369 0.484873 -0.244113 -0.839825 0.484873 -0.244113 -0.839825 0.48461 -0.246196 -0.839369 0.486743 -0.228749 -0.843063 0.484873 -0.244113 -0.839825 0.484873 -0.244113 -0.839825 0.488447 -0.213722 -0.846015 0.488447 -0.213722 -0.846015 0.486743 -0.228749 -0.843063 0.488447 -0.213722 -0.846015 0.488776 -0.210694 -0.846585 0.488776 -0.210694 -0.846585 0.488447 -0.213722 -0.846015 0.490616 -0.192827 -0.849772 0.488776 -0.210694 -0.846585 0.488776 -0.210694 -0.846585 0.492181 -0.176155 -0.852483 0.492181 -0.176155 -0.852483 0.490616 -0.192827 -0.849772 0.492181 -0.176155 -0.852483 0.492509 -0.172446 -0.853051 0.492509 -0.172446 -0.853051 0.492181 -0.176155 -0.852483 0.493921 -0.155463 -0.855496 0.492509 -0.172446 -0.853051 0.492509 -0.172446 -0.853051 0.49499 -0.141214 -0.857347 0.49499 -0.141214 -0.857347 0.493921 -0.155463 -0.855496 0.49499 -0.141214 -0.857347 0.495215 -0.138021 -0.857737 0.495215 -0.138021 -0.857737 0.49499 -0.141214 -0.857347 0.495926 -0.127389 -0.85897 0.495215 -0.138021 -0.857737 0.495215 -0.138021 -0.857737 0.496337 -0.120824 -0.859681 0.496337 -0.120824 -0.859681 0.495926 -0.127389 -0.85897 0.866025 0 0.5 0.866025 0 0.5 0.866025 0 0.5 0.866025 0 0.5 0.866025 0 0.5 0.866025 0 0.5 0.866025 0 0.5 0.866025 0 0.5 0.866025 0 0.5 0.866025 0 0.5 0.866025 0 0.5 0.866025 0 0.5 0.866025 0 0.5 0.866025 0 0.5 0.866025 0 0.5 0.866025 0 0.5 0.866025 0 0.5 0.866025 0 0.5 0.866025 0 0.5 0.866025 0 0.5 0.866025 0 0.5 0.866025 0 0.5 0.866025 0 0.5 0.866025 0 0.5 0.866025 0 0.5 0.866025 0 0.5 0.866025 0 0.5 0.866025 0 0.5 -0.866025 -0 -0.5 -0.866025 -0 -0.5 -0.866025 -0 -0.5 -0.866025 -0 -0.5 -0.866025 -0 -0.5 -0.866025 -0 -0.5 -0.866025 -0 -0.5 -0.866025 -0 -0.5 -0.866025 -0 -0.5 -0.866025 -0 -0.5 -0.866025 -0 -0.5 -0.866025 -0 -0.5 -0.866025 -0 -0.5 -0.866025 -0 -0.5 -0.866025 -0 -0.5 -0.866025 -0 -0.5 -0.866025 -0 -0.5 -0.866025 -0 -0.5 -0.866025 -0 -0.5 -0.866025 -0 -0.5 -0.866025 -0 -0.5 -0.866025 -0 -0.5 -0.866025 -0 -0.5 -0.866025 -0 -0.5 -0.866025 -0 -0.5 -0.866025 -0 -0.5 -0.866025 -0 -0.5 -0.866025 -0 -0.5</float_array>
          <technique_common>
            <accessor count="142" source="#ID97" stride="3">
              <param name="X" type="float"/>
              <param name="Y" type="float"/>
              <param name="Z" type="float"/>
            </accessor>
          </technique_common>
        </source>
        <vertices id="ID98">
          <input semantic="POSITION" source="#ID94"/>
          <input semantic="NORMAL" source="#ID96"/>
        </vertices>
        <triangles count="108" material="ID16">
          <input offset="0" semantic="VERTEX" source="#ID98"/>
          <p>0 2 1 1 3 0 4 6 5 7 9 8 10 11 9 4 11 10 7 10 9 5 11 4 12 14 13 13 15 12 16 18 17 19 21 20 22 24 23 25 27 26 28 30 29 31 27 32 25 32 27 33 31 32 29 30 26 30 25 26 28 19 20 28 29 19 21 22 23 20 21 23 16 17 24 22 16 24 34 36 35 35 37 34 38 40 39 39 41 38 42 44 43 43 45 42 46 48 47 47 49 46 50 52 51 53 55 54 55 50 51 53 50 55 56 58 57 57 59 56 60 62 61 63 65 64 65 60 61 63 60 65 66 68 67 67 69 66 70 72 71 73 75 74 75 70 71 73 70 75 76 78 77 77 79 76 80 82 81 83 85 84 85 80 81 83 80 85 86 88 87 89 91 90 92 91 89 93 91 92 94 93 92 95 90 96 90 95 89 97 99 98 95 96 100 101 103 102 101 104 103 105 102 103 105 106 102 103 104 107 99 103 107 108 98 99 108 99 107 99 97 109 110 111 109 110 109 97 88 109 111 112 86 87 88 86 109 112 96 86 100 96 113 112 113 96 114 116 115 117 119 118 117 120 119 121 123 122 124 117 118 125 126 120 119 120 126 127 129 128 125 122 126 130 132 131 130 131 133 134 131 132 134 132 135 131 136 133 128 136 131 128 137 127 129 136 128 138 137 128 139 138 140 139 137 138 115 140 138 141 116 114 115 138 114 141 114 122 141 122 123 122 125 121</p>
        </triangles>
      </mesh>
    </geometry>
    <geometry id="ID99">
      <mesh>
        <source id="ID100">
          <float_array count="288" id="ID101">-0.00673528 0.0442125 -8.88178e-19 -0.00673528 0.0442125 0.004826 -0.00120983 0.0480705 0.004826 -0.00120983 0.0480705 -8.88178e-19 0.00673528 0.0442125 0 0.00673528 0.0442125 0.004826 -0.00673528 0.0442125 0.004826 -0.00673528 0.0442125 -8.88178e-19 0.00129048 0.0480705 1.77636e-18 0.00129048 0.0480705 0.004826 0.00673528 0.0442125 0.004826 0.00673528 0.0442125 0 -6.29095e-05 0.0493164 0 -6.29095e-05 0.0493164 0.004826 0.000143565 0.0493164 0.004826 -0.000266568 0.0492824 0 -0.000266568 0.0492824 0.004826 -0.000461855 0.0492154 0.004826 -0.000461855 0.0492154 0 -0.000643443 0.0491171 0 -0.000643443 0.0491171 0.004826 -0.00080638 0.0489903 0 -0.00080638 0.0489903 0.004826 -0.000946221 0.0488384 0.004826 -0.000946221 0.0488384 0 -0.00105915 0.0486655 0 -0.00105915 0.0486655 0.004826 -0.00114209 0.0484764 0 -0.00114209 0.0484764 0.004826 -0.00119278 0.0482763 0.004826 -0.00119278 0.0482763 0 -0.00120983 0.0480705 -8.88178e-19 -0.00120983 0.0480705 0.004826 0.000143565 0.0493164 0 0.000347223 0.0492824 0.004826 0.000347223 0.0492824 0 0.00054251 0.0492154 0.004826 0.00054251 0.0492154 0 0.000724098 0.0491171 0 0.000724098 0.0491171 0.004826 0.000887035 0.0489903 0.004826 0.000887035 0.0489903 0 0.00102688 0.0488384 0.004826 0.00102688 0.0488384 0 0.00113981 0.0486655 0 0.00113981 0.0486655 0.004826 0.00122275 0.0484764 0.004826 0.00122275 0.0484764 0 0.00127343 0.0482763 0.004826 0.00127343 0.0482763 0 0.00129048 0.0480705 0.004826 0.00129048 0.0480705 1.77636e-18 -0.000266568 0.0492824 0.004826 -0.000461855 0.0492154 0.004826 0.00054251 0.0492154 0.004826 0.000724098 0.0491171 0.004826 -0.000643443 0.0491171 0.004826 0.00673528 0.0442125 0.004826 -0.00120983 0.0480705 0.004826 -0.00673528 0.0442125 0.004826 0.00129048 0.0480705 0.004826 -0.00114209 0.0484764 0.004826 0.00122275 0.0484764 0.004826 -0.00105915 0.0486655 0.004826 0.00127343 0.0482763 0.004826 -0.00119278 0.0482763 0.004826 0.000887035 0.0489903 0.004826 -0.00080638 0.0489903 0.004826 0.00102688 0.0488384 0.004826 -0.000946221 0.0488384 0.004826 0.00113981 0.0486655 0.004826 -6.29095e-05 0.0493164 0.004826 0.000347223 0.0492824 0.004826 0.000143565 0.0493164 0.004826 0.00129048 0.0480705 1.77636e-18 0.00673528 0.0442125 0 -0.00120983 0.0480705 -8.88178e-19 0.000347223 0.0492824 0 -6.29095e-05 0.0493164 0 0.000143565 0.0493164 0 -0.000266568 0.0492824 0 -0.000461855 0.0492154 0 0.00054251 0.0492154 0 0.000724098 0.0491171 0 -0.000643443 0.0491171 0 0.000887035 0.0489903 0 -0.00080638 0.0489903 0 -0.000946221 0.0488384 0 0.00102688 0.0488384 0 0.00113981 0.0486655 0 0.00122275 0.0484764 0 -0.00105915 0.0486655 0 -0.00114209 0.0484764 0 0.00127343 0.0482763 0 -0.00119278 0.0482763 0 -0.00673528 0.0442125 -8.88178e-19</float_array>
          <technique_common>
            <accessor count="96" source="#ID101" stride="3">
              <param name="X" type="float"/>
              <param name="Y" type="float"/>
              <param name="Z" type="float"/>
            </accessor>
          </technique_common>
        </source>
        <source id="ID102">
          <float_array count="288" id="ID103">-0.572487 0.819914 0 -0.572487 0.819914 0 -0.572487 0.819914 0 -0.572487 0.819914 0 0 -1 0 0 -1 0 0 -1 0 0 -1 0 0.578147 0.815933 0 0.578147 0.815933 0 0.578147 0.815933 0 0.578147 0.815933 0 -0.0825793 0.996584 0 -0.0825793 0.996584 0 0.0825795 0.996584 0 -0.245486 0.9694 0 -0.245486 0.9694 0 -0.401695 0.915773 0 -0.401695 0.915773 0 -0.546948 0.837166 0 -0.546948 0.837166 0 -0.677282 0.735724 0 -0.677282 0.735724 0 -0.789141 0.614213 0 -0.789141 0.614213 0 -0.879474 0.475947 0 -0.879474 0.475947 0 -0.945817 0.3247 0 -0.945817 0.3247 0 -0.986361 0.164595 0 -0.986361 0.164595 0 -1 4.37114e-08 0 -1 4.37114e-08 0 0.0825795 0.996584 0 0.245486 0.9694 0 0.245486 0.9694 0 0.401695 0.915773 0 0.401695 0.915773 0 0.546948 0.837166 0 0.546948 0.837166 0 0.677281 0.735724 0 0.677281 0.735724 0 0.789141 0.614213 0 0.789141 0.614213 0 0.879474 0.475947 0 0.879474 0.475947 0 0.945817 0.3247 0 0.945817 0.3247 0 0.986361 0.164595 0 0.986361 0.164595 0 1 -1.19249e-08 0 1 -1.19249e-08 0 0 0 1 0 0 1 0 0 1 0 0 1 0 0 1 0 0 1 0 0 1 0 0 1 0 0 1 0 0 1 0 0 1 0 0 1 0 0 1 0 0 1 0 0 1 0 0 1 0 0 1 0 0 1 0 0 1 0 0 1 0 0 1 0 0 1 -0 -0 -1 -0 -0 -1 -0 -0 -1 -0 -0 -1 -0 -0 -1 -0 -0 -1 -0 -0 -1 -0 -0 -1 -0 -0 -1 -0 -0 -1 -0 -0 -1 -0 -0 -1 -0 -0 -1 -0 -0 -1 -0 -0 -1 -0 -0 -1 -0 -0 -1 -0 -0 -1 -0 -0 -1 -0 -0 -1 -0 -0 -1 -0 -0 -1</float_array>
          <technique_common>
            <accessor count="96" source="#ID103" stride="3">
              <param name="X" type="float"/>
              <param name="Y" type="float"/>
              <param name="Z" type="float"/>
            </accessor>
          </technique_common>
        </source>
        <vertices id="ID104">
          <input semantic="POSITION" source="#ID100"/>
          <input semantic="NORMAL" source="#ID102"/>
        </vertices>
        <triangles count="84" material="ID105">
          <input offset="0" semantic="VERTEX" source="#ID104"/>
          <p>0 1 2 0 2 3 4 5 6 4 6 7 8 9 10 8 10 11 12 13 14 13 15 16 15 13 12 17 16 18 15 18 16 19 20 17 17 18 19 20 21 22 21 20 19 23 22 24 21 24 22 25 26 23 23 24 25 26 27 28 27 26 25 29 28 30 27 30 28 31 32 29 29 30 31 12 14 33 34 35 33 33 14 34 35 36 37 36 35 34 38 37 39 36 39 37 40 41 38 38 39 40 41 42 43 42 41 40 44 43 45 42 45 43 46 47 44 44 45 46 47 48 49 48 47 46 48 50 49 49 50 51 52 53 54 55 53 56 57 58 59 58 57 60 61 62 63 60 64 65 66 56 67 68 69 70 71 52 72 53 55 54 72 52 54 72 73 71 66 55 56 68 66 67 70 69 63 68 67 69 63 62 70 64 61 65 64 62 61 65 58 60 74 75 76 77 78 79 78 77 80 81 80 82 77 82 80 81 83 84 83 81 82 85 86 84 84 83 85 87 86 88 85 88 86 89 87 88 90 91 89 87 89 91 92 91 90 93 94 92 92 90 93 93 74 94 75 95 76 74 76 94</p>
        </triangles>
      </mesh>
    </geometry>
    <geometry id="ID106">
      <mesh>
        <source id="ID107">
          <float_array count="900" id="ID108">0.0101338 -0.0347262 -6.03543e-13 0.00999557 -0.0347262 0.00166797 0.00986605 -0.0339843 0.00164635 -0.0024877 -0.0347262 -0.00982369 -0.000825998 -0.0339843 -0.00996831 -0.00245546 -0.0339843 -0.0096964 -0.000836841 -0.0347262 -0.0100992 -0.00245546 -0.0339843 0.0096964 -0.000836841 -0.0347262 0.0100992 -0.0024877 -0.0347262 0.00982369 -0.00407069 -0.0347262 0.00928025 -0.00401795 -0.0339843 0.00916 -0.00407069 -0.0347262 -0.00928025 -0.00554265 -0.0347262 -0.00848366 -0.00401795 -0.0339843 -0.00916 -0.00547084 -0.0339843 -0.00837374 0.000825998 -0.0339843 -0.00996831 -0.00686342 -0.0347262 -0.00745567 -0.00677449 -0.0339843 -0.00735906 -0.00799698 -0.0347262 -0.0062243 -0.0089124 -0.0347262 -0.00482315 -0.00789336 -0.0339843 -0.00614365 -0.00879691 -0.0339843 -0.00476065 -0.00958471 -0.0347262 -0.00329043 -0.00946051 -0.0339843 -0.0032478 -0.00999557 -0.0347262 -0.00166797 -0.00986605 -0.0339843 -0.00164635 -0.0101338 -0.0347262 -5.06516e-16 -0.0100025 -0.0339843 -5.17721e-16 0.000836841 -0.0347262 -0.0100992 0.00245546 -0.0339843 -0.0096964 0.0024877 -0.0347262 -0.00982369 0.00401795 -0.0339843 -0.00916 0.00547084 -0.0339843 -0.00837374 0.00407069 -0.0347262 -0.00928025 0.00554265 -0.0347262 -0.00848366 0.00677449 -0.0339843 -0.00735906 0.00686342 -0.0347262 -0.00745567 0.00789336 -0.0339843 -0.00614365 0.00879691 -0.0339843 -0.00476065 0.00799698 -0.0347262 -0.0062243 0.0089124 -0.0347262 -0.00482315 0.00946051 -0.0339843 -0.0032478 0.00958471 -0.0347262 -0.00329043 0.00986605 -0.0339843 -0.00164635 0.0100025 -0.0339843 -1.43856e-12 0.00999557 -0.0347262 -0.00166797 0.00879691 -0.0339843 0.00476065 0.00946051 -0.0339843 0.0032478 0.00958471 -0.0347262 0.00329043 0.00547084 -0.0339843 0.00837374 0.00677449 -0.0339843 0.00735906 0.00686342 -0.0347262 0.00745567 0.00789336 -0.0339843 0.00614365 0.0089124 -0.0347262 0.00482315 0.00799698 -0.0347262 0.0062243 0.00245546 -0.0339843 0.0096964 0.0024877 -0.0347262 0.00982369 0.000825998 -0.0339843 0.00996831 0.00554265 -0.0347262 0.00848366 0.00407069 -0.0347262 0.00928025 0.00401795 -0.0339843 0.00916 -0.000825998 -0.0339843 0.00996831 0.000836841 -0.0347262 0.0100992 -0.00789336 -0.0339843 0.00614365 -0.00677449 -0.0339843 0.00735906 -0.00686342 -0.0347262 0.00745567 -0.00547084 -0.0339843 0.00837374 -0.00554265 -0.0347262 0.00848366 -0.00799698 -0.0347262 0.0062243 -0.00879691 -0.0339843 0.00476065 -0.0089124 -0.0347262 0.00482315 -0.00946051 -0.0339843 0.0032478 -0.00986605 -0.0339843 0.00164635 -0.00958471 -0.0347262 0.00329043 -0.00999557 -0.0347262 0.00166797 -0.00554265 -0.0347262 -0.00848366 -0.00436905 -0.0347262 -0.00866549 -0.00407069 -0.0347262 -0.00928025 0.00407069 -0.0347262 -0.00928025 0.00361842 -0.0347262 -0.00900479 0.00508819 -0.0347262 -0.00826375 0.00204456 -0.0347262 -0.00948678 0.0024877 -0.0347262 -0.00982369 0.00641158 -0.0347262 -0.00728497 0.00554265 -0.0347262 -0.00848366 0.000836841 -0.0347262 -0.0100992 0.000411875 -0.0347262 -0.00969585 0.00686342 -0.0347262 -0.00745567 0.00755052 -0.0347262 -0.00609662 -0.000836841 -0.0347262 -0.0100992 -0.00123266 -0.0347262 -0.00962599 0.0089124 -0.0347262 -0.00482315 0.00799698 -0.0347262 -0.0062243 0.00847225 -0.0347262 -0.00473288 -0.0024877 -0.0347262 -0.00982369 -0.00284173 -0.0347262 -0.00927921 0.00915025 -0.0347262 -0.00323299 0.00956501 -0.0347262 -0.00164008 0.00958471 -0.0347262 -0.00329043 -0.00799698 -0.0347262 -0.0062243 -0.00700629 -0.0347262 -0.00671499 -0.00686342 -0.0347262 -0.00745567 -0.00958471 -0.0347262 -0.00329043 -0.00999557 -0.0347262 -0.00166797 -0.00939146 -0.0347262 -0.00244535 -0.00939146 -0.0347262 0.00244535 -0.00999557 -0.0347262 0.00166797 -0.00958471 -0.0347262 0.00329043 0.00755052 -0.0347262 0.00609662 0.00686342 -0.0347262 0.00745567 0.00799698 -0.0347262 0.0062243 -0.00799698 -0.0347262 0.0062243 -0.00686342 -0.0347262 0.00745567 -0.00700629 -0.0347262 0.00671499 0.0024877 -0.0347262 0.00982369 0.00407069 -0.0347262 0.00928025 0.00361842 -0.0347262 0.00900479 -0.0024877 -0.0347262 0.00982369 -0.00284173 -0.0347262 0.00927921 -0.00407069 -0.0347262 0.00928025 -0.000836841 -0.0347262 0.0100992 -0.00123266 -0.0347262 0.00962599 -0.00577068 -0.0347262 0.00780247 -0.00554265 -0.0347262 0.00848366 -0.00436905 -0.0347262 0.00866549 0.000836841 -0.0347262 0.0100992 0.000411875 -0.0347262 0.00969585 -0.00804035 -0.0347262 0.00543433 -0.0089124 -0.0347262 0.00482315 0.00204456 -0.0347262 0.00948678 0.00554265 -0.0347262 0.00848366 0.00508819 -0.0347262 0.00826375 -0.00884311 -0.0347262 0.00399734 -0.0101338 -0.0347262 -5.06516e-16 -0.00966964 -0.0347262 0.000823007 0.00641158 -0.0347262 0.00728497 0.0089124 -0.0347262 0.00482315 0.00847225 -0.0347262 0.00473288 -0.00966964 -0.0347262 -0.000823007 -0.00884311 -0.0347262 -0.00399734 -0.0089124 -0.0347262 -0.00482315 0.00958471 -0.0347262 0.00329043 0.00915025 -0.0347262 0.00323299 0.00999557 -0.0347262 0.00166797 0.0097046 -0.0347262 0 0.00956501 -0.0347262 0.00164008 -0.00804035 -0.0347262 -0.00543433 -0.00577068 -0.0347262 -0.00780247 0.0101338 -0.0347262 -6.03543e-13 0.00999557 -0.0347262 -0.00166797 0.00915025 -0.0339843 0.00323299 0.00915025 -0.0347262 0.00323299 0.00956501 -0.0347262 0.00164008 0.0097046 -0.0347262 0 0.0097046 -0.0339843 2.37694e-18 0.00956501 -0.0339843 0.00164008 0.00755052 -0.0347262 0.00609662 0.00641158 -0.0339843 0.00728497 0.00641158 -0.0347262 0.00728497 0.00755052 -0.0339843 0.00609662 0.00847225 -0.0347262 0.00473288 0.00847225 -0.0339843 0.00473288 0.00204456 -0.0339843 0.00948678 0.00204456 -0.0347262 0.00948678 0.00361842 -0.0347262 0.00900479 0.00361842 -0.0339843 0.00900479 0.00508819 -0.0347262 0.00826375 0.00508819 -0.0339843 0.00826375 -0.00284173 -0.0347262 0.00927921 -0.00123266 -0.0347262 0.00962599 -0.00284173 -0.0339843 0.00927921 0.000411875 -0.0347262 0.00969585 0.000411875 -0.0339843 0.00969585 -0.00123266 -0.0339843 0.00962599 -0.00577068 -0.0347262 0.00780247 -0.00700629 -0.0339843 0.00671499 -0.00700629 -0.0347262 0.00671499 -0.00436905 -0.0339843 0.00866549 -0.00577068 -0.0339843 0.00780247 -0.00436905 -0.0347262 0.00866549 -0.00939146 -0.0339843 0.00244535 -0.00939146 -0.0347262 0.00244535 -0.00884311 -0.0347262 0.00399734 -0.00884311 -0.0339843 0.00399734 -0.00804035 -0.0347262 0.00543433 -0.00804035 -0.0339843 0.00543433 -0.00939146 -0.0347262 -0.00244535 -0.00966964 -0.0347262 -0.000823007 -0.00939146 -0.0339843 -0.00244535 -0.00966964 -0.0347262 0.000823007 -0.00966964 -0.0339843 0.000823007 -0.00966964 -0.0339843 -0.000823007 -0.00804035 -0.0347262 -0.00543433 -0.00700629 -0.0339843 -0.00671499 -0.00700629 -0.0347262 -0.00671499 -0.00884311 -0.0339843 -0.00399734 -0.00804035 -0.0339843 -0.00543433 -0.00884311 -0.0347262 -0.00399734 -0.00284173 -0.0339843 -0.00927921 -0.00284173 -0.0347262 -0.00927921 -0.00436905 -0.0347262 -0.00866549 -0.00436905 -0.0339843 -0.00866549 -0.00577068 -0.0347262 -0.00780247 -0.00577068 -0.0339843 -0.00780247 0.00204456 -0.0339843 -0.00948678 0.000411875 -0.0347262 -0.00969585 0.000411875 -0.0339843 -0.00969585 -0.00123266 -0.0347262 -0.00962599 -0.00123266 -0.0339843 -0.00962599 0.00361842 -0.0339843 -0.00900479 0.00204456 -0.0347262 -0.00948678 0.00361842 -0.0347262 -0.00900479 0.00508819 -0.0339843 -0.00826375 0.00641158 -0.0339843 -0.00728497 0.00508819 -0.0347262 -0.00826375 0.00755052 -0.0339843 -0.00609662 0.00641158 -0.0347262 -0.00728497 0.00755052 -0.0347262 -0.00609662 0.00847225 -0.0339843 -0.00473288 0.00915025 -0.0339843 -0.00323299 0.00847225 -0.0347262 -0.00473288 0.00956501 -0.0339843 -0.00164008 0.00915025 -0.0347262 -0.00323299 0.00956501 -0.0347262 -0.00164008 0.00361842 -0.0339843 0.00900479 0.00401795 -0.0339843 0.00916 0.00245546 -0.0339843 0.0096964 0.00641158 -0.0339843 -0.00728497 0.00547084 -0.0339843 -0.00837374 0.00677449 -0.0339843 -0.00735906 0.000825998 -0.0339843 0.00996831 0.00204456 -0.0339843 0.00948678 0.00547084 -0.0339843 0.00837374 0.00508819 -0.0339843 0.00826375 -0.000825998 -0.0339843 0.00996831 0.000411875 -0.0339843 0.00969585 0.00641158 -0.0339843 0.00728497 0.00677449 -0.0339843 0.00735906 0.00755052 -0.0339843 0.00609662 0.00789336 -0.0339843 0.00614365 0.00847225 -0.0339843 0.00473288 0.00879691 -0.0339843 0.00476065 -0.00245546 -0.0339843 0.0096964 -0.00123266 -0.0339843 0.00962599 0.00915025 -0.0339843 0.00323299 0.00956501 -0.0339843 0.00164008 0.00946051 -0.0339843 0.0032478 -0.00284173 -0.0339843 0.00927921 -0.00401795 -0.0339843 0.00916 -0.00677449 -0.0339843 0.00735906 -0.00789336 -0.0339843 0.00614365 -0.00700629 -0.0339843 0.00671499 -0.00547084 -0.0339843 0.00837374 -0.00436905 -0.0339843 0.00866549 -0.00986605 -0.0339843 0.00164635 -0.00939146 -0.0339843 0.00244535 -0.00946051 -0.0339843 0.0032478 0.00986605 -0.0339843 -0.00164635 0.00956501 -0.0339843 -0.00164008 0.00946051 -0.0339843 -0.0032478 -0.00939146 -0.0339843 -0.00244535 -0.00986605 -0.0339843 -0.00164635 -0.00946051 -0.0339843 -0.0032478 0.00755052 -0.0339843 -0.00609662 0.00789336 -0.0339843 -0.00614365 -0.00789336 -0.0339843 -0.00614365 -0.00677449 -0.0339843 -0.00735906 -0.00700629 -0.0339843 -0.00671499 0.00245546 -0.0339843 -0.0096964 0.00401795 -0.0339843 -0.00916 0.00361842 -0.0339843 -0.00900479 -0.00401795 -0.0339843 -0.00916 -0.00245546 -0.0339843 -0.0096964 -0.00284173 -0.0339843 -0.00927921 -0.000825998 -0.0339843 -0.00996831 -0.00123266 -0.0339843 -0.00962599 -0.00547084 -0.0339843 -0.00837374 -0.00577068 -0.0339843 -0.00780247 -0.00436905 -0.0339843 -0.00866549 0.00204456 -0.0339843 -0.00948678 0.000825998 -0.0339843 -0.00996831 0.000411875 -0.0339843 -0.00969585 -0.00879691 -0.0339843 -0.00476065 -0.00884311 -0.0339843 -0.00399734 -0.00804035 -0.0339843 -0.00543433 -0.00966964 -0.0339843 -0.000823007 -0.0100025 -0.0339843 -5.17721e-16 0.00508819 -0.0339843 -0.00826375 0.00879691 -0.0339843 -0.00476065 0.00847225 -0.0339843 -0.00473288 -0.00966964 -0.0339843 0.000823007 0.00915025 -0.0339843 -0.00323299 -0.00879691 -0.0339843 0.00476065 -0.00804035 -0.0339843 0.00543433 -0.00884311 -0.0339843 0.00399734 0.0097046 -0.0339843 2.37694e-18 0.0100025 -0.0339843 -1.43856e-12 0.00986605 -0.0339843 0.00164635 -0.00577068 -0.0339843 0.00780247</float_array>
          <technique_common>
            <accessor count="300" source="#ID108" stride="3">
              <param name="X" type="float"/>
              <param name="Y" type="float"/>
              <param name="Z" type="float"/>
            </accessor>
          </technique_common>
        </source>
        <source id="ID109">
          <float_array count="900" id="ID110">0.984362 0.176155 1.48635e-07 0.970937 0.176155 0.162021 0.971585 0.172446 0.162129 -0.241647 0.176155 -0.954241 -0.0813423 0.172446 -0.981655 -0.241808 0.172446 -0.954878 -0.0812881 0.176155 -0.981 -0.241808 0.172446 0.954878 -0.081288 0.176155 0.981 -0.241647 0.176155 0.954241 -0.395414 0.176155 0.901453 -0.395678 0.172446 0.902054 -0.395414 0.176155 -0.901453 -0.538395 0.176155 -0.824075 -0.395677 0.172446 -0.902054 -0.538754 0.172446 -0.824625 0.0813423 0.172446 -0.981655 -0.666691 0.176155 -0.724219 -0.667135 0.172446 -0.724702 -0.7768 0.176155 -0.604608 -0.865721 0.176155 -0.468505 -0.777318 0.172446 -0.605011 -0.866298 0.172446 -0.468817 -0.931027 0.176155 -0.319622 -0.931648 0.172446 -0.319835 -0.970937 0.176155 -0.162021 -0.971585 0.172446 -0.162129 -0.984362 0.176155 -2.97269e-07 -0.985019 0.172446 -2.97467e-07 0.0812881 0.176155 -0.981 0.241808 0.172446 -0.954878 0.241646 0.176155 -0.954241 0.395678 0.172446 -0.902054 0.538754 0.172446 -0.824625 0.395414 0.176155 -0.901453 0.538395 0.176155 -0.824075 0.667135 0.172446 -0.724702 0.66669 0.176155 -0.724219 0.777318 0.172446 -0.605011 0.866298 0.172446 -0.468817 0.7768 0.176155 -0.604608 0.865721 0.176155 -0.468505 0.931648 0.172446 -0.319835 0.931027 0.176155 -0.319622 0.971585 0.172446 -0.162129 0.985019 0.172446 1.48734e-07 0.970937 0.176155 -0.16202 0.866298 0.172446 0.468817 0.931648 0.172446 0.319835 0.931027 0.176155 0.319622 0.538754 0.172446 0.824625 0.667135 0.172446 0.724702 0.666691 0.176155 0.724219 0.777318 0.172446 0.605011 0.865721 0.176155 0.468505 0.7768 0.176155 0.604608 0.241808 0.172446 0.954878 0.241647 0.176155 0.954241 0.0813421 0.172446 0.981655 0.538395 0.176155 0.824075 0.395414 0.176155 0.901453 0.395678 0.172446 0.902054 -0.0813422 0.172446 0.981655 0.0812879 0.176155 0.981 -0.777318 0.172446 0.605011 -0.667135 0.172446 0.724702 -0.666691 0.176155 0.724219 -0.538754 0.172446 0.824625 -0.538395 0.176155 0.824075 -0.7768 0.176155 0.604608 -0.866298 0.172446 0.468817 -0.865721 0.176155 0.468505 -0.931648 0.172446 0.319835 -0.971585 0.172446 0.162129 -0.931027 0.176155 0.319622 -0.970937 0.176155 0.162021 0 -1 0 0 -1 0 0 -1 0 0 -1 0 0 -1 0 0 -1 0 0 -1 0 0 -1 0 0 -1 0 0 -1 0 0 -1 0 0 -1 0 0 -1 0 0 -1 0 0 -1 0 0 -1 0 0 -1 0 0 -1 0 0 -1 0 0 -1 0 0 -1 0 0 -1 0 0 -1 0 0 -1 0 0 -1 0 0 -1 0 0 -1 0 0 -1 0 0 -1 0 0 -1 0 0 -1 0 0 -1 0 0 -1 0 0 -1 0 0 -1 0 0 -1 0 0 -1 0 0 -1 0 0 -1 0 0 -1 0 0 -1 0 0 -1 0 0 -1 0 0 -1 0 0 -1 0 0 -1 0 0 -1 0 0 -1 0 0 -1 0 0 -1 0 0 -1 0 0 -1 0 0 -1 0 0 -1 0 0 -1 0 0 -1 0 0 -1 0 0 -1 0 0 -1 0 0 -1 0 0 -1 0 0 -1 0 0 -1 0 0 -1 0 0 -1 0 0 -1 0 0 -1 0 0 -1 0 0 -1 0 0 -1 0 0 -1 0 0 -1 0 0 -1 0 0 -1 0 0 -1 0 -0.942877 -0 -0.33314 -0.942877 -0 -0.33314 -0.985616 -0 -0.169001 -1 0 1.74846e-07 -1 -0 -3.01992e-07 -0.985616 -0 -0.169001 -0.778036 -0 -0.62822 -0.660675 -0 -0.750672 -0.660675 -0 -0.750672 -0.778036 -0 -0.62822 -0.873014 -0 -0.487695 -0.873014 -0 -0.487695 -0.210679 -0 -0.977555 -0.210679 -0 -0.977555 -0.372856 -0 -0.927889 -0.372857 -0 -0.927889 -0.524307 -0 -0.851529 -0.524307 -0 -0.851529 0.292823 0 -0.956167 0.127018 0 -0.9919 0.292823 0 -0.956167 -0.0424415 -0 -0.999099 -0.042441 -0 -0.999099 0.127018 0 -0.9919 0.594633 0 -0.803997 0.721956 0 -0.691939 0.721956 0 -0.691939 0.450204 0 -0.892926 0.594633 0 -0.803997 0.450204 0 -0.892926 0.967733 0 -0.251978 0.967733 0 -0.251978 0.911228 0 -0.411901 0.911228 0 -0.411901 0.82851 0 -0.559975 0.82851 0 -0.559975 0.967733 0 0.251978 0.996397 0 0.0848059 0.967733 0 0.251978 0.996397 0 -0.0848059 0.996397 0 -0.0848059 0.996397 0 0.0848059 0.82851 0 0.559975 0.721956 0 0.691939 0.721956 0 0.691939 0.911228 0 0.411901 0.82851 0 0.559975 0.911229 0 0.411901 0.292823 0 0.956167 0.292823 0 0.956167 0.450204 0 0.892926 0.450204 0 0.892926 0.594633 0 0.803997 0.594633 0 0.803997 -0.210679 0 0.977555 -0.0424412 0 0.999099 -0.0424412 0 0.999099 0.127018 0 0.9919 0.127018 0 0.9919 -0.372857 0 0.927889 -0.210679 0 0.977555 -0.372856 0 0.927889 -0.524307 0 0.851529 -0.660675 0 0.750672 -0.524307 0 0.851529 -0.778036 0 0.62822 -0.660675 0 0.750672 -0.778036 0 0.62822 -0.873014 0 0.487695 -0.942877 0 0.33314 -0.873014 0 0.487695 -0.985616 0 0.169001 -0.942877 0 0.33314 -0.985616 0 0.169001 0 1 0 0 1 0 0 1 0 0 1 0 0 1 0 0 1 0 0 1 0 0 1 0 0 1 0 0 1 0 0 1 0 0 1 0 0 1 0 0 1 0 0 1 0 0 1 0 0 1 0 0 1 0 0 1 0 0 1 0 0 1 0 0 1 0 0 1 0 0 1 0 0 1 0 0 1 0 0 1 0 0 1 0 0 1 0 0 1 0 0 1 0 0 1 0 0 1 0 0 1 0 0 1 0 0 1 0 0 1 0 0 1 0 0 1 0 0 1 0 0 1 0 0 1 0 0 1 0 0 1 0 0 1 0 0 1 0 0 1 0 0 1 0 0 1 0 0 1 0 0 1 0 0 1 0 0 1 0 0 1 0 0 1 0 0 1 0 0 1 0 0 1 0 0 1 0 0 1 0 0 1 0 0 1 0 0 1 0 0 1 0 0 1 0 0 1 0 0 1 0 0 1 0 0 1 0 0 1 0 0 1 0 0 1 0 0 1 0 0 1 0 0 1 0</float_array>
          <technique_common>
            <accessor count="300" source="#ID110" stride="3">
              <param name="X" type="float"/>
              <param name="Y" type="float"/>
              <param name="Z" type="float"/>
            </accessor>
          </technique_common>
        </source>
        <vertices id="ID111">
          <input semantic="POSITION" source="#ID107"/>
          <input semantic="NORMAL" source="#ID109"/>
        </vertices>
        <triangles count="300" material="ID42">
          <input offset="0" semantic="VERTEX" source="#ID111"/>
          <p>0 2 1 3 5 4 6 3 4 7 9 8 9 11 10 3 12 5 13 14 12 5 12 14 15 14 13 6 4 16 17 15 13 17 19 18 20 21 19 18 19 21 20 23 22 20 22 21 22 23 24 25 24 23 24 25 26 15 17 18 26 25 27 28 26 27 29 16 30 16 29 6 30 32 31 31 29 30 33 34 32 31 32 34 35 33 36 33 35 34 36 38 37 37 35 36 39 40 38 37 38 40 41 39 42 39 41 40 42 44 43 43 41 42 45 46 44 43 44 46 47 49 48 45 0 46 50 52 51 53 55 54 56 58 57 59 61 60 9 7 11 8 63 62 64 66 65 67 68 10 69 64 70 64 69 66 70 72 71 71 69 70 73 74 72 71 72 74 75 73 28 73 75 74 27 75 28 68 65 66 11 67 10 65 68 67 62 63 58 8 62 7 60 56 57 57 58 63 61 56 60 50 59 52 50 61 59 55 53 51 51 52 55 2 48 1 47 53 54 48 49 1 54 49 47 0 45 2 76 78 77 79 81 80 82 83 80 84 81 85 86 82 87 88 89 84 90 87 91 92 94 93 91 96 95 97 99 98 95 96 78 94 89 93 100 102 101 103 105 104 106 108 107 109 111 110 112 114 113 115 117 116 118 120 119 121 118 122 123 124 113 124 125 120 126 121 127 112 129 128 126 130 115 131 116 132 129 108 133 134 135 107 136 110 131 111 138 137 104 139 134 103 141 140 142 137 143 144 146 145 147 141 100 76 148 102 144 145 149 145 150 149 142 143 146 144 142 146 137 138 143 111 109 138 110 136 109 131 132 136 116 117 132 115 130 117 126 127 130 121 122 127 118 119 122 120 125 119 124 123 125 113 114 123 112 128 114 129 133 128 108 106 133 107 135 106 134 139 135 104 105 139 103 140 105 141 147 140 100 101 147 102 148 101 76 77 148 78 96 77 95 90 91 90 86 87 86 83 82 83 79 80 79 85 81 85 88 84 88 93 89 94 92 97 92 99 97 145 98 150 99 150 98 151 153 152 154 156 155 157 159 158 160 162 161 163 165 164 166 168 167 169 171 170 172 174 173 175 177 176 178 180 179 181 183 182 184 186 185 187 189 188 190 192 191 193 195 194 196 198 197 199 201 200 202 204 203 205 207 206 208 207 209 205 211 210 211 205 206 212 213 210 210 211 212 214 213 215 212 215 213 214 217 216 217 214 215 218 219 216 216 217 218 220 219 221 218 221 219 220 223 222 223 220 221 224 155 222 222 223 224 208 209 200 224 154 155 207 208 206 202 201 199 199 200 209 195 203 204 203 201 202 193 194 197 195 204 194 198 196 187 193 197 198 189 192 188 196 189 187 191 182 190 192 190 188 184 183 181 181 182 191 177 185 186 185 183 184 175 176 179 177 186 176 180 178 169 175 179 180 171 174 170 178 171 169 173 164 172 174 172 170 166 165 163 163 164 173 159 167 168 167 165 166 157 158 160 159 168 158 161 162 152 157 160 161 151 156 153 162 151 152 154 153 156 225 227 226 228 230 229 231 227 232 233 234 226 235 231 236 237 233 238 239 238 240 241 240 242 235 244 243 245 247 246 248 249 243 250 252 251 253 249 254 255 257 256 258 260 259 261 263 262 264 265 230 266 268 267 269 271 270 272 274 273 273 276 275 277 267 278 279 272 277 280 269 281 275 282 281 263 284 283 285 266 283 286 262 287 288 229 270 289 265 290 287 255 291 292 260 289 251 294 293 293 295 257 296 297 258 296 258 259 296 298 297 250 253 299 245 242 247 260 292 259 289 290 292 265 264 290 230 228 264 229 288 228 270 271 288 269 280 271 281 282 280 275 276 282 273 274 276 272 279 274 277 278 279 267 268 278 266 285 268 283 284 285 263 261 284 262 286 261 287 291 286 255 256 291 257 295 256 293 294 295 251 252 294 250 299 252 253 254 299 249 248 254 243 244 248 235 236 244 231 232 236 227 225 232 226 234 225 233 237 234 238 239 237 240 241 239 242 245 241 247 298 246 296 246 298</p>
        </triangles>
      </mesh>
    </geometry>
    <geometry id="ID112">
      <mesh>
        <source id="ID113">
          <float_array count="900" id="ID114">0.00886774 -0.0268016 -4.15323e-13 0.0087468 -0.0268016 0.00145958 0.0086198 -0.0258884 0.00143839 -0.00477978 -0.0258884 -0.00731599 -0.00485019 -0.0268016 -0.00742378 -0.00351041 -0.0258884 -0.00800294 -0.000732292 -0.0268016 -0.00883745 -0.00072166 -0.0258884 -0.00870914 -0.0021769 -0.0268016 -0.00859639 -0.00351041 -0.0258884 0.00800294 -0.0021769 -0.0268016 0.00859639 -0.00356213 -0.0268016 0.00812084 -0.0021453 -0.0258884 0.00847158 -0.000732292 -0.0268016 0.00883745 -0.0021453 -0.0258884 -0.00847158 -0.00356213 -0.0268016 -0.00812084 0.00779895 -0.0268016 0.00422058 0.00689629 -0.0258884 0.0053676 0.00768571 -0.0258884 0.0041593 -0.00600596 -0.0268016 -0.00652421 -0.00699789 -0.0268016 -0.00544668 -0.00591876 -0.0258884 -0.00642949 -0.00779895 -0.0268016 -0.00422058 -0.00768571 -0.0258884 -0.0041593 -0.00838726 -0.0268016 -0.00287935 -0.00689629 -0.0258884 -0.0053676 -0.0087468 -0.0268016 -0.00145958 -0.00826549 -0.0258884 -0.00283755 -0.0086198 -0.0258884 -0.00143839 0.00072166 -0.0258884 -0.00870914 -0.00873899 -0.0258884 -5.29942e-16 -0.00886774 -0.0268016 -5.14121e-16 0.000732292 -0.0268016 -0.00883745 0.0021453 -0.0258884 -0.00847158 0.0021769 -0.0268016 -0.00859639 0.00351041 -0.0258884 -0.00800294 0.00477978 -0.0258884 -0.00731599 0.00356213 -0.0268016 -0.00812084 0.00485019 -0.0268016 -0.00742378 0.00591876 -0.0258884 -0.00642949 0.00600596 -0.0268016 -0.00652421 0.00689629 -0.0258884 -0.0053676 0.00768571 -0.0258884 -0.0041593 0.00699789 -0.0268016 -0.00544668 0.00779895 -0.0268016 -0.00422058 0.00826549 -0.0258884 -0.00283755 0.00838726 -0.0268016 -0.00287935 0.0086198 -0.0258884 -0.00143839 0.00873899 -0.0258884 -5.11209e-13 0.0087468 -0.0268016 -0.00145958 0.00826549 -0.0258884 0.00283755 0.00838726 -0.0268016 0.00287935 0.00477978 -0.0258884 0.00731599 0.00591876 -0.0258884 0.00642949 0.00600596 -0.0268016 0.00652421 0.00699789 -0.0268016 0.00544668 0.0021453 -0.0258884 0.00847158 0.0021769 -0.0268016 0.00859639 0.00072166 -0.0258884 0.00870914 0.00485019 -0.0268016 0.00742378 0.00356213 -0.0268016 0.00812084 0.00351041 -0.0258884 0.00800294 -0.00072166 -0.0258884 0.00870914 0.000732292 -0.0268016 0.00883745 -0.00689629 -0.0258884 0.0053676 -0.00591876 -0.0258884 0.00642949 -0.00600596 -0.0268016 0.00652421 -0.00477978 -0.0258884 0.00731599 -0.00485019 -0.0268016 0.00742378 -0.00699789 -0.0268016 0.00544668 -0.00768571 -0.0258884 0.0041593 -0.00779895 -0.0268016 0.00422058 -0.00826549 -0.0258884 0.00283755 -0.0086198 -0.0258884 0.00143839 -0.00838726 -0.0268016 0.00287935 -0.0087468 -0.0268016 0.00145958 -0.00485019 -0.0268016 -0.00742378 -0.00499529 -0.0268016 -0.00675408 -0.00378199 -0.0268016 -0.00750114 0.00356213 -0.0268016 -0.00812084 0.00313223 -0.0268016 -0.00779485 0.00440451 -0.0268016 -0.00715338 0.00176984 -0.0268016 -0.00821208 0.0021769 -0.0268016 -0.00859639 0.00555008 -0.0268016 -0.00630612 0.00485019 -0.0268016 -0.00742378 0.000356533 -0.0268016 -0.00839306 0.000732292 -0.0268016 -0.00883745 0.00600596 -0.0268016 -0.00652421 0.00653599 -0.0268016 -0.00527744 -0.000732292 -0.0268016 -0.00883745 -0.00106703 -0.0268016 -0.00833259 0.00779895 -0.0268016 -0.00422058 0.00699789 -0.0268016 -0.00544668 0.00733387 -0.0268016 -0.00409694 -0.0021769 -0.0268016 -0.00859639 -0.0024599 -0.0268016 -0.0080324 0.00792076 -0.0268016 -0.00279858 0.00827979 -0.0268016 -0.00141971 0.00838726 -0.0268016 -0.00287935 -0.00356213 -0.0268016 -0.00812084 -0.00696 -0.0268016 -0.00470414 -0.00606488 -0.0268016 -0.00581272 -0.00699789 -0.0268016 -0.00544668 -0.00812957 -0.0268016 -0.00211677 -0.0087468 -0.0268016 -0.00145958 -0.00837037 -0.0268016 -0.000712423 -0.00812957 -0.0268016 0.00211677 -0.0087468 -0.0268016 0.00145958 -0.00838726 -0.0268016 0.00287935 0.00653599 -0.0268016 0.00527744 0.00600596 -0.0268016 0.00652421 0.00699789 -0.0268016 0.00544668 -0.00699789 -0.0268016 0.00544668 -0.00600596 -0.0268016 0.00652421 -0.00606488 -0.0268016 0.00581272 0.0021769 -0.0268016 0.00859639 0.00356213 -0.0268016 0.00812084 0.00313223 -0.0268016 0.00779485 -0.0021769 -0.0268016 0.00859639 -0.0024599 -0.0268016 0.0080324 -0.00356213 -0.0268016 0.00812084 -0.000732292 -0.0268016 0.00883745 -0.00106703 -0.0268016 0.00833259 -0.00499529 -0.0268016 0.00675408 -0.00485019 -0.0268016 0.00742378 -0.00378199 -0.0268016 0.00750114 0.000732292 -0.0268016 0.00883745 0.000356533 -0.0268016 0.00839306 -0.00696 -0.0268016 0.00470414 -0.00779895 -0.0268016 0.00422058 0.00176984 -0.0268016 0.00821208 0.00485019 -0.0268016 0.00742378 0.00440451 -0.0268016 0.00715338 -0.00765489 -0.0268016 0.00346023 -0.00837037 -0.0268016 0.000712423 -0.00886774 -0.0268016 -5.14121e-16 0.00555008 -0.0268016 0.00630612 0.00779895 -0.0268016 0.00422058 0.00733387 -0.0268016 0.00409694 -0.00838726 -0.0268016 -0.00287935 -0.00765489 -0.0268016 -0.00346023 0.00838726 -0.0268016 0.00287935 0.00792076 -0.0268016 0.00279858 0.0087468 -0.0268016 0.00145958 0.00840063 -0.0268016 0 0.00827979 -0.0268016 0.00141971 -0.00779895 -0.0268016 -0.00422058 -0.00600596 -0.0268016 -0.00652421 0.00886774 -0.0268016 -4.15323e-13 0.0087468 -0.0268016 -0.00145958 0.00792076 -0.0258884 0.00279858 0.00792076 -0.0268016 0.00279858 0.00827979 -0.0268016 0.00141971 0.00840063 -0.0268016 0 0.00840063 -0.0258884 2.05756e-18 0.00827979 -0.0258884 0.00141971 0.00653599 -0.0268016 0.00527744 0.00555008 -0.0258884 0.00630612 0.00555008 -0.0268016 0.00630612 0.00653599 -0.0258884 0.00527744 0.00733387 -0.0268016 0.00409694 0.00733387 -0.0258884 0.00409694 0.00176984 -0.0258884 0.00821208 0.00176984 -0.0268016 0.00821208 0.00313223 -0.0268016 0.00779485 0.00313223 -0.0258884 0.00779485 0.00440451 -0.0268016 0.00715338 0.00440451 -0.0258884 0.00715338 -0.0024599 -0.0268016 0.0080324 -0.00106703 -0.0268016 0.00833259 -0.0024599 -0.0258884 0.0080324 0.000356533 -0.0268016 0.00839306 0.000356533 -0.0258884 0.00839306 -0.00106703 -0.0258884 0.00833259 -0.00499529 -0.0268016 0.00675408 -0.00606488 -0.0258884 0.00581272 -0.00606488 -0.0268016 0.00581272 -0.00378199 -0.0258884 0.00750114 -0.00499529 -0.0258884 0.00675408 -0.00378199 -0.0268016 0.00750114 -0.00812957 -0.0258884 0.00211677 -0.00812957 -0.0268016 0.00211677 -0.00765489 -0.0268016 0.00346023 -0.00765489 -0.0258884 0.00346023 -0.00696 -0.0268016 0.00470414 -0.00696 -0.0258884 0.00470414 -0.00812957 -0.0268016 -0.00211677 -0.00837037 -0.0268016 -0.000712423 -0.00812957 -0.0258884 -0.00211677 -0.00837037 -0.0268016 0.000712423 -0.00837037 -0.0258884 0.000712423 -0.00837037 -0.0258884 -0.000712423 -0.00696 -0.0268016 -0.00470414 -0.00606488 -0.0258884 -0.00581272 -0.00606488 -0.0268016 -0.00581272 -0.00765489 -0.0258884 -0.00346023 -0.00696 -0.0258884 -0.00470414 -0.00765489 -0.0268016 -0.00346023 -0.0024599 -0.0258884 -0.0080324 -0.0024599 -0.0268016 -0.0080324 -0.00378199 -0.0268016 -0.00750114 -0.00378199 -0.0258884 -0.00750114 -0.00499529 -0.0268016 -0.00675408 -0.00499529 -0.0258884 -0.00675408 0.00176984 -0.0258884 -0.00821208 0.000356533 -0.0268016 -0.00839306 0.000356533 -0.0258884 -0.00839306 -0.00106703 -0.0268016 -0.00833259 -0.00106703 -0.0258884 -0.00833259 0.00313223 -0.0258884 -0.00779485 0.00176984 -0.0268016 -0.00821208 0.00313223 -0.0268016 -0.00779485 0.00440451 -0.0258884 -0.00715338 0.00555008 -0.0258884 -0.00630612 0.00440451 -0.0268016 -0.00715338 0.00653599 -0.0258884 -0.00527744 0.00555008 -0.0268016 -0.00630612 0.00653599 -0.0268016 -0.00527744 0.00733387 -0.0258884 -0.00409694 0.00792076 -0.0258884 -0.00279858 0.00733387 -0.0268016 -0.00409694 0.00827979 -0.0258884 -0.00141971 0.00792076 -0.0268016 -0.00279858 0.00827979 -0.0268016 -0.00141971 0.00176984 -0.0258884 0.00821208 0.00313223 -0.0258884 0.00779485 0.0021453 -0.0258884 0.00847158 0.00555008 -0.0258884 -0.00630612 0.00477978 -0.0258884 -0.00731599 0.00591876 -0.0258884 -0.00642949 0.00072166 -0.0258884 0.00870914 0.000356533 -0.0258884 0.00839306 0.00440451 -0.0258884 0.00715338 0.00351041 -0.0258884 0.00800294 -0.00072166 -0.0258884 0.00870914 0.00555008 -0.0258884 0.00630612 0.00477978 -0.0258884 0.00731599 0.00653599 -0.0258884 0.00527744 0.00591876 -0.0258884 0.00642949 0.00768571 -0.0258884 0.0041593 0.00689629 -0.0258884 0.0053676 0.00733387 -0.0258884 0.00409694 -0.0021453 -0.0258884 0.00847158 -0.00106703 -0.0258884 0.00833259 0.00792076 -0.0258884 0.00279858 0.00827979 -0.0258884 0.00141971 0.00826549 -0.0258884 0.00283755 -0.0024599 -0.0258884 0.0080324 -0.00351041 -0.0258884 0.00800294 -0.00689629 -0.0258884 0.0053676 -0.00606488 -0.0258884 0.00581272 -0.00591876 -0.0258884 0.00642949 -0.00378199 -0.0258884 0.00750114 -0.00477978 -0.0258884 0.00731599 -0.0086198 -0.0258884 0.00143839 -0.00812957 -0.0258884 0.00211677 -0.00826549 -0.0258884 0.00283755 0.0086198 -0.0258884 -0.00143839 0.00827979 -0.0258884 -0.00141971 0.00826549 -0.0258884 -0.00283755 -0.00812957 -0.0258884 -0.00211677 -0.0086198 -0.0258884 -0.00143839 -0.00826549 -0.0258884 -0.00283755 0.00653599 -0.0258884 -0.00527744 0.00689629 -0.0258884 -0.0053676 -0.00689629 -0.0258884 -0.0053676 -0.00591876 -0.0258884 -0.00642949 -0.00606488 -0.0258884 -0.00581272 0.0021453 -0.0258884 -0.00847158 0.00351041 -0.0258884 -0.00800294 0.00313223 -0.0258884 -0.00779485 -0.00351041 -0.0258884 -0.00800294 -0.0021453 -0.0258884 -0.00847158 -0.0024599 -0.0258884 -0.0080324 -0.00072166 -0.0258884 -0.00870914 -0.00106703 -0.0258884 -0.00833259 -0.00477978 -0.0258884 -0.00731599 -0.00499529 -0.0258884 -0.00675408 -0.00378199 -0.0258884 -0.00750114 0.00176984 -0.0258884 -0.00821208 0.00072166 -0.0258884 -0.00870914 0.000356533 -0.0258884 -0.00839306 -0.00768571 -0.0258884 -0.0041593 -0.00765489 -0.0258884 -0.00346023 -0.00696 -0.0258884 -0.00470414 -0.00837037 -0.0258884 -0.000712423 -0.00873899 -0.0258884 -5.29942e-16 0.00440451 -0.0258884 -0.00715338 0.00768571 -0.0258884 -0.0041593 0.00733387 -0.0258884 -0.00409694 -0.00837037 -0.0258884 0.000712423 0.00792076 -0.0258884 -0.00279858 -0.00768571 -0.0258884 0.0041593 -0.00696 -0.0258884 0.00470414 -0.00765489 -0.0258884 0.00346023 0.00840063 -0.0258884 2.05756e-18 0.00873899 -0.0258884 -5.11209e-13 0.0086198 -0.0258884 0.00143839 -0.00499529 -0.0258884 0.00675408</float_array>
          <technique_common>
            <accessor count="300" source="#ID114" stride="3">
              <param name="X" type="float"/>
              <param name="Y" type="float"/>
              <param name="Z" type="float"/>
            </accessor>
          </technique_common>
        </source>
        <source id="ID115">
          <float_array count="900" id="ID116">0.989979 0.141214 -8.65467e-08 0.976477 0.141214 0.162945 0.976921 0.138021 0.163019 -0.541713 0.138021 -0.829154 -0.541467 0.141214 -0.828777 -0.397851 0.138021 -0.907009 -0.0817519 0.141214 -0.986598 -0.0817891 0.138021 -0.987046 -0.243026 0.141214 -0.959686 -0.397851 0.138021 0.907009 -0.243025 0.141214 0.959686 -0.39767 0.141214 0.906596 -0.243136 0.138021 0.960122 -0.0817518 0.141214 0.986598 -0.243136 0.138021 -0.960122 -0.39767 0.141214 -0.906596 0.870661 0.141214 0.471178 0.781588 0.138021 0.608334 0.871057 0.138021 0.471392 -0.670495 0.141214 -0.728351 -0.781232 0.141214 -0.608058 -0.6708 0.138021 -0.728683 -0.87066 0.141214 -0.471178 -0.871056 0.138021 -0.471392 -0.936339 0.141214 -0.321446 -0.781588 0.138021 -0.608335 -0.976477 0.141214 -0.162945 -0.936765 0.138021 -0.321592 -0.976921 0.138021 -0.163019 0.0817891 0.138021 -0.987046 -0.990429 0.138021 1.73172e-07 -0.989979 0.141214 1.73093e-07 0.0817519 0.141214 -0.986598 0.243136 0.138021 -0.960123 0.243025 0.141214 -0.959686 0.397851 0.138021 -0.907009 0.541713 0.138021 -0.829154 0.39767 0.141214 -0.906596 0.541467 0.141214 -0.828777 0.670799 0.138021 -0.728683 0.670494 0.141214 -0.728351 0.781588 0.138021 -0.608334 0.871057 0.138021 -0.471392 0.781233 0.141214 -0.608058 0.870661 0.141214 -0.471178 0.936765 0.138021 -0.321592 0.936339 0.141214 -0.321446 0.976921 0.138021 -0.163019 0.990429 0.138021 -8.65861e-08 0.976477 0.141214 -0.162945 0.936765 0.138021 0.321592 0.936339 0.141214 0.321446 0.541714 0.138021 0.829154 0.670799 0.138021 0.728683 0.670495 0.141214 0.728351 0.781233 0.141214 0.608058 0.243136 0.138021 0.960122 0.243025 0.141214 0.959686 0.081789 0.138021 0.987047 0.541467 0.141214 0.828777 0.39767 0.141214 0.906596 0.397851 0.138021 0.907009 -0.081789 0.138021 0.987047 0.0817518 0.141214 0.986598 -0.781588 0.138021 0.608334 -0.6708 0.138021 0.728683 -0.670495 0.141214 0.728351 -0.541713 0.138021 0.829154 -0.541467 0.141214 0.828777 -0.781233 0.141214 0.608058 -0.871057 0.138021 0.471392 -0.870661 0.141214 0.471178 -0.936765 0.138021 0.321592 -0.976921 0.138021 0.163019 -0.936339 0.141214 0.321446 -0.976477 0.141214 0.162945 0 -1 0 0 -1 0 0 -1 0 0 -1 0 0 -1 0 0 -1 0 0 -1 0 0 -1 0 0 -1 0 0 -1 0 0 -1 0 0 -1 0 0 -1 0 0 -1 0 0 -1 0 0 -1 0 0 -1 0 0 -1 0 0 -1 0 0 -1 0 0 -1 0 0 -1 0 0 -1 0 0 -1 0 0 -1 0 0 -1 0 0 -1 0 0 -1 0 0 -1 0 0 -1 0 0 -1 0 0 -1 0 0 -1 0 0 -1 0 0 -1 0 0 -1 0 0 -1 0 0 -1 0 0 -1 0 0 -1 0 0 -1 0 0 -1 0 0 -1 0 0 -1 0 0 -1 0 0 -1 0 0 -1 0 0 -1 0 0 -1 0 0 -1 0 0 -1 0 0 -1 0 0 -1 0 0 -1 0 0 -1 0 0 -1 0 0 -1 0 0 -1 0 0 -1 0 0 -1 0 0 -1 0 0 -1 0 0 -1 0 0 -1 0 0 -1 0 0 -1 0 0 -1 0 0 -1 0 0 -1 0 0 -1 0 0 -1 0 0 -1 0 0 -1 0 0 -1 0 0 -1 0 -0.942877 -0 -0.33314 -0.942877 -0 -0.33314 -0.985616 -0 -0.169001 -1 0 1.74846e-07 -1 -0 -3.01992e-07 -0.985616 -0 -0.169001 -0.778036 -0 -0.62822 -0.660675 -0 -0.750672 -0.660675 -0 -0.750672 -0.778036 -0 -0.62822 -0.873014 -0 -0.487695 -0.873014 -0 -0.487695 -0.210679 -0 -0.977555 -0.210679 -0 -0.977555 -0.372856 -0 -0.927889 -0.372857 -0 -0.927889 -0.524307 -0 -0.851529 -0.524307 -0 -0.851529 0.292823 0 -0.956167 0.127018 0 -0.9919 0.292823 0 -0.956167 -0.0424415 -0 -0.999099 -0.042441 -0 -0.999099 0.127018 0 -0.9919 0.594633 0 -0.803997 0.721956 0 -0.691939 0.721956 0 -0.691939 0.450204 0 -0.892926 0.594633 0 -0.803997 0.450204 0 -0.892926 0.967733 0 -0.251978 0.967733 0 -0.251978 0.911228 0 -0.411901 0.911228 0 -0.411901 0.82851 0 -0.559975 0.82851 0 -0.559975 0.967733 0 0.251978 0.996397 0 0.0848059 0.967733 0 0.251978 0.996397 0 -0.0848059 0.996397 0 -0.0848059 0.996397 0 0.0848059 0.82851 0 0.559975 0.721956 0 0.691939 0.721956 0 0.691939 0.911228 0 0.411901 0.82851 0 0.559975 0.911229 0 0.411901 0.292823 0 0.956167 0.292823 0 0.956167 0.450204 0 0.892926 0.450204 0 0.892926 0.594633 0 0.803997 0.594633 0 0.803997 -0.210679 0 0.977555 -0.0424412 0 0.999099 -0.0424412 0 0.999099 0.127018 0 0.9919 0.127018 0 0.9919 -0.372857 0 0.927889 -0.210679 0 0.977555 -0.372856 0 0.927889 -0.524307 0 0.851529 -0.660675 0 0.750672 -0.524307 0 0.851529 -0.778036 0 0.62822 -0.660675 0 0.750672 -0.778036 0 0.62822 -0.873014 0 0.487695 -0.942877 0 0.33314 -0.873014 0 0.487695 -0.985616 0 0.169001 -0.942877 0 0.33314 -0.985616 0 0.169001 0 1 0 0 1 0 0 1 0 0 1 0 0 1 0 0 1 0 0 1 0 0 1 0 0 1 0 0 1 0 0 1 0 0 1 0 0 1 0 0 1 0 0 1 0 0 1 0 0 1 0 0 1 0 0 1 0 0 1 0 0 1 0 0 1 0 0 1 0 0 1 0 0 1 0 0 1 0 0 1 0 0 1 0 0 1 0 0 1 0 0 1 0 0 1 0 0 1 0 0 1 0 0 1 0 0 1 0 0 1 0 0 1 0 0 1 0 0 1 0 0 1 0 0 1 0 0 1 0 0 1 0 0 1 0 0 1 0 0 1 0 0 1 0 0 1 0 0 1 0 0 1 0 0 1 0 0 1 0 0 1 0 0 1 0 0 1 0 0 1 0 0 1 0 0 1 0 0 1 0 0 1 0 0 1 0 0 1 0 0 1 0 0 1 0 0 1 0 0 1 0 0 1 0 0 1 0 0 1 0 0 1 0 0 1 0 0 1 0 0 1 0 0 1 0</float_array>
          <technique_common>
            <accessor count="300" source="#ID116" stride="3">
              <param name="X" type="float"/>
              <param name="Y" type="float"/>
              <param name="Z" type="float"/>
            </accessor>
          </technique_common>
        </source>
        <vertices id="ID117">
          <input semantic="POSITION" source="#ID113"/>
          <input semantic="NORMAL" source="#ID115"/>
        </vertices>
        <triangles count="300" material="ID23">
          <input offset="0" semantic="VERTEX" source="#ID117"/>
          <p>0 2 1 3 5 4 6 8 7 9 11 10 12 10 13 8 15 14 4 5 15 14 15 5 16 18 17 7 8 14 3 4 19 20 21 19 22 24 23 20 22 25 21 20 25 23 25 22 26 27 24 19 21 3 27 26 28 23 24 27 29 6 7 30 28 31 28 26 31 32 29 33 29 32 6 33 35 34 34 32 33 36 37 35 34 35 37 38 36 39 36 38 37 39 41 40 40 38 39 42 43 41 40 41 43 44 42 45 42 44 43 45 47 46 46 44 45 48 49 47 46 47 49 18 51 50 48 0 49 52 54 53 17 55 16 56 58 57 59 61 60 10 12 9 13 63 62 64 66 65 67 68 11 69 64 70 64 69 66 70 72 71 71 69 70 73 74 72 71 72 74 75 73 30 73 75 74 31 75 30 67 11 9 65 68 67 65 66 68 58 63 57 56 57 60 62 63 58 13 62 12 55 17 53 59 52 61 61 56 60 51 1 50 55 53 54 52 59 54 16 51 18 0 48 2 1 2 50 76 78 77 79 81 80 82 83 80 84 81 85 86 87 82 88 89 84 90 86 91 92 94 93 91 96 95 97 99 98 96 78 100 94 89 93 101 103 102 104 106 105 107 109 108 110 112 111 113 115 114 116 118 117 119 121 120 122 119 123 124 125 114 125 126 121 127 122 128 113 130 129 127 131 116 132 117 133 130 109 134 108 136 135 137 111 132 112 139 138 106 135 136 140 141 104 142 138 143 144 146 145 101 141 147 148 77 102 144 145 149 145 150 149 142 143 146 144 142 146 138 139 143 112 110 139 111 137 110 132 133 137 117 118 133 116 131 118 127 128 131 122 123 128 119 120 123 121 126 120 125 124 126 114 115 124 113 129 115 130 134 129 109 107 134 108 135 107 136 105 106 105 140 104 140 147 141 147 103 101 103 148 102 148 76 77 76 100 78 100 95 96 95 90 91 90 87 86 87 83 82 83 79 80 79 85 81 85 88 84 88 93 89 94 92 97 92 99 97 145 98 150 99 150 98 151 153 152 154 156 155 157 159 158 160 162 161 163 165 164 166 168 167 169 171 170 172 174 173 175 177 176 178 180 179 181 183 182 184 186 185 187 189 188 190 192 191 193 195 194 196 198 197 199 201 200 202 204 203 205 207 206 208 207 209 205 211 210 211 205 206 212 213 210 210 211 212 214 213 215 212 215 213 214 217 216 217 214 215 218 219 216 216 217 218 220 219 221 218 221 219 220 223 222 223 220 221 224 155 222 222 223 224 208 209 200 224 154 155 207 208 206 202 201 199 199 200 209 195 203 204 203 201 202 193 194 197 195 204 194 198 196 187 193 197 198 189 192 188 196 189 187 191 182 190 192 190 188 184 183 181 181 182 191 177 185 186 185 183 184 175 176 179 177 186 176 180 178 169 175 179 180 171 174 170 178 171 169 173 164 172 174 172 170 166 165 163 163 164 173 159 167 168 167 165 166 157 158 160 159 168 158 161 162 152 157 160 161 151 156 153 162 151 152 154 153 156 225 227 226 228 230 229 231 225 232 233 226 234 232 235 231 233 237 236 236 239 238 240 242 241 235 244 243 245 247 246 248 249 243 250 252 251 253 254 249 255 257 256 258 260 259 261 263 262 264 265 230 266 268 267 269 271 270 272 274 273 273 276 275 277 267 278 279 272 277 280 269 281 275 282 281 263 284 283 285 266 283 286 262 287 288 229 270 289 265 290 287 255 291 292 260 289 293 250 294 293 295 257 296 297 258 296 258 259 296 298 297 299 252 254 241 242 238 260 292 259 289 290 292 265 264 290 230 228 264 229 288 228 270 271 288 269 280 271 281 282 280 275 276 282 273 274 276 272 279 274 277 278 279 267 268 278 266 285 268 283 284 285 263 261 284 262 286 261 287 291 286 255 256 291 257 295 256 293 294 295 250 251 294 252 299 251 254 253 299 249 248 253 243 244 248 235 232 244 231 227 225 227 234 226 234 237 233 237 239 236 239 241 238 242 240 245 240 247 245 296 246 298 247 298 246</p>
        </triangles>
      </mesh>
    </geometry>
    <geometry id="ID118">
      <mesh>
        <source id="ID119">
          <float_array count="900" id="ID120">0.00779102 -0.018549 -2.61333e-13 0.00768485 -0.0185497 0.00128237 0.00759912 -0.0178332 0.00126807 -0.000643385 -0.0185497 -0.0077645 0.000636207 -0.0178332 -0.00767788 -0.000636207 -0.0178332 -0.00767788 -0.00191261 -0.0185497 -0.00755271 0.00607969 -0.0178332 0.00473202 0.00614828 -0.0185497 0.0047854 0.00521791 -0.0178332 0.00566816 -0.00189127 -0.0178332 -0.00746845 -0.00312965 -0.0185497 -0.00713489 -0.00309474 -0.0178332 -0.0070553 -0.00426133 -0.0185497 -0.00652246 -0.0042138 -0.0178332 -0.0064497 -0.00527678 -0.0185497 -0.00573211 -0.00521791 -0.0178332 -0.00566816 -0.00614828 -0.0185497 -0.0047854 -0.00607969 -0.0178332 -0.00473202 -0.00677564 -0.0178332 -0.00366679 -0.00685208 -0.0185497 -0.00370816 -0.00736897 -0.0185497 -0.00252977 -0.00728676 -0.0178332 -0.00250155 -0.00768485 -0.0185497 -0.00128237 -0.00759912 -0.0178332 -0.00126807 -0.00779102 -0.018549 -7.63088e-16 -0.00770428 -0.0178339 -7.68278e-16 0.000643385 -0.0185497 -0.0077645 0.00189127 -0.0178332 -0.00746845 0.00191261 -0.0185497 -0.00755271 0.00309474 -0.0178332 -0.0070553 0.0042138 -0.0178332 -0.0064497 0.00312965 -0.0185497 -0.00713489 0.00426133 -0.0185497 -0.00652246 0.00521791 -0.0178332 -0.00566816 0.00527678 -0.0185497 -0.00573211 0.00607969 -0.0178332 -0.00473202 0.00677564 -0.0178332 -0.00366679 0.00614828 -0.0185497 -0.0047854 0.00685208 -0.0185497 -0.00370816 0.00728676 -0.0178332 -0.00250155 0.00736897 -0.0185497 -0.00252977 0.00759912 -0.0178332 -0.00126807 0.00770428 -0.0178339 -2.61256e-13 0.00768485 -0.0185497 -0.00128237 0.00677564 -0.0178332 0.00366679 0.00728676 -0.0178332 0.00250155 0.00736897 -0.0185497 0.00252977 0.0042138 -0.0178332 0.0064497 0.00527678 -0.0185497 0.00573211 0.00685208 -0.0185497 0.00370816 0.00189127 -0.0178332 0.00746845 0.00191261 -0.0185497 0.00755271 0.000636207 -0.0178332 0.00767788 0.00426133 -0.0185497 0.00652246 0.00312965 -0.0185497 0.00713489 0.00309474 -0.0178332 0.0070553 -0.00191261 -0.0185497 0.00755271 -0.00309474 -0.0178332 0.0070553 -0.00189127 -0.0178332 0.00746845 -0.000643385 -0.0185497 0.0077645 -0.000636207 -0.0178332 0.00767788 0.000643385 -0.0185497 0.0077645 -0.00607969 -0.0178332 0.00473202 -0.00521791 -0.0178332 0.00566816 -0.00527678 -0.0185497 0.00573211 -0.0042138 -0.0178332 0.0064497 -0.00312965 -0.0185497 0.00713489 -0.00426133 -0.0185497 0.00652246 -0.00614828 -0.0185497 0.0047854 -0.00677564 -0.0178332 0.00366679 -0.00685208 -0.0185497 0.00370816 -0.00728676 -0.0178332 0.00250155 -0.00759912 -0.0178332 0.00126807 -0.00736897 -0.0185497 0.00252977 -0.00768485 -0.0185497 0.00128237 -0.00312965 -0.0185497 -0.00713489 -0.00426133 -0.0185497 -0.00652246 -0.00338425 -0.0185497 -0.00671227 0.0039413 -0.0185497 -0.00640108 0.00426133 -0.0185497 -0.00652246 0.00312965 -0.0185497 -0.00713489 0.00280282 -0.0185497 -0.00697509 0.00191261 -0.0185497 -0.00755271 0.0049664 -0.0185497 -0.00564293 0.000643385 -0.0185497 -0.0077645 0.00158371 -0.0185497 -0.00734844 0.00527678 -0.0185497 -0.00573211 0.00584862 -0.0185497 -0.00472243 -0.000643385 -0.0185497 -0.0077645 0.000319037 -0.0185497 -0.00751039 0.00685208 -0.0185497 -0.00370816 0.00614828 -0.0185497 -0.0047854 0.00656259 -0.0185497 -0.00366608 -0.00191261 -0.0185497 -0.00755271 -0.000954814 -0.0185497 -0.00745628 0.00708776 -0.0185497 -0.00250427 0.00740904 -0.0185497 -0.00127041 0.00736897 -0.0185497 -0.00252977 -0.0022012 -0.0185497 -0.00718766 -0.00527678 -0.0185497 -0.00573211 -0.00614828 -0.0185497 -0.0047854 -0.00542706 -0.0185497 -0.00520142 -0.00736897 -0.0185497 -0.00252977 -0.00768485 -0.0185497 -0.00128237 -0.00727461 -0.0185497 -0.00189416 -0.00727461 -0.0185497 0.00189416 -0.00768485 -0.0185497 0.00128237 -0.00736897 -0.0185497 0.00252977 0.00584862 -0.0185497 0.00472243 0.00527678 -0.0185497 0.00573211 0.00614828 -0.0185497 0.0047854 -0.00614828 -0.0185497 0.0047854 -0.00527678 -0.0185497 0.00573211 -0.00542706 -0.0185497 0.00520142 0.00191261 -0.0185497 0.00755271 0.00312965 -0.0185497 0.00713489 0.00280282 -0.0185497 0.00697509 -0.00191261 -0.0185497 0.00755271 -0.0022012 -0.0185497 0.00718766 -0.00312965 -0.0185497 0.00713489 -0.000643385 -0.0185497 0.0077645 -0.000954814 -0.0185497 0.00745628 -0.00446995 -0.0185497 0.00604378 -0.00426133 -0.0185497 0.00652246 -0.00338425 -0.0185497 0.00671227 0.000643385 -0.0185497 0.0077645 0.000319037 -0.0185497 0.00751039 -0.00622804 -0.0185497 0.00420942 -0.00685208 -0.0185497 0.00370816 0.00158371 -0.0185497 0.00734844 0.00426133 -0.0185497 0.00652246 0.0039413 -0.0185497 0.00640108 -0.00684985 -0.0185497 0.00309633 -0.00779102 -0.018549 -7.63088e-16 -0.00749008 -0.0185497 0.0006375 0.0049664 -0.0185497 0.00564293 0.00685208 -0.0185497 0.00370816 0.00656259 -0.0185497 0.00366608 -0.00749008 -0.0185497 -0.0006375 -0.00684985 -0.0185497 -0.00309633 -0.00685208 -0.0185497 -0.00370816 0.00736897 -0.0185497 0.00252977 0.00708776 -0.0185497 0.00250427 0.00768485 -0.0185497 0.00128237 0.00751716 -0.0185497 0 0.00740904 -0.0185497 0.00127041 -0.00622804 -0.0185497 -0.00420942 -0.00446995 -0.0185497 -0.00604378 0.00779102 -0.018549 -2.61333e-13 0.00768485 -0.0185497 -0.00128237 0.00708776 -0.0178332 0.00250427 0.00708776 -0.0185497 0.00250427 0.00740904 -0.0185497 0.00127041 0.00751716 -0.0185497 0 0.00751716 -0.0178332 8.51776e-18 0.00740904 -0.0178332 0.00127041 0.00584862 -0.0185497 0.00472243 0.0049664 -0.0178332 0.00564293 0.0049664 -0.0185497 0.00564293 0.00584862 -0.0178332 0.00472243 0.00656259 -0.0185497 0.00366608 0.00656259 -0.0178332 0.00366608 0.00158371 -0.0178332 0.00734844 0.00158371 -0.0185497 0.00734844 0.00280282 -0.0185497 0.00697509 0.00280282 -0.0178332 0.00697509 0.0039413 -0.0185497 0.00640108 0.0039413 -0.0178332 0.00640108 -0.0022012 -0.0185497 0.00718766 -0.000954814 -0.0185497 0.00745628 -0.0022012 -0.0178332 0.00718766 0.000319037 -0.0185497 0.00751039 0.000319037 -0.0178332 0.00751039 -0.000954814 -0.0178332 0.00745628 -0.00446995 -0.0185497 0.00604378 -0.00542706 -0.0178332 0.00520142 -0.00542706 -0.0185497 0.00520142 -0.00338425 -0.0178332 0.00671227 -0.00446995 -0.0178332 0.00604378 -0.00338425 -0.0185497 0.00671227 -0.00727461 -0.0178332 0.00189416 -0.00727461 -0.0185497 0.00189416 -0.00684985 -0.0185497 0.00309633 -0.00684985 -0.0178332 0.00309633 -0.00622804 -0.0185497 0.00420942 -0.00622804 -0.0178332 0.00420942 -0.00727461 -0.0185497 -0.00189416 -0.00749008 -0.0185497 -0.0006375 -0.00727461 -0.0178332 -0.00189416 -0.00749008 -0.0185497 0.0006375 -0.00749008 -0.0178332 0.0006375 -0.00749008 -0.0178332 -0.0006375 -0.00622804 -0.0185497 -0.00420942 -0.00542706 -0.0178332 -0.00520142 -0.00542706 -0.0185497 -0.00520142 -0.00684985 -0.0178332 -0.00309633 -0.00622804 -0.0178332 -0.00420942 -0.00684985 -0.0185497 -0.00309633 -0.0022012 -0.0178332 -0.00718766 -0.0022012 -0.0185497 -0.00718766 -0.00338425 -0.0185497 -0.00671227 -0.00338425 -0.0178332 -0.00671227 -0.00446995 -0.0185497 -0.00604378 -0.00446995 -0.0178332 -0.00604378 0.00158371 -0.0178332 -0.00734844 0.000319037 -0.0185497 -0.00751039 0.000319037 -0.0178332 -0.00751039 -0.000954814 -0.0185497 -0.00745628 -0.000954814 -0.0178332 -0.00745628 0.00280282 -0.0178332 -0.00697509 0.00158371 -0.0185497 -0.00734844 0.00280282 -0.0185497 -0.00697509 0.0039413 -0.0178332 -0.00640108 0.0049664 -0.0178332 -0.00564293 0.0039413 -0.0185497 -0.00640108 0.00584862 -0.0178332 -0.00472243 0.0049664 -0.0185497 -0.00564293 0.00584862 -0.0185497 -0.00472243 0.00656259 -0.0178332 -0.00366608 0.00708776 -0.0178332 -0.00250427 0.00656259 -0.0185497 -0.00366608 0.00740904 -0.0178332 -0.00127041 0.00708776 -0.0185497 -0.00250427 0.00740904 -0.0185497 -0.00127041 0.00708776 -0.0178332 0.00250427 0.00740904 -0.0178332 0.00127041 0.00728676 -0.0178332 0.00250155 0.00584862 -0.0178332 -0.00472243 0.00607969 -0.0178332 -0.00473202 0.00656259 -0.0178332 -0.00366608 0.00751716 -0.0178332 8.51776e-18 0.00759912 -0.0178332 -0.00126807 0.00770428 -0.0178339 -2.61256e-13 0.00759912 -0.0178332 0.00126807 0.00728676 -0.0178332 -0.00250155 0.00740904 -0.0178332 -0.00127041 0.00677564 -0.0178332 -0.00366679 0.00708776 -0.0178332 -0.00250427 0.00521791 -0.0178332 -0.00566816 0.0049664 -0.0178332 -0.00564293 0.0042138 -0.0178332 -0.0064497 0.0039413 -0.0178332 -0.00640108 0.00309474 -0.0178332 -0.0070553 0.00280282 -0.0178332 -0.00697509 0.00189127 -0.0178332 -0.00746845 0.00158371 -0.0178332 -0.00734844 0.000636207 -0.0178332 -0.00767788 0.000319037 -0.0178332 -0.00751039 -0.000636207 -0.0178332 -0.00767788 -0.000954814 -0.0178332 -0.00745628 -0.00189127 -0.0178332 -0.00746845 -0.0022012 -0.0178332 -0.00718766 -0.00309474 -0.0178332 -0.0070553 -0.00338425 -0.0178332 -0.00671227 -0.0042138 -0.0178332 -0.0064497 -0.00446995 -0.0178332 -0.00604378 -0.00521791 -0.0178332 -0.00566816 -0.00542706 -0.0178332 -0.00520142 -0.00607969 -0.0178332 -0.00473202 -0.00622804 -0.0178332 -0.00420942 -0.00677564 -0.0178332 -0.00366679 -0.00684985 -0.0178332 -0.00309633 -0.00728676 -0.0178332 -0.00250155 -0.00727461 -0.0178332 -0.00189416 -0.00759912 -0.0178332 -0.00126807 -0.00749008 -0.0178332 -0.0006375 -0.00770428 -0.0178339 -7.68278e-16 -0.00749008 -0.0178332 0.0006375 -0.00759912 -0.0178332 0.00126807 -0.00727461 -0.0178332 0.00189416 -0.00728676 -0.0178332 0.00250155 -0.00684985 -0.0178332 0.00309633 -0.00677564 -0.0178332 0.00366679 -0.00622804 -0.0178332 0.00420942 -0.00607969 -0.0178332 0.00473202 -0.00542706 -0.0178332 0.00520142 -0.00521791 -0.0178332 0.00566816 -0.00446995 -0.0178332 0.00604378 -0.0042138 -0.0178332 0.0064497 -0.00338425 -0.0178332 0.00671227 -0.00309474 -0.0178332 0.0070553 -0.0022012 -0.0178332 0.00718766 -0.00189127 -0.0178332 0.00746845 -0.000954814 -0.0178332 0.00745628 -0.000636207 -0.0178332 0.00767788 0.000319037 -0.0178332 0.00751039 0.000636207 -0.0178332 0.00767788 0.00158371 -0.0178332 0.00734844 0.00189127 -0.0178332 0.00746845 0.00280282 -0.0178332 0.00697509 0.00309474 -0.0178332 0.0070553 0.0039413 -0.0178332 0.00640108 0.0042138 -0.0178332 0.0064497 0.0049664 -0.0178332 0.00564293 0.00521791 -0.0178332 0.00566816 0.00584862 -0.0178332 0.00472243 0.00607969 -0.0178332 0.00473202 0.00656259 -0.0178332 0.00366608 0.00677564 -0.0178332 0.00366679</float_array>
          <technique_common>
            <accessor count="300" source="#ID120" stride="3">
              <param name="X" type="float"/>
              <param name="Y" type="float"/>
              <param name="Z" type="float"/>
            </accessor>
          </technique_common>
        </source>
        <source id="ID121">
          <float_array count="900" id="ID122">0.992674 0.120823 1.4989e-07 0.979135 0.120823 0.163389 0.97923 0.120034 0.163405 -0.0819744 0.120823 -0.989284 0.0819823 0.120034 -0.989379 -0.0819823 0.120034 -0.989379 -0.243687 0.120823 -0.962299 0.783435 0.120034 0.609772 0.783359 0.120823 0.609713 0.672385 0.120034 0.730404 -0.24371 0.120034 -0.962391 -0.398752 0.120823 -0.909065 -0.398791 0.120034 -0.909152 -0.542941 0.120823 -0.831033 -0.542994 0.120034 -0.831114 -0.67232 0.120823 -0.730334 -0.672385 0.120034 -0.730404 -0.783359 0.120823 -0.609713 -0.783435 0.120034 -0.609772 -0.873115 0.120034 -0.472506 -0.873031 0.120823 -0.47246 -0.938888 0.120823 -0.322321 -0.938979 0.120034 -0.322352 -0.979135 0.120823 -0.163389 -0.97923 0.120034 -0.163404 -0.992674 0.120823 -2.99779e-07 -0.99277 0.120034 -2.99808e-07 0.0819744 0.120823 -0.989284 0.243711 0.120034 -0.962391 0.243687 0.120823 -0.962298 0.398791 0.120034 -0.909152 0.542994 0.120034 -0.831114 0.398752 0.120823 -0.909065 0.542941 0.120823 -0.831034 0.672385 0.120034 -0.730404 0.67232 0.120823 -0.730334 0.783435 0.120034 -0.609772 0.873115 0.120034 -0.472506 0.783359 0.120823 -0.609713 0.873031 0.120823 -0.472461 0.938979 0.120034 -0.322352 0.938888 0.120823 -0.322321 0.97923 0.120034 -0.163404 0.99277 0.120034 1.49904e-07 0.979135 0.120823 -0.163389 0.873115 0.120034 0.472506 0.938979 0.120034 0.322352 0.938888 0.120823 0.322321 0.542994 0.120034 0.831114 0.67232 0.120823 0.730334 0.873031 0.120823 0.472461 0.243711 0.120034 0.962391 0.243687 0.120823 0.962299 0.0819823 0.120034 0.989379 0.542941 0.120823 0.831033 0.398753 0.120823 0.909065 0.398791 0.120034 0.909152 -0.243687 0.120823 0.962299 -0.398791 0.120034 0.909152 -0.243711 0.120034 0.962391 -0.0819744 0.120823 0.989284 -0.0819823 0.120034 0.989379 0.0819744 0.120823 0.989284 -0.783435 0.120034 0.609772 -0.672385 0.120034 0.730404 -0.67232 0.120823 0.730334 -0.542994 0.120034 0.831114 -0.398753 0.120823 0.909064 -0.542941 0.120823 0.831033 -0.783359 0.120823 0.609713 -0.873115 0.120034 0.472506 -0.873031 0.120823 0.472461 -0.938979 0.120034 0.322352 -0.97923 0.120034 0.163405 -0.938888 0.120823 0.322321 -0.979135 0.120823 0.163389 0 -1 0 0 -1 0 0 -1 0 0 -1 0 0 -1 0 0 -1 0 0 -1 0 0 -1 0 0 -1 0 0 -1 0 0 -1 0 0 -1 0 0 -1 0 0 -1 0 0 -1 0 0 -1 0 0 -1 0 0 -1 0 0 -1 0 0 -1 0 0 -1 0 0 -1 0 0 -1 0 0 -1 0 0 -1 0 0 -1 0 0 -1 0 0 -1 0 0 -1 0 0 -1 0 0 -1 0 0 -1 0 0 -1 0 0 -1 0 0 -1 0 0 -1 0 0 -1 0 0 -1 0 0 -1 0 0 -1 0 0 -1 0 0 -1 0 0 -1 0 0 -1 0 0 -1 0 0 -1 0 0 -1 0 0 -1 0 0 -1 0 0 -1 0 0 -1 0 0 -1 0 0 -1 0 0 -1 0 0 -1 0 0 -1 0 0 -1 0 0 -1 0 0 -1 0 0 -1 0 0 -1 0 0 -1 0 0 -1 0 0 -1 0 0 -1 0 0 -1 0 0 -1 0 0 -1 0 0 -1 0 0 -1 0 0 -1 0 0 -1 0 0 -1 0 0 -1 0 0 -1 0 -0.942877 -0 -0.33314 -0.942877 -0 -0.33314 -0.985616 -0 -0.169001 -1 0 1.74846e-07 -1 -0 -3.01992e-07 -0.985616 -0 -0.169001 -0.778036 -0 -0.62822 -0.660675 -0 -0.750672 -0.660675 -0 -0.750672 -0.778036 -0 -0.62822 -0.873014 -0 -0.487695 -0.873014 -0 -0.487695 -0.210679 -0 -0.977555 -0.210679 -0 -0.977555 -0.372856 -0 -0.927889 -0.372857 -0 -0.927889 -0.524307 -0 -0.851529 -0.524307 -0 -0.851529 0.292823 0 -0.956167 0.127018 0 -0.9919 0.292823 0 -0.956167 -0.0424415 -0 -0.999099 -0.042441 -0 -0.999099 0.127018 0 -0.9919 0.594633 0 -0.803997 0.721956 0 -0.691939 0.721956 0 -0.691939 0.450204 0 -0.892926 0.594633 0 -0.803997 0.450204 0 -0.892926 0.967733 0 -0.251978 0.967733 0 -0.251978 0.911228 0 -0.411901 0.911228 0 -0.411901 0.82851 0 -0.559975 0.82851 0 -0.559975 0.967733 0 0.251978 0.996397 0 0.0848059 0.967733 0 0.251978 0.996397 0 -0.0848059 0.996397 0 -0.0848059 0.996397 0 0.0848059 0.82851 0 0.559975 0.721956 0 0.691939 0.721956 0 0.691939 0.911228 0 0.411901 0.82851 0 0.559975 0.911229 0 0.411901 0.292823 0 0.956167 0.292823 0 0.956167 0.450204 0 0.892926 0.450204 0 0.892926 0.594633 0 0.803997 0.594633 0 0.803997 -0.210679 0 0.977555 -0.0424412 0 0.999099 -0.0424412 0 0.999099 0.127018 0 0.9919 0.127018 0 0.9919 -0.372857 0 0.927889 -0.210679 0 0.977555 -0.372856 0 0.927889 -0.524307 0 0.851529 -0.660675 0 0.750672 -0.524307 0 0.851529 -0.778036 0 0.62822 -0.660675 0 0.750672 -0.778036 0 0.62822 -0.873014 0 0.487695 -0.942877 0 0.33314 -0.873014 0 0.487695 -0.985616 0 0.169001 -0.942877 0 0.33314 -0.985616 0 0.169001 0 1 0 0 1 0 0 1 0 0 1 0 0 1 0 0 1 0 0 1 0 0 1 0 0 1 0 0 1 0 0 1 0 0 1 0 0 1 0 0 1 0 0 1 0 0 1 0 0 1 0 0 1 0 0 1 0 0 1 0 0 1 0 0 1 0 0 1 0 0 1 0 0 1 0 0 1 0 0 1 0 0 1 0 0 1 0 0 1 0 0 1 0 0 1 0 0 1 0 0 1 0 0 1 0 0 1 0 0 1 0 0 1 0 0 1 0 0 1 0 0 1 0 0 1 0 0 1 0 0 1 0 0 1 0 0 1 0 0 1 0 0 1 0 0 1 0 0 1 0 0 1 0 0 1 0 0 1 0 0 1 0 0 1 0 0 1 0 0 1 0 0 1 0 0 1 0 0 1 0 0 1 0 0 1 0 0 1 0 0 1 0 0 1 0 0 1 0 0 1 0 0 1 0 0 1 0 0 1 0 0 1 0 0 1 0 0 1 0 0 1 0 0 1 0</float_array>
          <technique_common>
            <accessor count="300" source="#ID122" stride="3">
              <param name="X" type="float"/>
              <param name="Y" type="float"/>
              <param name="Z" type="float"/>
            </accessor>
          </technique_common>
        </source>
        <vertices id="ID123">
          <input semantic="POSITION" source="#ID119"/>
          <input semantic="NORMAL" source="#ID121"/>
        </vertices>
        <triangles count="300" material="ID16">
          <input offset="0" semantic="VERTEX" source="#ID123"/>
          <p>0 2 1 3 5 4 3 6 5 7 9 8 6 11 10 12 11 13 12 10 11 12 13 14 14 13 15 14 15 16 17 18 16 15 17 16 19 18 20 20 18 17 21 19 20 21 22 19 21 23 22 24 23 25 6 10 5 24 22 23 25 26 24 27 4 28 4 27 3 28 30 29 29 27 28 31 32 30 29 30 32 33 31 34 31 33 32 34 36 35 35 33 34 37 38 36 35 36 38 39 37 40 37 39 38 40 42 41 41 39 40 43 44 42 41 42 44 45 47 46 43 0 44 48 49 9 7 8 50 51 53 52 54 56 55 57 59 58 60 62 61 63 65 64 66 68 67 69 63 70 63 69 65 70 72 71 71 69 70 73 74 72 71 72 74 75 73 26 73 75 74 25 75 26 48 56 54 64 68 66 64 65 68 1 46 47 57 58 67 66 67 58 59 57 60 62 53 61 60 61 59 52 53 62 56 51 55 55 51 52 8 9 49 48 54 49 50 47 45 7 50 45 43 2 0 1 2 46 76 78 77 79 81 80 82 83 81 84 79 80 85 83 86 87 88 84 89 85 90 91 93 92 89 95 94 96 98 97 99 76 94 92 93 88 100 102 101 103 105 104 106 108 107 109 111 110 112 114 113 115 117 116 118 120 119 121 118 122 123 124 113 124 125 120 126 121 127 112 129 128 126 130 115 131 116 132 129 108 133 134 135 107 136 110 131 111 138 137 104 139 134 140 103 141 142 137 143 144 146 145 147 141 101 77 148 100 144 145 149 145 150 149 142 143 146 144 142 146 137 138 143 111 109 138 110 136 109 131 132 136 116 117 132 115 130 117 126 127 130 121 122 127 118 119 122 120 125 119 124 123 125 113 114 123 112 128 114 129 133 128 108 106 133 107 135 106 134 139 135 104 105 139 103 140 105 141 147 140 101 102 147 100 148 102 77 78 148 76 99 78 94 95 99 89 90 95 85 86 90 83 82 86 81 79 82 80 87 84 87 92 88 93 91 96 91 98 96 145 97 150 98 150 97 151 153 152 154 156 155 157 159 158 160 162 161 163 165 164 166 168 167 169 171 170 172 174 173 175 177 176 178 180 179 181 183 182 184 186 185 187 189 188 190 192 191 193 195 194 196 198 197 199 201 200 202 204 203 205 207 206 208 207 209 205 211 210 211 205 206 212 213 210 210 211 212 214 213 215 212 215 213 214 217 216 217 214 215 218 219 216 216 217 218 220 219 221 218 221 219 220 223 222 223 220 221 224 155 222 222 223 224 208 209 200 224 154 155 207 208 206 202 201 199 199 200 209 195 203 204 203 201 202 193 194 197 195 204 194 198 196 187 193 197 198 189 192 188 196 189 187 191 182 190 192 190 188 184 183 181 181 182 191 177 185 186 185 183 184 175 176 179 177 186 176 180 178 169 175 179 180 171 174 170 178 171 169 173 164 172 174 172 170 166 165 163 163 164 173 159 167 168 167 165 166 157 158 160 159 168 158 161 162 152 157 160 161 151 156 153 162 151 152 154 153 156 225 227 226 228 230 229 231 233 232 231 234 233 235 236 232 232 236 231 237 238 235 235 238 236 229 230 237 237 230 238 239 240 228 229 239 228 241 242 240 239 241 240 243 244 242 241 243 242 245 246 244 243 245 244 247 248 246 245 247 246 249 250 248 247 249 248 251 252 250 249 251 250 253 254 252 251 253 252 255 256 254 253 255 254 257 258 256 255 257 256 259 260 258 257 259 258 261 262 260 259 261 260 263 264 262 261 263 262 265 266 264 263 265 264 267 268 266 265 267 266 269 270 268 267 269 268 271 272 270 269 271 270 273 274 272 271 273 272 275 276 274 273 275 274 277 278 276 275 277 276 279 280 278 277 279 278 281 282 280 279 281 280 283 284 282 281 283 282 285 286 284 283 285 284 287 288 286 285 287 286 289 290 288 287 289 288 291 292 290 289 291 290 293 294 292 291 293 292 295 296 294 293 295 294 297 298 296 295 297 296 299 225 298 297 299 298 299 227 225 231 226 234 227 234 226</p>
        </triangles>
      </mesh>
    </geometry>
    <geometry id="ID124">
      <mesh>
        <source id="ID125">
          <float_array count="4428" id="ID126">-3.55271e-18 0.0387279 0.0119459 -0.005588 0.0387279 0.0119459 -0.005588 0.0442125 0.00484823 -3.55271e-18 0.0442125 0.00484823 -0.00649201 0.0442137 9.25908e-05 -0.00621711 0.0442143 3.7093e-05 -0.00591301 0.0442141 5.5474e-06 -0.005588 0.0442125 4.44089e-19 -0.00673528 0.0442125 0.000171439 0 0.0442125 4.44089e-19 -0.005588 0.0442125 0.00484823 -3.55271e-18 0.0442125 0.00484823 -0.00673528 0.0442125 0.00458109 -0.00592372 0.0442136 0.00483703 -0.00646432 0.0442126 0.00471474 -0.00618464 0.0442125 0.00480005 0 0.0442125 4.44089e-19 -0.005588 0.0442125 4.44089e-19 -0.005588 0.0330413 -0.00355999 3.55271e-18 0.0330413 -0.00355999 -0.008128 0.0357752 0.0112009 -0.008128 0.0355569 0.0112405 -0.008128 0.0353349 0.0112445 -0.008128 0.0322701 -0.00113991 -0.008128 0.0419109 0.0019324 -0.008128 0.0419109 0.00367268 -0.008128 0.0342502 0.0105683 -0.008128 0.0364978 0.0107121 -0.008128 0.0343764 0.0107509 -0.008128 0.0351153 0.0112129 -0.008128 0.0349044 0.0111458 -0.008128 0.0347079 0.0110439 -0.008128 0.0359838 0.0111258 -0.008128 0.0345304 0.0109108 -0.008128 0.0361771 0.0110168 -0.008128 0.0363501 0.0108777 -0.008128 0.0366163 0.0105245 -0.008128 0.0315341 0.00931505 -0.008128 0.0305496 0.00907259 -0.008128 0.0327291 0.0094559 -0.008128 0.0341561 0.0103676 -0.008128 0.0340967 0.0101538 -0.008128 0.034073 0.00993309 -0.008128 0.0341349 0.00949512 -0.008128 0.0340858 0.00971153 -0.008128 0.0292175 0.00866292 -0.008128 0.0277622 0.00816663 -0.008128 0.0263529 0.00768489 -0.008128 0.0252169 0.00732176 -0.008128 0.0241448 0.0070077 -0.008128 0.0229075 -0.000636421 -0.008128 0.0229075 0.0066798 -0.005588 0.0296158 0.0114375 -1.0704e-17 0.0297095 0.0114492 -8.96305e-18 0.0273517 0.0107707 -5.30788e-18 0.0226707 0.00926752 -4.67498e-18 0.0202728 0.00874634 -0.00477913 0.0206638 0.00879205 -0.005588 0.0321142 0.0119459 -1.24345e-17 0.0321142 0.0119459 -0.005588 0.0271899 0.0106365 -7.19716e-18 0.02503 0.0099514 -0.005588 0.0247612 0.00984503 -0.00378763 0.0171626 0.00838108 -0.00417282 0.0189429 0.00852782 -4.83282e-18 0.0178358 0.00843368 -0.005588 0.0223034 0.00914692 -0.00363764 0.0153728 0.00837039 0 0.0153728 0.00836728 -0.005588 0.0383693 0.0124359 -0.005588 0.0387279 0.0119459 -3.55271e-18 0.0387279 0.0119459 -0.005588 0.0369038 0.0134951 -0.005588 0.0374454 0.0132202 0 0.0373139 0.0132969 -0.005588 0.037938 0.0128641 0 0.0383355 0.0124743 0 0.0378597 0.012929 0 0.0354211 0.0137887 -0.005588 0.0351172 0.0137728 -0.005588 0.0357251 0.0137729 0 0.0367139 0.0135675 0 0.0360769 0.013733 -0.005588 0.0363257 0.0136803 0 0.0341282 0.0135675 0 0.0335282 0.0132969 -0.005588 0.0339398 0.0134955 -0.005588 0.034517 0.0136803 0 0.0347653 0.013733 0 0.0329825 0.012929 -0.005588 0.0329088 0.012863 -0.005588 0.0333999 0.0132201 -0.005588 0.0324773 0.0124348 0 0.0325066 0.0124743 -1.24345e-17 0.0321142 0.0119459 -0.005588 0.0321142 0.0119459 -0.005588 0.0321337 -0.00367624 -0.005588 0.0227711 -0.00317276 -0.00455182 0.0203721 -0.00304374 -3.55271e-18 0.0321337 -0.00367624 -3.55271e-18 0.0152416 -0.00276785 -0.00389702 0.0178422 -0.00290769 -0.00363933 0.0152415 -0.00276796 -0.005588 0.00842651 -0.00734585 -0.005588 0.00477855 -0.009351 0 0.00783322 -0.00771798 0 0.0115901 -0.00531891 -0.00462333 0.0107073 -0.00589969 -3.55271e-18 0.0152416 -0.00276785 -0.00399314 0.012992 -0.00434923 -0.00363933 0.0152415 -0.00276796 -0.00368053 0.0152416 -0.00276822 0 0.00387681 -0.00977738 -0.005588 0.000913414 -0.0109199 0 -0.000302603 -0.0113155 -0.005588 -0.00327727 -0.0120328 0 -0.00464715 -0.0122699 -0.005588 -0.00802569 -0.0126471 0 -0.00907437 -0.0127123 -0.005588 -0.0135331 -0.0127263 -1.77636e-17 -0.0135331 -0.0127263 -0.00812524 -0.0135332 0.00728018 -0.00809902 -0.0135334 0.00757379 -0.00804544 -0.0135337 0.00786389 -0.00812533 -0.0135332 -0.0104808 -0.00804524 -0.0135341 -0.011065 -0.00809841 -0.0135336 -0.0107741 -0.008128 -0.0135331 0.00698518 -0.00796015 -0.0135341 0.00814634 -0.00784042 -0.0135342 0.00841605 -0.00768431 -0.0135338 0.00866605 -0.00749223 -0.0135333 0.00888918 -0.00726874 -0.0135332 0.00908105 -0.00674916 -0.0135337 0.00935765 -0.00701874 -0.0135334 0.00923756 -0.006467 -0.0135337 0.00944395 -0.00617692 -0.0135336 0.00949782 -0.00588291 -0.0135333 0.00952224 -0.005588 -0.0135331 0.00952613 -0.005588 -0.0135331 -0.0127263 -0.00588291 -0.0135334 -0.012723 -0.008128 -0.0135331 -0.0101855 -0.00768301 -0.0135341 -0.011867 -0.00783751 -0.0135347 -0.0116162 -0.00795793 -0.0135346 -0.011347 -0.00749236 -0.0135333 -0.0120915 -0.00701768 -0.0135336 -0.0124381 -0.00726818 -0.0135333 -0.0122827 -0.00646647 -0.0135339 -0.0126441 -0.00674844 -0.0135338 -0.0125582 -0.00617663 -0.0135337 -0.0126976 -1.77636e-17 -0.0135331 -0.0127263 0 -0.0135331 0.00952613 -0.00471922 0.00908449 0.00821649 -0.00409869 0.0110515 0.00820933 0 0.00447503 0.00856951 -0.005588 -0.000479182 0.00874383 -0.005588 0.00719955 0.00826414 -0.005588 -0.00754838 0.00932281 0 -0.00507157 0.00895645 0 -0.0135331 0.00952613 -0.005588 -0.0135331 0.00952613 -1.77636e-18 0.0151067 0.00836531 -0.00373474 0.013081 0.00825554 -0.00363764 0.0151067 0.00836531 -0.008128 -0.00664441 0.00670837 -0.008128 -0.0135331 0.00698518 -0.008128 -0.00920739 -0.0101734 -0.008128 0.0071114 -0.00517281 -0.008128 0.000228193 0.00613889 -0.008128 0.00330853 -0.00722987 -0.008128 0.0071114 0.00572567 -0.008128 -0.000708337 -0.00878711 -0.008128 -0.00492094 -0.00975174 -0.008128 -0.0135331 -0.0101855 0 0.0378597 0.012929 0 0.0325066 0.0124743 0 0.0329825 0.012929 -1.0704e-17 0.0297095 0.0114492 -3.55271e-18 0.0442125 0.00484823 -8.96305e-18 0.0273517 0.0107707 -1.24345e-17 0.0321142 0.0119459 0 0.0383355 0.0124743 -3.55271e-18 0.0387279 0.0119459 0 -0.00507157 0.00895645 0 0.00447503 0.00856951 0 0.0115901 -0.00531891 -3.55271e-18 0.0321337 -0.00367624 -1.07139e-17 0.0327667 -0.00363138 -1.06538e-17 0.0324174 -0.00367611 0 0.0341282 0.0135675 0 0.0347653 0.013733 0 0.0360769 0.013733 0 0.0373139 0.0132969 0 0.00783322 -0.00771798 -3.55271e-18 0.0152416 -0.00276785 -1.77636e-17 -0.0135331 -0.0127263 0 0.00387681 -0.00977738 0 -0.000302603 -0.0113155 0 -0.00907437 -0.0127123 0 -0.0135331 0.00952613 0 -0.00464715 -0.0122699 0 0.0367139 0.0135675 0 0.0354211 0.0137887 -1.77636e-18 0.0151067 0.00836531 0 0.0153728 0.00836728 -4.83282e-18 0.0178358 0.00843368 -4.67498e-18 0.0202728 0.00874634 -5.30788e-18 0.0226707 0.00926752 3.55271e-18 0.0330413 -0.00355999 0 0.0442125 4.44089e-19 -7.19716e-18 0.02503 0.0099514 0 0.0335282 0.0132969 -0.00709657 0.00993905 0.00567551 -0.00783538 0.00829499 -0.00517281 -0.00694419 0.0103671 -0.00362044 -0.00618201 0.0145714 -0.000183984 -0.0061773 0.0152464 0.0058318 -0.00626003 0.0134474 0.0057183 -0.0064005 0.0124696 -0.00192939 -0.00656759 0.0116734 0.00566776 -0.00783538 0.0217239 -0.000636421 -0.00714773 0.020213 0.00629524 -0.00686547 0.0194481 -0.000491434 -0.00663227 0.0186093 0.00600572 -0.00783538 0.0217239 0.0066798 -0.00632211 0.0170386 -0.000339273 -0.00630481 0.0169366 0.00584362 -0.00783538 0.00829499 0.00572567 -0.00728306 0.0438026 0.000346217 -0.00696755 0.044056 0.000225774 -0.00706391 0.0439854 0.0046298 -0.00728306 0.0438026 0.00463567 -0.00673528 0.0442125 0.000171439 -0.00673528 0.0442125 0.00458109 -0.00710811 -0.00647421 0.00890315 -0.00681285 0.000412595 0.0084784 -0.00681285 -0.00646297 0.00904812 -0.00809801 -0.00659798 0.00730717 -0.00804544 -0.0135337 0.00786389 -0.00809902 -0.0135334 0.00757379 -0.00650171 0.000420638 0.00858044 -0.00650171 -0.00645506 0.00915016 -0.00710811 0.00040117 0.00833345 -0.00710908 0.00718753 0.0079245 -0.0061886 0.000425422 0.00864113 -0.0061886 -0.00645035 0.00921087 -0.00588348 -0.00644835 0.00923661 -0.00588348 0.000427451 0.00866688 -0.00607513 0.00719957 0.00824841 -0.00583196 0.00719976 0.00826242 -0.00633621 0.00719773 0.00821043 -0.005588 0.00719955 0.00826414 -0.005588 -0.000479182 0.00874383 -0.005588 -0.00754838 0.00932281 -0.0073155 0.00718274 0.00778494 -0.00737404 0.000386443 0.00814662 -0.00588291 -0.0135333 0.00952224 -0.005588 -0.0135331 0.00952613 -0.00760196 0.000368535 0.00791941 -0.00749294 0.00717751 0.00762946 -0.00737404 -0.0064887 0.0087163 -0.00778937 -0.00652689 0.00822393 -0.00778937 0.000347639 0.0076543 -0.00760196 -0.00650632 0.00848907 -0.00793478 -0.00654971 0.00792955 -0.00793478 0.000324437 0.00735995 -0.00789257 0.00716216 0.00704702 -0.00777652 0.00716775 0.00726631 -0.00803712 -0.00657377 0.00761934 -0.00803712 0.000299989 0.00704977 -0.00798703 0.00715508 0.00680785 -0.00809801 0.000275386 0.00673763 -0.0080577 0.00714585 0.0065522 -0.008128 0.000228193 0.00613889 -0.00812383 0.000251411 0.00643346 -0.008128 -0.00664441 0.00670837 -0.0081021 0.00713446 0.0062845 -0.0081251 0.00712279 0.00600862 -0.008128 0.0071114 0.00572567 -0.00812383 -0.00662157 0.00700297 -0.00812524 -0.0135332 0.00728018 -0.008128 -0.0135331 0.00698518 -0.00796015 -0.0135341 0.00814634 -0.00784042 -0.0135342 0.00841605 -0.00768431 -0.0135338 0.00866605 -0.00749223 -0.0135333 0.00888918 -0.007642 0.0071726 0.00746141 -0.00726874 -0.0135332 0.00908105 -0.00701874 -0.0135334 0.00923756 -0.00674916 -0.0135337 0.00935765 -0.006467 -0.0135337 0.00944395 -0.00660648 0.00719468 0.0081438 -0.00687217 0.0071914 0.00804562 -0.00617692 -0.0135336 0.00949782 -0.00805502 0.00772191 0.00573232 -0.00801338 0.00786977 -0.00517703 -0.00796332 0.008014 0.00573058 -0.008128 0.0071114 0.00572567 -0.008128 0.0071114 -0.00517281 -0.00812383 0.00726631 -0.00517325 -0.00808733 0.00757128 -0.00517473 -0.00811032 0.00741984 0.00573079 -0.00811026 0.00741961 -0.00517389 -0.00805503 0.00772133 -0.00517578 -0.00796285 0.00801497 -0.00517705 -0.00790358 0.00815652 -0.00517547 -0.00783538 0.00829499 0.00572567 -0.00783538 0.00829499 -0.00517281 -0.00793478 -0.00915154 -0.011397 -0.00783751 -0.0135347 -0.0116162 -0.00778937 -0.00913807 -0.011692 -0.005588 0.000913414 -0.0109199 -0.00588348 -0.00452545 -0.0122566 -0.005588 -0.00327727 -0.0120328 -0.00803712 -0.000440745 -0.00966076 -0.00803712 0.00369703 -0.00805692 -0.00809801 -0.000532443 -0.00936138 -0.00778937 -0.000263152 -0.0102406 -0.00760196 -0.00018527 -0.0104948 -0.00760196 0.00406793 -0.00884651 -0.00803712 -0.00916573 -0.0110862 -0.00795793 -0.0135346 -0.011347 -0.00778937 0.00395486 -0.0086058 -0.00793478 -0.000349624 -0.00995825 -0.00804593 0.00756864 -0.00592386 -0.00809801 0.0035639 -0.00777351 -0.008128 0.00330853 -0.00722987 -0.00812503 0.00726518 -0.00542453 -0.008128 0.0071114 -0.00517281 -0.00793478 0.00382932 -0.00833854 -0.00810004 0.00741823 -0.00567578 -0.00812383 0.00343417 -0.00749733 -0.00812383 -0.00487485 -0.0100436 -0.008128 -0.00492094 -0.00975174 -0.008128 -0.00920739 -0.0101734 -0.00809801 -0.00918 -0.0107734 -0.00804524 -0.0135341 -0.011065 -0.00812383 -0.00919392 -0.0104686 -0.00809801 -0.00482727 -0.010345 -0.00737404 0.00416483 -0.00905281 -0.00737404 -0.000118522 -0.0107128 -0.008128 -0.0135331 -0.0101855 -0.00710811 -6.36354e-05 -0.010892 -0.00710811 0.00424452 -0.00922245 -0.00768301 -0.0135341 -0.011867 -0.00760196 -0.00912595 -0.0119577 -0.00749236 -0.0135333 -0.0120915 -0.00737404 -0.00911555 -0.0121853 -0.00681285 0.00430634 -0.00935406 -0.00681285 -2.10524e-05 -0.011031 -0.00650171 8.9221e-06 -0.0111289 -0.00650171 0.00434986 -0.0094467 -0.00710811 -0.00910701 -0.0123726 -0.00726818 -0.0135333 -0.0122827 -0.00674844 -0.0135338 -0.0125582 -0.00650171 -0.00909571 -0.0126201 -0.00681285 -0.00910038 -0.0125178 -0.00701768 -0.0135336 -0.0124381 -0.0061886 -0.00909293 -0.0126809 -0.00646647 -0.0135339 -0.0126441 -0.00588348 0.00438672 -0.00952519 -0.0061886 0.00437574 -0.00950181 -0.0061886 2.6753e-05 -0.0111871 -0.00588348 3.43154e-05 -0.0112118 -0.005588 0.00477855 -0.009351 -0.00588291 -0.0135334 -0.012723 -0.005588 -0.0135331 -0.0127263 -0.005588 -0.00802569 -0.0126471 -0.005588 0.00842651 -0.00734585 -0.00588348 -0.00909176 -0.0127067 -0.00617663 -0.0135337 -0.0126976 -0.00812533 -0.0135332 -0.0104808 -0.0061886 -0.00452947 -0.0122311 -0.00588307 0.00842478 -0.00734355 -0.00617628 0.00841079 -0.00732069 -0.00650171 -0.00453897 -0.012171 -0.00646613 0.00838336 -0.00727519 -0.00681285 -0.00455493 -0.0120699 -0.00674866 0.00833983 -0.00720239 -0.00710811 -0.00457761 -0.0119262 -0.00701822 0.00827832 -0.0070994 -0.00737404 -0.00460684 -0.0117411 -0.00726845 0.0081977 -0.00696639 -0.00749248 0.00809835 -0.00680303 -0.00760196 -0.00464238 -0.011516 -0.00768357 0.00798208 -0.00661084 -0.00778937 -0.00468386 -0.0112533 -0.00783945 0.00785293 -0.00639568 -0.00793478 -0.00472991 -0.0109616 -0.00795962 0.00771429 -0.0061652 -0.00803712 -0.00477843 -0.0106543 -0.00809841 -0.0135336 -0.0107741 -0.00812383 -0.0006218 -0.00906964 -0.008128 -0.000708337 -0.00878711 -0.00782873 0.0431268 0.000797415 -0.00767076 0.0433761 0.000615803 -0.00781689 0.0431487 0.00447725 -0.00765134 0.0434032 0.00456134 -0.00795676 0.0428549 0.00435998 -0.00748709 0.0436012 0.00046488 -0.00747029 0.0436197 0.00461303 -0.00728306 0.0438026 0.00463567 -0.00728306 0.0438026 0.000346217 -0.0079563 0.0428572 0.00100619 -0.00805086 0.0425583 0.00124782 -0.00809855 0.0423427 0.00143673 -0.00805466 0.042556 0.00422146 -0.00810103 0.0423282 0.00408833 -0.00812204 0.0421344 0.0016567 -0.00812277 0.0421241 0.00391606 -0.008128 0.0419109 0.0019324 -0.008128 0.0419109 0.00367268 -0.00558677 0.0324406 -0.00367464 -1.06538e-17 0.0324174 -0.00367611 -0.00558672 0.0327439 -0.0036358 -3.55271e-18 0.0321337 -0.00367624 -0.005588 0.0321337 -0.00367624 -1.07139e-17 0.0327667 -0.00363138 -0.005588 0.0330413 -0.00355999 3.55271e-18 0.0330413 -0.00355999 -0.00591301 0.0442141 5.5474e-06 -0.00621711 0.0442143 3.7093e-05 -0.00622203 0.0330302 -0.00352758 -0.00683402 0.0329795 -0.00336833 -0.00653321 0.0330105 -0.00346601 -0.00673528 0.0442125 0.000171439 -0.0059056 0.0330396 -0.00355611 -0.005588 0.0442125 4.44089e-19 -0.005588 0.0330413 -0.00355999 -0.00649201 0.0442137 9.25908e-05 -0.00737613 0.0328809 -0.00305687 -0.00728306 0.0438026 0.000346217 -0.00748709 0.0436012 0.00046488 -0.00696755 0.044056 0.000225774 -0.00711771 0.0329365 -0.00323207 -0.0079563 0.0428572 0.00100619 -0.00802908 0.0325549 -0.00204002 -0.00792753 0.0326457 -0.00232685 -0.00767076 0.0433761 0.000615803 -0.00778514 0.0327322 -0.0025975 -0.00760138 0.0328125 -0.00284454 -0.00812204 0.0421344 0.0016567 -0.00809255 0.0324613 -0.00174368 -0.00809855 0.0423427 0.00143673 -0.00805086 0.0425583 0.00124782 -0.00812403 0.0323661 -0.00144283 -0.008128 0.0419109 0.0019324 -0.008128 0.0322701 -0.00113991 -0.00782873 0.0431268 0.000797415 -0.00795676 0.0428549 0.00435998 -0.00796137 0.0375864 0.0111659 -0.00804691 0.0373513 0.0110087 -0.00726976 0.0383619 0.0116925 -0.00706391 0.0439854 0.0046298 -0.00701917 0.0384905 0.0117805 -0.00673528 0.0442125 0.00458109 -0.0081004 0.0371093 0.010848 -0.00805466 0.042556 0.00422146 -0.00812277 0.0421241 0.00391606 -0.00810103 0.0423282 0.00408833 -0.008128 0.0419109 0.00367268 -0.00812466 0.0368635 0.0106859 -0.008128 0.0366163 0.0105245 -0.0078404 0.0378098 0.0113163 -0.00768441 0.0380171 0.0114568 -0.00781689 0.0431487 0.00447725 -0.00765134 0.0434032 0.00456134 -0.00749384 0.0382034 0.0115841 -0.00747029 0.0436197 0.00461303 -0.00646747 0.0386609 0.0118976 -0.00674972 0.0385898 0.0118486 -0.00728306 0.0438026 0.00463567 -0.00588317 0.038725 0.011943 -0.00617725 0.0387045 0.0119282 -0.00592372 0.0442136 0.00483703 -0.00618464 0.0442125 0.00480005 -0.005588 0.0442125 0.00484823 -0.005588 0.0387279 0.0119459 -0.00646432 0.0442126 0.00471474 0 0.0153728 0.00836728 -0.00363764 0.0151067 0.00836531 -0.00363764 0.0153728 0.00837039 -1.77636e-18 0.0151067 0.00836531 -0.00583312 0.0151452 0.00735813 -0.00564742 0.0151283 0.00761474 -0.00574201 0.0133276 0.00750725 -0.00525071 0.0132585 0.007922 -0.00516409 0.0151066 0.00802162 -0.00495654 0.0132211 0.00806669 -0.00586017 0.00951034 0.00801795 -0.00613601 0.00961179 0.00787171 -0.00557946 0.0114079 0.00787316 -0.00464635 0.0131835 0.00816811 -0.0048803 0.0151014 0.00816366 -0.00671647 0.00778504 0.00802466 -0.00457985 0.0150992 0.00826605 -0.00433405 0.0131473 0.00822792 -0.00556982 0.00940278 0.0081214 -0.00647834 0.00766363 0.00812906 -0.00468368 0.0111914 0.00818055 -0.00499393 0.00918767 0.00821081 -0.00527796 0.00929402 0.00818357 -0.00623771 0.00753961 0.00819901 -0.00402962 0.0131132 0.00825257 -0.00426903 0.0150995 0.0083305 -0.00395298 0.0151022 0.00836018 -0.00373474 0.013081 0.00825554 -0.00363764 0.0151067 0.00836531 -0.00471922 0.00908449 0.00821649 -0.00438645 0.0111202 0.00820577 -0.00409869 0.0110515 0.00820933 -0.005588 0.00719955 0.00826414 -0.00580069 0.00731232 0.00825863 -0.00725571 0.00805512 0.00760939 -0.00659811 0.00977913 0.00745585 -0.00638469 0.0097024 0.00768382 -0.00583835 0.0114714 0.00768587 -0.00597596 0.0151634 0.00707474 -0.00592802 0.0133578 0.00724117 -0.00677395 0.00984118 0.00719032 -0.00738899 0.00811848 0.00744028 -0.00750845 0.00817285 0.00724769 -0.0069108 0.00988812 0.00689589 -0.00607196 0.0133846 0.00694549 -0.00607728 0.0151827 0.00677426 -0.0061773 0.0152464 0.0058318 -0.00617284 0.0152243 0.00614851 -0.00625689 0.0134398 0.00601377 -0.00614193 0.015203 0.0064636 -0.00617286 0.0134073 0.00663371 -0.00700763 0.00991978 0.00658593 -0.00648249 0.0116347 0.00658472 -0.00638336 0.0116083 0.00689626 -0.00623236 0.0134256 0.0063198 -0.00626003 0.0134474 0.0057183 -0.00656577 0.0116599 0.00596548 -0.00656759 0.0116734 0.00566776 -0.00709143 0.00994187 0.00597067 -0.00654121 0.0116514 0.00627114 -0.00709657 0.00993905 0.00567551 -0.00782968 0.00829986 0.00600393 -0.00783538 0.00829499 0.00572567 -0.00776525 0.00827996 0.0065404 -0.00706587 0.00993691 0.00627424 -0.00780798 0.00829512 0.00627648 -0.00542226 0.0151152 0.00783743 -0.00601602 0.00742495 0.00823812 -0.00498874 0.0112648 0.0081202 -0.00529186 0.011338 0.00801828 -0.00551542 0.0132943 0.00773502 -0.00693249 0.00789425 0.00789716 -0.00711002 0.00798315 0.00775681 -0.00606008 0.0115263 0.00745792 -0.00624223 0.0115721 0.00719182 -0.00761387 0.00821856 0.00703008 -0.00770053 0.00825437 0.00679229 -0.00596238 0.0131987 -0.00308358 -0.00661601 0.0108438 -0.00450654 -0.00645604 0.0109415 -0.0047357 -0.00477787 0.0110083 -0.00569615 -0.00399314 0.012992 -0.00434923 -0.00416472 0.0135076 -0.00398536 -0.00611994 0.0130638 -0.00285043 -0.00597788 0.0148855 -0.00143948 -0.00623973 0.0129164 -0.00260914 -0.0075913 0.00858232 -0.00586505 -0.0067431 0.0107313 -0.00427196 -0.0060646 0.0148213 -0.00119206 -0.00632183 0.0127646 -0.00237112 -0.00683643 0.0106107 -0.00404256 -0.00637127 0.0126147 -0.00214429 -0.00689981 0.0104881 -0.00382543 -0.0064005 0.0124696 -0.00192939 -0.00694419 0.0103671 -0.00362044 -0.00616189 0.0146946 -0.000689137 -0.00618201 0.0145714 -0.000183984 -0.00617797 0.0146328 -0.000437895 -0.00783538 0.00829499 -0.00517281 -0.00576954 0.0133138 -0.00329753 -0.00586945 0.0149467 -0.00166973 -0.0074655 0.0086502 -0.0060864 -0.00626629 0.0110186 -0.00494898 -0.00554402 0.0134048 -0.00348528 -0.00528869 0.0134708 -0.00364503 -0.00604961 0.0110715 -0.00513968 -0.00695873 0.00874392 -0.00668032 -0.00580866 0.0110999 -0.00530592 -0.00518271 0.015151 -0.00240826 -0.0049475 0.0151857 -0.00253296 -0.00501154 0.0135123 -0.00377533 -0.00555068 0.011105 -0.00544582 -0.00472451 0.0135304 -0.00387466 -0.00443955 0.0135274 -0.0039433 -0.00528643 0.0110891 -0.00555717 -0.00502655 0.0110553 -0.0056395 -0.00368053 0.0152416 -0.00276822 -0.005829 0.0085162 -0.00728598 -0.00462333 0.0107073 -0.00589969 -0.005588 0.00842651 -0.00734585 -0.00606814 0.00859363 -0.00720864 -0.00394785 0.01524 -0.00276325 -0.0063053 0.00865623 -0.0071097 -0.00446444 0.015227 -0.00269757 -0.0042054 0.0152357 -0.00274182 -0.00653487 0.00870176 -0.0069882 -0.00471335 0.0152113 -0.00262814 -0.00675323 0.00873012 -0.00684438 -0.00714783 0.00873401 -0.00649734 -0.00558103 0.0150602 -0.00208065 -0.00539309 0.0151093 -0.00225789 -0.00731729 0.00870141 -0.00629821 -0.00574242 0.0150042 -0.00188059 -0.00769386 0.00849906 -0.00563713 -0.00777428 0.00840244 -0.00540563 -0.00612546 0.0147577 -0.00094196 -0.00737404 0.0341327 0.013006 -0.00760196 0.0347104 0.0129515 -0.00737404 0.0346587 0.0131734 -0.00681285 0.0340052 0.0133134 -0.00710811 0.0340609 0.0131791 -0.00710811 0.0346162 0.0133558 -0.00650171 0.0364184 0.0135634 -0.0061886 0.0358096 0.0137354 -0.00650171 0.0358035 0.0136749 -0.00588348 0.0351728 0.0137725 -0.0061886 0.0351744 0.0137467 -0.00681285 0.0363915 0.0134647 -0.00681285 0.0369631 0.0132586 -0.00681285 0.0357932 0.0135732 -0.00737404 0.0373062 0.0126844 -0.00710811 0.0369024 0.0131265 -0.00737404 0.0368242 0.0129561 -0.00710811 0.0363533 0.0133244 -0.00737404 0.0363041 0.0131436 -0.00778937 0.0366181 0.0125073 -0.00793478 0.0368638 0.012031 -0.00778937 0.0370293 0.0122755 -0.00760196 0.0371784 0.0124957 -0.00760196 0.0367291 0.012749 -0.00803712 0.0363651 0.0119562 -0.00809801 0.0365138 0.0115141 -0.00803712 0.0366893 0.0117734 -0.00809801 0.0369774 0.0110737 -0.00804691 0.0373513 0.0110087 -0.00803712 0.0372274 0.0112622 -0.00812383 0.0365536 0.0110918 -0.00812383 0.0367338 0.01089 -0.00809801 0.0367638 0.011313 -0.00812466 0.0368635 0.0106859 -0.008128 0.0366163 0.0105245 -0.00737404 0.0336427 0.0127519 -0.00710811 0.0335436 0.0129109 -0.008128 0.0364978 0.0107121 -0.00760196 0.0329928 0.0118776 -0.00778937 0.0331988 0.0117098 -0.00778937 0.0335264 0.01205 -0.00737404 0.0332002 0.0124202 -0.00737404 0.0328162 0.0120213 -0.00760196 0.0333508 0.0122493 -0.00778937 0.0329303 0.0113216 -0.00793478 0.0334275 0.0115235 -0.00793478 0.0331867 0.0111753 -0.00803712 0.0334568 0.0110211 -0.00803712 0.0336686 0.0113273 -0.00803712 0.0332989 0.0106843 -0.00809801 0.0335927 0.0105758 -0.00809801 0.0337287 0.0108659 -0.00793478 0.0330071 0.0107922 -0.00809801 0.0335068 0.0102668 -0.00810996 0.0335684 0.00997502 -0.00812383 0.0338065 0.0102094 -0.00809801 0.0339111 0.0111297 -0.00812383 0.0337776 0.0099403 -0.00812383 0.0338789 0.01047 -0.00812766 0.0339488 0.00963457 -0.008128 0.0340858 0.00971153 -0.00812352 0.0337602 0.0097936 -0.008128 0.034073 0.00993309 -0.00650171 0.0351783 0.013686 -0.008128 0.0341349 0.00949512 -0.005588 0.0351172 0.0137728 -0.00588348 0.0345404 0.0136814 -0.00650171 0.033966 0.013408 -0.00681285 0.0345833 0.0134974 -0.00588348 0.0358122 0.0137611 -0.0061886 0.0364344 0.0136221 -0.00650171 0.0345601 0.013597 -0.0061886 0.0339427 0.0134642 -0.005588 0.034517 0.0136803 -0.005588 0.0339398 0.0134955 -0.005588 0.0357251 0.0137729 -0.00588348 0.0339328 0.0134881 -0.00588348 0.0333667 0.0131946 -0.005588 0.0333999 0.0132201 -0.005588 0.0329088 0.012863 -0.005588 0.0324773 0.0124348 -0.00588348 0.0328555 0.0128113 -0.005588 0.0363257 0.0136803 -0.00588348 0.0364412 0.013647 -0.00588348 0.0324119 0.0123506 -0.005588 0.0321142 0.0119459 -0.00588348 0.0385227 0.0122388 -0.005588 0.0383693 0.0124359 -0.00588348 0.038097 0.0127158 -0.00650171 0.0370058 0.0133517 -0.005588 0.0369038 0.0134951 -0.00588348 0.037042 0.0134305 -0.005588 0.0374454 0.0132202 -0.00588348 0.0375987 0.0131166 -0.005588 0.037938 0.0128641 -0.00681285 0.0379668 0.0125788 -0.00681285 0.0374927 0.01296 -0.00710811 0.0378666 0.0124734 -0.00588317 0.038725 0.011943 -0.005588 0.0387279 0.0119459 -0.00617725 0.0387045 0.0119282 -0.00726976 0.0383619 0.0116925 -0.00701917 0.0384905 0.0117805 -0.00710811 0.0382556 0.0120375 -0.0061886 0.038502 0.0122233 -0.00650171 0.0384534 0.0121866 -0.00646747 0.0386609 0.0118976 -0.0061886 0.0380792 0.0126971 -0.0061886 0.0370312 0.013407 -0.0061886 0.0375843 0.0130952 -0.0061886 0.0345463 0.0136563 -0.0061886 0.0333803 0.0131727 -0.0061886 0.0328726 0.0127919 -0.00589998 0.0321199 0.0119411 -0.0061886 0.0324319 0.0123343 -0.00681285 0.0383717 0.012125 -0.00674972 0.0385898 0.0118486 -0.00650171 0.0380373 0.0126529 -0.00650171 0.0375501 0.0130448 -0.00681285 0.0351848 0.013584 -0.00650171 0.0334125 0.013121 -0.00681285 0.0334667 0.0130342 -0.00650171 0.0324791 0.0122959 -0.00650171 0.0329128 0.0127463 -0.00635223 0.0321491 0.0118896 -0.00613783 0.0321297 0.0119239 -0.00760196 0.0342201 0.0127955 -0.00778937 0.0343219 0.0125499 -0.00778937 0.0347707 0.0126927 -0.00710811 0.0351941 0.0134391 -0.00681285 0.0329804 0.0126696 -0.00660245 0.0321849 0.0118289 -0.00681285 0.0325584 0.0122313 -0.00737404 0.0381059 0.0119246 -0.00710811 0.0374112 0.0128396 -0.00710811 0.0357786 0.0134286 -0.00710811 0.0330764 0.0125606 -0.0068687 0.0322415 0.011735 -0.00710811 0.032671 0.0121396 -0.00749384 0.0382034 0.0115841 -0.00760196 0.037924 0.0117874 -0.00737404 0.0377375 0.0123375 -0.00737404 0.0357597 0.0132423 -0.00737404 0.0352061 0.0132522 -0.00709395 0.0323075 0.011624 -0.00730129 0.0323914 0.0114899 -0.00737404 0.0325015 0.0115663 -0.00768441 0.0380171 0.0114568 -0.008128 0.0363501 0.0108777 -0.00778937 0.0377116 0.0116273 -0.00760196 0.0375805 0.0121723 -0.00760196 0.0362443 0.0129238 -0.00760196 0.0357367 0.0130158 -0.00760196 0.0352207 0.013025 -0.00760196 0.0337632 0.0125586 -0.00748598 0.0324925 0.0113344 -0.0078404 0.0378098 0.0113163 -0.00793478 0.0374759 0.0114495 -0.00778937 0.0373973 0.0119795 -0.00778937 0.0361744 0.0126673 -0.00778937 0.03571 0.0127515 -0.00778937 0.0352377 0.0127599 -0.00778937 0.0339039 0.0123331 -0.00760196 0.0326994 0.0114533 -0.00764322 0.0326073 0.0111635 -0.00796137 0.0375864 0.0111659 -0.00793478 0.0371939 0.0117655 -0.00793478 0.0364949 0.012239 -0.00793478 0.0360969 0.0123824 -0.00793478 0.0356802 0.012458 -0.00793478 0.0352566 0.0124656 -0.00793478 0.0348376 0.0124052 -0.00793478 0.0344351 0.0122771 -0.00793478 0.0340601 0.0120827 -0.00793478 0.0337214 0.0118288 -0.00777099 0.0327315 0.0109843 -0.00803712 0.0369795 0.01154 -0.00803712 0.0360152 0.0120823 -0.00803712 0.0356489 0.0121487 -0.00803712 0.0352765 0.0121554 -0.00803712 0.0349082 0.0121024 -0.00803712 0.0345543 0.0119897 -0.00803712 0.0342246 0.0118188 -0.00803712 0.0339269 0.0115956 -0.00787568 0.0328673 0.0107974 -0.0079629 0.0330199 0.0105977 -0.0081004 0.0371093 0.010848 -0.00809801 0.0362344 0.0116716 -0.00809801 0.0359329 0.0117803 -0.00809801 0.0356174 0.0118375 -0.00809801 0.0352965 0.0118432 -0.00809801 0.0349792 0.0117976 -0.00809801 0.0346743 0.0117005 -0.00809801 0.0343902 0.0115532 -0.00809801 0.0341337 0.0113609 -0.00803068 0.0331878 0.0103915 -0.00812383 0.0363427 0.0112615 -0.00812383 0.0361071 0.0113943 -0.00812383 0.0358528 0.011486 -0.00812383 0.0355866 0.0115342 -0.00812383 0.035316 0.0115391 -0.00812383 0.0350483 0.0115005 -0.00812383 0.0347912 0.0114187 -0.00812383 0.0345516 0.0112945 -0.00812383 0.0343353 0.0111322 -0.00812383 0.0341475 0.0109373 -0.00812383 0.0339936 0.0107148 -0.00807969 0.0333735 0.0101796 -0.008128 0.0361771 0.0110168 -0.008128 0.0359838 0.0111258 -0.008128 0.0357752 0.0112009 -0.008128 0.0355569 0.0112405 -0.008128 0.0353349 0.0112445 -0.008128 0.0351153 0.0112129 -0.008128 0.0349044 0.0111458 -0.008128 0.0347079 0.0110439 -0.008128 0.0345304 0.0109108 -0.008128 0.0343764 0.0107509 -0.008128 0.0342502 0.0105683 -0.008128 0.0341561 0.0103676 -0.008128 0.0340967 0.0101538 -0.0061384 0.0195782 -0.00248297 -0.00578851 0.0170189 -0.00211408 -0.00556285 0.0170388 -0.00234168 -0.00455182 0.0203721 -0.00304374 -0.005588 0.0227711 -0.00317276 -0.00582979 0.0226433 -0.00316287 -0.00597465 0.0170067 -0.0018491 -0.00635525 0.0195203 -0.00225537 -0.00724612 0.0219336 -0.00250774 -0.0060646 0.0148213 -0.00119206 -0.00597788 0.0148855 -0.00143948 -0.00611973 0.0170019 -0.00155535 -0.00653479 0.0194764 -0.00199108 -0.00739666 0.021866 -0.00231438 -0.00753041 0.02181 -0.0020897 -0.00667545 0.0194466 -0.00169865 -0.00622261 0.0170039 -0.00124621 -0.00764443 0.0217662 -0.00183489 -0.00677606 0.0194305 -0.00139133 -0.00628476 0.0170117 -0.000935437 -0.00683789 0.0194271 -0.00108276 -0.00773317 0.0217355 -0.00155643 -0.00631239 0.0170241 -0.00063288 -0.00632211 0.0170386 -0.000339273 -0.00617797 0.0146328 -0.000437895 -0.00686677 0.0194339 -0.000782647 -0.00779341 0.0217183 -0.00126077 -0.00618201 0.0145714 -0.000183984 -0.00782515 0.0217148 -0.000952802 -0.00558103 0.0150602 -0.00208065 -0.00686547 0.0194481 -0.000491434 -0.00783538 0.0217239 -0.000636421 -0.00588659 0.0196496 -0.00267139 -0.00539309 0.0151093 -0.00225789 -0.00500893 0.0170997 -0.00267573 -0.00560799 0.0197318 -0.00281902 -0.00530014 0.0170661 -0.00252942 -0.0049475 0.0151857 -0.00253296 -0.0053152 0.0198209 -0.00292461 -0.00470244 0.0171377 -0.00277949 -0.00439433 0.0171781 -0.00284218 -0.00502121 0.0199126 -0.0029895 -0.00473524 0.0200035 -0.00301982 -0.00446444 0.015227 -0.00269757 -0.00471335 0.0152113 -0.00262814 -0.00389702 0.0178422 -0.00290769 -0.00409432 0.0172193 -0.00287006 -0.00368053 0.0152416 -0.00276822 -0.00363933 0.0152415 -0.00276796 -0.00394785 0.01524 -0.00276325 -0.0042054 0.0152357 -0.00274182 -0.00607489 0.0225162 -0.00313342 -0.00633404 0.0223835 -0.00307414 -0.00660809 0.022245 -0.00297319 -0.00518271 0.015151 -0.00240826 -0.00686835 0.0221158 -0.00283283 -0.00707791 0.0220136 -0.00267492 -0.00574242 0.0150042 -0.00188059 -0.00586945 0.0149467 -0.00166973 -0.00612546 0.0147577 -0.00094196 -0.00616189 0.0146946 -0.000689137 -0.00726367 0.0227948 -0.00273281 -0.00700448 0.0227862 -0.00289141 -0.00711637 0.0321525 -0.00333285 -0.00683245 0.0321451 -0.00347497 -0.0073757 0.0321621 -0.00314951 -0.00672415 0.0227797 -0.00301324 -0.00653188 0.0321398 -0.00357668 -0.00643394 0.0227751 -0.00309799 -0.00749275 0.0228052 -0.00253874 -0.00614442 0.0227725 -0.00314782 -0.00590558 0.0321343 -0.00367211 -0.00622115 0.0321363 -0.00364041 -0.005588 0.0321337 -0.00367624 -0.00586206 0.0227713 -0.00316961 -0.005588 0.0227711 -0.00317276 -0.00760027 0.0321746 -0.00292584 -0.00768724 0.0228175 -0.00231073 -0.00778312 0.0321899 -0.00266732 -0.00792493 0.032206 -0.00238357 -0.00784612 0.0228314 -0.0020524 -0.00802756 0.0322216 -0.00208362 -0.00796841 0.0228464 -0.00177235 -0.00805366 0.022862 -0.00148198 -0.00809256 0.0322373 -0.00177321 -0.00812414 0.0322535 -0.00145748 -0.00810384 0.0228776 -0.00119214 -0.008128 0.0322701 -0.00113991 -0.00812485 0.0228928 -0.000910085 -0.008128 0.0229075 -0.000636421 -0.00812383 0.0277548 0.00846924 -0.00809801 0.0288838 0.00917813 -0.00809801 0.0276556 0.00875776 -0.00681285 0.0283264 0.0108329 -0.00650171 0.0296057 0.0113512 -0.00650171 0.0282937 0.0109299 -0.00812383 0.0240766 0.00729311 -0.00810004 0.0227662 0.00725175 -0.00812492 0.0228366 0.00696611 -0.008128 0.0252169 0.00732176 -0.00812383 0.0265322 0.00805379 -0.00812383 0.0253074 0.00765812 -0.00809801 0.0239941 0.00758686 -0.0061886 0.0234777 0.00942511 -0.0061886 0.0246495 0.00977267 -0.00588348 0.0246418 0.00979733 -0.008128 0.0263529 0.00768489 -0.008128 0.0241448 0.0070077 -0.008128 0.0277622 0.00816663 -0.00812383 0.0289812 0.00888897 -0.008128 0.0292175 0.00866292 -0.00812383 0.0302224 0.00928771 -0.008128 0.0305496 0.00907259 -0.00812383 0.031506 0.00961313 -0.00812383 0.0328328 0.00973172 -0.008128 0.0315341 0.00931505 -0.008128 0.0327291 0.0094559 -0.00809801 0.030135 0.00958005 -0.00812766 0.0339488 0.00963457 -0.008128 0.0341349 0.00949512 -0.008128 0.0229075 0.0066798 -0.00809801 0.0264357 0.00834325 -0.00803712 0.0287839 0.00947485 -0.00803712 0.0275537 0.00905385 -0.00803712 0.0263367 0.00864029 -0.00793478 0.0274525 0.00934807 -0.00793478 0.0286846 0.00976971 -0.00793478 0.0262383 0.00893547 -0.00778937 0.0285903 0.0100495 -0.00778937 0.0298717 0.0104611 -0.00778937 0.0273565 0.00962728 -0.00778937 0.0261449 0.00921558 -0.00760196 0.0297956 0.0107159 -0.00760196 0.0285054 0.0103015 -0.00760196 0.02727 0.00987875 -0.00760196 0.0260608 0.00946787 -0.00737404 0.0284326 0.0105175 -0.00737404 0.0271959 0.0100943 -0.00737404 0.0236119 0.00894754 -0.00710811 0.0235612 0.00912797 -0.00726872 0.022407 0.0087164 -0.00650171 0.0234942 0.00936649 -0.00681285 0.0258835 0.00999983 -0.00710811 0.0259295 0.00986189 -0.00681285 0.0270876 0.010409 -0.00588348 0.0234707 0.00944997 -0.005588 0.0244009 0.00980612 -0.005588 0.0233225 0.00947314 -0.00588312 0.022304 0.00914413 -0.00681285 0.0235218 0.00926796 -0.00701822 0.0223692 0.00886722 -0.00737404 0.0259888 0.00968409 -0.005588 0.0223034 0.00914692 -0.00710811 0.0283728 0.0106951 -0.00710811 0.0271349 0.0102715 -0.00681285 0.029635 0.0112531 -0.0061886 0.0295883 0.0114095 -0.0061886 0.0282743 0.0109876 -0.00589998 0.0321199 0.0119411 -0.005588 0.0321142 0.0119459 -0.00588348 0.0310876 0.011814 -0.0061886 0.0310924 0.0117887 -0.00804601 0.0226971 0.0075335 -0.00803712 0.0239094 0.0078883 -0.00809801 0.0252167 0.00794947 -0.00809801 0.031449 0.00991288 -0.00803712 0.0300454 0.00988005 -0.00809801 0.0328189 0.0100365 -0.00812352 0.0337602 0.0097936 -0.00810996 0.0335684 0.00997502 -0.00795974 0.0226302 0.00780736 -0.00793478 0.0238253 0.00818784 -0.00803712 0.0251237 0.00824844 -0.00803712 0.0313906 0.0102205 -0.00793478 0.0313324 0.0105261 -0.00793478 0.0299563 0.0101782 -0.00807969 0.0333735 0.0101796 -0.00803712 0.0328046 0.0103493 -0.00783957 0.0225667 0.00806873 -0.00778937 0.0237454 0.0084721 -0.00793478 0.0250313 0.00854553 -0.0079629 0.0330199 0.0105977 -0.00803068 0.0331878 0.0103915 -0.0076835 0.0225076 0.00831261 -0.00760196 0.0236735 0.00872812 -0.00778937 0.0249436 0.00882747 -0.00778937 0.0312773 0.0108162 -0.00787568 0.0328673 0.0107974 -0.00749281 0.0224537 0.00853093 -0.00760196 0.0248646 0.00908139 -0.00760196 0.0312276 0.0110774 -0.00764322 0.0326073 0.0111635 -0.00777099 0.0327315 0.0109843 -0.00674871 0.0223413 0.0089839 -0.00737404 0.0247969 0.00929902 -0.00737404 0.0297303 0.0109342 -0.00748598 0.0324925 0.0113344 -0.00737404 0.031185 0.0113013 -0.00710811 0.0247412 0.00947797 -0.00710811 0.0296767 0.0111138 -0.00710811 0.03115 0.0114855 -0.00730129 0.0323914 0.0114899 -0.00613783 0.0321297 0.0119239 -0.00681285 0.024698 0.00961681 -0.00681285 0.0311229 0.0116283 -0.00709395 0.0323075 0.011624 -0.0068687 0.0322415 0.011735 -0.00646615 0.022322 0.00906661 -0.00650171 0.0270543 0.0105058 -0.00650171 0.0258512 0.0100969 -0.00650171 0.0246676 0.00971454 -0.00650171 0.0311038 0.0117289 -0.00660245 0.0321849 0.0118289 -0.00617633 0.02231 0.00911818 -0.0061886 0.0258319 0.0101547 -0.0061886 0.0270345 0.0105633 -0.00635223 0.0321491 0.0118896 -0.00588348 0.0258238 0.0101792 -0.00588348 0.0270261 0.0105878 -0.00588348 0.028266 0.0110121 -0.00588348 0.0295809 0.0114343 -0.005588 0.0255385 0.0101459 -0.005588 0.0267355 0.0104924 -0.005588 0.0279917 0.0108456 -0.005588 0.0293073 0.0112057 -0.005588 0.0306821 0.0115724 -0.00468794 0.0170453 0.00828549 -0.00532933 0.0186708 0.00830683 -0.0050336 0.0187343 0.00841441 -0.00473741 0.0188027 0.00848198 -0.00437912 0.0170842 0.00834779 -0.00586016 0.0202924 0.00853968 -0.00612742 0.0202173 0.00838742 -0.00684628 0.0217567 0.00869306 -0.00407849 0.0171236 0.0083752 -0.00445007 0.0188728 0.00851546 -0.00558167 0.020379 0.00865305 -0.00661169 0.0218448 0.00884405 -0.00584919 0.0221756 0.00911146 -0.005588 0.0223034 0.00914692 -0.00477913 0.0206638 0.00879205 -0.00766917 0.0216063 0.00752967 -0.0070156 0.020106 0.00714211 -0.00774909 0.0216322 0.00724991 -0.00503649 0.0205682 0.00877036 -0.00530426 0.0204724 0.00872816 -0.00417282 0.0189429 0.00852782 -0.00610858 0.0220556 0.00905102 -0.00363764 0.0153728 0.00837039 -0.00378763 0.0171626 0.00838108 -0.00499514 0.0170085 0.008182 -0.00561142 0.0186158 0.00815809 -0.00706247 0.0216845 0.00851023 -0.00637138 0.0201582 0.0081981 -0.00658426 0.0201177 0.00797371 -0.0072555 0.0216337 0.00829699 -0.00586703 0.0185724 0.0079696 -0.00528699 0.0169757 0.00803583 -0.00608791 0.0185424 0.0077431 -0.00555016 0.0169486 0.00784809 -0.00742224 0.0216055 0.00805833 -0.00676376 0.0200962 0.00771673 -0.00577608 0.0169283 0.00762035 -0.00627165 0.0185263 0.0074811 -0.00756042 0.0215969 0.00780076 -0.00690809 0.0200928 0.00743535 -0.00596229 0.0169151 0.00735511 -0.00641664 0.0185234 0.00719206 -0.00708689 0.020133 0.0068498 -0.00607749 0.0152771 0.0067765 -0.00627174 0.0169143 0.00644015 -0.00620992 0.0169087 0.00675143 -0.00663227 0.0186093 0.00600572 -0.00714773 0.020213 0.00629524 -0.00662016 0.0185785 0.00629051 -0.00658744 0.0185517 0.00658534 -0.00712704 0.0201702 0.00656727 -0.00783538 0.0217239 0.0066798 -0.00614204 0.0152666 0.00646522 -0.00629896 0.0169243 0.00613703 -0.00617335 0.0152565 0.00614943 -0.0061773 0.0152464 0.0058318 -0.00630481 0.0169366 0.00584362 -0.00636413 0.0219446 0.00896301 -0.00395703 0.015367 0.0083653 -0.00427295 0.0153604 0.00833534 -0.00458368 0.015353 0.00827133 -0.00488397 0.0153448 0.00816895 -0.00516749 0.0153357 0.0080267 -0.00542612 0.0153257 0.00784319 -0.0056495 0.0153138 0.00761852 -0.00583192 0.0153004 0.00735923 -0.00610727 0.0169087 0.00706101 -0.00597482 0.0152883 0.00707645 -0.00652152 0.0185325 0.00688901 -0.00780358 0.021672 0.00696582 -0.00796379 0.0220067 -0.000636526 -0.00802341 0.0221787 0.00668055 -0.00794089 0.0219465 0.0066805 -0.00783538 0.0217239 -0.000636421 -0.00783538 0.0217239 0.0066798 -0.00805551 0.0222993 -0.000636557 -0.0080819 0.0224179 0.00668027 -0.00811043 0.0226008 -0.000636517 -0.00811666 0.0226613 0.00667997 -0.008128 0.0229075 -0.000636421 -0.008128 0.0229075 0.0066798 -0.00669979 0.00747429 0.00809149 -0.00642557 0.00741005 0.00817853 -0.00660648 0.00719468 0.0081438 -0.00795898 0.00802366 0.00598147 -0.00803258 0.00773566 0.00628757 -0.00805174 0.00772995 0.00599615 -0.00696105 0.00753422 0.00797172 -0.00671647 0.00778504 0.00802466 -0.0061445 0.00734306 0.00823283 -0.00633621 0.00719773 0.00821043 -0.00647834 0.00766363 0.00812906 -0.00623771 0.00753961 0.00819901 -0.00720369 0.0075884 0.00782074 -0.00733574 0.0079285 0.00759973 -0.00711977 0.00788198 0.00778853 -0.0073155 0.00718274 0.00778494 -0.00748804 0.0073349 0.00762629 -0.0072706 0.00728861 0.0078149 -0.00725571 0.00805512 0.00760939 -0.00711002 0.00798315 0.00775681 -0.00601602 0.00742495 0.00823812 -0.00607513 0.00719957 0.00824841 -0.00583196 0.00719976 0.00826242 -0.00580069 0.00731232 0.00825863 -0.005588 0.00719955 0.00826414 -0.007642 0.0071726 0.00746141 -0.00767641 0.00737286 0.00740138 -0.00752363 0.00796663 0.0073752 -0.00761413 0.00767412 0.00740697 -0.00768004 0.00799587 0.00712085 -0.00738899 0.00811848 0.00744028 -0.00777334 0.00770382 0.00715016 -0.00780075 0.00801552 0.00684629 -0.00783269 0.00740197 0.00714597 -0.00777652 0.00716775 0.00726631 -0.00788653 0.0080262 0.00655996 -0.00789616 0.0077238 0.00687228 -0.00687217 0.0071914 0.00804562 -0.00798233 0.0077342 0.0065819 -0.00793781 0.00802858 0.0062697 -0.00789257 0.00716216 0.00704702 -0.00795282 0.00742155 0.00687052 -0.00808791 0.00743269 0.00629121 -0.00803756 0.00743166 0.00658274 -0.0080577 0.00714585 0.0065522 -0.00798703 0.00715508 0.00680785 -0.00810827 0.00742716 0.00600277 -0.00805502 0.00772191 0.00573232 -0.00780798 0.00829512 0.00627648 -0.00796332 0.008014 0.00573058 -0.00783538 0.00829499 0.00572567 -0.00811032 0.00741984 0.00573079 -0.008128 0.0071114 0.00572567 -0.0081251 0.00712279 0.00600862 -0.0081021 0.00713446 0.0062845 -0.00782968 0.00829986 0.00600393 -0.00776525 0.00827996 0.0065404 -0.00770053 0.00825437 0.00679229 -0.00761387 0.00821856 0.00703008 -0.00750845 0.00817285 0.00724769 -0.00749294 0.00717751 0.00762946 -0.00742282 0.00763542 0.00763377 -0.00710908 0.00718753 0.0079245 -0.00693249 0.00789425 0.00789716 -0.00793095 0.00785613 -0.0061571 -0.00803177 0.00770387 -0.00589308 -0.00795962 0.00771429 -0.0061652 -0.00801741 0.00781395 -0.00582292 -0.00809313 0.00754196 -0.00562623 -0.00778925 0.00799347 -0.00641156 -0.00783945 0.00785293 -0.00639568 -0.00799046 0.00792019 -0.00575083 -0.0080508 0.00775775 -0.00548486 -0.00807742 0.00765106 -0.00555605 -0.00768357 0.00798208 -0.00661084 -0.00760597 0.00811018 -0.00664762 -0.00751377 0.00841682 -0.00641959 -0.0072912 0.00850726 -0.00662886 -0.00725128 0.00859982 -0.00654275 -0.00810301 0.00748511 -0.00529307 -0.00811026 0.00741961 -0.00517389 -0.00811905 0.0073762 -0.00536304 -0.008128 0.0071114 -0.00517281 -0.00812503 0.00726518 -0.00542453 -0.00812383 0.00726631 -0.00517325 -0.00765468 0.00839879 -0.00610575 -0.00746965 0.00850916 -0.00633473 -0.00742749 0.00860297 -0.00625163 -0.00760822 0.00849267 -0.00602419 -0.00770774 0.00846061 -0.0057028 -0.0075913 0.00858232 -0.00586505 -0.00781805 0.00831839 -0.00545023 -0.00786625 0.00822195 -0.00552623 -0.00769386 0.00849906 -0.00563713 -0.0070373 0.0085731 -0.00680922 -0.00733035 0.00841396 -0.00671433 -0.00707255 0.00847893 -0.00689496 -0.00755482 0.00832228 -0.00650259 -0.00777428 0.00840244 -0.00540563 -0.00783538 0.00829499 -0.00517281 -0.00710236 0.00837787 -0.00697292 -0.00736219 0.00831351 -0.00679234 -0.00700298 0.00866841 -0.00672481 -0.00681618 0.00841554 -0.00712049 -0.00678881 0.00851788 -0.00704342 -0.00675805 0.008614 -0.00695876 -0.00749248 0.00809835 -0.00680303 -0.00726845 0.0081977 -0.00696639 -0.0073822 0.00820143 -0.0068584 -0.00675323 0.00873012 -0.00684438 -0.00646409 0.00863236 -0.00707719 -0.00674866 0.00833983 -0.00720239 -0.00646613 0.00838336 -0.00727519 -0.00651573 0.00842818 -0.00723298 -0.00617628 0.00841079 -0.00732069 -0.0064907 0.00853211 -0.00715774 -0.00618828 0.00852581 -0.00723975 -0.005829 0.0085162 -0.00728598 -0.00588307 0.00842478 -0.00734355 -0.005588 0.00842651 -0.00734585 -0.00606814 0.00859363 -0.00720864 -0.0063053 0.00865623 -0.0071097 -0.00701822 0.00827832 -0.0070994 -0.00653487 0.00870176 -0.0069882 -0.00695873 0.00874392 -0.00668032 -0.00770067 0.00830439 -0.00618741 -0.00788734 0.00807167 -0.00601401 -0.00774155 0.00820705 -0.00626705 -0.00758695 0.00822115 -0.00657952 -0.00714783 0.00873401 -0.00649734 -0.00731729 0.00870141 -0.00629821 -0.00777236 0.00810411 -0.00634235 -0.00791206 0.00812365 -0.00560197 -0.00780305 0.00826953 -0.00585971 -0.00775521 0.00836532 -0.0057811 -0.0074655 0.0086502 -0.0060864 -0.00784835 0.00817211 -0.00593774 -0.00791592 0.00796671 -0.00608733 -0.00804593 0.00756864 -0.00592386 -0.00795421 0.0080232 -0.00567701 -0.00810004 0.00741823 -0.00567578 -0.00801813 0.0078625 -0.00541273 -0.00798197 0.00796553 -0.00533988 -0.00796285 0.00801497 -0.00517705 -0.00790358 0.00815652 -0.00517547 -0.00808733 0.00757128 -0.00517473 -0.00805503 0.00772133 -0.00517578 -0.00801338 0.00786977 -0.00517703 -0.00792753 0.0326457 -0.00232685 -0.00777359 0.0323114 -0.00268897 -0.00777413 0.0326149 -0.00264992 -0.00760138 0.0328125 -0.00284454 -0.00758966 0.032648 -0.00290502 -0.00802756 0.0322216 -0.00208362 -0.00802908 0.0325549 -0.00204002 -0.00809255 0.0324613 -0.00174368 -0.00809256 0.0322373 -0.00177321 -0.00758904 0.0323446 -0.00294419 -0.00812414 0.0322535 -0.00145748 -0.00812403 0.0323661 -0.00144283 -0.00736748 0.0326765 -0.00312315 -0.00737613 0.0328809 -0.00305687 -0.008128 0.0322701 -0.00113991 -0.00711191 0.0326999 -0.00330258 -0.00711771 0.0329365 -0.00323207 -0.00736683 0.0323729 -0.00316228 -0.00683402 0.0329795 -0.00336833 -0.00682978 0.0327183 -0.00344267 -0.0071114 0.0323962 -0.00334156 -0.00652884 0.0327318 -0.00354431 -0.00653321 0.0330105 -0.00346601 -0.00682929 0.0324145 -0.00348165 -0.00589952 0.0324396 -0.00367232 -0.00589994 0.0327438 -0.00363334 -0.00621617 0.0327402 -0.00360735 -0.00652838 0.0324278 -0.00358329 -0.005588 0.0330413 -0.00355999 -0.0059056 0.0330396 -0.00355611 -0.00621571 0.0324361 -0.00364636 -0.00558677 0.0324406 -0.00367464 -0.00558672 0.0327439 -0.0036358 -0.00590558 0.0321343 -0.00367211 -0.005588 0.0321337 -0.00367624 -0.00792493 0.032206 -0.00238357 -0.00778514 0.0327322 -0.0025975 -0.00778312 0.0321899 -0.00266732 -0.00760027 0.0321746 -0.00292584 -0.0073757 0.0321621 -0.00314951 -0.00711637 0.0321525 -0.00333285 -0.00683245 0.0321451 -0.00347497 -0.00653188 0.0321398 -0.00357668 -0.00622203 0.0330302 -0.00352758 -0.00622115 0.0321363 -0.00364041 -0.00597482 0.0152883 0.00707645 -0.00583192 0.0153004 0.00735923 -0.00597596 0.0151634 0.00707474 -0.00607728 0.0151827 0.00677426 -0.00607749 0.0152771 0.0067765 -0.00583312 0.0151452 0.00735813 -0.0056495 0.0153138 0.00761852 -0.00614193 0.015203 0.0064636 -0.00564742 0.0151283 0.00761474 -0.00614204 0.0152666 0.00646522 -0.00542612 0.0153257 0.00784319 -0.00617284 0.0152243 0.00614851 -0.00617335 0.0152565 0.00614943 -0.0061773 0.0152464 0.0058318 -0.00542226 0.0151152 0.00783743 -0.00516749 0.0153357 0.0080267 -0.00516409 0.0151066 0.00802162 -0.00488397 0.0153448 0.00816895 -0.0048803 0.0151014 0.00816366 -0.00457985 0.0150992 0.00826605 -0.00458368 0.015353 0.00827133 -0.00427295 0.0153604 0.00833534 -0.00426903 0.0150995 0.0083305 -0.00395703 0.015367 0.0083653 -0.00395298 0.0151022 0.00836018 -0.00363764 0.0153728 0.00837039 -0.00363764 0.0151067 0.00836531 -0.00798877 0.0220864 -0.000898973 -0.00808866 0.0224834 -0.00092401 -0.00805551 0.0222993 -0.000636557 -0.00700448 0.0227862 -0.00289141 -0.00710052 0.0226048 -0.00282346 -0.00672415 0.0227797 -0.00301324 -0.00614442 0.0227725 -0.00314782 -0.00643394 0.0227751 -0.00309799 -0.00633404 0.0223835 -0.00307414 -0.00725097 0.0221613 -0.00260762 -0.00700096 0.0222102 -0.00279237 -0.00735181 0.0225558 -0.00263884 -0.00746989 0.0221223 -0.00238033 -0.00586206 0.0227713 -0.00316961 -0.00607489 0.0225162 -0.00313342 -0.00582979 0.0226433 -0.00316287 -0.005588 0.0227711 -0.00317276 -0.00757209 0.0225169 -0.00241141 -0.00739666 0.021866 -0.00231438 -0.00765237 0.0220942 -0.00211538 -0.00753041 0.02181 -0.0020897 -0.00779497 0.0220774 -0.00182431 -0.00764443 0.0217662 -0.00183489 -0.0077552 0.0224889 -0.00214528 -0.00789648 0.0220713 -0.00151889 -0.00773317 0.0217355 -0.00155643 -0.00789746 0.0224724 -0.0018527 -0.00779341 0.0217183 -0.00126077 -0.00795879 0.0220748 -0.00120811 -0.00799824 0.0224669 -0.0015456 -0.00782515 0.0217148 -0.000952802 -0.00805986 0.0224713 -0.00123372 -0.00796379 0.0220067 -0.000636526 -0.00783538 0.0217239 -0.000636421 -0.00811043 0.0226008 -0.000636517 -0.00812485 0.0228928 -0.000910085 -0.00810384 0.0228776 -0.00119214 -0.008128 0.0229075 -0.000636421 -0.00805366 0.022862 -0.00148198 -0.00796841 0.0228464 -0.00177235 -0.00784612 0.0228314 -0.0020524 -0.00768724 0.0228175 -0.00231073 -0.00749275 0.0228052 -0.00253874 -0.00726367 0.0227948 -0.00273281 -0.00724612 0.0219336 -0.00250774 -0.00707791 0.0220136 -0.00267492 -0.00660809 0.022245 -0.00297319 -0.00686835 0.0221158 -0.00283283 -0.00798663 0.0222319 0.00747645 -0.00781172 0.0219578 0.00771007 -0.00791795 0.0220112 0.00741194 -0.00802543 0.0224627 0.00753053 -0.00808671 0.0225293 0.00722359 -0.00782769 0.0217995 0.00733973 -0.00774909 0.0216322 0.00724991 -0.00789637 0.0218621 0.00703977 -0.00804759 0.0222994 0.0071682 -0.00811154 0.0226021 0.00692026 -0.00795974 0.0226302 0.00780736 -0.00792334 0.0224069 0.00783225 -0.0080819 0.0224179 0.00668027 -0.00811666 0.0226613 0.00667997 -0.00807274 0.0223735 0.0068638 -0.008128 0.0229075 0.0066798 -0.00812492 0.0228366 0.00696611 -0.00798229 0.0220766 0.00710668 -0.00788233 0.0221763 0.00777918 -0.00766486 0.0219189 0.007991 -0.00757967 0.0217096 0.00790788 -0.00756042 0.0215969 0.00780076 -0.00772183 0.0217482 0.00763143 -0.00778085 0.0223649 0.0081175 -0.00783957 0.0225667 0.00806873 -0.00740268 0.0216843 0.00816279 -0.00748131 0.0218945 0.00824852 -0.0072555 0.0216337 0.00829699 -0.007599 0.0223384 0.00837729 -0.0076835 0.0225076 0.00831261 -0.00801361 0.02215 0.0068035 -0.00737863 0.0223287 0.00860644 -0.00749281 0.0224537 0.00853093 -0.00726361 0.0218838 0.0084788 -0.00733055 0.0221001 0.00855736 -0.00701127 0.0218904 0.00867154 -0.00726872 0.022407 0.0087164 -0.00707431 0.0221076 0.0087498 -0.00701822 0.0223692 0.00886722 -0.00679111 0.0221314 0.00890293 -0.00674871 0.0223413 0.0089839 -0.00646615 0.022322 0.00906661 -0.00649471 0.0221679 0.00901574 -0.00636413 0.0219446 0.00896301 -0.00673235 0.0219126 0.00882694 -0.00619481 0.0222144 0.00909124 -0.00610858 0.0220556 0.00905102 -0.00584919 0.0221756 0.00911146 -0.00588312 0.022304 0.00914413 -0.005588 0.0223034 0.00914692 -0.00617633 0.02231 0.00911818 -0.00661169 0.0218448 0.00884405 -0.00684628 0.0217567 0.00869306 -0.00706247 0.0216845 0.00851023 -0.0075511 0.0221101 0.00832584 -0.00773582 0.0221357 0.00806456 -0.00742224 0.0216055 0.00805833 -0.00804601 0.0226971 0.0075335 -0.00766917 0.0216063 0.00752967 -0.00810004 0.0227662 0.00725175 -0.00780358 0.021672 0.00696582 -0.00783538 0.0217239 0.0066798 -0.00794089 0.0219465 0.0066805 -0.00802341 0.0221787 0.00668055</float_array>
          <technique_common>
            <accessor count="1476" source="#ID126" stride="3">
              <param name="X" type="float"/>
              <param name="Y" type="float"/>
              <param name="Z" type="float"/>
            </accessor>
          </technique_common>
        </source>
        <source id="ID127">
          <float_array count="4428" id="ID128">0 0.791285 0.611448 0 0.791285 0.611448 0 0.791285 0.611448 0 0.791285 0.611448 0 1 0 0 1 0 0 1 0 0 1 0 0 1 0 0 1 0 0 1 0 0 1 0 0 1 0 0 1 0 0 1 0 0 1 0 0 0.303632 -0.95279 0 0.303632 -0.95279 0 0.303632 -0.95279 0 0.303632 -0.95279 -1 -0 -0 -1 -0 -0 -1 -0 -0 -1 -0 -0 -1 -0 -0 -1 -0 -0 -1 -0 -0 -1 -0 -0 -1 -0 -0 -1 -0 -0 -1 -0 -0 -1 -0 -0 -1 -0 -0 -1 -0 -0 -1 -0 -0 -1 -0 -0 -1 -0 -0 -1 -0 -0 -1 -0 -0 -1 -0 -0 -1 -0 -0 -1 -0 -0 -1 -0 -0 -1 -0 -0 -1 -0 -0 -1 -0 -0 -1 -0 -0 -1 -0 -0 -1 -0 -0 -1 -0 -0 -1 -0 -0 -1 -0 -0 0 -0.28487 0.958566 0 -0.279906 0.960027 0 -0.325449 0.94556 0 -0.248486 0.968636 0 -0.16923 0.985577 0 -0.182049 0.983289 0 -0.0454078 0.998969 0 -0.0454078 0.998969 0 -0.325471 0.945552 0 -0.304249 0.952593 0 -0.299423 0.954121 0 -0.0440987 0.999027 0 -0.116722 0.993165 0 -0.0731314 0.997322 0 -0.237837 0.971305 0 0.033322 0.999445 0 0.033322 0.999445 0 0.75808 0.652161 0 0.850426 0.526095 0 0.850426 0.526095 0 0.381182 0.9245 0 0.520558 0.853826 0 0.486778 0.873526 0 0.647222 0.762301 0 0.749515 0.661988 0 0.62713 0.778915 0 -8.74228e-08 1 0 -0.0781352 0.996943 0 0.0781353 0.996943 0 0.33248 0.94311 0 0.168656 0.985675 0 0.232498 0.972597 0 -0.33248 0.94311 0 -0.486778 0.873526 0 -0.381182 0.9245 0 -0.232498 0.972597 0 -0.168656 0.985675 0 -0.62713 0.778915 0 -0.647222 0.762301 0 -0.520558 0.853826 0 -0.75808 0.652161 0 -0.749515 0.661987 0 -0.850426 0.526095 0 -0.850426 0.526095 -0 -0.053699 -0.998557 -0 -0.053699 -0.998557 -0 -0.053699 -0.998557 -0 -0.053699 -0.998557 -0 -0.053699 -0.998557 -0 -0.053699 -0.998557 -0 -0.053699 -0.998557 0 0.517757 -0.855528 0 0.435484 -0.900196 0 0.506454 -0.862267 0 0.559623 -0.828747 0 0.550279 -0.834981 0 0.578487 -0.815692 0 0.570043 -0.821615 0 0.578487 -0.815692 0 0.578487 -0.815692 0 0.40997 -0.912099 0 0.321378 -0.946951 0 0.281534 -0.959551 0 0.191861 -0.981422 0 0.152448 -0.988311 0 0.0685537 -0.997647 0 0.0457399 -0.998953 0 -0.0340056 -0.999422 0 -0.0340056 -0.999422 0 -1 0 0 -1 0 0 -1 0 0 -1 0 0 -1 0 0 -1 0 0 -1 0 0 -1 0 0 -1 0 0 -1 0 0 -1 0 0 -1 0 0 -1 0 0 -1 0 0 -1 0 0 -1 0 0 -1 0 0 -1 0 0 -1 0 0 -1 0 0 -1 0 0 -1 0 0 -1 0 0 -1 0 0 -1 0 0 -1 0 0 -1 0 0 -1 0 0 -1 0 0 -1 0 0 -1 0 0 -1 0 0 0.0152501 0.999884 0 -0.00864896 0.999963 0 0.0557868 0.998443 0 0.0813714 0.996684 0 0.0347048 0.999398 0 0.0710127 0.997475 0 0.0818007 0.996649 0 -0.027017 0.999635 0 -0.0270171 0.999635 0 -0.0714319 0.997445 0 -0.0375101 0.999296 0 -0.0714319 0.997445 -1 -0 -0 -1 -0 -0 -1 -0 -0 -1 -0 -0 -1 -0 -0 -1 -0 -0 -1 -0 -0 -1 -0 -0 -1 -0 -0 -1 -0 -0 1 0 0 1 0 0 1 0 0 1 0 0 1 0 0 1 0 0 1 0 0 1 0 0 1 0 0 1 0 0 1 0 0 1 0 0 1 0 0 1 0 0 1 0 0 1 0 0 1 0 0 1 0 0 1 0 0 1 0 0 1 0 0 1 0 0 1 0 0 1 0 0 1 0 0 1 0 0 1 0 0 1 0 0 1 0 0 1 0 0 1 0 0 1 0 0 1 0 0 1 0 0 1 0 0 1 0 0 1 0 0 1 0 0 -0.941126 0.338057 0 -0.884795 0.465981 0 -0.94476 0.327764 0 -0.999538 0.0303979 0 -0.999865 -0.0164407 -0 -0.995561 0.0941197 0 -0.98138 0.192074 0 -0.977042 0.213045 0 -0.884795 -0.465981 -0 -0.934965 -0.354739 -0 -0.951318 -0.30821 -0 -0.96829 -0.249829 -0 -0.884795 -0.465981 -0 -0.990027 -0.140878 -0 -0.99123 -0.13215 -0 -0.884795 0.465981 0 -0.667345 0.744749 0 -0.601533 0.798848 0 -0.603217 0.797577 0 -0.667345 0.744749 0 -0.526295 0.850302 0 -0.526295 0.850302 0 -0.508069 0.0666138 0.858737 -0.375706 0.0728191 0.923874 -0.375706 0.0716734 0.923963 -0.991055 0.0103218 0.133058 -0.971658 -0.00618144 0.236311 -0.991588 -0.00339344 0.129394 -0.249664 0.0760873 0.965339 -0.249664 0.0748901 0.965432 -0.508069 0.0676786 0.858653 -0.491253 0.0302285 0.870492 -0.133457 0.0778727 0.98799 -0.133457 0.0766473 0.988086 -0.0402375 0.0772765 0.996197 -0.0402375 0.0785119 0.996101 -0.0945946 0.0345492 0.994916 -0.0274663 0.0346917 0.999021 -0.18258 0.0341215 0.982599 4.75769e-15 0.0347048 0.999398 1.51573e-10 0.0785019 0.996914 6.62708e-13 0.0775373 0.996989 -0.600963 0.0277387 0.798795 -0.642712 0.0601976 0.763739 -0.0401097 -0.0256486 0.998866 -1.40061e-14 -0.0256657 0.999671 -0.766108 0.0505017 0.640725 -0.707107 0.02454 0.706681 -0.642712 0.0592506 0.763813 -0.861316 0.0392942 0.506547 -0.861316 0.0399221 0.506498 -0.766108 0.0497073 0.640787 -0.926739 0.0290573 0.374581 -0.926739 0.0295215 0.374544 -0.923412 0.0133201 0.38358 -0.871017 0.0170489 0.490957 -0.968333 0.0193092 0.248916 -0.968333 0.0196177 0.248892 -0.95986 0.00973396 0.28031 -0.991055 0.0104866 0.133045 -0.983191 0.0063364 0.18247 -1 0 0 -0.99919 0.00316173 0.0401131 -1 0 0 -0.995516 0.00328289 0.0945377 -0.999623 0.000953212 0.0274497 -1 0 0 -0.99919 0.00311204 0.040117 -0.999203 -0.00104896 0.0398968 -1 -2.07349e-15 -5.48881e-17 -0.936993 -0.00911093 0.34923 -0.884398 -0.0121388 0.466576 -0.809013 -0.0152439 0.587593 -0.707311 -0.018283 0.706666 -0.799277 0.0208563 0.600601 -0.587677 -0.0208787 0.808826 -0.465881 -0.0227938 0.884554 -0.348628 -0.0241113 0.936951 -0.235952 -0.0249733 0.971444 -0.280479 0.0333118 0.959282 -0.383811 0.0320468 0.922855 -0.129277 -0.0254649 0.991281 -0.970772 0.240005 6.64559e-16 -0.95138 0.308021 -4.22514e-16 -0.928836 0.370492 1.15388e-15 -1 0 0 -1 -0 -1.73472e-16 -0.999175 0.0406158 -2.88798e-16 -0.985047 0.172283 -1.03659e-15 -0.994227 0.107297 7.70436e-16 -0.994227 0.107297 -7.94719e-16 -0.970772 0.240005 -9.18993e-16 -0.928836 0.370492 -4.69079e-16 -0.902188 0.431344 -5.08408e-16 -0.884795 0.465981 7.24279e-16 -0.884795 0.465981 -1.49456e-15 -0.926743 0.017152 -0.375304 -0.884763 -0.0149341 -0.465802 -0.861323 0.0232115 -0.507527 -1.09609e-11 0.29375 -0.955882 -0.0402388 0.155625 -0.986996 1.21773e-11 0.157183 -0.98757 -0.968333 0.0730694 -0.238732 -0.968335 0.10618 -0.225949 -0.991055 0.0390592 -0.127614 -0.861316 0.148696 -0.485823 -0.766108 0.188102 -0.61457 -0.766121 0.273343 -0.581672 -0.968334 0.0113891 -0.249397 -0.937269 -0.0112006 -0.348428 -0.861325 0.216079 -0.459813 -0.926739 0.109958 -0.359255 -0.974658 0.115821 -0.19138 -0.991055 0.0567585 -0.12078 -1 1.04823e-16 4.92388e-17 -0.999382 0.0181956 -0.030066 -1 0 0 -0.926744 0.159785 -0.34002 -0.992986 0.0612156 -0.101151 -0.99919 0.0171128 -0.0364153 -0.99919 0.00626659 -0.0397452 -1 5.73551e-17 9.05572e-18 -1 0 0 -0.991055 0.00608324 -0.133315 -0.971797 -0.0075967 -0.235697 -0.99919 0.00183269 -0.0401946 -0.991055 0.0207848 -0.131825 -0.642727 0.325825 -0.693354 -0.642712 0.224216 -0.732563 -1 0 0 -0.508069 0.25208 -0.823603 -0.508085 0.366319 -0.779526 -0.809099 -0.0187805 -0.587372 -0.766117 0.0293817 -0.642029 -0.707032 -0.0225425 -0.706823 -0.642723 0.035042 -0.765297 -0.375719 0.394145 -0.83874 -0.375706 0.271227 -0.886161 -0.249664 0.283399 -0.925933 -0.249673 0.411836 -0.876387 -0.508081 0.0394144 -0.860407 -0.587735 -0.0257381 -0.808644 -0.349225 -0.0297284 -0.936567 -0.249671 0.0443375 -0.967315 -0.375716 0.0424228 -0.925764 -0.466394 -0.0280974 -0.884131 -0.133461 0.0453843 -0.990014 -0.236337 -0.0307995 -0.971183 -0.0402392 0.42496 -0.904317 -0.133463 0.4215 -0.896953 -0.133457 0.290049 -0.947661 -0.0402375 0.29243 -0.95544 -1.18068e-09 0.425746 -0.904843 -0.040109 -0.0316403 -0.998694 2.14785e-13 -0.0316619 -0.999499 3.53202e-13 0.0472083 -0.998885 7.7108e-15 0.517757 -0.855528 -0.0402387 0.0457597 -0.998142 -0.12932 -0.0314115 -0.991105 -0.999204 -0.00129208 -0.039874 -0.133461 0.154357 -0.97896 -0.0351432 0.517437 -0.854999 -0.118232 0.514125 -0.849527 -0.249671 0.150818 -0.956514 -0.223698 0.504636 -0.833848 -0.375716 0.144339 -0.915425 -0.338975 0.487103 -0.804877 -0.508081 0.134149 -0.850798 -0.460196 0.459673 -0.759553 -0.642724 0.119319 -0.756749 -0.585312 0.419801 -0.693669 -0.707107 0.366109 -0.60495 -0.766118 0.1001 -0.634857 -0.810808 0.303049 -0.500751 -0.861323 0.079129 -0.501857 -0.887818 0.238269 -0.39371 -0.926743 0.0585136 -0.371111 -0.940795 0.175507 -0.290002 -0.968334 0.0388831 -0.24661 -0.991698 -0.00415332 -0.128519 -0.99919 0.0117764 -0.0384756 -1 -2.21296e-16 -6.77815e-17 -0.87947 0.475955 2.60616e-16 -0.817496 0.575935 1.68552e-15 -0.875037 0.484057 -1.58676e-15 -0.810322 0.585985 -1.14745e-15 -0.929994 0.367574 6.71916e-16 -0.741852 0.670564 2.00392e-15 -0.735987 0.676995 -3.88146e-15 -0.667345 0.744749 3.83973e-15 -0.667345 0.744749 -3.26177e-15 -0.928027 0.372513 -8.61676e-17 -0.961571 0.274556 6.80926e-16 -0.983936 0.178522 -6.44411e-16 -0.967348 0.253452 1.39853e-15 -0.98738 0.158371 2.07882e-15 -0.997458 0.0712631 -7.45287e-16 -0.997991 0.0633484 1.08559e-15 -1 -5.44407e-32 5.5633e-17 -1 -1.01042e-29 4.03339e-16 4.15278e-16 0.0600245 -0.998197 7.27275e-17 0.0600244 -0.998197 -5.30327e-17 0.193488 -0.981103 -2.26084e-16 -0.053699 -0.998557 6.92267e-18 -0.053699 -0.998557 -8.08001e-16 0.193488 -0.981103 3.01627e-17 0.303632 -0.95279 0 0.303632 -0.95279 -0.047614 0.303287 -0.951709 -0.143051 0.300509 -0.94299 -0.133457 0.300915 -0.944266 -0.375706 0.281387 -0.882987 -0.249664 0.294016 -0.922617 -0.343247 0.285184 -0.894903 -0.0402375 0.303386 -0.952018 1.67971e-12 0.303632 -0.95279 1.0153e-14 0.303632 -0.95279 -0.246168 0.294288 -0.92347 -0.642712 0.232615 -0.72994 -0.59491 0.244057 -0.765845 -0.703656 0.215743 -0.676996 -0.443091 0.272199 -0.854154 -0.508069 0.261523 -0.820653 -0.935779 0.107056 -0.33594 -0.968333 0.0758058 -0.237877 -0.926739 0.114076 -0.357969 -0.801883 0.181414 -0.569274 -0.861316 0.154266 -0.484083 -0.766108 0.195148 -0.612369 -0.998799 0.0148751 -0.0466777 -0.991055 0.0405218 -0.127157 -0.990877 0.0409207 -0.128408 -0.974383 0.0682858 -0.214279 -0.99919 0.0122174 -0.0383379 -1 -2.31396e-16 -7.37403e-17 -1 4.23124e-16 1.34839e-16 -0.879425 0.14454 -0.453564 -0.936248 0.278011 0.214827 -0.937197 0.276001 0.213274 -0.971749 0.186756 0.144311 -0.588361 0.639832 0.494416 -0.487202 0.69102 0.533971 -0.466453 0.699928 0.540854 -0.343247 0.743211 0.574299 -0.991656 0.102007 0.0788237 -0.974746 0.176706 0.136546 -0.998955 0.0361612 0.0279427 -0.991803 0.10111 0.0781305 -1 -9.09068e-13 -7.02462e-13 -0.999203 0.0315919 0.0244119 -1 8.25982e-17 -1.40057e-16 -0.884908 0.368554 0.284792 -0.809556 0.464518 0.358946 -0.874497 0.383797 0.296571 -0.792341 0.482745 0.373031 -0.708014 0.558805 0.431804 -0.694792 0.569101 0.43976 -0.236007 0.768932 0.594175 -0.348983 0.741536 0.573005 -0.59491 0.636029 0.491477 -0.0402077 0.790645 0.610953 -0.129286 0.784644 0.606316 -0.0504913 0.790276 0.610668 -0.132078 0.784353 0.606091 4.13515e-12 0.791285 0.611448 5.65384e-13 0.791285 0.611448 -0.235194 0.769088 0.594296 -1.2544e-15 0.033322 0.999445 -2.04887e-15 -0.0714319 0.997445 -5.61798e-16 0.033322 0.999445 0 -0.0714319 0.997445 -0.860814 -0.0478508 0.506665 -0.765608 -0.0559763 0.640868 -0.763086 0.059359 0.643565 -0.505982 0.0225054 0.862251 -0.507758 -0.0682048 0.858795 -0.374039 0.00549517 0.927397 -0.351544 0.144256 0.92499 -0.475117 0.189428 0.859291 -0.494928 0.109073 0.862061 -0.248461 -0.00983185 0.968592 -0.375512 -0.0712191 0.924077 -0.338522 0.207578 0.917777 -0.249562 -0.0725909 0.965634 -0.132765 -0.0232958 0.990874 -0.233769 0.101028 0.967029 -0.247748 0.16152 0.955265 -0.129977 0.0214463 0.991285 -0.0377239 0.0286986 0.998876 -0.125054 0.0609373 0.990277 -0.161533 0.117426 0.979856 -0.0400192 -0.0336017 0.998634 -0.133416 -0.0726731 0.988392 -0.0402282 -0.0719392 0.996597 -3.73397e-06 -0.0376699 0.99929 5.5249e-13 -0.0714319 0.997445 1.35679e-05 0.0153181 0.999883 -0.0391959 4.5274e-05 0.999232 -1.07697e-05 -0.00869407 0.999962 -1.37747e-12 0.0347048 0.999398 -0.0243725 0.046754 0.998609 -0.621931 0.348764 0.701117 -0.71593 0.276815 0.640951 -0.600762 0.235169 0.764055 -0.626096 0.14129 0.766839 -0.926288 -0.0396888 0.374721 -0.857712 0.0749714 0.508635 -0.804919 0.308623 0.506811 -0.70299 0.388014 0.596029 -0.76647 0.418036 0.487616 -0.866265 0.330151 0.374947 -0.92252 0.087098 0.375992 -0.967969 -0.0317611 0.249053 -0.999865 -0.0164406 1.24311e-14 -0.999026 -0.0183052 0.0401548 -0.993437 0.107073 0.0402202 -0.990797 -0.024286 0.133157 -0.963512 0.0962755 0.249749 -0.90548 0.343454 0.249291 -0.942411 0.222447 0.249757 -0.90219 0.211487 0.375934 -0.985694 0.102954 0.133446 -0.994137 0.108124 -4.43342e-07 -0.971985 0.231575 0.0402318 -0.972717 0.231996 -1.93897e-06 -0.935103 0.352088 0.0402116 -0.964266 0.22886 0.133473 -0.935981 0.352051 -2.92838e-06 -0.884247 0.466214 0.0274293 -0.884795 0.465981 7.32641e-13 -0.867896 0.462233 0.181926 -0.927127 0.350227 0.133325 -0.87981 0.465861 0.094376 -0.642283 -0.0631212 0.763864 -0.0838255 0.0774083 0.993469 -0.243161 0.0483882 0.968778 -0.365955 0.0778322 0.927372 -0.640195 0.0409939 0.767118 -0.432735 0.254991 0.864708 -0.528859 0.302921 0.79281 -0.746202 0.171295 0.643304 -0.838735 0.19488 0.508474 -0.813274 0.439446 0.381409 -0.846288 0.453766 0.279092 -0.815394 0.414457 -0.404176 -0.830673 0.470486 -0.2977 -0.761582 0.512361 -0.396837 -0.0377046 0.562105 -0.826206 2.66696e-05 0.570332 -0.821414 -0.0392906 0.57721 -0.81565 -0.884426 0.356049 -0.301696 -0.91705 0.253123 -0.308136 -0.932925 0.297469 -0.202885 -0.813631 0.544707 -0.203222 -0.88234 0.425301 -0.201483 -0.954381 0.194533 -0.226527 -0.964459 0.24025 -0.109996 -0.919112 0.378327 -0.110007 -0.980709 0.192557 -0.0336378 -0.940861 0.337098 -0.0338559 -0.984353 0.176206 3.07246e-05 -0.946662 0.322228 2.05374e-05 -0.993382 0.0851197 -0.0771181 -0.999538 0.0303979 -2.45142e-13 -0.998737 0.0449373 -0.0224906 -0.884795 0.465981 -3.73903e-12 -0.721169 0.470966 -0.508042 -0.866571 0.311115 -0.390209 -0.761856 0.574719 -0.298788 -0.671367 0.549324 -0.497503 -0.604363 0.519456 -0.604078 -0.479919 0.5535 -0.680672 -0.562652 0.577013 -0.592012 -0.512604 0.622846 -0.591016 -0.448283 0.591938 -0.669815 -0.518577 0.511491 -0.685168 -0.412485 0.541114 -0.732838 -0.357716 0.573645 -0.736865 -0.33601 0.595532 -0.729684 -0.239936 0.582717 -0.776448 -0.129436 0.582881 -0.802182 -0.226956 0.590163 -0.774725 -0.123363 0.577709 -0.806867 -5.32061e-06 0.578019 -0.816023 -0.0351383 0.53166 -0.846229 1.25252e-05 0.550673 -0.834721 -1.71e-12 0.517757 -0.855528 -0.114385 0.55824 -0.821757 -0.0390297 0.579337 -0.814153 -0.209237 0.584366 -0.784051 -0.213629 0.573111 -0.791142 -0.121647 0.57883 -0.806324 -0.308153 0.605007 -0.734172 -0.310346 0.561064 -0.767393 -0.409406 0.61847 -0.670732 -0.611637 0.616028 -0.496396 -0.72002 0.422271 -0.55069 -0.623933 0.471235 -0.623413 -0.695533 0.599011 -0.396763 -0.801362 0.367924 -0.471647 -0.852667 0.510405 -0.111562 -0.87758 0.478187 -0.0345074 -0.979361 0.137473 -0.148165 -0.642712 -0.29354 0.707641 -0.765953 -0.143113 0.626765 -0.642527 -0.170575 0.747036 -0.375706 -0.355087 0.856013 -0.508069 -0.330019 0.795583 -0.507885 -0.191758 0.83981 -0.249596 0.250431 0.935407 -0.133333 0.097061 0.986307 -0.249442 0.0948396 0.963734 -0.0401955 -0.0621971 0.997254 -0.13332 -0.0616918 0.989151 -0.375613 0.239679 0.895248 -0.37573 0.386735 0.842178 -0.3754 0.0907727 0.922407 -0.642705 0.429788 0.634202 -0.508098 0.35943 0.782718 -0.64274 0.319696 0.696189 -0.507961 0.222767 0.832076 -0.642603 0.198151 0.740133 -0.861333 0.212011 0.461689 -0.926736 0.210774 0.311021 -0.861312 0.28503 0.420594 -0.766102 0.360564 0.532054 -0.766132 0.268199 0.584047 -0.968337 0.10418 0.226869 -0.991054 0.0748706 0.11048 -0.968331 0.140063 0.20668 -0.991055 0.106588 0.0803021 -0.971934 0.204023 0.117131 -0.968335 0.199398 0.150225 -0.99919 0.0277001 0.0291842 -0.99919 0.0321363 0.0242112 -0.991055 0.0918739 0.0967964 -0.999203 0.035051 0.0190895 -1 1.50557e-15 -2.88259e-15 -0.642527 -0.408285 0.64843 -0.507885 -0.45899 0.728959 -1 -9.91346e-16 1.31475e-15 -0.765808 -0.497484 0.40749 -0.861105 -0.393323 0.322171 -0.861083 -0.336852 0.380876 -0.642317 -0.507757 0.574118 -0.642354 -0.5929 0.485644 -0.765776 -0.426051 0.481733 -0.861252 -0.440302 0.25373 -0.926615 -0.290886 0.238265 -0.926701 -0.325604 0.187634 -0.968315 -0.216375 0.124689 -0.968275 -0.193314 0.158343 -0.968337 -0.234176 0.086514 -0.991056 -0.125178 0.0462457 -0.991049 -0.115664 0.0666532 -0.926749 -0.352402 0.130191 -0.991054 -0.131089 0.0250453 -0.995225 -0.0975478 0.00353704 -0.99919 -0.0395234 0.0075512 -0.991038 -0.10334 0.0846457 -0.99919 -0.0402243 0.00100817 -0.99919 -0.0377413 0.0139431 -0.999949 -0.00988968 -0.00183792 -1 -1.84284e-16 1.30434e-15 -0.999099 -0.0423327 -0.0029578 -1 0 0 -0.249419 -0.0602802 0.966518 -1 0 0 8.43129e-12 -0.0761118 0.997099 -0.0402179 -0.222426 0.97412 -0.249664 -0.371024 0.894433 -0.375548 -0.206312 0.903548 -0.0401995 0.0978562 0.994388 -0.133419 0.256304 0.957344 -0.249549 -0.215563 0.944064 -0.133457 -0.37973 0.91542 2.52931e-12 -0.228384 0.973571 -2.80197e-14 -0.380818 0.92465 1.34729e-11 0.0759479 0.997112 -0.0402375 -0.382847 0.922935 -0.0402179 -0.532396 0.84554 2.2706e-12 -0.523696 0.851905 8.01007e-12 -0.648449 0.761258 1.31263e-11 -0.756373 0.654141 -0.0401955 -0.661953 0.748466 1.11117e-11 0.228405 0.973566 -0.040226 0.258407 0.965198 -0.0401995 -0.772984 0.633151 1.11938e-11 -0.847914 0.530134 -0.0402392 0.798052 0.601244 -6.21963e-11 0.758167 0.65206 -0.0402381 0.687866 0.724721 -0.249681 0.404095 0.879981 -7.18486e-12 0.380568 0.924753 -0.0402406 0.416974 0.908027 -4.20801e-11 0.521191 0.85344 -0.0402368 0.560544 0.827147 -7.14575e-11 0.646954 0.762529 -0.37571 0.637988 0.67217 -0.3757 0.5199 0.767173 -0.508075 0.592949 0.624718 -0.040165 0.84999 0.525266 -1.10718e-11 0.850596 0.52582 -0.129576 0.84375 0.520861 -0.588306 0.690597 0.420681 -0.466844 0.754199 0.46178 -0.508085 0.687925 0.518275 -0.133463 0.791553 0.596348 -0.249674 0.773404 0.582674 -0.236722 0.827151 0.50969 -0.133459 0.682266 0.71882 -0.133467 0.413578 0.900633 -0.133455 0.55598 0.820412 -0.133393 -0.220617 0.966196 -0.133393 -0.528065 0.838662 -0.13332 -0.656575 0.742385 -0.0408492 -0.847828 0.528695 -0.133333 -0.766702 0.628006 -0.375719 0.740181 0.557644 -0.349616 0.798207 0.490545 -0.249667 0.666623 0.702339 -0.249659 0.543233 0.801603 -0.375368 -0.0576957 0.925078 -0.249549 -0.515969 0.819452 -0.375548 -0.493825 0.784283 -0.249442 -0.749155 0.613633 -0.249419 -0.641551 0.725398 -0.216083 -0.833151 0.509085 -0.125032 -0.843724 0.522013 -0.766108 -0.24626 0.593662 -0.861316 -0.19467 0.469295 -0.861207 -0.11314 0.495501 -0.507675 -0.0536292 0.859878 -0.375368 -0.614045 0.694297 -0.307856 -0.816115 0.489061 -0.3754 -0.717029 0.587319 -0.642728 0.611879 0.460983 -0.508062 0.483199 0.713016 -0.507712 0.084374 0.857385 -0.507675 -0.570767 0.645362 -0.404146 -0.7906 0.460018 -0.507712 -0.666485 0.545918 -0.707769 0.604461 0.365637 -0.766121 0.513321 0.38673 -0.642717 0.527404 0.555661 -0.642354 0.0750584 0.762723 -0.642317 -0.0477089 0.764953 -0.51123 -0.750889 0.418102 -0.615521 -0.697466 0.36698 -0.642603 -0.66386 0.382558 -0.809868 0.503168 0.301555 -1 4.77262e-16 -4.53589e-16 -0.861326 0.405782 0.305712 -0.766112 0.442455 0.466161 -0.766017 0.166244 0.620952 -0.765808 0.0629793 0.639978 -0.765776 -0.0400318 0.64186 -0.765953 -0.342552 0.544035 -0.709287 -0.632716 0.310778 -0.885383 0.399931 0.236964 -0.926744 0.300065 0.226066 -0.861319 0.349763 0.368503 -0.861252 0.131423 0.49089 -0.861106 0.0497929 0.505982 -0.861083 -0.0316506 0.507478 -0.861207 -0.270811 0.430097 -0.766017 -0.556961 0.320956 -0.789576 -0.559663 0.251689 -0.93761 0.300202 0.175403 -0.926741 0.258642 0.272499 -0.926749 0.156776 0.341406 -0.926701 0.0971875 0.363014 -0.926615 0.0368248 0.374204 -0.926602 -0.0234078 0.375315 -0.926675 -0.0836696 0.366433 -0.926739 -0.143954 0.347033 -0.926675 -0.20027 0.318065 -0.926602 -0.249125 0.281684 -0.857759 -0.477504 0.190368 -0.968333 0.171872 0.181081 -0.968315 0.0645845 0.241235 -0.968275 0.0244727 0.248684 -0.968269 -0.0155562 0.249424 -0.968303 -0.0556022 0.243511 -0.968333 -0.0956605 0.23061 -0.968303 -0.133089 0.211369 -0.968269 -0.165562 0.1872 -0.907414 -0.397603 0.13606 -0.942198 -0.322448 0.0910548 -0.99167 0.11232 0.0630437 -0.991056 0.0556891 0.121272 -0.991049 0.0345239 0.128953 -0.991038 0.0130824 0.132939 -0.991036 -0.00831592 0.133335 -0.991046 -0.0297227 0.130171 -0.991055 -0.0511351 0.123272 -0.991046 -0.0711437 0.112989 -0.991036 -0.0885049 0.100072 -0.967426 -0.24755 0.0529767 -0.99919 0.0225736 0.0333099 -0.99919 0.0167903 0.0365636 -0.99919 0.0104091 0.0388798 -0.999189 0.00394441 0.040082 -0.999188 -0.00250731 0.0402016 -0.999189 -0.00896151 0.0392471 -0.99919 -0.0154173 0.0371667 -0.999189 -0.0214501 0.0340666 -0.999188 -0.0266848 0.0301723 -0.999189 -0.0311576 0.0255212 -0.99919 -0.0348731 0.0200961 -0.985054 -0.170747 0.0226891 -1 2.72614e-16 -1.84573e-16 -1 -5.98907e-16 2.74987e-16 -1 -2.68268e-16 7.30367e-17 -1 -1.30997e-15 1.32718e-16 -1 4.92831e-16 3.16027e-17 -1 -6.42433e-16 -1.49627e-16 -1 -1.22028e-15 -5.06189e-16 -1 1.25936e-15 7.85343e-16 -1 -7.40992e-16 -6.53037e-16 -1 0 0 -1 3.26641e-16 5.72398e-16 -1 -1.14206e-16 -3.09085e-16 -1 1.23844e-16 6.46687e-16 -0.606929 -0.23596 -0.758921 -0.755908 -0.140128 -0.639505 -0.634146 -0.129706 -0.762256 -2.2334e-12 -0.053699 -0.998557 1.80659e-15 -0.053699 -0.998557 -0.0310741 -0.069965 -0.997065 -0.850189 -0.146247 -0.505757 -0.723466 -0.266848 -0.636702 -0.618578 -0.361782 -0.697477 -0.960214 -0.00455501 -0.279229 -0.925465 -0.0149669 -0.378537 -0.915348 -0.148553 -0.374259 -0.814072 -0.288952 -0.503779 -0.709725 -0.403164 -0.577711 -0.778326 -0.432689 -0.45496 -0.877115 -0.302451 -0.373085 -0.957152 -0.147999 -0.248912 -0.826485 -0.451795 -0.335863 -0.917988 -0.309216 -0.248361 -0.980373 -0.145374 -0.133175 -0.941126 -0.310793 -0.133004 -0.858248 -0.462641 -0.222202 -0.989052 -0.141991 -0.0401889 -0.990051 -0.140712 -8.9031e-06 -0.999268 0.0242737 -0.0295592 -0.950179 -0.309105 -0.0401626 -0.87645 -0.466876 -0.117739 -0.999538 0.0303979 5.21788e-13 -0.883755 -0.466633 -0.0350698 -0.72902 -0.0423717 -0.683179 -0.951367 -0.308059 1.65443e-06 -0.884795 -0.465981 -1.41367e-12 -0.48019 -0.200382 -0.85397 -0.627241 -0.0489999 -0.777283 -0.371079 -0.101676 -0.923018 -0.355584 -0.163938 -0.920155 -0.501492 -0.116323 -0.857306 -0.41276 -0.0559683 -0.909118 -0.236681 -0.128052 -0.963112 -0.246774 -0.0865904 -0.965197 -0.132012 -0.0717777 -0.988646 -0.126728 -0.0939904 -0.987475 -0.0382601 -0.0659851 -0.997087 -0.216152 -0.0567773 -0.974708 -0.31391 -0.0569333 -0.947744 -3.63262e-12 -0.053699 -0.998557 -0.0398261 -0.0592755 -0.997447 -0.000916891 -0.0537187 -0.998556 -7.4639e-13 -0.053699 -0.998557 -0.043401 -0.0545717 -0.997566 -0.121904 -0.0558368 -0.99097 -0.104353 -0.108003 -0.988659 -0.196984 -0.15548 -0.968 -0.297795 -0.206375 -0.932055 -0.520724 -0.0534278 -0.852052 -0.403441 -0.258784 -0.877648 -0.512333 -0.311649 -0.800244 -0.814497 -0.0339331 -0.579175 -0.877413 -0.0248495 -0.479092 -0.982807 0.00576293 -0.184548 -0.995066 0.0156463 -0.0979778 -0.585312 -0.0435396 -0.809638 -0.460196 -0.0476749 -0.886536 -0.508069 -0.0462518 -0.860074 -0.375706 -0.0497649 -0.925402 -0.642712 -0.0411392 -0.765003 -0.338975 -0.0505198 -0.939438 -0.249664 -0.0519985 -0.966935 -0.223698 -0.0523382 -0.973252 -0.707107 -0.0379709 -0.706087 -0.118232 -0.0533223 -0.991553 -0.0402375 -0.0536555 -0.997748 -0.133457 -0.0532186 -0.989625 -1.076e-14 -0.053699 -0.998557 -0.0351432 -0.0536658 -0.99794 3.64275e-15 -0.053699 -0.998557 -0.766108 -0.034513 -0.641785 -0.810808 -0.0314307 -0.584468 -0.861316 -0.0272828 -0.507336 -0.926739 -0.020175 -0.375164 -0.887818 -0.024712 -0.459532 -0.968333 -0.0134067 -0.249304 -0.940795 -0.0182026 -0.338486 -0.974658 -0.0120124 -0.223376 -0.991055 -0.00716652 -0.133265 -0.99919 -0.00216071 -0.0401795 -0.992986 -0.00634896 -0.118062 -1 -1.61097e-16 8.66322e-18 -0.999382 -0.00188715 -0.0350925 -1 0 0 -0.99919 -0.0130861 0.03805 -0.991055 -0.0425946 0.126478 -0.991055 -0.043403 0.126202 -0.375705 -0.295753 0.87828 -0.249664 -0.277121 0.927832 -0.249663 -0.309026 0.917699 -0.99919 -0.0108816 0.0387382 -0.992986 -0.0281201 0.11484 -0.999382 -0.00835837 0.0341348 -1 -1.23018e-16 -3.82728e-17 -0.99919 -0.0127204 0.038174 -0.99919 -0.0119579 0.0384196 -0.991055 -0.0360915 0.128484 -0.133457 -0.268016 0.954126 -0.133457 -0.294526 0.946279 -0.0402375 -0.296943 0.954047 -1 0 0 -1 8.27425e-17 2.32446e-17 -1 0 0 -0.99919 -0.0128425 0.0381332 -1 -4.33576e-16 -1.46051e-16 -0.99919 -0.0115169 0.038554 -1 0 0 -0.99919 -0.0075199 0.0395288 -0.99919 -0.00182728 0.0401961 -1 2.12829e-15 4.04672e-16 -1 5.73133e-16 2.61894e-17 -0.991055 -0.0381978 0.127874 -0.999938 -0.000504481 0.0110982 -1 0 0 -1 -1.53007e-16 -3.74658e-17 -0.991055 -0.0421902 0.126613 -0.968332 -0.0796821 0.236608 -0.968333 -0.0811955 0.236091 -0.968333 -0.0789268 0.23686 -0.926739 -0.122187 0.355281 -0.926739 -0.119907 0.356059 -0.926739 -0.118773 0.356438 -0.861316 -0.162149 0.481501 -0.861317 -0.145409 0.486816 -0.861317 -0.165233 0.480449 -0.861316 -0.160617 0.482013 -0.766109 -0.183941 0.615827 -0.766107 -0.205117 0.609104 -0.766109 -0.209022 0.607772 -0.766108 -0.203181 0.609751 -0.642711 -0.244495 0.726048 -0.642713 -0.249152 0.72446 -0.642712 -0.207182 0.737561 -0.50807 -0.23293 0.829222 -0.585312 -0.19284 0.787542 -0.249664 -0.261871 0.932251 -0.375706 -0.292971 0.879212 -0.508069 -0.272289 0.817144 -0.375707 -0.301392 0.87636 -0.0402376 -0.270216 0.961959 -2.32476e-10 -0.294331 0.955704 -1.09228e-09 -0.268648 0.963238 -0.0351433 -0.23769 0.970705 -0.375706 -0.250622 0.892207 -0.460196 -0.211156 0.862342 -0.642712 -0.242191 0.726819 -1.52598e-14 -0.237837 0.971305 -0.508068 -0.274877 0.816278 -0.508071 -0.280115 0.814494 -0.375707 -0.265219 0.887977 -0.133457 -0.283622 0.949604 -0.133457 -0.316276 0.939233 -0.0442788 -0.0475369 0.997888 0 -0.0479051 0.998852 -0.0402373 -0.186927 0.981549 -0.133456 -0.185403 0.973558 -0.974658 -0.0532038 0.217279 -0.968333 -0.0675178 0.240361 -0.991055 -0.0396612 0.127428 -0.991054 -0.0249458 0.131106 -0.968333 -0.0714565 0.239219 -0.991055 -0.00606065 0.13332 -0.998979 -0.00205168 0.045134 -0.994877 -0.00459039 0.100991 -0.940795 -0.0806209 0.329248 -0.926739 -0.101604 0.361706 -0.968333 -0.0741958 0.238384 -0.968332 -0.0466748 0.245263 -0.926738 -0.0702491 0.369082 -0.926739 -0.107529 0.359989 -0.984478 -0.00796793 0.175324 -0.968333 -0.011338 0.249406 -0.887817 -0.109452 0.44699 -0.861316 -0.1374 0.489137 -0.926739 -0.111653 0.358731 -0.938518 -0.0156813 0.344875 -0.965826 -0.0117687 0.258925 -0.810808 -0.139209 0.568517 -0.766108 -0.173812 0.618763 -0.861316 -0.15099 0.485115 -0.861315 -0.095011 0.499109 -0.901105 -0.0196987 0.433152 -0.707107 -0.168176 0.686816 -0.766108 -0.191003 0.613674 -0.766106 -0.120203 0.631374 -0.787775 -0.0279347 0.615329 -0.852412 -0.0237372 0.522332 -0.338975 -0.223756 0.913799 -0.642712 -0.227675 0.731495 -0.642713 -0.219253 0.734063 -0.703363 -0.0322799 0.710098 -0.64271 -0.143295 0.752589 -0.508069 -0.255969 0.822402 -0.50807 -0.246498 0.82529 -0.508067 -0.161114 0.846115 -0.604525 -0.036232 0.795762 -0.116242 -0.0461941 0.992146 -0.375706 -0.275412 0.884869 -0.375704 -0.173361 0.91038 -0.501338 -0.0391069 0.864367 -0.399695 -0.0417826 0.915696 -0.223698 -0.23181 0.946691 -0.249665 -0.314919 0.915693 -0.249664 -0.30612 0.918672 -0.249664 -0.287773 0.924583 -0.249662 -0.181149 0.951238 -0.2896 -0.0434038 0.956163 -0.118232 -0.236169 0.964492 -0.133457 -0.313303 0.940229 -0.133458 -0.322308 0.93718 -0.192784 -0.0434639 0.980278 -0.0402375 -0.315875 0.947947 -0.0402377 -0.324954 0.944874 -0.0402374 -0.318872 0.946943 -0.0402377 -0.28595 0.957399 6.73601e-11 -0.313389 0.949625 -1.91417e-11 -0.324269 0.945965 3.46067e-12 -0.323155 0.946346 -2.34084e-14 -0.302742 0.953073 0 -0.242376 0.970182 -0.247336 -0.0739007 0.966107 -0.36135 -0.195594 0.911685 -0.240906 -0.171227 0.955325 -0.129231 -0.146872 0.980677 -0.132315 -0.060201 0.989378 -0.344453 -0.2926 0.892041 -0.463165 -0.324432 0.824755 -0.43245 -0.414341 0.800817 -0.0399264 -0.0488894 0.998006 -0.0391108 -0.126221 0.991231 -0.230455 -0.258877 0.938016 -0.322705 -0.374953 0.869063 -0.0357295 -0.253052 0.966793 4.65362e-13 -0.237837 0.971305 3.57402e-05 -0.183719 0.982979 -0.837388 -0.492572 0.23697 -0.890761 -0.384602 0.242129 -0.86623 -0.482932 0.12815 -0.0376223 -0.195334 0.980015 -0.124071 -0.224711 0.966495 -4.72252e-05 -0.118333 0.992974 -0.117275 -0.290222 0.949746 -4.50059e-12 0.033322 0.999445 -9.98221e-06 -0.0447221 0.998999 -0.37194 -0.0880481 0.924071 -0.487326 -0.218926 0.845331 -0.543939 -0.449426 0.708623 -0.583771 -0.352772 0.731275 -0.695457 -0.374033 0.613546 -0.647941 -0.476111 0.594551 -0.615363 -0.240015 0.750813 -0.502677 -0.10214 0.858419 -0.733224 -0.256099 0.629917 -0.635628 -0.115574 0.763295 -0.731704 -0.491165 0.472617 -0.783914 -0.385491 0.486698 -0.75756 -0.126717 0.640348 -0.825231 -0.265005 0.498765 -0.793524 -0.495911 0.352692 -0.847456 -0.388359 0.361933 -0.851845 -0.133991 0.506366 -0.88975 -0.267579 0.369791 -0.917485 -0.375815 0.130324 -0.968318 -0.00844442 0.249576 -0.981554 -0.137107 0.133244 -0.958527 -0.138455 0.249111 -0.968359 -0.24956 3.20777e-05 -0.932459 -0.361275 -2.82963e-05 -0.966831 -0.252267 0.0399818 -0.956676 -0.259415 0.13219 -0.930044 -0.365317 0.0395076 -0.884795 -0.465981 -7.41625e-13 -0.990982 -0.0125343 0.133405 -0.990074 -0.134678 0.0401952 -0.99907 -0.0155478 0.0402206 -0.999865 -0.0164406 -8.87736e-16 -0.991023 -0.133688 2.51693e-06 -0.216819 -0.333019 0.917654 -0.0402328 0.0327648 0.998653 -0.133448 0.0309573 0.990572 -0.249661 0.0281958 0.967923 -0.375722 0.0245813 0.926406 -0.508114 0.0200136 0.861057 -0.642787 0.0143702 0.76591 -0.766199 0.00798549 0.642554 -0.861394 0.0018055 0.507934 -0.916896 -0.137635 0.374644 -0.926778 -0.00366806 0.375591 -0.932121 -0.265312 0.246496 -0.881363 -0.470825 0.0390268 -0.928836 -0.370492 1.08818e-15 -0.955516 -0.294938 7.95217e-17 -0.918637 -0.395103 -2.2973e-15 -0.884795 -0.465981 1.52584e-16 -0.884795 -0.465981 -3.82455e-16 -0.970772 -0.240005 -9.94243e-17 -0.982658 -0.185427 1.16443e-15 -0.994227 -0.107297 8.29732e-17 -0.996745 -0.0806208 2.90182e-16 -1 -0 -2.77556e-17 -1 0 0 -0.330955 0.129343 0.93474 -0.220923 0.100296 0.97012 -0.290991 0.0337155 0.956132 -0.931964 0.361963 0.0206187 -0.963271 0.246378 0.1068 -0.969731 0.243438 0.0189409 -0.43878 0.154824 0.885156 -0.357266 0.217104 0.90842 -0.119222 0.0698207 0.99041 -0.186207 0.0345876 0.981902 -0.258073 0.166734 0.951629 -0.16472 0.118449 0.979202 -0.550252 0.181363 0.815064 -0.639676 0.331394 0.693536 -0.529794 0.294888 0.79521 -0.611813 0.0275765 0.790522 -0.705727 0.0607155 0.705877 -0.588401 0.0427828 0.807436 -0.621971 0.348602 0.701163 -0.54405 0.310252 0.779585 -0.0853941 0.0800087 0.99313 -0.0953298 0.0334849 0.994882 -0.0284248 0.0362785 0.998937 -0.0255052 0.0461462 0.998609 0.000664169 0.0345954 0.999401 -0.787054 0.0216039 0.616506 -0.805315 0.0781569 0.587672 -0.73357 0.358523 0.577353 -0.773306 0.228035 0.591606 -0.806693 0.377648 0.454563 -0.693103 0.382704 0.610857 -0.849936 0.24023 0.468934 -0.858806 0.386849 0.335856 -0.88139 0.0877201 0.464173 -0.854952 0.0182846 0.518384 -0.895564 0.387005 0.219527 -0.905751 0.247072 0.34434 -0.401029 0.0317969 0.915513 -0.942684 0.248301 0.22292 -0.919305 0.378145 0.109018 -0.908431 0.0146271 0.41778 -0.934314 0.0951678 0.343512 -0.987197 0.110209 0.115309 -0.968929 0.101981 0.225338 -0.976283 0.00804792 0.216349 -0.948442 0.0114119 0.316746 -0.992375 0.120568 0.0255805 -0.97075 0.240091 -0.000687589 -0.877313 0.464993 0.118758 -0.935334 0.353765 -0.00107233 -0.884848 0.465879 9.84189e-05 -0.992391 0.123117 -0.00151354 -1 -0.000146289 -4.56838e-05 -0.999299 0.00238473 0.0373745 -0.992854 0.00483644 0.119241 -0.884236 0.465559 0.0371679 -0.861559 0.459764 0.21525 -0.835991 0.449442 0.314834 -0.799975 0.433603 0.414764 -0.752449 0.411528 0.514262 -0.707101 0.0245537 0.706686 -0.672321 0.208943 0.71016 -0.508483 0.0300186 0.860548 -0.455233 0.265887 0.849745 -0.92456 0.242494 -0.293913 -0.965861 0.180743 -0.185593 -0.937249 0.180604 -0.298238 -0.95441 0.269876 -0.127552 -0.988628 0.128321 -0.0784152 -0.859794 0.307215 -0.40789 -0.884822 0.241347 -0.398549 -0.935069 0.345064 -0.0810982 -0.963861 0.265948 0.0155955 -0.977373 0.210859 -0.0167702 -0.80911 0.3043 -0.502735 -0.767759 0.369876 -0.5232 -0.68861 0.638045 -0.34455 -0.585867 0.678122 -0.443745 -0.6047 0.65478 -0.453433 -0.987962 0.151684 0.0303891 -0.992378 0.123232 2.25275e-05 -0.995641 0.0917402 0.0167875 -1 0.000178998 -0.000573656 -0.999202 0.0208566 -0.0340522 -0.99846 0.0554754 -2.53845e-05 -0.768072 0.593762 -0.239817 -0.688938 0.638527 -0.342997 -0.710804 0.606393 -0.356435 -0.77371 0.584163 -0.245206 -0.837465 0.527661 -0.142218 -0.803321 0.551847 -0.223921 -0.875122 0.48194 -0.0435318 -0.883491 0.465975 -0.048078 -0.845065 0.518296 -0.131278 -0.474665 0.687991 -0.548964 -0.597607 0.642715 -0.479357 -0.474783 0.665301 -0.576156 -0.713051 0.589992 -0.378773 -0.87481 0.48242 -0.0444831 -0.884601 0.466348 0.000676857 -0.499112 0.559063 -0.662069 -0.627551 0.538798 -0.562028 -0.506339 0.64602 -0.571209 -0.373899 0.555232 -0.742911 -0.352713 0.669272 -0.653963 -0.366376 0.670902 -0.644716 -0.707153 0.366076 -0.604915 -0.587859 0.418999 -0.691998 -0.64707 0.411173 -0.642057 -0.41941 0.619603 -0.663466 -0.273401 0.620091 -0.735349 -0.349156 0.485461 -0.801509 -0.235913 0.503948 -0.830892 -0.253753 0.538012 -0.803836 -0.129099 0.514486 -0.847725 -0.240717 0.653851 -0.71731 -0.138648 0.613737 -0.777241 -0.043339 0.535016 -0.843729 -0.0404095 0.518462 -0.854145 2.04009e-05 0.517764 -0.855523 -0.132216 0.563858 -0.815219 -0.228915 0.589225 -0.774863 -0.466426 0.458117 -0.756687 -0.324052 0.60793 -0.724853 -0.515981 0.6229 -0.588012 -0.779795 0.57397 -0.249957 -0.883023 0.431677 -0.184188 -0.807002 0.517997 -0.283598 -0.747865 0.490862 -0.446937 -0.608699 0.616518 -0.499391 -0.6879 0.60117 -0.406679 -0.838989 0.423437 -0.341757 -0.897987 0.437273 -0.0491101 -0.839056 0.525399 -0.141215 -0.833129 0.534987 -0.140303 -0.751656 0.579366 -0.315195 -0.856763 0.49228 -0.153678 -0.909585 0.342867 -0.234727 -0.971778 0.122269 -0.201735 -0.915292 0.398815 -0.0564583 -0.991633 0.0669921 -0.110349 -0.952368 0.304371 0.0187987 -0.940662 0.339215 0.00936301 -0.935162 0.35422 4.59112e-05 -0.909761 0.415132 3.10164e-05 -0.983348 0.181732 3.47278e-05 -0.970722 0.240207 3.88504e-05 -0.954363 0.298648 5.4851e-05 -0.923043 0.116854 -0.366519 -0.854122 -0.00391112 -0.520058 -0.854271 0.134608 -0.502098 -0.765054 0.195363 -0.613617 -0.759566 0.156499 -0.631322 -0.965231 -0.0139753 -0.261025 -0.965096 0.0794244 -0.249563 -0.989394 0.0439259 -0.138456 -0.98941 -0.00775994 -0.144937 -0.759262 0.0060185 -0.650757 -0.998949 -0.00219845 -0.0457881 -0.998947 0.0136346 -0.043807 -0.63917 0.173664 -0.749201 -0.643734 0.232225 -0.729163 -1 7.20581e-06 6.93221e-05 -0.511126 0.187136 -0.838887 -0.512448 0.260673 -0.818197 -0.6386 0.0195189 -0.769291 -0.384274 0.280294 -0.879641 -0.382958 0.196279 -0.902673 -0.510994 0.0292108 -0.859088 -0.259753 0.200519 -0.944627 -0.261572 0.292954 -0.919651 -0.382662 0.0367611 -0.923157 -0.0318263 0.063655 -0.997464 -0.0320755 0.189755 -0.981307 -0.138255 0.200148 -0.969962 -0.259678 0.0434902 -0.964715 2.48908e-05 0.303628 -0.952791 -0.0456415 0.30313 -0.951856 -0.138048 0.0506843 -0.989128 2.98099e-05 0.0687729 -0.997632 9.4425e-05 0.184866 -0.982764 -0.0456195 -0.0535372 -0.997523 -4.34245e-06 -0.0536899 -0.998558 -0.923345 -0.0206347 -0.383417 -0.858617 0.155588 -0.488435 -0.858827 -0.0274787 -0.511527 -0.765187 -0.0344035 -0.642889 -0.64364 -0.0409901 -0.76423 -0.51231 -0.0460548 -0.857565 -0.384426 -0.0495624 -0.921824 -0.261838 -0.0517287 -0.963725 -0.144985 0.300317 -0.942756 -0.145205 -0.0530499 -0.987978 -0.923329 -0.00344813 0.383994 -0.85897 0.00208379 0.512021 -0.922284 -0.0404448 0.384392 -0.964548 -0.0326333 0.261881 -0.96517 -0.0082229 0.261496 -0.857747 -0.048331 0.511795 -0.76551 0.00785461 0.643376 -0.989078 -0.0246397 0.145321 -0.764301 -0.056072 0.642417 -0.989369 -0.0124679 0.144894 -0.644192 0.0141118 0.764734 -0.998824 -0.0174921 0.0452126 -0.998842 -0.0159223 0.0454037 -0.999865 -0.0164337 6.19265e-05 -0.642849 -0.0630754 0.763392 -0.512911 0.0196005 0.858218 -0.511435 -0.0680156 0.856626 -0.385027 0.0240077 0.922593 -0.383552 -0.0710222 0.920784 -0.261007 -0.0724081 0.962618 -0.262416 0.0277003 0.964557 -0.145801 0.0304799 0.988844 -0.144387 -0.0725593 0.986857 -0.04625 0.0325904 0.998398 -0.0451658 -0.0718587 0.996392 -0.000109341 0.0331749 0.99945 -6.65423e-05 -0.0711185 0.997468 -0.946022 -0.321801 -0.0385513 -0.984665 -0.169134 -0.0427685 -0.970986 -0.239136 -1.07859e-05 -0.466022 -0.047678 -0.883488 -0.506341 -0.113239 -0.854866 -0.348772 -0.0504474 -0.935849 -0.129017 -0.053304 -0.990209 -0.235918 -0.0523388 -0.970362 -0.20266 -0.158365 -0.966359 -0.599136 -0.289063 -0.746645 -0.472159 -0.259076 -0.842583 -0.634297 -0.139648 -0.760372 -0.715704 -0.31254 -0.624569 -0.0400718 -0.0535265 -0.997762 -0.106897 -0.109273 -0.988247 -0.0325417 -0.07068 -0.996968 -2.63858e-05 -0.0537126 -0.998556 -0.753728 -0.162661 -0.636738 -0.698229 -0.397996 -0.595042 -0.80499 -0.327789 -0.494516 -0.76351 -0.4265 -0.484923 -0.86883 -0.333498 -0.365942 -0.813573 -0.446995 -0.371879 -0.846174 -0.174383 -0.503567 -0.912028 -0.332018 -0.240767 -0.849477 -0.460074 -0.258304 -0.910415 -0.179159 -0.372889 -0.872489 -0.466166 -0.146464 -0.936493 -0.327396 -0.125667 -0.952289 -0.179374 -0.246922 -0.883117 -0.466747 -0.0474409 -0.975461 -0.176363 -0.131802 -0.935601 -0.35306 -1.96017e-05 -0.884918 -0.465747 -7.90131e-06 -0.992467 -0.122516 -1.85435e-05 -0.999198 -0.00333375 -0.0399109 -0.991591 -0.00881858 -0.129111 -1 -0.000108407 -2.57261e-05 -0.971701 -0.014486 -0.235771 -0.937101 -0.0197162 -0.3485 -0.884631 -0.0256499 -0.465585 -0.809098 -0.0320967 -0.586796 -0.70706 -0.0383895 -0.706111 -0.587491 -0.04373 -0.808048 -0.618581 -0.361692 -0.697522 -0.529266 -0.319598 -0.785961 -0.312769 -0.213797 -0.925455 -0.426702 -0.270005 -0.863147 -0.939709 -0.280444 0.1957 -0.849578 -0.433421 0.300605 -0.902075 -0.394117 0.175875 -0.963687 -0.138366 0.228391 -0.986709 -0.123203 0.105953 -0.867824 -0.468856 0.164486 -0.86262 -0.484801 0.144408 -0.90139 -0.429248 0.0569372 -0.966721 -0.246406 0.0688109 -0.992975 -0.118159 0.00618605 -0.937244 -0.0831228 0.338622 -0.920837 -0.162571 0.354442 -0.981204 -0.192971 -3.75875e-05 -0.995243 -0.0974211 -0.000219777 -0.977327 -0.211716 -0.00295809 -1 0.000130092 0.00016303 -0.999199 -0.0102506 0.0386841 -0.937665 -0.342758 0.0574489 -0.890481 -0.317048 0.326382 -0.778818 -0.45625 0.43044 -0.769174 -0.495879 0.403082 -0.787228 -0.496017 0.366386 -0.824712 -0.49061 0.281339 -0.85348 -0.190822 0.484932 -0.884837 -0.110872 0.452517 -0.703832 -0.48053 0.523174 -0.703934 -0.468753 0.533617 -0.645967 -0.475999 0.596785 -0.766184 -0.210026 0.607331 -0.809057 -0.139945 0.570826 -0.954373 -0.298616 0.000119758 -0.645628 -0.204444 0.735776 -0.707146 -0.168109 0.686792 -0.592186 -0.46724 0.656507 -0.615904 -0.373433 0.693692 -0.470218 -0.447791 0.760512 -0.587928 -0.192401 0.785699 -0.485793 -0.360203 0.796404 -0.466364 -0.209846 0.859342 -0.358824 -0.341647 0.868632 -0.349141 -0.223505 0.910025 -0.23606 -0.231613 0.943732 -0.243492 -0.315533 0.917143 -0.23278 -0.339883 0.911204 -0.358421 -0.406161 0.840576 -0.135049 -0.280812 0.950214 -0.132263 -0.297117 0.945636 -0.0427931 -0.256515 0.965593 -0.0402335 -0.238746 0.970248 -7.96194e-05 -0.237842 0.971304 -0.129115 -0.236884 0.96292 -0.335078 -0.380129 0.862105 -0.43976 -0.417186 0.795341 -0.546271 -0.450061 0.706422 -0.734946 -0.371461 0.567336 -0.816896 -0.352467 0.45656 -0.726836 -0.490694 0.480551 -0.971779 -0.0561999 0.229099 -0.831569 -0.493695 0.254478 -0.991625 -0.0309611 0.125386 -0.880408 -0.471911 0.0466998 -0.884898 -0.465784 2.68651e-05 -0.926092 -0.377298 -6.19827e-05 -0.957884 -0.287156 -1.67623e-05</float_array>
          <technique_common>
            <accessor count="1476" source="#ID128" stride="3">
              <param name="X" type="float"/>
              <param name="Y" type="float"/>
              <param name="Z" type="float"/>
            </accessor>
          </technique_common>
        </source>
        <vertices id="ID129">
          <input semantic="POSITION" source="#ID125"/>
          <input semantic="NORMAL" source="#ID127"/>
        </vertices>
        <triangles count="1982" material="ID130">
          <input offset="0" semantic="VERTEX" source="#ID129"/>
          <p>0 2 1 0 3 2 4 6 5 6 8 7 8 6 4 7 10 9 10 11 9 12 14 13 10 12 13 13 14 15 12 10 7 7 8 12 16 18 17 16 19 18 20 22 21 23 25 24 26 28 27 20 29 22 30 29 20 31 30 32 20 32 30 31 34 33 34 31 32 35 28 33 33 34 35 27 36 26 35 27 28 37 39 38 40 26 36 41 36 42 41 40 36 23 39 43 42 36 44 44 36 43 23 43 25 36 25 43 23 45 38 38 39 23 23 47 46 45 23 46 48 50 49 47 23 48 51 49 50 50 48 23 52 54 53 55 57 56 58 53 59 53 58 52 60 54 52 61 54 60 62 55 61 61 60 62 63 65 64 62 66 55 67 68 63 68 65 63 65 56 64 55 66 57 56 57 64 69 71 70 72 74 73 75 77 76 78 80 79 81 83 82 84 86 85 87 84 88 89 91 90 91 89 85 92 93 90 89 90 93 92 95 94 94 93 92 86 84 87 86 91 85 78 79 88 79 87 88 82 83 80 82 80 78 81 74 72 81 72 83 73 77 75 74 77 73 69 76 71 75 76 69 96 98 97 98 96 99 100 101 99 98 99 101 100 102 101 103 105 104 105 107 106 107 105 103 106 109 108 106 107 109 108 109 110 111 110 109 112 104 105 104 112 113 112 114 113 115 114 116 114 115 113 116 118 117 117 115 116 117 118 119 118 120 119 121 123 122 124 126 125 127 128 121 123 121 128 129 127 130 129 128 127 127 132 131 130 127 131 133 134 127 127 134 132 135 127 136 135 133 127 127 138 137 136 127 137 139 141 140 142 141 143 144 141 124 124 125 144 141 142 145 143 141 144 146 141 147 141 145 147 148 141 149 141 146 149 140 141 150 141 148 150 139 138 127 139 127 141 151 138 139 151 152 138 153 155 154 156 155 157 158 160 159 159 156 158 156 159 155 161 160 158 153 157 155 154 155 162 162 163 154 163 162 164 165 167 166 168 170 169 171 168 169 169 170 172 165 169 172 172 173 165 165 173 167 166 167 174 175 177 176 178 180 179 181 183 182 184 186 185 187 189 188 190 192 191 175 193 177 186 184 194 185 186 195 196 197 184 194 184 197 196 198 197 198 196 199 196 184 200 199 201 198 190 202 192 203 191 192 204 185 195 205 195 206 205 204 195 187 207 195 206 195 207 208 207 187 187 209 208 209 187 188 208 209 179 209 210 179 211 208 179 179 180 211 179 181 178 202 212 193 181 179 183 190 212 202 212 177 193 181 182 176 182 175 176 213 215 214 216 218 217 219 220 218 221 223 222 224 222 223 225 221 222 224 223 226 226 217 227 224 226 227 226 216 217 219 215 220 216 219 218 214 228 213 215 213 220 229 231 230 229 232 231 233 230 234 230 231 234 235 237 236 238 240 239 237 242 241 236 244 243 245 242 246 236 243 235 247 248 246 237 241 236 249 248 250 245 251 241 245 248 249 252 250 253 247 254 253 248 247 253 255 256 243 257 258 254 259 256 260 261 235 243 262 259 263 264 261 256 259 262 264 263 266 265 267 266 268 263 265 262 266 269 265 266 271 270 238 269 270 272 270 273 274 276 275 277 275 272 278 279 274 276 280 275 238 272 280 281 280 282 282 280 276 238 281 240 277 278 275 274 275 278 238 280 281 239 283 269 277 272 273 280 272 275 239 269 238 283 284 265 273 270 271 238 270 272 283 265 269 262 284 285 271 266 267 269 266 270 284 262 265 285 286 264 287 268 263 266 263 268 285 264 262 286 288 261 260 287 259 263 259 287 286 261 264 288 289 235 260 256 255 264 256 259 288 235 261 289 290 237 255 243 244 261 243 256 289 237 235 242 290 291 292 293 236 236 293 244 290 242 237 246 291 294 251 292 241 236 241 292 291 246 242 257 247 294 251 245 249 242 245 241 294 247 246 257 254 247 250 248 253 246 248 245 295 297 296 298 300 299 301 303 302 303 300 302 298 302 300 301 295 304 295 301 302 304 295 296 296 297 305 306 297 307 297 306 305 306 307 308 309 311 310 312 314 313 315 317 316 318 320 319 309 322 321 318 324 323 316 326 325 327 329 328 315 330 324 331 326 332 333 335 334 321 337 336 328 331 332 333 339 338 340 341 319 342 335 338 343 341 344 345 311 346 346 348 347 349 350 343 351 350 352 353 354 348 355 357 356 358 353 357 359 360 356 349 352 350 361 363 362 351 352 362 312 313 364 365 364 361 366 368 367 361 369 365 314 368 370 370 313 314 370 366 371 366 370 368 360 359 371 342 338 372 371 359 370 312 364 365 373 313 359 361 374 369 364 373 363 375 374 361 370 359 313 355 356 360 364 363 361 313 373 364 376 373 356 361 362 375 363 376 351 377 375 362 359 356 373 358 357 355 363 351 362 373 376 363 378 376 357 362 352 377 351 378 350 379 377 352 356 357 376 354 353 358 349 343 344 376 378 351 380 378 353 352 349 379 350 380 343 381 379 349 357 353 378 347 348 354 344 341 340 378 380 350 382 380 348 349 344 381 343 382 341 383 381 344 353 348 380 345 346 347 384 340 320 380 382 343 385 382 346 344 340 383 341 385 319 384 383 340 348 346 382 310 311 345 386 320 323 382 385 341 387 385 311 387 318 319 384 320 386 340 319 320 346 311 385 322 309 310 388 323 330 385 387 319 389 387 309 389 324 318 386 323 388 320 318 323 311 309 387 337 321 322 390 330 316 387 389 318 389 321 391 391 315 324 388 330 390 323 324 330 309 321 389 392 336 337 393 326 317 389 391 324 339 391 336 317 315 339 390 316 325 330 315 316 321 336 391 392 372 336 333 393 317 391 339 315 333 317 339 332 326 393 325 326 331 316 317 326 336 372 338 339 336 338 393 334 394 335 333 338 332 394 327 334 393 333 327 328 332 394 332 393 395 397 396 397 398 396 397 395 399 400 398 401 398 400 396 402 403 401 400 401 403 404 399 395 404 405 399 406 407 405 399 405 407 406 409 408 408 407 406 410 409 411 409 410 408 410 411 412 413 415 414 416 417 413 413 414 416 414 415 418 415 419 418 418 419 420 421 423 422 424 426 425 421 428 427 427 423 421 428 429 427 425 422 423 426 430 425 425 430 422 431 433 432 424 435 434 436 438 437 439 441 440 442 444 443 437 443 445 446 447 442 442 443 446 448 447 446 432 434 435 445 443 444 440 449 439 436 437 445 449 438 436 449 440 438 441 433 431 441 439 433 435 431 432 434 426 424 450 452 451 453 455 454 456 454 455 452 458 457 458 452 450 457 460 459 458 460 457 461 462 459 457 459 462 463 462 461 464 450 451 465 466 464 450 464 466 465 468 467 467 466 465 469 468 453 468 469 467 456 471 470 469 453 472 473 475 474 476 470 474 473 478 477 477 475 473 476 474 475 470 476 479 456 455 471 456 470 479 453 454 472 480 482 481 480 481 483 484 486 485 487 489 488 490 492 491 493 494 489 490 491 495 496 493 497 490 499 498 500 502 501 502 498 503 504 506 505 507 508 506 509 511 510 504 507 506 509 510 501 504 510 511 512 509 513 514 516 515 517 516 491 518 519 484 520 521 515 522 520 523 518 525 524 526 528 527 529 530 525 523 532 531 523 520 533 530 529 534 535 537 536 538 536 537 528 536 539 535 528 526 540 542 541 531 544 543 538 545 544 536 538 544 488 546 487 507 504 511 505 497 504 509 501 513 510 497 500 547 513 501 504 497 510 505 496 497 501 502 547 510 500 501 500 493 548 503 547 502 497 493 500 496 494 493 498 502 548 500 548 502 489 549 548 503 498 499 493 489 548 494 488 489 490 498 549 548 549 498 487 492 549 499 490 495 487 549 489 546 485 550 491 551 495 549 492 490 492 550 517 552 551 491 492 487 550 546 550 487 491 516 552 492 517 491 517 486 553 514 552 516 517 550 486 485 486 550 515 516 553 517 553 516 553 519 554 514 515 521 553 486 519 484 519 486 520 515 554 553 554 515 524 533 554 521 520 522 554 519 524 518 524 519 523 555 522 554 533 520 533 530 532 556 555 523 533 524 530 525 530 524 523 531 556 533 532 523 534 539 532 543 556 531 530 534 532 529 527 534 544 531 539 532 539 531 544 539 536 543 544 545 534 527 528 539 534 528 538 537 540 535 536 528 540 541 538 545 538 541 557 559 558 560 562 561 563 565 564 566 567 558 568 564 565 563 567 565 569 565 570 571 569 572 573 571 574 575 569 571 576 577 573 572 578 574 575 571 577 559 557 579 557 563 580 581 558 559 579 583 582 584 585 583 582 583 585 585 587 586 584 583 588 584 587 585 589 590 584 590 591 587 590 592 591 593 595 594 594 592 593 560 595 562 562 595 593 562 596 561 597 560 598 598 560 561 599 597 598 597 600 560 560 600 595 601 562 593 562 601 596 600 602 595 594 591 592 603 604 593 593 604 601 595 602 594 605 594 602 606 603 592 593 592 603 594 605 591 607 591 605 589 606 590 592 590 606 591 607 587 586 587 607 589 584 588 590 587 584 586 608 585 582 559 579 609 610 583 583 610 588 585 608 582 611 582 608 612 609 579 583 579 609 582 611 559 581 559 611 580 612 557 579 557 612 581 566 558 563 558 567 580 563 564 557 558 563 566 613 567 614 578 572 613 570 567 615 568 565 567 570 565 613 614 570 575 615 569 565 569 615 570 614 572 569 570 572 573 577 571 574 571 572 616 618 617 619 621 620 622 624 623 623 626 625 627 622 628 627 629 624 630 632 631 633 632 634 635 637 636 638 637 639 640 642 641 643 645 644 646 648 647 649 650 647 651 652 616 650 653 647 654 656 655 657 659 658 660 655 661 656 654 659 662 664 663 662 660 661 665 667 666 663 665 668 669 671 670 672 667 663 673 670 671 674 669 666 675 677 676 678 676 677 624 679 626 680 675 676 625 682 681 683 684 619 677 670 673 685 686 623 683 688 687 682 690 689 625 681 691 681 682 689 682 692 690 693 694 692 694 693 695 685 625 691 696 695 697 698 685 691 695 693 697 698 699 685 700 701 696 702 704 703 622 686 705 698 706 699 706 707 699 706 708 707 707 708 709 709 708 710 711 713 712 704 710 703 709 710 704 714 702 715 703 715 702 714 716 702 717 719 718 720 702 716 720 722 721 720 723 704 707 725 724 723 725 709 699 724 686 709 725 707 682 626 726 699 707 724 626 679 726 685 699 686 697 693 727 623 625 685 625 626 682 697 727 728 690 692 694 692 682 726 729 700 730 727 693 688 697 728 700 701 700 729 696 697 700 702 720 704 716 722 720 721 732 731 704 723 709 721 733 723 734 705 724 733 734 725 631 633 627 725 734 724 687 735 684 724 705 686 735 687 679 686 622 623 726 688 692 626 623 624 736 619 737 738 730 739 692 688 693 688 726 687 730 700 728 683 736 727 728 739 730 740 741 730 730 741 729 720 721 723 722 732 721 718 719 731 723 733 725 731 711 733 705 712 628 711 734 733 679 629 735 734 712 705 742 744 743 628 622 705 679 687 726 622 627 624 735 745 684 624 629 679 746 738 739 727 736 728 688 683 727 684 683 687 747 738 748 738 740 730 728 736 739 739 737 746 747 740 738 721 731 733 732 718 731 749 719 717 734 711 712 711 719 713 628 750 631 713 750 712 633 751 629 750 628 712 751 745 735 631 627 628 745 621 684 629 627 633 652 746 737 629 751 735 752 748 746 736 737 739 683 619 736 619 684 621 753 748 754 652 737 620 652 752 746 747 748 753 738 746 748 719 711 731 755 749 717 755 756 749 750 713 757 713 749 757 632 638 639 630 750 757 634 758 751 631 750 630 758 759 745 632 633 631 759 618 621 634 751 633 618 616 620 751 758 745 745 759 621 658 754 657 619 620 737 621 618 620 760 762 761 652 620 616 657 752 651 658 760 754 748 752 754 658 762 760 753 754 760 719 749 713 763 756 755 653 764 646 763 765 756 756 766 757 639 767 634 766 638 630 767 768 758 638 632 630 768 769 759 639 634 632 769 617 618 767 758 634 617 742 616 768 759 758 742 770 651 759 769 618 659 654 658 752 657 754 652 651 752 651 616 742 657 770 659 762 658 654 771 761 762 749 756 757 772 765 763 765 772 773 757 766 630 774 766 765 767 639 635 774 637 638 768 767 775 637 635 639 769 768 776 635 775 767 617 769 777 775 776 768 742 617 744 776 777 769 770 742 743 777 744 617 770 778 659 779 660 780 651 770 657 770 743 778 779 762 654 656 659 778 654 655 779 780 771 779 762 779 771 756 765 766 781 773 772 645 773 781 766 774 638 773 782 774 635 783 775 782 636 637 775 784 776 636 783 635 776 785 777 783 784 775 777 786 744 784 785 776 744 787 743 785 786 777 743 788 778 786 787 744 778 789 656 787 788 743 790 655 656 789 778 788 660 779 655 790 656 789 790 661 655 791 660 662 660 791 780 765 773 774 644 645 781 636 642 783 774 782 637 645 792 782 783 640 784 792 642 636 784 793 785 642 640 783 785 794 786 640 793 784 786 795 787 793 794 785 787 796 788 794 795 786 788 797 789 795 796 787 789 798 790 796 797 788 790 799 661 797 798 789 661 664 662 798 799 790 661 799 664 668 800 662 662 800 791 663 668 662 801 800 668 773 645 782 802 643 644 803 793 640 782 792 636 643 648 792 804 794 793 648 641 642 805 795 794 641 803 640 806 796 795 803 804 793 807 797 796 804 805 794 808 798 797 805 806 795 809 799 798 806 807 796 810 664 799 807 808 797 672 663 664 808 809 798 667 665 663 809 810 799 665 801 668 664 810 672 666 669 811 811 665 666 801 665 811 645 643 792 647 802 649 646 812 641 792 648 642 646 641 648 812 813 803 812 803 641 813 814 804 813 804 803 814 815 805 814 805 804 815 816 806 815 806 805 816 817 807 816 807 806 817 818 808 817 808 807 818 819 809 818 809 808 819 820 810 819 810 809 820 821 672 820 672 810 821 822 667 821 667 672 822 674 666 822 666 667 674 671 669 670 823 669 811 669 823 802 647 643 648 643 647 812 764 824 653 646 647 813 824 825 764 812 646 814 825 826 824 813 812 815 826 827 825 814 813 816 827 828 826 815 814 817 828 829 827 816 815 818 829 830 828 817 816 819 830 831 829 818 817 820 831 832 830 819 818 821 832 833 831 820 819 822 833 834 832 821 820 674 834 835 833 822 821 671 835 836 834 674 822 673 836 678 835 671 674 836 673 671 678 677 673 837 839 838 840 842 841 843 844 838 845 837 844 846 848 847 849 850 844 848 849 843 849 852 851 848 853 852 854 852 855 855 853 856 857 858 855 859 861 860 857 859 862 862 863 857 861 864 860 862 865 863 839 866 838 867 868 865 839 837 869 870 866 839 871 873 872 869 872 873 871 874 873 875 871 872 876 878 877 875 878 876 879 877 878 876 877 880 876 880 881 842 840 879 882 883 879 882 885 884 883 884 886 884 883 882 887 883 886 882 879 840 877 883 887 888 842 879 883 877 879 887 880 877 889 888 878 879 878 888 871 881 874 878 875 889 876 881 871 890 889 875 876 871 875 873 874 891 892 890 872 875 872 890 870 873 891 872 869 892 870 839 873 893 892 869 839 869 873 838 866 894 845 893 837 869 837 893 843 894 895 843 838 894 845 844 850 837 838 844 848 895 847 848 843 895 850 849 851 844 843 849 846 896 853 853 848 846 851 852 854 849 848 852 896 897 856 856 853 896 854 855 858 852 853 855 897 861 859 862 860 867 858 857 863 855 856 857 897 859 856 857 856 859 867 865 862 860 862 859 898 900 899 899 900 901 900 898 902 899 901 903 901 904 903 904 905 903 902 898 906 907 909 908 905 909 907 904 909 905 910 912 911 910 911 908 911 907 908 913 902 906 914 915 913 913 906 914 915 917 916 917 915 914 918 916 919 917 919 916 920 921 918 918 919 920 921 923 922 923 921 920 924 922 925 923 925 922 924 925 926 927 929 928 930 932 931 933 935 934 936 938 937 939 933 934 940 942 941 927 943 937 938 936 944 945 927 946 927 945 943 947 945 946 948 947 946 948 949 947 948 950 949 951 953 952 954 948 946 955 953 951 950 951 952 956 953 955 957 935 944 944 935 933 937 958 929 929 960 959 960 958 961 962 963 960 962 961 964 965 966 963 964 968 967 969 965 970 967 971 970 971 968 972 973 971 974 975 977 976 941 978 940 979 981 980 982 983 942 942 940 982 984 982 985 976 987 986 988 974 972 985 989 984 990 974 991 930 992 990 993 931 932 994 993 932 995 997 996 997 998 993 933 938 944 999 939 934 1000 939 999 937 943 936 938 933 1001 954 946 928 938 958 937 954 1002 948 927 937 929 954 928 1003 928 946 927 950 1004 951 951 1006 1005 949 950 952 1002 1004 950 955 951 1005 939 1001 933 1007 1000 999 1008 1000 1007 1001 958 938 1001 939 1009 1003 928 959 1001 961 958 1003 1010 954 929 958 960 1011 1003 1012 928 929 959 1013 1004 1014 1004 1006 951 948 1002 950 1002 1010 1014 1013 1006 1004 1000 1009 939 1015 1008 1007 1016 1008 1015 1009 961 1001 1000 1017 1009 1012 959 963 1009 964 961 965 963 962 960 961 962 959 960 963 1018 1019 1014 1002 1014 1004 954 1010 1002 1011 1018 1010 1013 1014 1019 1008 1017 1000 1020 1016 1015 1021 1016 1020 1017 964 1009 1008 1022 1017 970 965 967 1017 968 964 1023 1011 1012 962 964 967 1024 1011 1023 1003 1011 1010 959 1012 1003 966 1023 1012 1018 1014 1010 1024 1018 1011 1016 1022 1008 1025 1021 1020 975 1021 1025 1022 968 1017 1016 1026 1022 967 965 962 968 1022 972 970 971 973 971 967 968 966 1027 1023 1028 1029 1023 963 966 1012 969 1027 966 1024 1023 1029 1021 1026 1016 977 975 1025 986 1030 978 1026 972 1022 1021 1031 1026 973 1032 970 972 1026 988 973 974 990 974 971 972 1033 1027 1034 1027 1028 1023 965 969 966 969 1032 1034 1033 1028 1027 975 1031 1021 987 976 977 991 988 980 1031 988 1026 1035 1031 975 990 1036 973 988 1031 980 1032 1037 1034 974 988 991 1038 1034 1037 969 1034 1027 970 1032 969 1032 1036 1037 1033 1034 1038 976 1035 975 1030 986 987 998 997 1039 1035 980 1031 1040 1035 976 991 981 930 980 1035 979 1041 1037 1036 991 980 981 990 991 930 1037 1043 1042 973 1036 1032 1036 992 1041 1038 1037 1042 986 1040 976 1044 978 1030 979 1046 1045 1040 979 1035 986 1047 1040 981 1045 932 1046 979 1040 1041 992 1048 979 1045 981 930 981 932 1037 1041 1043 990 992 1036 1048 992 931 1049 1043 1041 978 1047 986 1050 940 1044 1051 1046 1047 1047 1046 1040 1047 941 1051 1052 1045 1046 1046 1051 1052 994 932 1045 1052 994 1045 1053 1048 998 1041 1048 1049 930 931 992 931 993 998 1053 1049 1048 1044 940 978 1050 985 982 1051 941 1054 978 941 1047 941 942 1054 1052 1051 1055 1051 1054 1055 994 1052 1056 1052 1055 1056 994 1057 993 1057 994 1056 931 998 1048 993 1057 997 1053 998 1039 982 940 1050 984 983 982 983 1058 942 942 1058 1054 1058 1059 1054 1054 1059 1055 1059 1060 1055 1055 1060 1056 1060 1061 1056 1056 1061 1057 1061 1062 1057 997 995 1039 1057 1062 997 996 997 1062 1063 1065 1064 1066 1065 1067 1068 1070 1069 1071 1072 1066 1073 1074 1068 1075 1077 1076 1078 1080 1079 1075 1081 1077 1082 1066 1072 1083 1081 1072 1084 1081 1075 1085 1086 1071 1086 1072 1071 1087 1064 1088 1089 1090 1069 1090 1092 1091 1093 1094 1088 1095 1096 1093 1097 1098 1091 1095 1100 1099 1101 1102 1098 1103 1100 1104 1102 1078 1079 1079 1080 1105 1106 1108 1107 1109 1111 1110 1112 1113 1111 1110 1113 1114 1107 1115 1106 1116 1117 1115 1118 1117 1119 1116 1115 1107 1084 1120 1082 1077 1081 1083 1084 1082 1081 1083 1072 1086 1085 1071 1121 1121 1071 1067 1081 1082 1072 1073 1120 1074 1121 1067 1122 1122 1067 1063 1066 1073 1065 1071 1066 1067 1066 1082 1073 1120 1073 1082 1122 1063 1123 1123 1063 1087 1064 1065 1068 1067 1065 1063 1073 1068 1065 1074 1070 1068 1087 1094 1124 1063 1064 1087 1064 1069 1088 1123 1087 1124 1068 1069 1064 1070 1089 1069 1094 1096 1125 1087 1088 1094 1088 1090 1093 1124 1094 1125 1069 1090 1088 1089 1092 1090 1096 1099 1126 1094 1093 1096 1093 1091 1095 1125 1096 1126 1090 1091 1093 1092 1097 1091 1126 1099 1127 1127 1099 1103 1095 1098 1100 1096 1095 1099 1091 1098 1095 1097 1101 1098 1127 1103 1128 1128 1103 1129 1100 1102 1104 1099 1100 1103 1098 1102 1100 1101 1078 1102 1128 1129 1130 1130 1129 1108 1104 1079 1131 1103 1104 1129 1079 1104 1102 1132 1105 1080 1130 1108 1106 1104 1131 1129 1131 1105 1112 1129 1131 1108 1079 1105 1131 1114 1113 1132 1116 1107 1111 1131 1112 1108 1107 1112 1111 1108 1112 1107 1105 1132 1113 1112 1105 1113 1116 1109 1119 1110 1111 1113 1119 1117 1116 1109 1116 1111 1133 1135 1134 1133 1136 1135 1136 1137 1135 1138 1133 1134 1139 1138 1134 1140 1139 1141 1139 1140 1138 1140 1141 1142 1142 1141 1143 1144 1146 1145 1147 1149 1148 1150 1144 1151 1145 1153 1152 1145 1155 1154 1156 1158 1157 1159 1161 1160 1157 1163 1162 1164 1152 1165 1164 1165 1166 1152 1164 1155 1166 1168 1167 1164 1166 1167 1160 1170 1169 1171 1173 1172 1174 1171 1157 1175 1173 1176 1177 1178 1170 1179 1180 1176 1181 1146 1144 1182 1179 1183 1177 1185 1184 1186 1188 1187 1189 1185 1187 1190 1149 1191 1179 1192 1183 1147 1194 1193 1191 1195 1190 1191 1149 1193 1196 1197 1195 1190 1197 1198 1197 1190 1195 1198 1188 1186 1189 1187 1188 1183 1199 1147 1194 1147 1199 1193 1149 1147 1149 1190 1186 1198 1186 1190 1147 1148 1183 1149 1186 1148 1183 1148 1182 1199 1183 1192 1186 1187 1148 1185 1189 1184 1179 1201 1200 1148 1187 1182 1182 1180 1179 1192 1179 1200 1187 1185 1182 1177 1184 1178 1176 1201 1179 1182 1185 1180 1176 1180 1175 1202 1201 1176 1185 1177 1180 1169 1170 1178 1173 1202 1176 1180 1177 1175 1173 1175 1172 1203 1202 1173 1177 1170 1175 1204 1160 1169 1171 1203 1173 1175 1170 1172 1171 1172 1205 1174 1203 1171 1170 1160 1172 1204 1159 1160 1171 1205 1157 1172 1160 1205 1157 1205 1156 1174 1157 1162 1160 1161 1205 1159 1206 1161 1157 1158 1163 1205 1161 1156 1150 1158 1156 1207 1163 1158 1150 1161 1206 1206 1181 1150 1150 1207 1158 1161 1150 1156 1151 1207 1150 1151 1144 1154 1181 1144 1150 1144 1145 1154 1146 1153 1145 1145 1152 1155 1153 1165 1152 1208 1210 1209 1209 1212 1211 1213 1214 1208 1215 1217 1216 1213 1219 1218 1220 1222 1221 1223 1225 1224 1226 1228 1227 1225 1228 1224 1229 1231 1230 1231 1229 1232 1233 1234 1232 1233 1236 1235 1233 1235 1237 1238 1240 1239 1222 1220 1230 1239 1241 1221 1242 1235 1243 1244 1245 1240 1246 1238 1221 1244 1248 1247 1249 1248 1240 1250 1252 1251 1246 1253 1249 1249 1254 1248 1252 1244 1251 1255 1257 1256 1257 1258 1256 1259 1260 1257 1261 1263 1262 1262 1260 1261 1260 1262 1258 1264 1261 1260 1257 1260 1258 1265 1264 1260 1266 1247 1255 1260 1259 1265 1255 1247 1257 1247 1248 1259 1267 1265 1254 1265 1259 1254 1266 1244 1247 1247 1259 1257 1254 1249 1267 1259 1248 1254 1244 1240 1248 1238 1246 1249 1253 1267 1249 1266 1251 1244 1252 1250 1219 1238 1249 1240 1218 1219 1250 1240 1245 1239 1268 1253 1246 1238 1239 1221 1268 1246 1222 1244 1252 1245 1225 1217 1212 1269 1271 1270 1245 1219 1272 1222 1246 1221 1241 1239 1272 1241 1220 1221 1268 1222 1273 1222 1231 1273 1231 1222 1230 1274 1273 1231 1252 1219 1245 1214 1213 1218 1241 1271 1220 1245 1272 1239 1275 1272 1213 1276 1278 1277 1271 1241 1275 1269 1220 1271 1269 1229 1230 1279 1274 1231 1219 1213 1272 1210 1208 1214 1280 1229 1269 1272 1275 1241 1208 1281 1275 1220 1269 1230 1271 1281 1270 1232 1229 1277 1280 1269 1270 1231 1232 1279 1280 1277 1229 1232 1278 1233 1234 1279 1232 1213 1208 1275 1282 1209 1210 1211 1215 1270 1275 1281 1271 1281 1209 1211 1215 1283 1280 1280 1270 1215 1283 1276 1277 1277 1280 1283 1242 1237 1235 1232 1277 1278 1278 1236 1233 1237 1234 1233 1208 1209 1281 1284 1212 1282 1285 1283 1216 1281 1211 1270 1215 1211 1217 1276 1285 1286 1283 1215 1216 1286 1287 1236 1276 1283 1285 1278 1276 1236 1286 1236 1276 1235 1236 1288 1287 1288 1236 1282 1212 1209 1284 1227 1225 1211 1212 1217 1223 1216 1217 1289 1216 1223 1216 1290 1285 1291 1285 1290 1285 1291 1286 1287 1286 1291 1243 1235 1288 1284 1225 1212 1227 1228 1225 1223 1224 1289 1217 1225 1223 1216 1289 1290 1292 1294 1293 1295 1296 1294 1297 1299 1298 1299 1297 1300 1301 1293 1294 1302 1303 1300 1299 1300 1303 1304 1296 1305 1303 1302 1306 1307 1304 1308 1309 1301 1296 1310 1311 1307 1304 1312 1309 1311 1314 1313 1312 1307 1315 1316 1318 1317 1319 1315 1311 1317 1321 1320 1322 1319 1313 1323 1317 1324 1320 1324 1317 1325 1316 1326 1322 1318 1316 1292 1327 1298 1297 1298 1327 1294 1292 1328 1293 1327 1292 1329 1327 1293 1295 1294 1328 1294 1296 1301 1330 1329 1293 1305 1296 1295 1296 1304 1309 1331 1330 1301 1293 1301 1330 1308 1304 1305 1304 1307 1312 1332 1331 1309 1301 1309 1331 1310 1307 1308 1307 1311 1315 1333 1332 1312 1309 1312 1332 1314 1311 1310 1311 1313 1319 1334 1333 1315 1312 1315 1333 1335 1313 1314 1313 1318 1322 1336 1334 1319 1315 1319 1334 1313 1335 1318 1318 1335 1321 1325 1336 1322 1319 1322 1336 1318 1321 1317 1317 1323 1316 1326 1316 1323 1322 1316 1325 1337 1339 1338 1339 1337 1340 1340 1337 1341 1342 1343 1338 1339 1342 1338 1340 1341 1344 1345 1343 1342 1346 1344 1341 1347 1343 1345 1346 1349 1348 1348 1344 1346 1350 1348 1349 1345 1351 1347 1351 1353 1352 1352 1347 1351 1354 1353 1355 1353 1354 1352 1356 1357 1355 1354 1355 1357 1356 1359 1358 1358 1357 1356 1360 1359 1361 1359 1360 1358 1360 1361 1362 1361 1363 1362 1364 1366 1365 1367 1369 1368 1370 1372 1371 1368 1374 1373 1368 1373 1375 1373 1376 1375 1377 1378 1370 1372 1370 1378 1377 1380 1379 1379 1378 1377 1376 1381 1375 1382 1384 1383 1381 1376 1383 1383 1386 1385 1387 1381 1383 1388 1385 1389 1385 1390 1387 1391 1392 1388 1390 1388 1393 1392 1394 1364 1395 1393 1392 1364 1397 1396 1365 1366 1398 1365 1398 1399 1399 1400 1365 1399 1398 1401 1400 1402 1395 1366 1364 1396 1364 1365 1395 1397 1364 1394 1400 1395 1365 1402 1403 1393 1394 1392 1391 1364 1395 1392 1402 1393 1395 1403 1404 1390 1391 1388 1389 1392 1393 1388 1403 1390 1393 1404 1405 1387 1389 1385 1386 1388 1390 1385 1404 1387 1390 1405 1406 1381 1386 1383 1384 1385 1387 1383 1405 1381 1387 1406 1407 1375 1408 1382 1376 1383 1376 1382 1406 1375 1381 1407 1367 1368 1409 1408 1373 1376 1373 1408 1407 1368 1375 1369 1410 1368 1411 1409 1374 1373 1374 1409 1410 1411 1368 1368 1411 1374 1369 1371 1410 1410 1371 1372 1412 1414 1413 1415 1416 1412 1417 1419 1418 1416 1421 1420 1415 1423 1422 1421 1425 1424 1426 1421 1424 1427 1425 1428 1429 1419 1417 1413 1431 1430 1432 1434 1433 1435 1436 1423 1437 1431 1432 1437 1439 1438 1440 1441 1435 1429 1426 1442 1443 1444 1440 1445 1447 1446 1443 1449 1448 1450 1449 1451 1450 1451 1452 1453 1452 1454 1454 1456 1455 1453 1454 1457 1455 1458 1457 1459 1461 1460 1462 1457 1460 1457 1459 1460 1457 1458 1459 1462 1453 1457 1454 1452 1451 1457 1454 1455 1456 1454 1451 1463 1455 1456 1443 1448 1444 1449 1456 1451 1464 1463 1456 1450 1448 1449 1464 1456 1447 1447 1456 1449 1449 1443 1446 1465 1464 1447 1440 1444 1441 1447 1445 1465 1449 1446 1447 1446 1440 1466 1445 1438 1439 1439 1465 1445 1443 1440 1446 1436 1435 1441 1438 1445 1466 1446 1466 1445 1435 1467 1466 1437 1438 1431 1468 1439 1437 1440 1435 1466 1422 1423 1436 1431 1438 1467 1466 1467 1438 1430 1467 1423 1432 1468 1437 1432 1431 1413 1433 1468 1432 1435 1423 1467 1469 1415 1422 1470 1434 1417 1467 1430 1431 1415 1412 1430 1432 1413 1434 1434 1413 1414 1433 1434 1470 1423 1415 1430 1471 1416 1469 1419 1473 1472 1430 1412 1413 1420 1414 1412 1434 1414 1417 1414 1429 1417 1470 1417 1418 1469 1416 1415 1471 1428 1421 1414 1420 1429 1412 1416 1420 1426 1429 1420 1474 1419 1442 1419 1429 1442 1418 1419 1472 1471 1421 1416 1428 1425 1421 1475 1426 1424 1420 1421 1426 1426 1475 1442 1474 1442 1475 1473 1419 1474</p>
        </triangles>
      </mesh>
    </geometry>
  </library_geometries>

  <library_visual_scenes>
    <visual_scene id="ID1">
      <node id="ID2" name="683cb36dca486b08201fc2de">
        <instance_geometry url="#ID3">
          <bind_material>
            <technique_common>
              <instance_material symbol="ID9" target="#ID9"/>
            </technique_common>
          </bind_material>
        </instance_geometry>
        <instance_geometry url="#ID10">
          <bind_material>
            <technique_common>
              <instance_material symbol="ID16" target="#ID16"/>
            </technique_common>
          </bind_material>
        </instance_geometry>
        <instance_geometry url="#ID17">
          <bind_material>
            <technique_common>
              <instance_material symbol="ID23" target="#ID23"/>
            </technique_common>
          </bind_material>
        </instance_geometry>
        <instance_geometry url="#ID24">
          <bind_material>
            <technique_common>
              <instance_material symbol="ID23" target="#ID23"/>
            </technique_common>
          </bind_material>
        </instance_geometry>
        <instance_geometry url="#ID30">
          <bind_material>
            <technique_common>
              <instance_material symbol="ID16" target="#ID16"/>
            </technique_common>
          </bind_material>
        </instance_geometry>
        <instance_geometry url="#ID36">
          <bind_material>
            <technique_common>
              <instance_material symbol="ID42" target="#ID42"/>
            </technique_common>
          </bind_material>
        </instance_geometry>
        <instance_geometry url="#ID43">
          <bind_material>
            <technique_common>
              <instance_material symbol="ID16" target="#ID16"/>
            </technique_common>
          </bind_material>
        </instance_geometry>
        <instance_geometry url="#ID49">
          <bind_material>
            <technique_common>
              <instance_material symbol="ID23" target="#ID23"/>
            </technique_common>
          </bind_material>
        </instance_geometry>
        <instance_geometry url="#ID55">
          <bind_material>
            <technique_common>
              <instance_material symbol="ID16" target="#ID16"/>
            </technique_common>
          </bind_material>
        </instance_geometry>
        <instance_geometry url="#ID61">
          <bind_material>
            <technique_common>
              <instance_material symbol="ID67" target="#ID67"/>
            </technique_common>
          </bind_material>
        </instance_geometry>
        <instance_geometry url="#ID68">
          <bind_material>
            <technique_common>
              <instance_material symbol="ID23" target="#ID23"/>
            </technique_common>
          </bind_material>
        </instance_geometry>
        <instance_geometry url="#ID74">
          <bind_material>
            <technique_common>
              <instance_material symbol="ID16" target="#ID16"/>
            </technique_common>
          </bind_material>
        </instance_geometry>
        <instance_geometry url="#ID80">
          <bind_material>
            <technique_common>
              <instance_material symbol="ID86" target="#ID86"/>
            </technique_common>
          </bind_material>
        </instance_geometry>
        <instance_geometry url="#ID87">
          <bind_material>
            <technique_common>
              <instance_material symbol="ID23" target="#ID23"/>
            </technique_common>
          </bind_material>
        </instance_geometry>
        <instance_geometry url="#ID93">
          <bind_material>
            <technique_common>
              <instance_material symbol="ID16" target="#ID16"/>
            </technique_common>
          </bind_material>
        </instance_geometry>
        <instance_geometry url="#ID99">
          <bind_material>
            <technique_common>
              <instance_material symbol="ID105" target="#ID105"/>
            </technique_common>
          </bind_material>
        </instance_geometry>
        <instance_geometry url="#ID106">
          <bind_material>
            <technique_common>
              <instance_material symbol="ID42" target="#ID42"/>
            </technique_common>
          </bind_material>
        </instance_geometry>
        <instance_geometry url="#ID112">
          <bind_material>
            <technique_common>
              <instance_material symbol="ID23" target="#ID23"/>
            </technique_common>
          </bind_material>
        </instance_geometry>
        <instance_geometry url="#ID118">
          <bind_material>
            <technique_common>
              <instance_material symbol="ID16" target="#ID16"/>
            </technique_common>
          </bind_material>
        </instance_geometry>
        <instance_geometry url="#ID124">
          <bind_material>
            <technique_common>
              <instance_material symbol="ID130" target="#ID130"/>
            </technique_common>
          </bind_material>
        </instance_geometry>
      </node>
    </visual_scene>
  </library_visual_scenes>

  <scene>
    <instance_visual_scene url="#ID1"/>
  </scene>

  <library_nodes/>

</COLLADA>
