<?xml version="1.0" encoding="UTF-8" standalone="no" ?>
<COLLADA version="1.4.1" xmlns="http://www.collada.org/2005/11/COLLADASchema">

  <asset>
    <contributor>
      <authoring_tool>ONSHAPE BY PTC INC, 1.198</authoring_tool>
    </contributor>
    <created>2025-06-01T17:28:05</created>
    <modified>2025-06-01T17:28:05</modified>
    <unit meter="1" name="meters"/>
    <up_axis>Z_UP</up_axis>
  </asset>

  <library_materials>
    <material id="ID9" name="ID9">
      <instance_effect url="#ID9-fx"/>
    </material>
    <material id="ID16" name="ID16">
      <instance_effect url="#ID16-fx"/>
    </material>
    <material id="ID23" name="ID23">
      <instance_effect url="#ID23-fx"/>
    </material>
    <material id="ID30" name="ID30">
      <instance_effect url="#ID30-fx"/>
    </material>
  </library_materials>

  <library_effects>
    <effect id="ID9-fx" name="ID9">
      <profile_COMMON>
        <technique sid="COMMON">
          <lambert>
            <diffuse>
              <color sid="diffuse">0.231373 0.376471 0.705882 1</color>
            </diffuse>
            <transparent opaque="A_ONE">
              <color sid="transparent">1 1 1 1</color>
            </transparent>
            <transparency>
              <float sid="transparency">1</float>
            </transparency>
          </lambert>
        </technique>
        <extra>
          <technique profile="OTHER">
            <double_sided>1</double_sided>
          </technique>
        </extra>
      </profile_COMMON>
    </effect>
    <effect id="ID16-fx" name="ID16">
      <profile_COMMON>
        <technique sid="COMMON">
          <lambert>
            <diffuse>
              <color sid="diffuse">0.647059 0.647059 0.647059 1</color>
            </diffuse>
            <transparent opaque="A_ONE">
              <color sid="transparent">1 1 1 1</color>
            </transparent>
            <transparency>
              <float sid="transparency">1</float>
            </transparency>
          </lambert>
        </technique>
        <extra>
          <technique profile="OTHER">
            <double_sided>1</double_sided>
          </technique>
        </extra>
      </profile_COMMON>
    </effect>
    <effect id="ID23-fx" name="ID23">
      <profile_COMMON>
        <technique sid="COMMON">
          <lambert>
            <diffuse>
              <color sid="diffuse">0.615686 0.811765 0.92549 1</color>
            </diffuse>
            <transparent opaque="A_ONE">
              <color sid="transparent">1 1 1 1</color>
            </transparent>
            <transparency>
              <float sid="transparency">1</float>
            </transparency>
          </lambert>
        </technique>
        <extra>
          <technique profile="OTHER">
            <double_sided>1</double_sided>
          </technique>
        </extra>
      </profile_COMMON>
    </effect>
    <effect id="ID30-fx" name="ID30">
      <profile_COMMON>
        <technique sid="COMMON">
          <lambert>
            <diffuse>
              <color sid="diffuse">0.913725 0.913725 0.913725 1</color>
            </diffuse>
            <transparent opaque="A_ONE">
              <color sid="transparent">1 1 1 1</color>
            </transparent>
            <transparency>
              <float sid="transparency">1</float>
            </transparency>
          </lambert>
        </technique>
        <extra>
          <technique profile="OTHER">
            <double_sided>1</double_sided>
          </technique>
        </extra>
      </profile_COMMON>
    </effect>
  </library_effects>

  <library_geometries>
    <geometry id="ID3">
      <mesh>
        <source id="ID4">
          <float_array count="1680" id="ID5">-0.00196758 0.0477415 0.004318 -0.00241589 0.0474022 0 -0.00241589 0.0474022 0.004318 -0.00280666 0.046998 0.004318 -0.00280666 0.046998 0 -0.00313057 0.0465385 0 -0.00313057 0.0465385 0.004318 -0.00196758 0.0477415 0 -0.00147239 0.0480078 0.004318 -0.00147239 0.0480078 0 -0.000942136 0.0481947 0.004318 -0.000942136 0.0481947 0 -0.00371767 0.0460482 0.004318 -0.00313057 0.0465385 0.004318 -0.00313057 0.0465385 0 -0.00565827 0.0448413 0.004318 -0.00497807 0.0451878 0.004318 -0.00497959 0.0451873 2.66873e-18 -0.00433329 0.0455972 0.004318 -0.00371776 0.0460479 2.36383e-18 -0.00433269 0.0455931 2.74718e-18 -0.00711524 0.0443837 1.77636e-18 -0.00786971 0.04428 0.004318 -0.00711182 0.0443792 0.004318 -0.00566014 0.0448399 2.12202e-18 -0.00637521 0.0445683 1.86492e-18 -0.00637079 0.0445684 0.004318 -0.0086351 0.0442637 1.77636e-18 -0.00939735 0.0442942 0.004318 -0.00863309 0.0442557 0.004318 -0.00787161 0.0442833 1.77636e-18 -0.0101575 0.0443734 0.004318 -0.00939735 0.0442948 1.77636e-18 -0.0101575 0.0443734 1.77636e-18 -0.0116778 0.044839 0 -0.0116778 0.044839 0.004318 -0.0115169 0.0449162 0.004318 -0.0118239 0.0447365 0 -0.0118239 0.0447365 0.004318 -0.0119511 0.0446113 0.004318 -0.0119511 0.0446113 0 -0.0120559 0.0444668 0 -0.0120559 0.0444668 0.004318 -0.0121355 0.0443071 0 -0.0121355 0.0443071 0.004318 -0.0121878 0.0441365 0.004318 -0.0121878 0.0441365 0 -0.0122112 0.0439596 0 -0.0122112 0.0439596 0.004318 -0.0122053 0.0437812 0 -0.0122053 0.0437812 0.004318 -0.01217 0.0436063 0.004318 -0.01217 0.0436063 0 -0.0121064 0.0434395 8.88178e-19 -0.0121064 0.0434395 0.004318 -0.0115169 0.0449162 0 -0.0113455 0.0449657 0.004318 -0.0113455 0.0449657 0 -0.0111682 0.0449864 0.004318 -0.0111682 0.0449864 0 -0.0109899 0.0449777 0 -0.0109899 0.0449777 0.004318 -0.0108156 0.0449397 0.004318 -0.0108156 0.0449397 0 -0.0106498 0.0448735 0.004318 -0.0106498 0.0448735 0 -0.0104972 0.0447809 0 -0.0104972 0.0447809 0.004318 -0.010362 0.0446645 0.004318 -0.010362 0.0446645 0 -0.0102477 0.0445275 0.004318 -0.0102477 0.0445275 0 -0.0101575 0.0443734 0.004318 -0.0101575 0.0443734 1.77636e-18 -0.0119019 0.0432524 0.004318 -0.0121064 0.0434395 0.004318 -0.0121064 0.0434395 8.88178e-19 -0.0111525 0.042912 0.004318 -0.0114195 0.0429858 0.004318 -0.0114195 0.0429858 0 -0.0116716 0.0430999 0.004318 -0.0119019 0.0432524 0 -0.0116716 0.0430999 0 -0.0106007 0.0428697 0 -0.0103242 0.0428882 0 -0.0103242 0.0428882 0.004318 -0.0111525 0.042912 0 -0.0108778 0.0428753 0 -0.0108778 0.0428753 0.004318 -0.00950663 0.0430331 0.004318 -0.00977725 0.0429746 0 -0.00950663 0.0430331 0 -0.00977725 0.0429746 0.004318 -0.0100497 0.0429248 0.004318 -0.0100497 0.0429248 0 -0.0086997 0.0432302 0 -0.0086997 0.0432302 0.004318 -0.00896853 0.0431639 0 -0.00923727 0.0430972 0 -0.00896853 0.0431639 0.004318 -0.00923727 0.0430972 0.004318 -0.00815901 0.0433495 0.004318 -0.00843007 0.0432931 0.004318 -0.00843007 0.0432931 0 -0.00815901 0.0433495 0 -0.00788603 0.0433957 0.004318 -0.00788603 0.0433957 0 -0.00761098 0.0434274 0.004318 -0.00733432 0.0434395 0.004318 -0.00761098 0.0434274 0 -0.00733432 0.0434395 1.77636e-18 -0.0106007 0.0428697 0.004318 -1.13072e-18 0.0450733 0 0.0012424 0.0450272 0 -1.13072e-18 0.0450733 0.004318 0.0012424 0.0450272 0.004318 0.00248481 0.0448888 0 0.00371584 0.0446599 0 0.00248481 0.0448888 0.004318 0.00493928 0.0443398 0 0.00371584 0.0446599 0.004318 0.00493928 0.0443398 0.004318 0.00614423 0.0439336 0 0.00733432 0.0434395 3.55271e-18 0.00614423 0.0439336 0.004318 0.00733432 0.0434395 0.004318 -0.00124619 0.0450267 0.004318 -0.00248481 0.0448888 0.004318 -0.00124619 0.0450267 0 -0.00248481 0.0448888 0 -0.00371947 0.0446582 0.004318 -0.00493928 0.0443398 0.004318 -0.00371947 0.0446582 0 -0.00614423 0.0439336 0.004318 -0.00493928 0.0443398 0 -0.00614423 0.0439336 0 -0.00733432 0.0434395 0.004318 -0.00733432 0.0434395 1.77636e-18 0.00977734 0.0429751 0 0.0100498 0.0429257 0 0.00977734 0.0429751 0.004318 0.0100498 0.0429257 0.004318 0.0103242 0.0428894 0 0.0106003 0.0428712 0 0.0103242 0.0428894 0.004318 0.010877 0.042877 0 0.0106003 0.0428712 0.004318 0.010877 0.042877 0.004318 0.0111512 0.0429132 0 0.0114182 0.0429861 0 0.0111512 0.0429132 0.004318 0.0116709 0.0430994 0 0.0114182 0.0429861 0.004318 0.0116709 0.0430994 0.004318 0.0119019 0.0432524 0 0.0121064 0.0434395 1.77636e-18 0.0119019 0.0432524 0.004318 0.0121064 0.0434395 0.004318 0.00950676 0.0430338 0.004318 0.00923744 0.043098 0.004318 0.00950676 0.0430338 0 0.00923744 0.043098 0 0.00896871 0.0431647 0.004318 0.00869986 0.0432309 0.004318 0.00896871 0.0431647 0 0.00843018 0.0432938 0.004318 0.00869986 0.0432309 0 0.00843018 0.0432938 0 0.00815906 0.0433502 0.004318 0.00788599 0.0433964 0.004318 0.00815906 0.0433502 0 0.00761098 0.0434275 0.004318 0.00788599 0.0433964 0 0.00761098 0.0434275 0 0.00733432 0.0434395 0.004318 0.00733432 0.0434395 3.55271e-18 0.0115169 0.0449162 0 0.0115169 0.0449162 0.004318 0.0116778 0.044839 0.004318 0.0113455 0.0449657 0 0.0113455 0.0449657 0.004318 0.0111682 0.0449864 0.004318 0.0111682 0.0449864 0 0.0109899 0.0449777 0 0.0109899 0.0449777 0.004318 0.0108156 0.0449397 0 0.0108156 0.0449397 0.004318 0.0106498 0.0448735 0.004318 0.0106498 0.0448735 0 0.0104972 0.0447809 0 0.0104972 0.0447809 0.004318 0.010362 0.0446645 0 0.010362 0.0446645 0.004318 0.0102477 0.0445275 0.004318 0.0102477 0.0445275 0 0.0101575 0.0443734 0 0.0101575 0.0443734 0.004318 0.0116778 0.044839 0 0.0118239 0.0447365 0.004318 0.0118239 0.0447365 0 0.0119511 0.0446113 0.004318 0.0119511 0.0446113 0 0.0120559 0.0444668 0 0.0120559 0.0444668 0.004318 0.0121355 0.0443071 0.004318 0.0121355 0.0443071 0 0.0121878 0.0441365 0.004318 0.0121878 0.0441365 0 0.0122112 0.0439596 0 0.0122112 0.0439596 0.004318 0.0122053 0.0437812 0.004318 0.0122053 0.0437812 0 0.01217 0.0436063 0.004318 0.01217 0.0436063 0 0.0121064 0.0434395 0.004318 0.0121064 0.0434395 1.77636e-18 0.00637079 0.0445684 0.004318 0.00637521 0.0445683 0 0.00566014 0.0448399 0 0.00497959 0.0451873 0 0.00565827 0.0448413 0.004318 0.00433269 0.0455931 0 0.00497807 0.0451878 0.004318 0.00433329 0.0455972 0.004318 0.00371776 0.0460479 0 0.00313057 0.0465385 1.77636e-18 0.00371767 0.0460482 0.004318 0.00313057 0.0465385 0.004318 0.00711182 0.0443792 0.004318 0.00711524 0.0443837 0 0.00786971 0.04428 0.004318 0.00863309 0.0442557 0.004318 0.00787161 0.0442833 0 0.00939735 0.0442942 0.004318 0.0086351 0.0442637 0 0.00939735 0.0442948 0 0.0101575 0.0443734 0.004318 0.0101575 0.0443734 0 0.00241589 0.0474022 0.004318 0.00196758 0.0477415 0 0.00196758 0.0477415 0.004318 0.00147239 0.0480078 0.004318 0.00147239 0.0480078 0 0.000942136 0.0481947 0 0.000942136 0.0481947 0.004318 0.00241589 0.0474022 0 0.00280666 0.046998 0.004318 0.00280666 0.046998 0 0.00313057 0.0465385 0.004318 0.00313057 0.0465385 1.77636e-18 -7.7801e-05 0.0491336 0 -7.7801e-05 0.0491336 0.004318 7.7801e-05 0.0491336 0.004318 -0.000231281 0.049108 0 -0.000231281 0.049108 0.004318 -0.000378452 0.0490575 0.004318 -0.000378452 0.0490575 0 -0.0005153 0.0489834 0 -0.0005153 0.0489834 0.004318 -0.000638091 0.0488878 0 -0.000638091 0.0488878 0.004318 -0.000743478 0.0487734 0.004318 -0.000743478 0.0487734 0 -0.000828584 0.0486431 0 -0.000828584 0.0486431 0.004318 -0.000891089 0.0485006 0 -0.000891089 0.0485006 0.004318 -0.000929287 0.0483498 0.004318 -0.000929287 0.0483498 0 -0.000942136 0.0481947 0 -0.000942136 0.0481947 0.004318 7.7801e-05 0.0491336 0 0.000231281 0.049108 0.004318 0.000231281 0.049108 0 0.000378452 0.0490575 0.004318 0.000378452 0.0490575 0 0.0005153 0.0489834 0 0.0005153 0.0489834 0.004318 0.000638091 0.0488878 0.004318 0.000638091 0.0488878 0 0.000743478 0.0487734 0.004318 0.000743478 0.0487734 0 0.000828584 0.0486431 0 0.000828584 0.0486431 0.004318 0.000891089 0.0485006 0.004318 0.000891089 0.0485006 0 0.000929287 0.0483498 0.004318 0.000929287 0.0483498 0 0.000942136 0.0481947 0.004318 0.000942136 0.0481947 0 -7.7801e-05 0.0491336 0.004318 0.000231281 0.049108 0.004318 7.7801e-05 0.0491336 0.004318 0.0012424 0.0450272 0.004318 0.00371767 0.0460482 0.004318 -1.13072e-18 0.0450733 0.004318 -0.00939735 0.0442942 0.004318 -0.0122112 0.0439596 0.004318 -0.0122053 0.0437812 0.004318 0.00371584 0.0446599 0.004318 0.00497807 0.0451878 0.004318 0.00248481 0.0448888 0.004318 0.00280666 0.046998 0.004318 -0.00241589 0.0474022 0.004318 -0.00280666 0.046998 0.004318 -0.000231281 0.049108 0.004318 0.0005153 0.0489834 0.004318 -0.0005153 0.0489834 0.004318 0.000638091 0.0488878 0.004318 -0.00124619 0.0450267 0.004318 -0.00371767 0.0460482 0.004318 0.00433329 0.0455972 0.004318 -0.00433329 0.0455972 0.004318 -0.00497807 0.0451878 0.004318 -0.00248481 0.0448888 0.004318 -0.00371947 0.0446582 0.004318 -0.00493928 0.0443398 0.004318 -0.00637079 0.0445684 0.004318 -0.00711182 0.0443792 0.004318 -0.00565827 0.0448413 0.004318 -0.0086997 0.0432302 0.004318 -0.0121064 0.0434395 0.004318 -0.00896853 0.0431639 0.004318 -0.00863309 0.0442557 0.004318 -0.00761098 0.0434274 0.004318 -0.00786971 0.04428 0.004318 -0.00977725 0.0429746 0.004318 -0.0116716 0.0430999 0.004318 -0.0100497 0.0429248 0.004318 -0.0114195 0.0429858 0.004318 -0.0103242 0.0428882 0.004318 -0.0101575 0.0443734 0.004318 -0.0120559 0.0444668 0.004318 -0.0121355 0.0443071 0.004318 -0.0121878 0.0441365 0.004318 -0.0102477 0.0445275 0.004318 -0.0108156 0.0449397 0.004318 -0.0109899 0.0449777 0.004318 -0.0113455 0.0449657 0.004318 -0.0111682 0.0449864 0.004318 -0.0115169 0.0449162 0.004318 -0.0106498 0.0448735 0.004318 -0.0116778 0.044839 0.004318 -0.0104972 0.0447809 0.004318 0.000378452 0.0490575 0.004318 -0.000378452 0.0490575 0.004318 -0.0118239 0.0447365 0.004318 -0.0119511 0.0446113 0.004318 -0.010362 0.0446645 0.004318 -0.01217 0.0436063 0.004318 -0.00843007 0.0432931 0.004318 -0.0119019 0.0432524 0.004318 -0.00950663 0.0430331 0.004318 -0.00923727 0.0430972 0.004318 -0.0111525 0.042912 0.004318 -0.0106007 0.0428697 0.004318 -0.0108778 0.0428753 0.004318 0.00733432 0.0434395 0.004318 0.00761098 0.0434275 0.004318 0.00614423 0.0439336 0.004318 -0.00815901 0.0433495 0.004318 -0.00788603 0.0433957 0.004318 -0.00733432 0.0434395 0.004318 -0.00614423 0.0439336 0.004318 -0.00313057 0.0465385 0.004318 0.0122112 0.0439596 0.004318 0.0121878 0.0441365 0.004318 0.0101575 0.0443734 0.004318 0.0115169 0.0449162 0.004318 0.0113455 0.0449657 0.004318 0.0108156 0.0449397 0.004318 0.0116709 0.0430994 0.004318 0.00950676 0.0430338 0.004318 0.00977734 0.0429751 0.004318 0.00863309 0.0442557 0.004318 0.00815906 0.0433502 0.004318 0.00939735 0.0442942 0.004318 0.0103242 0.0428894 0.004318 0.0111512 0.0429132 0.004318 0.0114182 0.0429861 0.004318 0.00923744 0.043098 0.004318 0.0119019 0.0432524 0.004318 0.00896871 0.0431647 0.004318 0.00869986 0.0432309 0.004318 0.01217 0.0436063 0.004318 0.00843018 0.0432938 0.004318 0.0100498 0.0429257 0.004318 0.0106003 0.0428712 0.004318 0.010877 0.042877 0.004318 0.0121064 0.0434395 0.004318 0.0122053 0.0437812 0.004318 0.0121355 0.0443071 0.004318 0.0120559 0.0444668 0.004318 0.0102477 0.0445275 0.004318 0.010362 0.0446645 0.004318 0.0118239 0.0447365 0.004318 0.0104972 0.0447809 0.004318 0.0119511 0.0446113 0.004318 0.0116778 0.044839 0.004318 0.0106498 0.0448735 0.004318 0.0109899 0.0449777 0.004318 0.0111682 0.0449864 0.004318 0.00196758 0.0477415 0.004318 -0.00147239 0.0480078 0.004318 -0.00196758 0.0477415 0.004318 0.00565827 0.0448413 0.004318 0.00493928 0.0443398 0.004318 0.00313057 0.0465385 0.004318 0.00711182 0.0443792 0.004318 0.00788599 0.0433964 0.004318 0.00637079 0.0445684 0.004318 0.00786971 0.04428 0.004318 0.00241589 0.0474022 0.004318 -0.000942136 0.0481947 0.004318 0.00147239 0.0480078 0.004318 -0.000929287 0.0483498 0.004318 0.000942136 0.0481947 0.004318 0.000929287 0.0483498 0.004318 0.000828584 0.0486431 0.004318 0.000743478 0.0487734 0.004318 -0.000743478 0.0487734 0.004318 0.000891089 0.0485006 0.004318 -0.000828584 0.0486431 0.004318 -0.000891089 0.0485006 0.004318 -0.000638091 0.0488878 0.004318 0.000942136 0.0481947 0 0.00147239 0.0480078 0 -0.000942136 0.0481947 0 -0.00124619 0.0450267 0 -0.00371776 0.0460479 2.36383e-18 -1.13072e-18 0.0450733 0 -0.0122112 0.0439596 0 -0.00939735 0.0442948 1.77636e-18 -0.0122053 0.0437812 0 -0.00566014 0.0448399 2.12202e-18 -0.00497959 0.0451873 2.66873e-18 -0.00371947 0.0446582 0 -0.00248481 0.0448888 0 -0.00787161 0.0442833 1.77636e-18 -0.00761098 0.0434274 0 -0.0086351 0.0442637 1.77636e-18 -0.00637521 0.0445683 1.86492e-18 -0.00493928 0.0443398 0 -0.00711524 0.0443837 1.77636e-18 -0.0103242 0.0428882 0 -0.0114195 0.0429858 0 -0.0100497 0.0429248 0 -0.0121064 0.0434395 8.88178e-19 -0.0086997 0.0432302 0 -0.00896853 0.0431639 0 -0.00977725 0.0429746 0 -0.0116716 0.0430999 0 -0.0101575 0.0443734 1.77636e-18 -0.0121355 0.0443071 0 -0.0120559 0.0444668 0 -0.0121878 0.0441365 0 -0.0102477 0.0445275 0 -0.0108156 0.0449397 0 -0.0113455 0.0449657 0 -0.0109899 0.0449777 0 -0.0111682 0.0449864 0 -0.0115169 0.0449162 0 -0.0106498 0.0448735 0 -0.0104972 0.0447809 0 -0.0116778 0.044839 0 -0.000231281 0.049108 0 0.000378452 0.0490575 0 -0.000378452 0.0490575 0 -0.0118239 0.0447365 0 0.0005153 0.0489834 0 -0.0005153 0.0489834 0 -0.010362 0.0446645 0 -0.0119511 0.0446113 0 -0.01217 0.0436063 0 -0.00843007 0.0432931 0 -0.0119019 0.0432524 0 -0.00950663 0.0430331 0 -0.00923727 0.0430972 0 -0.0111525 0.042912 0 -0.0106007 0.0428697 0 -0.0108778 0.0428753 0 0.01217 0.0436063 0 0.00869986 0.0432309 0 0.00843018 0.0432938 0 -0.00815901 0.0433495 0 -0.00788603 0.0433957 0 -0.00733432 0.0434395 1.77636e-18 -0.00614423 0.0439336 0 -0.00433269 0.0455931 2.74718e-18 -0.00313057 0.0465385 0 0.00371584 0.0446599 0 0.00248481 0.0448888 0 0.00497959 0.0451873 0 0.00433269 0.0455931 0 0.0012424 0.0450272 0 0.00371776 0.0460479 0 0.0121064 0.0434395 1.77636e-18 0.00896871 0.0431647 0 0.0102477 0.0445275 0 0.0119511 0.0446113 0 0.0120559 0.0444668 0 0.00950676 0.0430338 0 0.00923744 0.043098 0 0.0119019 0.0432524 0 0.00733432 0.0434395 3.55271e-18 0.00614423 0.0439336 0 0.00761098 0.0434275 0 0.0103242 0.0428894 0 0.0114182 0.0429861 0 0.0111512 0.0429132 0 0.00815906 0.0433502 0 0.0086351 0.0442637 0 0.00939735 0.0442948 0 0.0100498 0.0429257 0 0.0116709 0.0430994 0 0.00977734 0.0429751 0 0.0106003 0.0428712 0 0.010877 0.042877 0 0.0122112 0.0439596 0 0.0122053 0.0437812 0 0.0101575 0.0443734 0 0.0121878 0.0441365 0 0.0121355 0.0443071 0 0.0116778 0.044839 0 0.0104972 0.0447809 0 0.0106498 0.0448735 0 0.010362 0.0446645 0 0.0118239 0.0447365 0 0.0113455 0.0449657 0 0.0115169 0.0449162 0 0.0108156 0.0449397 0 0.0109899 0.0449777 0 0.0111682 0.0449864 0 0.00566014 0.0448399 0 0.00493928 0.0443398 0 0.00711524 0.0443837 0 0.00788599 0.0433964 0 0.00637521 0.0445683 0 0.00787161 0.0442833 0 -0.00280666 0.046998 0 0.00280666 0.046998 0 0.00313057 0.0465385 1.77636e-18 0.00196758 0.0477415 0 -0.00147239 0.0480078 0 0.00241589 0.0474022 0 -0.00241589 0.0474022 0 -0.00196758 0.0477415 0 -0.000929287 0.0483498 0 0.000231281 0.049108 0 -0.000638091 0.0488878 0 0.000638091 0.0488878 0 0.000743478 0.0487734 0 -7.7801e-05 0.0491336 0 7.7801e-05 0.0491336 0 0.000828584 0.0486431 0 -0.000743478 0.0487734 0 -0.000828584 0.0486431 0 0.000891089 0.0485006 0 0.000929287 0.0483498 0 -0.000891089 0.0485006 0</float_array>
          <technique_common>
            <accessor count="560" source="#ID5" stride="3">
              <param name="X" type="float"/>
              <param name="Y" type="float"/>
              <param name="Z" type="float"/>
            </accessor>
          </technique_common>
        </source>
        <source id="ID6">
          <float_array count="1680" id="ID7">-0.540132 0.84158 0 -0.663202 0.748441 0 -0.663202 0.748441 0 -0.770473 0.637472 0 -0.770473 0.637472 0 -0.859391 0.511319 0 -0.859391 0.511319 0 -0.540132 0.84158 0 -0.404196 0.914672 0 -0.404196 0.914672 0 -0.258631 0.965976 0 -0.258632 0.965976 0 -0.618965 0.785419 0 -0.659101 0.752055 0 -0.659101 0.752055 0 -0.409281 0.912408 0 -0.497587 0.867414 0 -0.49701 0.867745 0 -0.566225 0.824251 0 -0.618982 0.785405 0 -0.566235 0.824244 0 -0.185266 0.982688 0 -0.0760708 0.997102 0 -0.186582 0.982439 0 -0.408488 0.912764 0 -0.301296 0.953531 0 -0.302898 0.953023 0 0.0148162 0.99989 0 0.078395 0.996922 0 0.01416 0.9999 0 -0.075367 0.997156 0 0.11726 0.993101 0 0.0784216 0.99692 0 0.11726 0.993101 0 -0.505151 0.863031 0 -0.505151 0.863031 0 -0.356211 0.934405 0 -0.640312 0.768115 0 -0.640312 0.768115 0 -0.758006 0.652247 0 -0.758006 0.652247 0 -0.855024 0.518588 0 -0.855025 0.518587 0 -0.92872 0.370782 0 -0.92872 0.370782 0 -0.977082 0.212863 0 -0.977082 0.212863 0 -0.998792 0.0491375 0 -0.998792 0.0491375 0 -0.993258 -0.115928 -0 -0.993258 -0.115928 -0 -0.96063 -0.277832 -0 -0.96063 -0.277832 -0 -0.901798 -0.432157 -0 -0.901798 -0.432157 -0 -0.356211 0.934405 0 -0.197555 0.980292 0 -0.197555 0.980292 0 -0.0335101 0.999438 0 -0.0335101 0.999438 0 0.131449 0.991323 0 0.131449 0.991323 0 0.292823 0.956167 0 0.292823 0.956167 0 0.446209 0.894929 0 0.446209 0.894929 0 0.587424 0.80928 0 0.587424 0.80928 0 0.712615 0.701555 0 0.712615 0.701555 0 0.818368 0.574695 0 0.818368 0.574695 0 0.901798 0.432157 0 0.901798 0.432157 0 -0.61751 -0.786563 -0 -0.725953 -0.687745 -0 -0.725953 -0.687745 -0 -0.194962 -0.980811 -0 -0.336821 -0.941569 -0 -0.336204 -0.941789 -0 -0.48372 -0.875223 -0 -0.617503 -0.786569 -0 -0.483288 -0.875461 -0 0.0266446 -0.999645 0 0.102212 -0.994763 0 0.102289 -0.994755 0 -0.194543 -0.980894 -0 -0.0719314 -0.99741 -0 -0.0720497 -0.997401 -0 0.223768 -0.974643 0 0.197696 -0.980263 0 0.223741 -0.974649 0 0.197725 -0.980257 0 0.158146 -0.987416 0 0.158087 -0.987425 0 0.235002 -0.971995 0 0.234984 -0.971999 0 0.241756 -0.970337 0 0.238089 -0.971243 0 0.241754 -0.970338 0 0.238102 -0.97124 0 0.187491 -0.982266 0 0.217316 -0.976101 0 0.217344 -0.976095 0 0.187525 -0.98226 0 0.143404 -0.989664 0 0.143437 -0.989659 0 0.0820915 -0.996625 0 0 -1 0 0.0820975 -0.996624 0 0 -1 0 0.0266876 -0.999644 0 1.43342e-07 -1 0 -0.0736531 -0.997284 -0 1.43342e-07 -1 0 -0.0736531 -0.997284 -0 -0.146413 -0.989224 -0 -0.217438 -0.976074 -0 -0.146413 -0.989224 -0 -0.285983 -0.958235 -0 -0.217438 -0.976074 -0 -0.285983 -0.958235 -0 -0.351435 -0.936212 -0 -0.413326 -0.910583 -0 -0.351435 -0.936212 -0 -0.413326 -0.910583 -0 0.0736534 -0.997284 0 0.146413 -0.989224 0 0.0736534 -0.997284 0 0.146413 -0.989224 0 0.217438 -0.976074 0 0.285983 -0.958235 0 0.217438 -0.976074 0 0.351435 -0.936212 0 0.285983 -0.958235 0 0.351435 -0.936212 0 0.413326 -0.910583 0 0.413326 -0.910583 0 -0.197696 -0.980263 -0 -0.158087 -0.987425 -0 -0.197725 -0.980257 -0 -0.158146 -0.987416 -0 -0.102212 -0.994763 -0 -0.0266446 -0.999645 -0 -0.102289 -0.994755 -0 0.0719314 -0.99741 0 -0.0266876 -0.999644 -0 0.0720497 -0.997401 0 0.194543 -0.980894 0 0.336204 -0.941789 0 0.194962 -0.980811 0 0.483288 -0.875461 0 0.336821 -0.941569 0 0.48372 -0.875223 0 0.617503 -0.786569 0 0.725953 -0.687745 0 0.61751 -0.786563 0 0.725953 -0.687745 0 -0.223768 -0.974643 -0 -0.238102 -0.97124 -0 -0.223741 -0.974649 -0 -0.238089 -0.971243 -0 -0.241754 -0.970338 -0 -0.234984 -0.971999 -0 -0.241756 -0.970337 -0 -0.217316 -0.976101 -0 -0.235002 -0.971995 -0 -0.217344 -0.976095 -0 -0.187491 -0.982266 -0 -0.143404 -0.989664 -0 -0.187525 -0.98226 -0 -0.0820915 -0.996625 -0 -0.143437 -0.989659 -0 -0.0820975 -0.996624 -0 -0 -1 -0 -0 -1 -0 0.356211 0.934405 0 0.356211 0.934405 0 0.505151 0.863031 0 0.197555 0.980292 0 0.197555 0.980292 0 0.03351 0.999438 0 0.03351 0.999438 0 -0.131449 0.991323 0 -0.131449 0.991323 0 -0.292823 0.956167 0 -0.292823 0.956167 0 -0.446209 0.894929 0 -0.446209 0.894929 0 -0.587424 0.80928 0 -0.587424 0.80928 0 -0.712615 0.701555 0 -0.712615 0.701555 0 -0.818368 0.574694 0 -0.818368 0.574694 0 -0.901798 0.432157 0 -0.901798 0.432157 0 0.505151 0.863031 0 0.640312 0.768115 0 0.640312 0.768115 0 0.758006 0.652247 0 0.758006 0.652247 0 0.855025 0.518588 0 0.855025 0.518588 0 0.92872 0.370782 0 0.92872 0.370782 0 0.977082 0.212863 0 0.977082 0.212863 0 0.998792 0.0491373 0 0.998792 0.0491373 0 0.993258 -0.115928 0 0.993258 -0.115928 0 0.96063 -0.277832 0 0.96063 -0.277832 0 0.901798 -0.432157 0 0.901798 -0.432157 0 0.302898 0.953023 0 0.301296 0.953531 0 0.408488 0.912764 0 0.49701 0.867745 0 0.409281 0.912408 0 0.566235 0.824244 0 0.497587 0.867414 0 0.566225 0.824251 0 0.618982 0.785405 0 0.659101 0.752055 0 0.618965 0.785419 0 0.659101 0.752055 0 0.186582 0.982439 0 0.185266 0.982688 0 0.0760708 0.997102 0 -0.01416 0.9999 0 0.075367 0.997156 0 -0.078395 0.996922 0 -0.0148162 0.99989 0 -0.0784216 0.99692 0 -0.11726 0.993101 0 -0.11726 0.993101 0 0.663202 0.748441 0 0.540132 0.84158 0 0.540132 0.84158 0 0.404196 0.914672 0 0.404196 0.914672 0 0.258632 0.965976 0 0.258632 0.965976 0 0.663202 0.748441 0 0.770473 0.637472 0 0.770473 0.637472 0 0.859391 0.511319 0 0.859391 0.511319 0 -0.0825793 0.996584 0 -0.0825793 0.996584 0 0.0825795 0.996584 0 -0.245486 0.9694 0 -0.245486 0.9694 0 -0.401695 0.915773 0 -0.401695 0.915773 0 -0.546948 0.837166 0 -0.546948 0.837166 0 -0.677282 0.735724 0 -0.677282 0.735724 0 -0.789141 0.614213 0 -0.789141 0.614213 0 -0.879474 0.475947 0 -0.879474 0.475947 0 -0.945817 0.3247 0 -0.945817 0.3247 0 -0.986361 0.164595 0 -0.986361 0.164595 0 -1 4.37114e-08 0 -1 4.37114e-08 0 0.0825795 0.996584 0 0.245486 0.9694 0 0.245486 0.9694 0 0.401695 0.915773 0 0.401695 0.915773 0 0.546948 0.837166 0 0.546948 0.837166 0 0.677281 0.735724 0 0.677281 0.735724 0 0.789141 0.614213 0 0.789141 0.614213 0 0.879474 0.475947 0 0.879474 0.475947 0 0.945817 0.3247 0 0.945817 0.3247 0 0.986361 0.164595 0 0.986361 0.164595 0 1 -1.19249e-08 0 1 -1.19249e-08 0 0 0 1 0 0 1 0 0 1 0 0 1 0 0 1 0 0 1 0 0 1 0 0 1 0 0 1 0 0 1 0 0 1 0 0 1 0 0 1 0 0 1 0 0 1 0 0 1 0 0 1 0 0 1 0 0 1 0 0 1 0 0 1 0 0 1 0 0 1 0 0 1 0 0 1 0 0 1 0 0 1 0 0 1 0 0 1 0 0 1 0 0 1 0 0 1 0 0 1 0 0 1 0 0 1 0 0 1 0 0 1 0 0 1 0 0 1 0 0 1 0 0 1 0 0 1 0 0 1 0 0 1 0 0 1 0 0 1 0 0 1 0 0 1 0 0 1 0 0 1 0 0 1 0 0 1 0 0 1 0 0 1 0 0 1 0 0 1 0 0 1 0 0 1 0 0 1 0 0 1 0 0 1 0 0 1 0 0 1 0 0 1 0 0 1 0 0 1 0 0 1 0 0 1 0 0 1 0 0 1 0 0 1 0 0 1 0 0 1 0 0 1 0 0 1 0 0 1 0 0 1 0 0 1 0 0 1 0 0 1 0 0 1 0 0 1 0 0 1 0 0 1 0 0 1 0 0 1 0 0 1 0 0 1 0 0 1 0 0 1 0 0 1 0 0 1 0 0 1 0 0 1 0 0 1 0 0 1 0 0 1 0 0 1 0 0 1 0 0 1 0 0 1 0 0 1 0 0 1 0 0 1 0 0 1 0 0 1 0 0 1 0 0 1 0 0 1 0 0 1 0 0 1 0 0 1 0 0 1 0 0 1 0 0 1 0 0 1 0 0 1 0 0 1 0 0 1 0 0 1 0 0 1 0 0 1 0 0 1 0 0 1 0 0 1 0 0 1 0 0 1 0 0 1 0 0 1 0 0 1 0 0 1 0 0 1 0 0 1 0 0 1 0 0 1 -0 -0 -1 -0 -0 -1 -0 -0 -1 -0 -0 -1 -0 -0 -1 -0 -0 -1 -0 -0 -1 -0 -0 -1 -0 -0 -1 -0 -0 -1 -0 -0 -1 -0 -0 -1 -0 -0 -1 -0 -0 -1 -0 -0 -1 -0 -0 -1 -0 -0 -1 -0 -0 -1 -0 -0 -1 -0 -0 -1 -0 -0 -1 -0 -0 -1 -0 -0 -1 -0 -0 -1 -0 -0 -1 -0 -0 -1 -0 -0 -1 -0 -0 -1 -0 -0 -1 -0 -0 -1 -0 -0 -1 -0 -0 -1 -0 -0 -1 -0 -0 -1 -0 -0 -1 -0 -0 -1 -0 -0 -1 -0 -0 -1 -0 -0 -1 -0 -0 -1 -0 -0 -1 -0 -0 -1 -0 -0 -1 -0 -0 -1 -0 -0 -1 -0 -0 -1 -0 -0 -1 -0 -0 -1 -0 -0 -1 -0 -0 -1 -0 -0 -1 -0 -0 -1 -0 -0 -1 -0 -0 -1 -0 -0 -1 -0 -0 -1 -0 -0 -1 -0 -0 -1 -0 -0 -1 -0 -0 -1 -0 -0 -1 -0 -0 -1 -0 -0 -1 -0 -0 -1 -0 -0 -1 -0 -0 -1 -0 -0 -1 -0 -0 -1 -0 -0 -1 -0 -0 -1 -0 -0 -1 -0 -0 -1 -0 -0 -1 -0 -0 -1 -0 -0 -1 -0 -0 -1 -0 -0 -1 -0 -0 -1 -0 -0 -1 -0 -0 -1 -0 -0 -1 -0 -0 -1 -0 -0 -1 -0 -0 -1 -0 -0 -1 -0 -0 -1 -0 -0 -1 -0 -0 -1 -0 -0 -1 -0 -0 -1 -0 -0 -1 -0 -0 -1 -0 -0 -1 -0 -0 -1 -0 -0 -1 -0 -0 -1 -0 -0 -1 -0 -0 -1 -0 -0 -1 -0 -0 -1 -0 -0 -1 -0 -0 -1 -0 -0 -1 -0 -0 -1 -0 -0 -1 -0 -0 -1 -0 -0 -1 -0 -0 -1 -0 -0 -1 -0 -0 -1 -0 -0 -1 -0 -0 -1 -0 -0 -1 -0 -0 -1 -0 -0 -1 -0 -0 -1 -0 -0 -1 -0 -0 -1 -0 -0 -1 -0 -0 -1 -0 -0 -1 -0 -0 -1 -0 -0 -1 -0 -0 -1 -0 -0 -1 -0 -0 -1 -0 -0 -1 -0 -0 -1 -0 -0 -1 -0 -0 -1 -0 -0 -1 -0 -0 -1 -0 -0 -1 -0 -0 -1 -0 -0 -1</float_array>
          <technique_common>
            <accessor count="560" source="#ID7" stride="3">
              <param name="X" type="float"/>
              <param name="Y" type="float"/>
              <param name="Z" type="float"/>
            </accessor>
          </technique_common>
        </source>
        <vertices id="ID8">
          <input semantic="POSITION" source="#ID4"/>
          <input semantic="NORMAL" source="#ID6"/>
        </vertices>
        <triangles count="536" material="ID9">
          <input offset="0" semantic="VERTEX" source="#ID8"/>
          <p>0 1 2 3 2 4 1 4 2 5 6 3 3 4 5 1 0 7 7 8 9 8 7 0 8 10 9 9 10 11 12 13 14 15 16 17 18 19 20 21 22 23 24 25 26 27 28 29 29 30 27 31 28 32 27 32 28 33 31 32 30 22 21 22 30 29 25 23 26 25 21 23 24 15 17 24 26 15 16 18 20 17 16 20 12 14 19 18 12 19 34 35 36 35 37 38 37 35 34 39 38 40 37 40 38 41 42 39 39 40 41 42 43 44 43 42 41 45 44 46 43 46 44 47 48 45 45 46 47 48 49 50 49 48 47 51 50 52 49 52 50 53 54 51 51 52 53 34 36 55 56 57 55 55 36 56 57 58 59 58 57 56 60 59 61 58 61 59 62 63 60 60 61 62 63 64 65 64 63 62 66 65 67 64 67 65 68 69 66 66 67 68 69 70 71 70 69 68 70 72 71 71 72 73 74 75 76 77 78 79 80 81 82 83 84 85 86 87 88 89 90 91 92 93 94 95 96 97 98 99 100 101 102 103 95 103 102 101 104 105 104 101 103 106 107 105 105 104 106 108 107 109 106 109 107 110 108 109 99 97 96 95 102 96 98 100 91 97 99 98 89 92 90 100 89 91 93 84 94 92 94 90 111 83 85 85 84 93 111 88 87 87 83 111 86 77 79 86 88 77 78 80 82 79 78 82 74 76 81 80 74 81 112 113 114 115 113 116 113 115 114 117 118 116 115 116 118 117 119 120 120 118 117 121 119 122 119 121 120 123 124 122 121 122 124 125 124 123 126 112 114 126 127 128 128 112 126 129 127 130 127 129 128 131 132 130 129 130 132 131 133 134 134 132 131 135 133 136 133 135 134 135 136 137 138 139 140 141 139 142 139 141 140 143 144 142 141 142 144 143 145 146 146 144 143 147 145 148 145 147 146 149 150 148 147 148 150 149 151 152 152 150 149 153 151 154 151 153 152 155 156 154 153 154 156 157 156 155 158 138 140 158 159 160 160 138 158 161 159 162 159 161 160 163 164 162 161 162 164 163 165 166 166 164 163 167 165 168 165 167 166 169 170 168 167 168 170 169 171 172 172 170 169 173 171 174 171 173 172 173 174 175 176 177 178 177 179 180 179 177 176 181 180 182 179 182 180 183 184 181 181 182 183 184 185 186 185 184 183 187 186 188 185 188 186 189 190 187 187 188 189 190 191 192 191 190 189 193 192 194 191 194 192 195 196 193 193 194 195 176 178 197 198 199 197 197 178 198 199 200 201 200 199 198 202 201 203 200 203 201 204 205 202 202 203 204 205 206 207 206 205 204 208 207 209 206 209 207 210 211 208 208 209 210 211 212 213 212 211 210 212 214 213 213 214 215 216 217 218 219 220 218 216 218 220 219 221 222 222 220 219 223 221 224 221 223 222 225 226 224 223 224 226 227 226 225 228 217 216 229 228 230 228 229 217 231 232 230 229 230 232 231 233 234 234 232 231 235 233 236 233 235 234 235 236 237 238 239 240 241 240 242 239 242 240 243 244 241 241 242 243 239 238 245 245 246 247 246 245 238 246 248 247 247 248 249 250 251 252 251 253 254 253 251 250 255 254 256 253 256 254 257 258 255 255 256 257 258 259 260 259 258 257 261 260 262 259 262 260 263 264 261 261 262 263 264 265 266 265 264 263 267 266 268 265 268 266 269 270 267 267 268 269 250 252 271 272 273 271 271 252 272 273 274 275 274 273 272 276 275 277 274 277 275 278 279 276 276 277 278 279 280 281 280 279 278 282 281 283 280 283 281 284 285 282 282 283 284 285 286 287 286 285 284 286 288 287 287 288 289 290 291 292 293 294 295 296 297 298 299 300 301 302 303 304 290 305 291 306 307 308 309 295 310 294 293 311 312 313 314 313 315 314 316 317 318 315 313 319 320 321 322 323 324 325 326 327 328 328 329 330 331 332 333 297 331 334 335 332 331 336 337 338 337 339 338 340 341 336 336 338 340 341 342 343 342 341 340 306 344 345 342 346 343 346 347 348 348 343 346 335 347 332 347 335 348 331 333 334 349 320 350 331 297 296 351 327 352 322 351 353 354 355 330 354 356 355 329 328 327 330 329 354 352 327 326 357 358 359 351 322 321 352 353 351 321 320 349 350 296 298 350 298 349 296 360 323 360 296 350 323 361 324 360 361 323 362 363 324 318 325 363 363 325 324 318 363 316 316 315 319 319 317 316 309 312 314 364 310 295 310 312 309 311 301 300 311 293 301 364 295 294 365 366 367 368 369 370 371 372 373 374 375 376 377 378 379 380 381 382 383 384 385 373 386 371 386 379 371 378 377 387 378 387 388 371 381 372 377 379 386 381 380 372 383 382 389 389 382 381 384 390 376 383 389 384 367 376 365 365 376 390 367 391 392 392 393 367 394 395 396 392 397 393 396 398 399 400 370 369 400 369 401 368 399 398 368 370 399 396 395 398 402 403 404 405 299 406 364 294 407 408 406 359 374 358 409 405 300 299 397 395 394 408 410 406 374 409 375 393 397 394 359 411 408 367 366 391 375 385 376 384 376 385 358 411 359 374 411 358 410 405 406 364 407 304 303 302 412 304 407 302 404 303 412 402 404 412 413 403 414 402 414 403 415 416 417 413 414 416 418 419 420 421 422 423 305 344 291 307 424 308 306 345 307 344 305 345 420 419 424 419 308 424 421 418 422 420 422 418 417 423 415 417 421 423 415 413 416 425 426 427 428 429 430 431 432 433 434 435 436 437 436 435 438 439 440 441 442 443 444 445 446 447 448 449 450 446 451 452 453 454 431 455 452 456 452 454 457 458 459 459 458 460 461 457 462 457 461 458 462 463 464 464 461 462 465 466 467 464 463 468 469 470 467 468 471 472 471 468 463 456 454 472 472 471 456 452 455 453 473 474 448 452 432 431 475 476 451 449 477 475 478 444 479 478 479 480 445 451 446 444 478 445 476 450 451 481 482 483 475 447 449 476 475 477 447 473 448 474 433 432 474 473 433 432 440 484 484 474 432 440 439 485 484 440 485 486 439 487 443 487 438 487 439 438 443 442 487 442 434 436 434 442 441 435 488 437 488 429 428 428 437 488 430 429 489 490 491 492 493 494 495 496 497 482 498 499 500 501 502 503 504 505 506 507 508 509 503 502 497 510 511 512 508 513 514 501 514 515 509 516 507 509 517 516 515 514 513 507 513 508 503 514 501 496 482 481 497 496 503 518 519 512 512 519 481 520 521 518 518 512 520 500 522 520 500 520 498 523 524 525 526 524 527 528 529 530 531 528 530 532 528 531 529 523 525 529 525 530 524 523 527 492 491 493 490 533 534 430 489 495 535 505 534 511 536 506 533 490 492 499 526 527 535 534 537 511 510 536 498 526 499 505 535 538 520 522 521 510 512 483 481 483 512 506 505 538 511 506 538 537 534 533 493 491 494 430 495 494 539 540 541 489 541 495 542 543 426 544 545 546 547 425 427 548 466 465 549 550 551 552 548 465 552 553 548 469 467 466 470 550 549 469 550 470 551 554 555 551 555 549 555 554 556 554 557 556 544 546 542 557 558 559 559 556 557 425 547 558 559 558 547 543 427 426 546 543 542 540 539 545 540 545 544 539 541 489</p>
        </triangles>
      </mesh>
    </geometry>
    <geometry id="ID10">
      <mesh>
        <source id="ID11">
          <float_array count="1008" id="ID12">-0.00741889 -0.0406856 4.44089e-18 -0.0050646 -0.0416925 0.00381 -0.00504837 -0.0417111 4.44089e-18 -5.09146e-17 -0.0425704 0.00381 -1.62777e-16 -0.0425704 4.44089e-18 -0.00257137 -0.0423444 4.44089e-18 -0.0116443 -0.0377573 4.42999e-18 -0.0134904 -0.0359571 4.30674e-18 -0.0116441 -0.0377421 0.00381 -0.00962242 -0.0393397 0.00381 -0.00742336 -0.0406735 0.00381 -0.00962009 -0.0393467 4.44089e-18 -0.0180325 -0.0297183 0.00381 -0.0166735 -0.0319062 0.00381 -0.0180354 -0.0297247 4.00093e-18 -0.0151624 -0.0339918 0.00381 -0.015163 -0.033995 3.94767e-18 -0.0166752 -0.031912 3.95275e-18 -0.0213 -0.0227292 3.9968e-18 -0.0221435 -0.0202956 3.9968e-18 -0.0212983 -0.0227265 0.00381 -0.0203378 -0.0251171 3.9968e-18 -0.0203377 -0.0251165 0.00381 -0.019251 -0.0274501 0.00381 -0.0240222 -0.0128047 0.00381 -0.0234998 -0.0153267 0.00381 -0.024023 -0.0128066 3.9968e-18 -0.0228743 -0.0178246 0.00381 -0.0228749 -0.0178258 3.9968e-18 -0.0235002 -0.0153277 3.9968e-18 -0.0250046 -0.00514688 3.9968e-18 -0.0251432 -0.00257544 3.99236e-18 -0.0250043 -0.0051457 0.00381 -0.0244461 -0.0102662 3.9968e-18 -0.0247725 -0.00771132 3.9968e-18 -0.0244456 -0.0102645 0.00381 -0.0250043 0.00514548 3.52398e-18 -0.0251431 0.00257491 0.00381 -0.025143 0.00257456 3.65531e-18 -0.0251893 5.36943e-07 0.00381 -0.025143 -0.00257413 0.00381 -0.0251892 -3.76867e-07 3.93113e-18 -0.0244461 0.0102661 0.00381 -0.0247728 0.00771186 0.00381 -0.0244457 0.0102648 3.55593e-18 -0.0250046 0.00514684 0.00381 -0.0247723 0.00771013 3.5015e-18 -0.0235004 0.0153281 0.00381 -0.0234994 0.0153261 3.55271e-18 -0.0228741 0.0178244 3.55271e-18 -0.0240224 0.0128049 3.55529e-18 -0.0240226 0.012806 0.00381 -0.0221429 0.0202948 0.00381 -0.0212983 0.0227264 3.55271e-18 -0.0212995 0.0227284 0.00381 -0.0221425 0.0202941 3.55271e-18 -0.0228754 0.0178264 0.00381 -0.020339 0.0251189 0.00381 -0.0192513 0.0274505 3.55271e-18 -0.0192533 0.0274546 0.00381 -0.0203366 0.0251149 3.55271e-18 -0.0166728 0.0319049 3.55271e-18 -0.0151615 0.0339893 3.55271e-18 -0.0166752 0.0319115 0.00381 -0.0180337 0.0297204 3.55271e-18 -0.0180339 0.0297216 0.00381 -0.0134892 0.0359489 3.51719e-18 -0.0116441 0.0377446 3.19931e-18 -0.0134899 0.0359561 0.00381 -0.0151642 0.0339996 0.00381 -0.00506012 0.0417016 3.10862e-18 -0.00741477 0.0406904 0.00381 -0.00742448 0.0406725 3.10765e-18 -0.00961978 0.0393511 0.00381 -0.011645 0.037751 0.00381 -0.00962211 0.0393335 3.0609e-18 1.26163e-05 0.0425672 0.00381 -0.00255826 0.0423517 0.00381 -1.26163e-05 0.0425672 3.10862e-18 -0.00505465 0.0417048 0.00381 -0.00257313 0.0423415 3.10862e-18 0.00741477 0.0406904 3.10862e-18 0.00961978 0.0393511 3.10776e-18 0.00742448 0.0406725 0.00381 0.00255826 0.0423517 3.10862e-18 0.00505465 0.0417048 3.10862e-18 0.00257313 0.0423415 0.00381 0.0151642 0.0339996 2.5929e-18 0.0134892 0.0359489 0.00381 0.0134899 0.0359561 2.73259e-18 0.0116441 0.0377446 0.00381 0.00962211 0.0393335 0.00381 0.011645 0.037751 3.07072e-18 0.0180337 0.0297204 0.00381 0.0192533 0.0274546 2.66454e-18 0.0192513 0.0274505 0.00381 0.0166752 0.0319115 2.66746e-18 0.0180339 0.0297216 2.66454e-18 0.0166728 0.0319049 0.00381 0.0228754 0.0178264 2.66454e-18 0.0221425 0.0202941 0.00381 0.0221429 0.0202948 2.66454e-18 0.0212983 0.0227264 0.00381 0.0203366 0.0251149 0.00381 0.0212995 0.0227284 2.66454e-18 0.0240224 0.0128049 0.00381 0.0244461 0.0102661 2.66454e-18 0.0244457 0.0102648 0.00381 0.0235004 0.0153281 2.66454e-18 0.0240226 0.012806 2.66454e-18 0.0234994 0.0153261 0.00381 0.0251431 0.00257491 2.62312e-18 0.025143 0.00257456 0.00381 0.0250043 0.00514548 0.00381 0.0250046 0.00514684 2.65751e-18 0.0247723 0.00771013 0.00381 0.0247728 0.00771186 2.66454e-18 0.025143 -0.00257413 2.17963e-18 0.0251432 -0.00257544 0.00381 0.0251892 -3.76867e-07 0.00381 0.0251893 5.36943e-07 2.37768e-18 0.0250043 -0.0051457 2.17938e-18 0.0250046 -0.00514688 0.00381 0.0247725 -0.00771132 0.00381 0.0247724 -0.00771049 2.21387e-18 0.0244456 -0.0102645 2.22499e-18 0.0244461 -0.0102662 0.00381 0.0240222 -0.0128047 2.22045e-18 0.024023 -0.0128066 0.00381 0.0235002 -0.0153277 0.00381 0.0234998 -0.0153267 2.22045e-18 0.0228743 -0.0178246 2.22045e-18 0.0228749 -0.0178258 0.00381 0.0221419 -0.0202931 2.22045e-18 0.0221435 -0.0202956 0.00381 0.0213 -0.0227292 0.00381 0.0212983 -0.0227265 2.22045e-18 0.0203377 -0.0251165 2.22045e-18 0.0203378 -0.0251171 0.00381 0.019251 -0.0274501 2.22045e-18 0.0192529 -0.0274539 0.00381 0.0180354 -0.0297247 0.00381 0.0180325 -0.0297183 2.22045e-18 0.0166735 -0.0319062 2.22045e-18 0.0166752 -0.031912 0.00381 0.0151624 -0.0339918 2.22045e-18 0.015163 -0.033995 0.00381 0.0134904 -0.0359571 0.00381 0.0134881 -0.0359458 2.0158e-18 0.0116441 -0.0377421 1.7735e-18 0.0116443 -0.0377573 0.00381 0.00962242 -0.0393397 1.77392e-18 0.00962009 -0.0393467 0.00381 0.00741889 -0.0406856 0.00381 0.00742336 -0.0406735 1.77221e-18 0.0050646 -0.0416925 1.77636e-18 0.00504837 -0.0417111 0.00381 0.00257311 -0.042344 1.77636e-18 0.00257137 -0.0423444 0.00381 0.0228741 0.0178244 0.00381 0.020339 0.0251189 2.66454e-18 0.0151615 0.0339893 0.00381 0.00506012 0.0417016 0.00381 -0.0247724 -0.00771049 0.00381 -0.0221419 -0.0202931 0.00381 -0.0192529 -0.0274539 3.9968e-18 -0.0134881 -0.0359458 0.00381 -0.00257311 -0.042344 0.00381 0.00741889 -0.0406856 0.00381 0.00504837 -0.0417111 0.00381 0.00257137 -0.0423444 0.00381 0.0192513 0.0274505 0.00381 0.0203366 0.0251149 0.00381 0.0166728 0.0319049 0.00381 0.0116443 -0.0377573 0.00381 0.00962009 -0.0393467 0.00381 0.0134904 -0.0359571 0.00381 0.0180354 -0.0297247 0.00381 0.0166752 -0.031912 0.00381 -0.0180339 0.0297216 0.00381 0.0250046 -0.00514688 0.00381 0.0247725 -0.00771132 0.00381 -0.00255826 0.0423517 0.00381 0.0180337 0.0297204 0.00381 0.015163 -0.033995 0.00381 0.0203378 -0.0251171 0.00381 0.0192529 -0.0274539 0.00381 0.0247723 0.00771013 0.00381 0.0250043 0.00514548 0.00381 0.00506012 0.0417016 0.00381 0.0134892 0.0359489 0.00381 0.0151615 0.0339893 0.00381 0.0116441 0.0377446 0.00381 -0.00505465 0.0417048 0.00381 -0.00741477 0.0406904 0.00381 0.0244457 0.0102648 0.00381 0.0221435 -0.0202956 0.00381 0.0213 -0.0227292 0.00381 0.0228749 -0.0178258 0.00381 0.0251432 -0.00257544 0.00381 0.0228741 0.0178244 0.00381 0.0240224 0.0128049 0.00381 0.00962211 0.0393335 0.00381 0.0234994 0.0153261 0.00381 0.0221425 0.0202941 0.00381 0.0212983 0.0227264 0.00381 0.00742448 0.0406725 0.00381 0.025143 0.00257456 0.00381 0.00257313 0.0423415 0.00381 0.0251892 -3.76867e-07 0.00381 1.26163e-05 0.0425672 0.00381 0.0244461 -0.0102662 0.00381 0.024023 -0.0128066 0.00381 0.0235002 -0.0153277 0.00381 -0.011645 0.037751 0.00381 -0.00961978 0.0393511 0.00381 -0.0134899 0.0359561 0.00381 -0.0166752 0.0319115 0.00381 -0.0151642 0.0339996 0.00381 -0.0192533 0.0274546 0.00381 -0.020339 0.0251189 0.00381 -0.0212995 0.0227284 0.00381 -0.0228754 0.0178264 0.00381 -0.0221429 0.0202948 0.00381 -0.0235004 0.0153281 0.00381 -0.0240226 0.012806 0.00381 -0.0244461 0.0102661 0.00381 -0.0247728 0.00771186 0.00381 -0.0251431 0.00257491 0.00381 -0.0250046 0.00514684 0.00381 -0.025143 -0.00257413 0.00381 -0.0251893 5.36943e-07 0.00381 -0.0247724 -0.00771049 0.00381 -0.0050646 -0.0416925 0.00381 -0.0250043 -0.0051457 0.00381 -0.0240222 -0.0128047 0.00381 -0.0244456 -0.0102645 0.00381 -0.00962242 -0.0393397 0.00381 -0.0228743 -0.0178246 0.00381 -0.0234998 -0.0153267 0.00381 -0.0116441 -0.0377421 0.00381 -0.0203377 -0.0251165 0.00381 -0.0221419 -0.0202931 0.00381 -0.0151624 -0.0339918 0.00381 -0.0166735 -0.0319062 0.00381 -0.019251 -0.0274501 0.00381 -0.0212983 -0.0227265 0.00381 -0.0180325 -0.0297183 0.00381 -0.0134881 -0.0359458 0.00381 -0.00742336 -0.0406735 0.00381 -5.09146e-17 -0.0425704 0.00381 -0.00257311 -0.042344 0.00381 0.00742336 -0.0406735 1.77221e-18 0.00257311 -0.042344 1.77636e-18 0.0050646 -0.0416925 1.77636e-18 0.0192533 0.0274546 2.66454e-18 0.0166752 0.0319115 2.66746e-18 0.020339 0.0251189 2.66454e-18 0.00962242 -0.0393397 1.77392e-18 0.0116441 -0.0377421 1.7735e-18 0.0134881 -0.0359458 2.0158e-18 0.0180325 -0.0297183 2.22045e-18 -0.0180337 0.0297204 3.55271e-18 0.0166735 -0.0319062 2.22045e-18 0.0250043 -0.0051457 2.17938e-18 -0.00257313 0.0423415 3.10862e-18 0.0247724 -0.00771049 2.21387e-18 0.0180339 0.0297216 2.66454e-18 0.0151624 -0.0339918 2.22045e-18 0.019251 -0.0274501 2.22045e-18 0.0203377 -0.0251165 2.22045e-18 0.0247728 0.00771186 2.66454e-18 0.00505465 0.0417048 3.10862e-18 0.0250046 0.00514684 2.65751e-18 0.0134899 0.0359561 2.73259e-18 0.011645 0.037751 3.07072e-18 0.0151642 0.0339996 2.5929e-18 -0.00506012 0.0417016 3.10862e-18 -0.00742448 0.0406725 3.10765e-18 0.0244461 0.0102661 2.66454e-18 0.0221419 -0.0202931 2.22045e-18 0.0228743 -0.0178246 2.22045e-18 0.0212983 -0.0227265 2.22045e-18 0.025143 -0.00257413 2.17963e-18 0.0228754 0.0178264 2.66454e-18 0.00961978 0.0393511 3.10776e-18 0.0240226 0.012806 2.66454e-18 0.0235004 0.0153281 2.66454e-18 0.0221429 0.0202948 2.66454e-18 0.0212995 0.0227284 2.66454e-18 0.00741477 0.0406904 3.10862e-18 0.0251431 0.00257491 2.62312e-18 0.00255826 0.0423517 3.10862e-18 0.0251893 5.36943e-07 2.37768e-18 -1.26163e-05 0.0425672 3.10862e-18 0.0244456 -0.0102645 2.22499e-18 0.0240222 -0.0128047 2.22045e-18 0.0234998 -0.0153267 2.22045e-18 -0.00962211 0.0393335 3.0609e-18 -0.0116441 0.0377446 3.19931e-18 -0.0134892 0.0359489 3.51719e-18 -0.0166728 0.0319049 3.55271e-18 -0.0151615 0.0339893 3.55271e-18 -0.0192513 0.0274505 3.55271e-18 -0.0203366 0.0251149 3.55271e-18 -0.0212983 0.0227264 3.55271e-18 -0.0228741 0.0178244 3.55271e-18 -0.0221425 0.0202941 3.55271e-18 -0.0234994 0.0153261 3.55271e-18 -0.0240224 0.0128049 3.55529e-18 -0.0244457 0.0102648 3.55593e-18 -0.0247723 0.00771013 3.5015e-18 -0.0250043 0.00514548 3.52398e-18 -0.025143 0.00257456 3.65531e-18 -0.0251892 -3.76867e-07 3.93113e-18 -0.0251432 -0.00257544 3.99236e-18 -0.0247725 -0.00771132 3.9968e-18 -0.00504837 -0.0417111 4.44089e-18 -0.0250046 -0.00514688 3.9968e-18 -0.024023 -0.0128066 3.9968e-18 -0.00962009 -0.0393467 4.44089e-18 -0.0244461 -0.0102662 3.9968e-18 -0.0228749 -0.0178258 3.9968e-18 -0.0235002 -0.0153277 3.9968e-18 -0.0116443 -0.0377573 4.42999e-18 -0.0203378 -0.0251171 3.9968e-18 -0.0221435 -0.0202956 3.9968e-18 -0.015163 -0.033995 3.94767e-18 -0.0166752 -0.031912 3.95275e-18 -0.0192529 -0.0274539 3.9968e-18 -0.0213 -0.0227292 3.9968e-18 -0.0180354 -0.0297247 4.00093e-18 -0.0134904 -0.0359571 4.30674e-18 -0.00741889 -0.0406856 4.44089e-18 -1.62777e-16 -0.0425704 4.44089e-18 -0.00257137 -0.0423444 4.44089e-18</float_array>
          <technique_common>
            <accessor count="336" source="#ID12" stride="3">
              <param name="X" type="float"/>
              <param name="Y" type="float"/>
              <param name="Z" type="float"/>
            </accessor>
          </technique_common>
        </source>
        <source id="ID13">
          <float_array count="1008" id="ID14">-0.462091 -0.886833 -0 -0.327483 -0.944857 -0 -0.327056 -0.945005 -0 2.95493e-07 -1 0 2.95493e-07 -1 0 -0.170788 -0.985308 -0 -0.661117 -0.750283 -0 -0.731182 -0.682182 -0 -0.661035 -0.750355 -0 -0.572651 -0.819799 -0 -0.462094 -0.886831 -0 -0.572647 -0.819802 -0 -0.866106 -0.49986 -0 -0.830731 -0.556674 -0 -0.86619 -0.499716 -0 -0.786578 -0.617491 -0 -0.786641 -0.61741 -0 -0.83081 -0.556556 -0 -0.936773 -0.349938 -0 -0.952187 -0.305515 -0 -0.936748 -0.350004 -0 -0.917878 -0.396862 -0 -0.91786 -0.396903 -0 -0.894666 -0.446735 -0 -0.983017 -0.183512 -0 -0.974898 -0.22265 -0 -0.983037 -0.18341 -0 -0.964731 -0.263237 -0 -0.964746 -0.263183 -0 -0.974914 -0.222582 -0 -0.997416 -0.0718355 -0 -0.999359 -0.0358028 -0 -0.997411 -0.0719139 -0 -0.989372 -0.145406 -0 -0.994118 -0.108303 -0 -0.989357 -0.145511 -0 -0.997411 0.0719185 0 -0.999358 0.0358163 0 -0.999357 0.0358539 0 -1 -2.11682e-05 -0 -0.999357 -0.0358607 -0 -1 1.46646e-05 0 -0.989372 0.145409 0 -0.994119 0.10829 0 -0.989358 0.145502 0 -0.997416 0.0718366 0 -0.994108 0.108392 0 -0.974916 0.222574 0 -0.974895 0.222664 0 -0.96473 0.26324 0 -0.983019 0.183506 0 -0.983034 0.183423 0 -0.952181 0.305533 0 -0.936747 0.350006 0 -0.936768 0.34995 0 -0.952175 0.305553 0 -0.964749 0.263172 0 -0.917893 0.396829 0 -0.894671 0.446725 0 -0.894725 0.446617 0 -0.917848 0.396933 0 -0.830717 0.556695 0 -0.786555 0.61752 0 -0.83081 0.556556 0 -0.866126 0.499826 0 -0.866164 0.499759 0 -0.731099 0.682271 0 -0.661051 0.750341 0 -0.731168 0.682197 0 -0.786674 0.617369 0 -0.327335 0.944908 0 -0.461961 0.8869 0 -0.462129 0.886813 0 -0.572656 0.819796 0 -0.661102 0.750296 0 -0.57262 0.819821 0 0.00049546 1 0 -0.170234 0.985404 0 -0.000495352 1 0 -0.327283 0.944926 0 -0.170725 0.985319 0 0.461961 0.8869 0 0.572655 0.819796 0 0.462129 0.886813 0 0.170235 0.985404 0 0.327284 0.944926 0 0.170725 0.985319 0 0.786673 0.617369 0 0.731099 0.682271 0 0.731168 0.682197 0 0.661051 0.750341 0 0.57262 0.819821 0 0.661103 0.750296 0 0.866126 0.499826 0 0.894725 0.446617 0 0.894671 0.446725 0 0.83081 0.556556 0 0.866164 0.499759 0 0.830717 0.556695 0 0.964749 0.263172 0 0.952175 0.305552 0 0.952181 0.305533 0 0.936747 0.350006 0 0.917848 0.396933 0 0.936768 0.34995 0 0.983019 0.183506 0 0.989372 0.145409 0 0.989358 0.145501 0 0.974916 0.222574 0 0.983034 0.183423 0 0.974895 0.222664 0 0.999358 0.0358163 0 0.999357 0.035854 0 0.997411 0.0719185 0 0.997416 0.0718364 0 0.994108 0.108392 0 0.994119 0.10829 0 0.999357 -0.0358605 0 0.999359 -0.0358027 0 1 1.4486e-05 0 1 -2.12763e-05 0 0.997411 -0.0719139 0 0.997416 -0.0718355 0 0.994118 -0.108303 0 0.994109 -0.108383 0 0.989357 -0.145511 0 0.989372 -0.145407 0 0.983017 -0.183512 0 0.983037 -0.18341 0 0.974914 -0.222582 0 0.974898 -0.22265 0 0.964731 -0.263237 0 0.964746 -0.263183 0 0.952167 -0.305577 0 0.952187 -0.305515 0 0.936773 -0.349938 0 0.936748 -0.350004 0 0.91786 -0.396903 0 0.917878 -0.396862 0 0.894666 -0.446735 0 0.89472 -0.446627 0 0.86619 -0.499716 0 0.866106 -0.49986 0 0.830731 -0.556674 0 0.83081 -0.556556 0 0.786578 -0.617491 0 0.786641 -0.61741 0 0.731183 -0.682182 0 0.731067 -0.682306 0 0.661034 -0.750356 0 0.661117 -0.750283 0 0.572652 -0.819799 0 0.572647 -0.819802 0 0.462091 -0.886833 0 0.462093 -0.886831 0 0.327483 -0.944857 0 0.327056 -0.945005 0 0.170732 -0.985318 0 0.170788 -0.985308 0 0.96473 0.26324 0 0.917893 0.396829 0 0.786556 0.61752 0 0.327335 0.944908 0 -0.994109 -0.108383 -0 -0.952167 -0.305577 -0 -0.89472 -0.446627 -0 -0.731067 -0.682306 -0 -0.170732 -0.985318 -0 0 0 1 0 0 1 0 0 1 0 0 1 0 0 1 0 0 1 0 0 1 0 0 1 0 0 1 0 0 1 0 0 1 0 0 1 0 0 1 0 0 1 0 0 1 0 0 1 0 0 1 0 0 1 0 0 1 0 0 1 0 0 1 0 0 1 0 0 1 0 0 1 0 0 1 0 0 1 0 0 1 0 0 1 0 0 1 0 0 1 0 0 1 0 0 1 0 0 1 0 0 1 0 0 1 0 0 1 0 0 1 0 0 1 0 0 1 0 0 1 0 0 1 0 0 1 0 0 1 0 0 1 0 0 1 0 0 1 0 0 1 0 0 1 0 0 1 0 0 1 0 0 1 0 0 1 0 0 1 0 0 1 0 0 1 0 0 1 0 0 1 0 0 1 0 0 1 0 0 1 0 0 1 0 0 1 0 0 1 0 0 1 0 0 1 0 0 1 0 0 1 0 0 1 0 0 1 0 0 1 0 0 1 0 0 1 0 0 1 0 0 1 0 0 1 0 0 1 0 0 1 0 0 1 0 0 1 0 0 1 0 0 1 0 0 1 0 0 1 0 0 1 -0 -0 -1 -0 -0 -1 -0 -0 -1 -0 -0 -1 -0 -0 -1 -0 -0 -1 -0 -0 -1 -0 -0 -1 -0 -0 -1 -0 -0 -1 -0 -0 -1 -0 -0 -1 -0 -0 -1 -0 -0 -1 -0 -0 -1 -0 -0 -1 -0 -0 -1 -0 -0 -1 -0 -0 -1 -0 -0 -1 -0 -0 -1 -0 -0 -1 -0 -0 -1 -0 -0 -1 -0 -0 -1 -0 -0 -1 -0 -0 -1 -0 -0 -1 -0 -0 -1 -0 -0 -1 -0 -0 -1 -0 -0 -1 -0 -0 -1 -0 -0 -1 -0 -0 -1 -0 -0 -1 -0 -0 -1 -0 -0 -1 -0 -0 -1 -0 -0 -1 -0 -0 -1 -0 -0 -1 -0 -0 -1 -0 -0 -1 -0 -0 -1 -0 -0 -1 -0 -0 -1 -0 -0 -1 -0 -0 -1 -0 -0 -1 -0 -0 -1 -0 -0 -1 -0 -0 -1 -0 -0 -1 -0 -0 -1 -0 -0 -1 -0 -0 -1 -0 -0 -1 -0 -0 -1 -0 -0 -1 -0 -0 -1 -0 -0 -1 -0 -0 -1 -0 -0 -1 -0 -0 -1 -0 -0 -1 -0 -0 -1 -0 -0 -1 -0 -0 -1 -0 -0 -1 -0 -0 -1 -0 -0 -1 -0 -0 -1 -0 -0 -1 -0 -0 -1 -0 -0 -1 -0 -0 -1 -0 -0 -1 -0 -0 -1 -0 -0 -1 -0 -0 -1 -0 -0 -1 -0 -0 -1 -0 -0 -1</float_array>
          <technique_common>
            <accessor count="336" source="#ID14" stride="3">
              <param name="X" type="float"/>
              <param name="Y" type="float"/>
              <param name="Z" type="float"/>
            </accessor>
          </technique_common>
        </source>
        <vertices id="ID15">
          <input semantic="POSITION" source="#ID11"/>
          <input semantic="NORMAL" source="#ID13"/>
        </vertices>
        <triangles count="332" material="ID16">
          <input offset="0" semantic="VERTEX" source="#ID15"/>
          <p>0 2 1 3 5 4 6 8 7 9 11 10 12 14 13 15 17 16 18 20 19 21 23 22 24 26 25 27 29 28 30 32 31 33 35 34 36 38 37 39 41 40 42 44 43 45 46 36 47 49 48 50 51 48 52 54 53 49 56 55 57 59 58 60 54 57 61 63 62 64 59 65 66 68 67 66 62 69 70 72 71 73 75 74 76 78 77 79 80 70 81 83 82 84 86 85 87 89 88 90 92 91 93 95 94 96 98 97 99 101 100 102 104 103 105 107 106 108 110 109 111 113 112 114 116 115 117 119 118 119 117 120 118 122 121 121 117 118 123 124 122 121 122 124 125 123 126 123 125 124 126 128 127 127 125 126 129 130 128 127 128 130 131 129 132 129 131 130 132 134 133 133 131 132 135 136 134 133 134 136 137 135 138 135 137 136 138 140 139 139 137 138 141 142 140 139 140 142 143 141 144 141 143 142 144 146 145 145 143 144 147 148 146 145 146 148 149 147 150 147 149 148 150 152 151 151 149 150 153 154 152 151 152 154 155 153 156 153 155 154 156 158 157 157 155 156 3 4 158 157 158 4 112 119 120 120 111 112 115 113 114 113 111 114 107 116 106 115 116 107 105 109 110 106 109 105 108 99 159 108 159 110 100 101 102 159 99 100 104 160 103 101 104 102 95 160 94 160 95 103 93 97 98 94 97 93 96 87 161 96 161 98 88 89 90 161 87 88 92 82 91 89 92 90 81 162 83 82 83 91 162 85 86 85 162 81 84 78 76 84 76 86 80 79 77 80 77 78 71 72 73 71 79 70 75 67 74 72 75 73 66 69 68 67 68 74 61 65 63 69 62 63 58 59 64 64 65 61 53 54 60 58 60 57 52 55 56 53 55 52 51 47 48 49 47 56 50 44 42 50 42 51 46 45 43 46 43 44 37 38 39 37 45 36 41 31 40 38 41 39 30 163 32 31 32 40 163 34 35 34 163 30 33 26 24 33 24 35 29 27 25 29 25 26 19 164 28 164 27 28 18 22 20 19 20 164 165 23 21 21 22 18 165 14 12 12 23 165 17 15 13 17 13 14 7 166 16 166 15 16 6 9 8 7 8 166 0 10 11 11 9 6 167 1 2 1 10 0 3 167 5 167 2 5 168 170 169 171 173 172 168 175 174 176 168 174 177 179 178 180 182 181 183 173 171 184 178 176 177 186 185 187 189 188 190 192 191 193 194 182 187 195 189 196 198 197 180 199 182 173 192 200 192 202 201 173 200 172 203 200 201 200 204 172 204 205 172 201 200 192 191 192 173 202 189 195 202 195 201 189 202 206 188 189 207 208 209 189 189 209 207 209 208 182 208 210 182 194 181 182 199 209 182 211 194 212 211 181 194 194 198 213 212 194 213 194 215 214 216 194 214 198 216 197 194 216 198 216 177 185 197 216 185 217 177 216 217 216 218 179 176 178 179 177 217 219 220 179 221 176 220 179 220 176 176 221 222 221 223 222 222 224 168 168 176 222 225 226 168 225 168 224 170 226 227 226 170 168 170 229 228 227 229 170 170 231 230 228 231 170 232 233 230 234 232 230 235 237 236 237 233 236 238 235 239 238 240 235 241 238 242 243 240 244 245 244 241 242 246 241 244 245 247 244 238 241 237 235 240 240 238 244 233 232 236 243 248 240 233 237 249 170 230 233 250 170 251 251 170 233 252 254 253 255 257 256 252 259 258 260 259 252 261 263 262 264 266 265 267 255 256 268 260 263 261 270 269 271 273 272 274 276 275 277 265 278 271 272 279 280 282 281 264 265 283 256 284 275 275 286 285 256 257 284 287 286 284 284 257 288 288 257 289 286 275 284 276 256 275 285 279 272 285 286 279 272 290 285 273 291 272 292 272 293 272 291 293 293 265 292 292 265 294 278 265 266 283 265 293 295 296 278 295 278 266 278 297 281 296 297 278 278 299 298 300 299 278 281 282 300 278 281 300 300 270 261 282 270 300 301 300 261 301 302 300 262 263 260 262 301 261 303 262 304 305 304 260 262 260 304 260 306 305 305 306 307 306 252 308 252 306 260 309 252 310 309 308 252 253 311 310 310 252 253 253 313 312 311 253 312 253 315 314 313 253 314 316 315 317 318 315 316 319 321 320 320 321 317 322 323 319 322 319 324 325 326 322 327 328 324 329 325 328 326 325 330 328 331 329 328 325 322 320 324 319 324 328 322 317 321 316 327 324 332 317 333 320 253 317 315 334 335 253 335 317 253</p>
        </triangles>
      </mesh>
    </geometry>
    <geometry id="ID17">
      <mesh>
        <source id="ID18">
          <float_array count="2004" id="ID19">-0.00257313 0.0423415 3.55271e-18 -0.00255826 0.0423517 0.004318 -0.00505465 0.0417048 0.004318 -0.00506012 0.0417016 3.55271e-18 -0.00741477 0.0406904 0.004318 -0.00742448 0.0406725 3.55271e-18 -0.00961978 0.0393511 0.004318 -1.26163e-05 0.0425672 3.55271e-18 -0.00962211 0.0393335 3.55271e-18 -0.011645 0.037751 0.004318 -0.0116441 0.0377446 3.55685e-18 -0.0134899 0.0359561 0.004318 -0.0151642 0.0339996 0.004318 -0.0134892 0.0359489 3.55716e-18 -0.0180339 0.0297216 0.004318 -0.0166728 0.0319049 3.5525e-18 -0.0166752 0.0319115 0.004318 -0.0151615 0.0339893 3.46084e-18 -0.0180337 0.0297204 3.84787e-18 -0.0192513 0.0274505 4.3486e-18 -0.0192533 0.0274546 0.004318 -0.0212995 0.0227284 0.004318 -0.0203366 0.0251149 4.44089e-18 -0.020339 0.0251189 0.004318 -0.0244461 0.0102661 0.004318 -0.0247728 0.00771186 0.004318 -0.0244457 0.0102648 4.44089e-18 -0.0212983 0.0227264 4.44089e-18 -0.0221425 0.0202941 4.44089e-18 -0.0228754 0.0178264 0.004318 -0.0228741 0.0178244 4.44089e-18 -0.0221429 0.0202948 0.004318 -0.0235004 0.0153281 0.004318 -0.0234994 0.0153261 4.44089e-18 -0.0240226 0.012806 0.004318 -0.0240224 0.0128049 4.44089e-18 -0.0251892 -3.76867e-07 4.44089e-18 -0.025143 0.00257456 4.44089e-18 -0.0251893 5.36943e-07 0.004318 -0.0250046 0.00514684 0.004318 -0.0250043 0.00514548 4.44089e-18 -0.0247723 0.00771013 4.44089e-18 -0.0251431 0.00257491 0.004318 -0.025143 -0.00257413 0.004318 -0.0251432 -0.00257544 4.44089e-18 -0.0250043 -0.0051457 0.004318 -0.0250046 -0.00514688 4.44089e-18 -0.0240222 -0.0128047 0.004318 -0.0244461 -0.0102662 4.44089e-18 -0.0244456 -0.0102645 0.004318 -0.0247725 -0.00771132 4.44089e-18 -0.0247724 -0.00771049 0.004318 -0.0235002 -0.0153277 4.44089e-18 -0.0234998 -0.0153267 0.004318 -0.0228743 -0.0178246 0.004318 -0.024023 -0.0128066 4.44089e-18 -0.0221435 -0.0202956 4.44089e-18 -0.0221419 -0.0202931 0.004318 -0.0212983 -0.0227265 0.004318 -0.0228749 -0.0178258 4.44089e-18 -0.0213 -0.0227292 4.44805e-18 -0.0203377 -0.0251165 0.004318 -0.0203378 -0.0251171 4.43469e-18 -0.019251 -0.0274501 0.004318 -0.0192529 -0.0274539 4.30096e-18 -0.0180354 -0.0297247 4.85167e-18 -0.0180325 -0.0297183 0.004318 -0.0166735 -0.0319062 0.004318 -0.0151624 -0.0339918 0.004318 -0.0166752 -0.031912 5.24362e-18 -0.0134904 -0.0359571 5.32907e-18 -0.0134881 -0.0359458 0.004318 -0.0116441 -0.0377421 0.004318 -0.015163 -0.033995 5.3238e-18 -0.00962242 -0.0393397 0.004318 -0.0116443 -0.0377573 5.32907e-18 -0.00742336 -0.0406735 0.004318 -0.00962009 -0.0393467 5.32907e-18 -0.0050646 -0.0416925 0.004318 -0.00741889 -0.0406856 5.32907e-18 -0.00504837 -0.0417111 5.32907e-18 -0.00257137 -0.0423444 5.32907e-18 -0.00257311 -0.042344 0.004318 0 -0.0425704 0.004318 -1.40405e-16 -0.0425704 5.32907e-18 1.26163e-05 0.0425672 0.004318 0.00255826 0.0423517 3.55271e-18 0.00505465 0.0417048 3.55271e-18 0.00257313 0.0423415 0.004318 0.00506012 0.0417016 0.004318 0.00741477 0.0406904 3.55271e-18 0.00961978 0.0393511 3.55271e-18 0.00742448 0.0406725 0.004318 0.011645 0.037751 3.55271e-18 0.00962211 0.0393335 0.004318 0.0116441 0.0377446 0.004318 0.0134899 0.0359561 3.55271e-18 0.0151642 0.0339996 3.55271e-18 0.0134892 0.0359489 0.004318 0.0166752 0.0319115 3.52955e-18 0.0151615 0.0339893 0.004318 0.0166728 0.0319049 0.004318 0.0180339 0.0297216 3.42097e-18 0.0192533 0.0274546 2.86647e-18 0.0180337 0.0297204 0.004318 0.020339 0.0251189 2.52002e-18 0.0192513 0.0274505 0.004318 0.0203366 0.0251149 0.004318 0.0212995 0.0227284 2.66982e-18 0.0221429 0.0202948 2.66629e-18 0.0212983 0.0227264 0.004318 0.0228754 0.0178264 2.66454e-18 0.0221425 0.0202941 0.004318 0.0228741 0.0178244 0.004318 0.0235004 0.0153281 2.66454e-18 0.0240226 0.012806 2.66454e-18 0.0234994 0.0153261 0.004318 0.0244461 0.0102661 2.66454e-18 0.0240224 0.0128049 0.004318 0.0244457 0.0102648 0.004318 0.0247728 0.00771186 2.66454e-18 0.0250046 0.00514684 2.66454e-18 0.0247723 0.00771013 0.004318 0.0251431 0.00257491 2.66454e-18 0.0250043 0.00514548 0.004318 0.025143 0.00257456 0.004318 0.0251893 5.36943e-07 2.66454e-18 0.025143 -0.00257413 2.66454e-18 0.0251892 -3.76867e-07 0.004318 0.0250043 -0.0051457 2.66454e-18 0.0251432 -0.00257544 0.004318 0.0250046 -0.00514688 0.004318 0.0247724 -0.00771049 2.66454e-18 0.0244456 -0.0102645 2.66454e-18 0.0247725 -0.00771132 0.004318 0.0240222 -0.0128047 2.66454e-18 0.0244461 -0.0102662 0.004318 0.024023 -0.0128066 0.004318 0.0234998 -0.0153267 2.66454e-18 0.0228743 -0.0178246 2.66454e-18 0.0235002 -0.0153277 0.004318 0.0221419 -0.0202931 2.66454e-18 0.0228749 -0.0178258 0.004318 0.0221435 -0.0202956 0.004318 0.0212983 -0.0227265 2.66454e-18 0.0203377 -0.0251165 2.66454e-18 0.0213 -0.0227292 0.004318 0.019251 -0.0274501 2.66454e-18 0.0203378 -0.0251171 0.004318 0.0192529 -0.0274539 0.004318 0.0180325 -0.0297183 2.45314e-18 0.0166735 -0.0319062 1.95699e-18 0.0180354 -0.0297247 0.004318 0.0151624 -0.0339918 1.72676e-18 0.0166752 -0.031912 0.004318 0.015163 -0.033995 0.004318 0.0134881 -0.0359458 1.70692e-18 0.0116441 -0.0377421 1.78407e-18 0.0134904 -0.0359571 0.004318 0.00962242 -0.0393397 1.77636e-18 0.0116443 -0.0377573 0.004318 0.00962009 -0.0393467 0.004318 0.00742336 -0.0406735 1.77636e-18 0.0050646 -0.0416925 1.77636e-18 0.00741889 -0.0406856 0.004318 0.00257311 -0.042344 1.77636e-18 0.00504837 -0.0417111 0.004318 0.00257137 -0.0423444 0.004318 -0.00804872 -0.0431007 -0.000254 -0.00546936 -0.0441766 -0.000254 -0.00548709 -0.0441574 0.004318 -5.55646e-17 -0.0450733 0.004318 -0.00278328 -0.0448379 -0.000254 -1.77644e-16 -0.0450733 -0.000254 -0.0126709 -0.0400087 -0.000254 -0.0126712 -0.0399914 0.004318 -0.0147003 -0.0380929 -0.000254 -0.0104556 -0.0416821 0.004318 -0.0104513 -0.0416936 -0.000254 -0.00805345 -0.0430903 0.004318 -0.0197091 -0.0314153 0.004318 -0.0197121 -0.0314221 -0.000254 -0.0182085 -0.0337627 0.004318 -0.0165427 -0.0359979 0.004318 -0.0165427 -0.0359995 -0.000254 -0.0146982 -0.0380827 0.004318 -0.0233137 -0.0238877 -0.000254 -0.0233114 -0.023884 0.004318 -0.0242407 -0.0212595 -0.000254 -0.0210558 -0.0289792 -0.000254 -0.0210548 -0.0289771 0.004318 -0.0222543 -0.0264647 -0.000254 -0.0262912 -0.0131603 0.004318 -0.026292 -0.0131626 -0.000254 -0.0257245 -0.0158882 0.004318 -0.0250425 -0.0185901 0.004318 -0.0250427 -0.018591 -0.000254 -0.0242395 -0.0212573 0.004318 -0.0270909 -0.00764745 0.004318 -0.0273284 -0.00487133 0.004318 -0.0273289 -0.00487323 -0.000254 -0.0267461 -0.0104133 -0.000254 -0.026746 -0.0104121 0.004318 -0.0270913 -0.0076491 -0.000254 -0.0274075 0.00348058 -0.000254 -0.0274865 0.00069671 0.004318 -0.0274077 0.00348219 0.004318 -0.0274865 0.000696228 -0.000254 -0.0274602 -0.00208985 -0.000254 -0.0274601 -0.00208868 0.004318 -0.0265329 0.0117903 0.004318 -0.0265324 0.0117884 -0.000254 -0.0269322 0.00903273 0.004318 -0.0272235 0.00626239 0.004318 -0.026932 0.0090317 -0.000254 -0.027223 0.00626047 -0.000254 -0.025399 0.0172448 0.004318 -0.0246564 0.0199284 -0.000254 -0.0253982 0.0172428 -0.000254 -0.0260231 0.0145297 0.004318 -0.026022 0.0145271 -0.000254 -0.0237933 0.0225793 0.004318 -0.0227988 0.0251797 -0.000254 -0.0237914 0.0225762 -0.000254 -0.0246568 0.0199296 0.004318 -0.0216724 0.0277297 0.004318 -0.0204029 0.030211 0.004318 -0.0204007 0.0302064 -0.000254 -0.0216721 0.0277286 -0.000254 -0.022801 0.0251834 0.004318 -0.018982 0.0326098 0.004318 -0.0173985 0.0349025 0.004318 -0.0173969 0.0348959 -0.000254 -0.0189788 0.0326015 -0.000254 -0.013708 0.0390613 -0.000254 -0.0137094 0.0390761 0.004318 -0.0115873 0.0408671 -0.000254 -0.0156429 0.0370604 -0.000254 -0.0156441 0.0370653 0.004318 -0.00415052 0.0445496 -0.000254 -0.00678939 0.0436685 -0.000254 -0.00677858 0.043686 0.004318 -0.00927444 0.0424309 0.004318 -0.00927642 0.0424292 -0.000254 -0.0115844 0.0408838 0.004318 0.0013986 0.0450137 0.004318 0.00412828 0.0445645 -0.000254 0.00138448 0.045014 -0.000254 -0.00412828 0.0445645 0.004318 -0.00138448 0.045014 0.004318 -0.0013986 0.0450137 -0.000254 0.00927444 0.0424309 -0.000254 0.00927642 0.0424292 0.004318 0.0115844 0.0408838 -0.000254 0.00677858 0.043686 -0.000254 0.00415052 0.0445496 0.004318 0.00678939 0.0436685 0.004318 0.0173969 0.0348959 0.004318 0.0173985 0.0349025 -0.000254 0.0156429 0.0370604 0.004318 0.013708 0.0390613 0.004318 0.0137094 0.0390761 -0.000254 0.0115873 0.0408671 0.004318 0.0216724 0.0277297 -0.000254 0.0216721 0.0277286 0.004318 0.022801 0.0251834 -0.000254 0.018982 0.0326098 -0.000254 0.0189788 0.0326015 0.004318 0.0204029 0.030211 -0.000254 0.0253982 0.0172428 0.004318 0.025399 0.0172448 -0.000254 0.0246564 0.0199284 0.004318 0.0237914 0.0225762 0.004318 0.0237933 0.0225793 -0.000254 0.0227988 0.0251797 0.004318 0.0265324 0.0117884 0.004318 0.026932 0.0090317 0.004318 0.0269322 0.00903273 -0.000254 0.0260231 0.0145297 -0.000254 0.026022 0.0145271 0.004318 0.0265329 0.0117903 -0.000254 0.0274865 0.00069671 -0.000254 0.0274075 0.00348058 0.004318 0.0274865 0.000696228 0.004318 0.0274077 0.00348219 -0.000254 0.0272235 0.00626239 -0.000254 0.027223 0.00626047 0.004318 0.0274601 -0.00208868 -0.000254 0.0274602 -0.00208985 0.004318 0.0273284 -0.00487133 -0.000254 0.0273289 -0.00487323 0.004318 0.0270909 -0.00764745 -0.000254 0.026746 -0.0104121 -0.000254 0.0270913 -0.0076491 0.004318 0.0267461 -0.0104133 0.004318 0.0262912 -0.0131603 -0.000254 0.026292 -0.0131626 0.004318 0.0257245 -0.0158882 -0.000254 0.0250425 -0.0185901 -0.000254 0.0257256 -0.0158907 0.004318 0.0250427 -0.018591 0.004318 0.0242395 -0.0212573 -0.000254 0.0242407 -0.0212595 0.004318 0.0233114 -0.023884 -0.000254 0.0222527 -0.0264617 -0.000254 0.0233137 -0.0238877 0.004318 0.0222543 -0.0264647 0.004318 0.0210548 -0.0289771 -0.000254 0.0210558 -0.0289792 0.004318 0.0197091 -0.0314153 -0.000254 0.0182085 -0.0337627 -0.000254 0.0197121 -0.0314221 0.004318 0.0182112 -0.0337712 0.004318 0.0165427 -0.0359979 -0.000254 0.0165427 -0.0359995 0.004318 0.0146982 -0.0380827 -0.000254 0.0126712 -0.0399914 -0.000254 0.0147003 -0.0380929 0.004318 0.0126709 -0.0400087 0.004318 0.0104556 -0.0416821 -0.000254 0.0104513 -0.0416936 0.004318 0.00805345 -0.0430903 -0.000254 0.00548709 -0.0441574 -0.000254 0.00804872 -0.0431007 0.004318 0.00546936 -0.0441766 0.004318 0.00278514 -0.0448374 -0.000254 0.00278328 -0.0448379 0.004318 0.0246568 0.0199296 -0.000254 0.0204007 0.0302064 0.004318 0.0156441 0.0370653 -0.000254 -0.0257256 -0.0158907 -0.000254 -0.0222527 -0.0264617 0.004318 -0.0182112 -0.0337712 -0.000254 -0.00278514 -0.0448374 0.004318 0.0104513 -0.0416936 0.004318 0.00962009 -0.0393467 0.004318 0.00804872 -0.0431007 0.004318 0.0166728 0.0319049 0.004318 0.0180337 0.0297204 0.004318 0.0189788 0.0326015 0.004318 0.0180354 -0.0297247 0.004318 0.0166752 -0.031912 0.004318 0.0182112 -0.0337712 0.004318 0.015163 -0.033995 0.004318 0.0165427 -0.0359995 0.004318 -0.0134899 0.0359561 0.004318 -0.011645 0.037751 0.004318 -0.0137094 0.0390761 0.004318 0.0250043 0.00514548 0.004318 0.027223 0.00626047 0.004318 0.0247723 0.00771013 0.004318 0.0013986 0.0450137 0.004318 -0.00138448 0.045014 0.004318 1.26163e-05 0.0425672 0.004318 0.0222543 -0.0264647 0.004318 0.0203378 -0.0251171 0.004318 0.0210558 -0.0289792 0.004318 0.0228749 -0.0178258 0.004318 0.0242407 -0.0212595 0.004318 0.0250427 -0.018591 0.004318 0.00415052 0.0445496 0.004318 0.00257313 0.0423415 0.004318 0.0151615 0.0339893 0.004318 0.0156429 0.0370604 0.004318 0.0134892 0.0359489 0.004318 0.013708 0.0390613 0.004318 0.0116441 0.0377446 0.004318 0.0203366 0.0251149 0.004318 0.0227988 0.0251797 0.004318 0.0216721 0.0277286 0.004318 0.0251892 -3.76867e-07 0.004318 0.0251432 -0.00257544 0.004318 0.0274602 -0.00208985 0.004318 0.0204007 0.0302064 0.004318 -0.00412828 0.0445645 0.004318 -0.00255826 0.0423517 0.004318 0.0115873 0.0408671 0.004318 0.0173969 0.0348959 0.004318 0.00962211 0.0393335 0.004318 0.00927642 0.0424292 0.004318 0.00742448 0.0406725 0.004318 0.00678939 0.0436685 0.004318 0.0192513 0.0274505 0.004318 0.00506012 0.0417016 0.004318 0.0212983 0.0227264 0.004318 0.0237914 0.0225762 0.004318 0.0221425 0.0202941 0.004318 0.0228741 0.0178244 0.004318 0.0246564 0.0199284 0.004318 0.026022 0.0145271 0.004318 0.0234994 0.0153261 0.004318 0.0240224 0.0128049 0.004318 0.0253982 0.0172428 0.004318 0.0265324 0.0117884 0.004318 0.0244457 0.0102648 0.004318 -0.00677858 0.043686 0.004318 -0.00505465 0.0417048 0.004318 -0.00741477 0.0406904 0.004318 -0.00927444 0.0424309 0.004318 0.026932 0.0090317 0.004318 0.025143 0.00257456 0.004318 0.0274075 0.00348058 0.004318 -0.0115844 0.0408838 0.004318 -0.00961978 0.0393511 0.004318 0.0273289 -0.00487323 0.004318 0.0250046 -0.00514688 0.004318 0.0274865 0.000696228 0.004318 -0.0156441 0.0370653 0.004318 -0.0151642 0.0339996 0.004318 -0.0166752 0.0319115 0.004318 -0.0173985 0.0349025 0.004318 0.0247725 -0.00771132 0.004318 0.0244461 -0.0102662 0.004318 0.0267461 -0.0104133 0.004318 0.0270913 -0.0076491 0.004318 0.026292 -0.0131626 0.004318 0.024023 -0.0128066 0.004318 -0.0204029 0.030211 0.004318 -0.0180339 0.0297216 0.004318 -0.018982 0.0326098 0.004318 -0.0216724 0.0277297 0.004318 -0.0192533 0.0274546 0.004318 -0.022801 0.0251834 0.004318 -0.020339 0.0251189 0.004318 -0.0237933 0.0225793 0.004318 -0.0212995 0.0227284 0.004318 0.0235002 -0.0153277 0.004318 0.0257256 -0.0158907 0.004318 -0.0228754 0.0178264 0.004318 -0.0221429 0.0202948 0.004318 -0.0246568 0.0199296 0.004318 0.0221435 -0.0202956 0.004318 0.0233137 -0.0238877 0.004318 -0.0235004 0.0153281 0.004318 -0.025399 0.0172448 0.004318 -0.0260231 0.0145297 0.004318 -0.0240226 0.012806 0.004318 0.0213 -0.0227292 0.004318 -0.0247728 0.00771186 0.004318 -0.0244461 0.0102661 0.004318 -0.0269322 0.00903273 0.004318 -0.0265329 0.0117903 0.004318 -0.0272235 0.00626239 0.004318 -0.0250046 0.00514684 0.004318 0.0197121 -0.0314221 0.004318 0.0192529 -0.0274539 0.004318 -0.0274865 0.00069671 0.004318 -0.0274601 -0.00208868 0.004318 -0.0251893 5.36943e-07 0.004318 -0.0274077 0.00348219 0.004318 -0.0251431 0.00257491 0.004318 -0.0273284 -0.00487133 0.004318 -0.025143 -0.00257413 0.004318 0.0147003 -0.0380929 0.004318 0.0134904 -0.0359571 0.004318 0.0126709 -0.0400087 0.004318 -0.0270909 -0.00764745 0.004318 -0.0247724 -0.00771049 0.004318 -0.0250043 -0.0051457 0.004318 -0.0240222 -0.0128047 0.004318 -0.0257245 -0.0158882 0.004318 -0.0234998 -0.0153267 0.004318 -0.026746 -0.0104121 0.004318 -0.0244456 -0.0102645 0.004318 -0.0221419 -0.0202931 0.004318 -0.0228743 -0.0178246 0.004318 -0.0242395 -0.0212573 0.004318 -0.0262912 -0.0131603 0.004318 0.0116443 -0.0377573 0.004318 -0.0233114 -0.023884 0.004318 -0.0212983 -0.0227265 0.004318 -0.0116441 -0.0377421 0.004318 -0.0134881 -0.0359458 0.004318 -0.0126712 -0.0399914 0.004318 -0.0203377 -0.0251165 0.004318 -0.0222527 -0.0264617 0.004318 -0.0182085 -0.0337627 0.004318 -0.0180325 -0.0297183 0.004318 -0.0197091 -0.0314153 0.004318 -0.0146982 -0.0380827 0.004318 -0.0151624 -0.0339918 0.004318 -0.0165427 -0.0359979 0.004318 -0.0104556 -0.0416821 0.004318 -0.00962242 -0.0393397 0.004318 -0.0166735 -0.0319062 0.004318 -0.019251 -0.0274501 0.004318 -0.0210548 -0.0289771 0.004318 -0.00742336 -0.0406735 0.004318 -0.00805345 -0.0430903 0.004318 -0.0250425 -0.0185901 0.004318 -0.00278514 -0.0448374 0.004318 -0.0050646 -0.0416925 0.004318 -0.00548709 -0.0441574 0.004318 0 -0.0425704 0.004318 -0.00257311 -0.042344 0.004318 -5.55646e-17 -0.0450733 0.004318 0.00278328 -0.0448379 0.004318 0.00257137 -0.0423444 0.004318 0.00504837 -0.0417111 0.004318 0.00546936 -0.0441766 0.004318 0.00741889 -0.0406856 0.004318 0.00742336 -0.0406735 1.77636e-18 0.00257311 -0.042344 1.77636e-18 0.0050646 -0.0416925 1.77636e-18 0.0192533 0.0274546 2.86647e-18 0.0166752 0.0319115 3.52955e-18 0.020339 0.0251189 2.52002e-18 0.00962242 -0.0393397 1.77636e-18 0.0116441 -0.0377421 1.78407e-18 0.0134881 -0.0359458 1.70692e-18 0.0180325 -0.0297183 2.45314e-18 -0.0180337 0.0297204 3.84787e-18 0.0166735 -0.0319062 1.95699e-18 0.0250043 -0.0051457 2.66454e-18 -0.00257313 0.0423415 3.55271e-18 0.0247724 -0.00771049 2.66454e-18 0.0180339 0.0297216 3.42097e-18 0.0151624 -0.0339918 1.72676e-18 0.019251 -0.0274501 2.66454e-18 0.0203377 -0.0251165 2.66454e-18 0.0247728 0.00771186 2.66454e-18 0.00505465 0.0417048 3.55271e-18 0.0250046 0.00514684 2.66454e-18 0.0134899 0.0359561 3.55271e-18 0.011645 0.037751 3.55271e-18 0.0151642 0.0339996 3.55271e-18 -0.00506012 0.0417016 3.55271e-18 -0.00742448 0.0406725 3.55271e-18 0.0244461 0.0102661 2.66454e-18 0.0221419 -0.0202931 2.66454e-18 0.0228743 -0.0178246 2.66454e-18 0.0212983 -0.0227265 2.66454e-18 0.025143 -0.00257413 2.66454e-18 0.0228754 0.0178264 2.66454e-18 0.00961978 0.0393511 3.55271e-18 0.0240226 0.012806 2.66454e-18 0.0235004 0.0153281 2.66454e-18 0.0221429 0.0202948 2.66629e-18 0.0212995 0.0227284 2.66982e-18 0.00741477 0.0406904 3.55271e-18 0.0251431 0.00257491 2.66454e-18 0.00255826 0.0423517 3.55271e-18 0.0251893 5.36943e-07 2.66454e-18 -1.26163e-05 0.0425672 3.55271e-18 0.0244456 -0.0102645 2.66454e-18 0.0240222 -0.0128047 2.66454e-18 0.0234998 -0.0153267 2.66454e-18 -0.00962211 0.0393335 3.55271e-18 -0.0116441 0.0377446 3.55685e-18 -0.0134892 0.0359489 3.55716e-18 -0.0166728 0.0319049 3.5525e-18 -0.0151615 0.0339893 3.46084e-18 -0.0192513 0.0274505 4.3486e-18 -0.0203366 0.0251149 4.44089e-18 -0.0212983 0.0227264 4.44089e-18 -0.0228741 0.0178244 4.44089e-18 -0.0221425 0.0202941 4.44089e-18 -0.0234994 0.0153261 4.44089e-18 -0.0240224 0.0128049 4.44089e-18 -0.0244457 0.0102648 4.44089e-18 -0.0247723 0.00771013 4.44089e-18 -0.0250043 0.00514548 4.44089e-18 -0.025143 0.00257456 4.44089e-18 -0.0251892 -3.76867e-07 4.44089e-18 -0.0251432 -0.00257544 4.44089e-18 -0.0247725 -0.00771132 4.44089e-18 -0.00504837 -0.0417111 5.32907e-18 -0.0250046 -0.00514688 4.44089e-18 -0.024023 -0.0128066 4.44089e-18 -0.00962009 -0.0393467 5.32907e-18 -0.0244461 -0.0102662 4.44089e-18 -0.0228749 -0.0178258 4.44089e-18 -0.0235002 -0.0153277 4.44089e-18 -0.0116443 -0.0377573 5.32907e-18 -0.0203378 -0.0251171 4.43469e-18 -0.0221435 -0.0202956 4.44089e-18 -0.015163 -0.033995 5.3238e-18 -0.0166752 -0.031912 5.24362e-18 -0.0192529 -0.0274539 4.30096e-18 -0.0213 -0.0227292 4.44805e-18 -0.0180354 -0.0297247 4.85167e-18 -0.0134904 -0.0359571 5.32907e-18 -0.00741889 -0.0406856 5.32907e-18 -1.40405e-16 -0.0425704 5.32907e-18 -0.00257137 -0.0423444 5.32907e-18 0.00805345 -0.0430903 -0.000254 0.00548709 -0.0441574 -0.000254 0.00278514 -0.0448374 -0.000254 0.0237933 0.0225793 -0.000254 0.0216724 0.0277297 -0.000254 0.022801 0.0251834 -0.000254 0.0146982 -0.0380827 -0.000254 0.0126712 -0.0399914 -0.000254 0.0104556 -0.0416821 -0.000254 -0.00678939 0.0436685 -0.000254 0.0257245 -0.0158882 -0.000254 -0.00927642 0.0424292 -0.000254 0.0270909 -0.00764745 -0.000254 -0.0013986 0.0450137 -0.000254 0.0273284 -0.00487133 -0.000254 0.0115844 0.0408838 -0.000254 0.00412828 0.0445645 -0.000254 0.00677858 0.043686 -0.000254 0.0165427 -0.0359979 -0.000254 0.0182085 -0.0337627 -0.000254 0.0197091 -0.0314153 -0.000254 0.0222527 -0.0264617 -0.000254 0.0210548 -0.0289771 -0.000254 0.00927444 0.0424309 -0.000254 0.0173985 0.0349025 -0.000254 0.0204029 0.030211 -0.000254 0.018982 0.0326098 -0.000254 0.025399 0.0172448 -0.000254 0.0260231 0.0145297 -0.000254 0.0246568 0.0199296 -0.000254 0.0262912 -0.0131603 -0.000254 0.0274865 0.00069671 -0.000254 0.0137094 0.0390761 -0.000254 0.0156441 0.0370653 -0.000254 0.0265329 0.0117903 -0.000254 0.0272235 0.00626239 -0.000254 0.0269322 0.00903273 -0.000254 0.0274077 0.00348219 -0.000254 0.0274601 -0.00208868 -0.000254 0.00138448 0.045014 -0.000254 -0.00415052 0.0445496 -0.000254 0.026746 -0.0104121 -0.000254 0.0250425 -0.0185901 -0.000254 -0.013708 0.0390613 -0.000254 -0.0115873 0.0408671 -0.000254 0.0242395 -0.0212573 -0.000254 0.0233114 -0.023884 -0.000254 -0.0156429 0.0370604 -0.000254 -0.0189788 0.0326015 -0.000254 -0.0173969 0.0348959 -0.000254 -0.0204007 0.0302064 -0.000254 -0.0216721 0.0277286 -0.000254 -0.0227988 0.0251797 -0.000254 -0.0237914 0.0225762 -0.000254 -0.0253982 0.0172428 -0.000254 -0.0246564 0.0199284 -0.000254 -0.026022 0.0145271 -0.000254 -0.0265324 0.0117884 -0.000254 -0.026932 0.0090317 -0.000254 -0.027223 0.00626047 -0.000254 -0.0274865 0.000696228 -0.000254 -0.0274075 0.00348058 -0.000254 -0.0274602 -0.00208985 -0.000254 -0.0270913 -0.0076491 -0.000254 -0.0273289 -0.00487323 -0.000254 -0.00546936 -0.0441766 -0.000254 -0.0267461 -0.0104133 -0.000254 -0.0104513 -0.0416936 -0.000254 -0.0126709 -0.0400087 -0.000254 -0.026292 -0.0131626 -0.000254 -0.0182112 -0.0337712 -0.000254 -0.0242407 -0.0212595 -0.000254 -0.0250427 -0.018591 -0.000254 -0.0257256 -0.0158907 -0.000254 -0.0222543 -0.0264647 -0.000254 -0.0233137 -0.0238877 -0.000254 -0.0210558 -0.0289792 -0.000254 -0.0165427 -0.0359995 -0.000254 -0.0197121 -0.0314221 -0.000254 -0.0147003 -0.0380929 -0.000254 -0.00278328 -0.0448379 -0.000254 -0.00804872 -0.0431007 -0.000254 -1.77644e-16 -0.0450733 -0.000254</float_array>
          <technique_common>
            <accessor count="668" source="#ID19" stride="3">
              <param name="X" type="float"/>
              <param name="Y" type="float"/>
              <param name="Z" type="float"/>
            </accessor>
          </technique_common>
        </source>
        <source id="ID20">
          <float_array count="2004" id="ID21">0.170725 -0.985319 0 0.170234 -0.985404 0 0.327283 -0.944926 0 0.327335 -0.944908 0 0.461961 -0.8869 0 0.462129 -0.886813 0 0.572656 -0.819796 0 0.000495352 -1 0 0.57262 -0.819821 0 0.661102 -0.750296 0 0.661051 -0.750341 0 0.731168 -0.682197 0 0.786674 -0.617369 0 0.731099 -0.682271 0 0.866164 -0.499759 0 0.830717 -0.556695 0 0.83081 -0.556556 0 0.786555 -0.61752 0 0.866126 -0.499826 0 0.894671 -0.446725 0 0.894725 -0.446617 0 0.936768 -0.34995 0 0.917848 -0.396933 0 0.917893 -0.396829 0 0.989372 -0.145409 0 0.994119 -0.10829 0 0.989358 -0.145502 0 0.936747 -0.350006 0 0.952175 -0.305553 0 0.964749 -0.263172 0 0.96473 -0.26324 0 0.952181 -0.305533 0 0.974916 -0.222574 0 0.974895 -0.222664 0 0.983034 -0.183423 0 0.983019 -0.183506 0 1 -1.46646e-05 0 0.999357 -0.0358539 0 1 2.11682e-05 0 0.997416 -0.0718366 0 0.997411 -0.0719185 0 0.994108 -0.108392 0 0.999358 -0.0358163 0 0.999357 0.0358607 0 0.999359 0.0358028 0 0.997411 0.0719139 0 0.997416 0.0718355 0 0.983017 0.183512 0 0.989372 0.145406 0 0.989357 0.145511 0 0.994118 0.108303 0 0.994109 0.108383 0 0.974914 0.222582 0 0.974898 0.22265 0 0.964731 0.263237 0 0.983037 0.18341 0 0.952187 0.305515 0 0.952167 0.305577 0 0.936748 0.350004 0 0.964746 0.263183 0 0.936773 0.349938 0 0.91786 0.396903 0 0.917878 0.396862 0 0.894666 0.446735 0 0.89472 0.446627 0 0.86619 0.499716 0 0.866106 0.49986 0 0.830731 0.556674 0 0.786578 0.617491 0 0.83081 0.556556 0 0.731182 0.682182 0 0.731067 0.682306 0 0.661035 0.750355 0 0.786641 0.61741 0 0.572651 0.819799 0 0.661117 0.750283 0 0.462094 0.886831 0 0.572647 0.819802 0 0.327483 0.944857 0 0.462091 0.886833 0 0.327056 0.945005 0 0.170788 0.985308 0 0.170732 0.985318 0 -2.95493e-07 1 0 -2.95493e-07 1 0 -0.00049546 -1 -0 -0.170235 -0.985404 -0 -0.327284 -0.944926 -0 -0.170725 -0.985319 -0 -0.327335 -0.944908 -0 -0.461961 -0.8869 -0 -0.572655 -0.819796 -0 -0.462129 -0.886813 -0 -0.661103 -0.750296 -0 -0.57262 -0.819821 -0 -0.661051 -0.750341 -0 -0.731168 -0.682197 -0 -0.786673 -0.617369 -0 -0.731099 -0.682271 -0 -0.83081 -0.556556 -0 -0.786556 -0.61752 -0 -0.830717 -0.556695 -0 -0.866164 -0.499759 -0 -0.894725 -0.446617 -0 -0.866126 -0.499826 -0 -0.917893 -0.396829 -0 -0.894671 -0.446725 -0 -0.917848 -0.396933 -0 -0.936768 -0.34995 -0 -0.952181 -0.305533 -0 -0.936747 -0.350006 -0 -0.964749 -0.263172 -0 -0.952175 -0.305552 -0 -0.96473 -0.26324 -0 -0.974916 -0.222574 -0 -0.983034 -0.183423 -0 -0.974895 -0.222664 -0 -0.989372 -0.145409 -0 -0.983019 -0.183506 -0 -0.989358 -0.145501 -0 -0.994119 -0.10829 -0 -0.997416 -0.0718364 -0 -0.994108 -0.108392 -0 -0.999358 -0.0358163 -0 -0.997411 -0.0719185 -0 -0.999357 -0.035854 -0 -1 2.12763e-05 0 -0.999357 0.0358605 0 -1 -1.4486e-05 -0 -0.997411 0.0719139 0 -0.999359 0.0358027 0 -0.997416 0.0718355 0 -0.994109 0.108383 0 -0.989357 0.145511 0 -0.994118 0.108303 0 -0.983017 0.183512 0 -0.989372 0.145407 0 -0.983037 0.18341 0 -0.974898 0.22265 0 -0.964731 0.263237 0 -0.974914 0.222582 0 -0.952167 0.305577 0 -0.964746 0.263183 0 -0.952187 0.305515 0 -0.936748 0.350004 0 -0.91786 0.396903 0 -0.936773 0.349938 0 -0.894666 0.446735 0 -0.917878 0.396862 0 -0.89472 0.446627 0 -0.866106 0.49986 0 -0.830731 0.556674 0 -0.86619 0.499716 0 -0.786578 0.617491 0 -0.83081 0.556556 0 -0.786641 0.61741 0 -0.731067 0.682306 0 -0.661034 0.750356 0 -0.731183 0.682182 0 -0.572652 0.819799 0 -0.661117 0.750283 0 -0.572647 0.819802 0 -0.462093 0.886831 0 -0.327483 0.944857 0 -0.462091 0.886833 0 -0.170732 0.985318 0 -0.327056 0.945005 0 -0.170788 0.985308 0 -0.448837 -0.893613 -0 -0.31615 -0.948709 -0 -0.316534 -0.948581 -0 2.86684e-07 -1 0 -0.16449 -0.986379 -0 -4.95158e-07 -1 -0 -0.648428 -0.761276 -0 -0.648358 -0.761336 -0 -0.720046 -0.693926 -0 -0.559022 -0.829153 -0 -0.559022 -0.829153 -0 -0.448809 -0.893628 -0 -0.860133 -0.51007 -0 -0.860205 -0.509949 -0 -0.823143 -0.567834 -0 -0.777261 -0.629178 -0 -0.777291 -0.629142 -0 -0.71997 -0.694006 -0 -0.934454 -0.356084 -0 -0.934425 -0.356159 -0 -0.950707 -0.31009 -0 -0.89015 -0.455668 -0 -0.890121 -0.455724 -0 -0.914543 -0.404488 -0 -0.983091 -0.183116 -0 -0.983114 -0.182997 -0 -0.974598 -0.223962 -0 -0.96392 -0.266194 -0 -0.963937 -0.266129 -0 -0.950684 -0.310161 -0 -0.994526 -0.104488 -0 -0.997805 -0.0662196 -0 -0.997811 -0.0661299 -0 -0.989683 -0.143273 -0 -0.989669 -0.143368 -0 -0.994537 -0.104388 -0 -0.998884 0.0472344 0 -0.999956 0.00941729 0 -0.998887 0.047165 0 -0.999955 0.00944056 0 -0.9996 -0.0282689 -0 -0.999599 -0.0283201 -0 -0.986624 0.163011 0 -0.986606 0.163122 0 -0.992314 0.123742 0 -0.996364 0.0851942 0 -0.992303 0.123832 0 -0.996356 0.0852942 0 -0.969576 0.244792 0 -0.957648 0.287942 0 -0.969552 0.244886 0 -0.979124 0.203265 0 -0.979099 0.203384 0 -0.942993 0.332812 0 -0.924975 0.380027 0 -0.942968 0.332884 0 -0.957666 0.287881 0 -0.902963 0.429719 0 -0.875955 0.482392 0 -0.875903 0.482487 0 -0.902947 0.429752 0 -0.925003 0.379959 0 -0.842703 0.538379 0 -0.801517 0.597971 0 -0.801452 0.598059 0 -0.842619 0.53851 0 -0.686155 0.727455 0 -0.686251 0.727365 0 -0.606122 0.795371 0 -0.750208 0.661202 0 -0.750262 0.66114 0 -0.24263 0.970119 0 -0.385394 0.922752 0 -0.385257 0.922809 0 -0.506724 0.862108 0 -0.506665 0.862143 0 -0.606153 0.795348 0 0.0830541 0.996545 0 0.24202 0.970271 0 0.0826344 0.99658 0 -0.24202 0.970271 0 -0.0826343 0.99658 0 -0.0830536 0.996545 0 0.506724 0.862108 0 0.506666 0.862143 0 0.606153 0.795348 0 0.385257 0.922809 0 0.24263 0.970119 0 0.385394 0.922752 0 0.801452 0.598059 0 0.801517 0.597971 0 0.750208 0.661202 0 0.686155 0.727455 0 0.686251 0.727365 0 0.606122 0.795371 0 0.902963 0.429719 0 0.902947 0.429752 0 0.925003 0.379959 0 0.842703 0.538379 0 0.842619 0.53851 0 0.875955 0.482392 0 0.969552 0.244886 0 0.969576 0.244792 0 0.957648 0.287942 0 0.942968 0.332884 0 0.942993 0.332812 0 0.924975 0.380027 0 0.986606 0.163122 0 0.992303 0.123832 0 0.992314 0.123742 0 0.979124 0.203265 0 0.979099 0.203384 0 0.986624 0.163011 0 0.999956 0.00941733 0 0.998884 0.0472342 0 0.999955 0.00944052 0 0.998887 0.0471648 0 0.996364 0.0851942 0 0.996356 0.0852942 0 0.999599 -0.0283202 0 0.9996 -0.0282688 0 0.997805 -0.0662195 0 0.997811 -0.0661297 0 0.994526 -0.104488 0 0.989669 -0.143368 0 0.994537 -0.104388 0 0.989683 -0.143273 0 0.983091 -0.183116 0 0.983114 -0.182997 0 0.974598 -0.223962 0 0.96392 -0.266193 0 0.974624 -0.223851 0 0.963937 -0.266129 0 0.950684 -0.310161 0 0.950707 -0.310091 0 0.934425 -0.356159 0 0.914519 -0.404543 0 0.934454 -0.356084 0 0.914543 -0.404488 0 0.890121 -0.455724 0 0.89015 -0.455668 0 0.860133 -0.51007 0 0.823143 -0.567834 0 0.860205 -0.509949 0 0.823226 -0.567713 0 0.777261 -0.629178 0 0.777291 -0.629141 0 0.71997 -0.694006 0 0.648358 -0.761336 0 0.720046 -0.693926 0 0.648428 -0.761276 0 0.559022 -0.829153 0 0.559022 -0.829153 0 0.448809 -0.893628 0 0.316534 -0.948581 0 0.448837 -0.893614 0 0.31615 -0.948709 0 0.164428 -0.986389 0 0.164491 -0.986379 0 0.957666 0.287881 0 0.875903 0.482487 0 0.750262 0.66114 0 -0.974624 -0.223851 -0 -0.914519 -0.404543 -0 -0.823226 -0.567714 -0 -0.164428 -0.986389 -0 0 0 1 0 0 1 0 0 1 0 0 1 0 0 1 0 0 1 0 0 1 0 0 1 0 0 1 0 0 1 0 0 1 0 0 1 0 0 1 0 0 1 0 0 1 0 0 1 0 0 1 0 0 1 0 0 1 0 0 1 0 0 1 0 0 1 0 0 1 0 0 1 0 0 1 0 0 1 0 0 1 0 0 1 0 0 1 0 0 1 0 0 1 0 0 1 0 0 1 0 0 1 0 0 1 0 0 1 0 0 1 0 0 1 0 0 1 0 0 1 0 0 1 0 0 1 0 0 1 0 0 1 0 0 1 0 0 1 0 0 1 0 0 1 0 0 1 0 0 1 0 0 1 0 0 1 0 0 1 0 0 1 0 0 1 0 0 1 0 0 1 0 0 1 0 0 1 0 0 1 0 0 1 0 0 1 0 0 1 0 0 1 0 0 1 0 0 1 0 0 1 0 0 1 0 0 1 0 0 1 0 0 1 0 0 1 0 0 1 0 0 1 0 0 1 0 0 1 0 0 1 0 0 1 0 0 1 0 0 1 0 0 1 0 0 1 0 0 1 0 0 1 0 0 1 0 0 1 0 0 1 0 0 1 0 0 1 0 0 1 0 0 1 0 0 1 0 0 1 0 0 1 0 0 1 0 0 1 0 0 1 0 0 1 0 0 1 0 0 1 0 0 1 0 0 1 0 0 1 0 0 1 0 0 1 0 0 1 0 0 1 0 0 1 0 0 1 0 0 1 0 0 1 0 0 1 0 0 1 0 0 1 0 0 1 0 0 1 0 0 1 0 0 1 0 0 1 0 0 1 0 0 1 0 0 1 0 0 1 0 0 1 0 0 1 0 0 1 0 0 1 0 0 1 0 0 1 0 0 1 0 0 1 0 0 1 0 0 1 0 0 1 0 0 1 0 0 1 0 0 1 0 0 1 0 0 1 0 0 1 0 0 1 0 0 1 0 0 1 0 0 1 0 0 1 0 0 1 0 0 1 0 0 1 0 0 1 0 0 1 0 0 1 0 0 1 0 0 1 0 0 1 0 0 1 0 0 1 0 0 1 0 0 1 0 0 1 0 0 1 0 0 1 0 0 1 0 0 1 0 0 1 0 0 1 0 0 1 0 0 1 0 0 1 0 0 1 0 0 1 0 0 1 0 0 1 0 0 1 0 0 1 0 0 1 0 0 1 0 0 1 0 0 1 0 0 1 0 0 1 0 0 1 0 0 1 0 0 1 0 0 1 0 0 1 0 0 1 0 0 1 0 0 1 0 0 1 0 0 1 0 0 1 0 0 1 0 0 1 0 0 1 0 0 1 0 0 1 0 0 1 0 0 1 0 0 1 0 0 1 0 0 1 0 0 1 0 0 1 0 0 1 0 0 1 0 0 1 0 0 1 0 0 1 0 0 1 0 0 1 0 0 1 0 0 1 0 0 1 0 0 1 0 0 1 0 0 1 0 0 1 0 0 1 0 0 1 0 0 1 0 0 1 0 0 1 0 0 1 0 0 1 0 0 1 0 0 1 0 0 1 0 0 1 0 0 1 0 0 1 0 0 1 0 0 1 0 0 1 0 0 1 0 0 1 0 0 1 0 0 1 0 0 1 0 0 1 0 0 1 0 0 1 0 0 1 0 0 1 0 0 1 0 0 1 0 0 1 0 0 1 0 0 1 0 0 1 0 0 1 0 0 1 -0 -0 -1 -0 -0 -1 -0 -0 -1 -0 -0 -1 -0 -0 -1 -0 -0 -1 -0 -0 -1 -0 -0 -1 -0 -0 -1 -0 -0 -1 -0 -0 -1 -0 -0 -1 -0 -0 -1 -0 -0 -1 -0 -0 -1 -0 -0 -1 -0 -0 -1 -0 -0 -1 -0 -0 -1 -0 -0 -1 -0 -0 -1 -0 -0 -1 -0 -0 -1 -0 -0 -1 -0 -0 -1 -0 -0 -1 -0 -0 -1 -0 -0 -1 -0 -0 -1 -0 -0 -1 -0 -0 -1 -0 -0 -1 -0 -0 -1 -0 -0 -1 -0 -0 -1 -0 -0 -1 -0 -0 -1 -0 -0 -1 -0 -0 -1 -0 -0 -1 -0 -0 -1 -0 -0 -1 -0 -0 -1 -0 -0 -1 -0 -0 -1 -0 -0 -1 -0 -0 -1 -0 -0 -1 -0 -0 -1 -0 -0 -1 -0 -0 -1 -0 -0 -1 -0 -0 -1 -0 -0 -1 -0 -0 -1 -0 -0 -1 -0 -0 -1 -0 -0 -1 -0 -0 -1 -0 -0 -1 -0 -0 -1 -0 -0 -1 -0 -0 -1 -0 -0 -1 -0 -0 -1 -0 -0 -1 -0 -0 -1 -0 -0 -1 -0 -0 -1 -0 -0 -1 -0 -0 -1 -0 -0 -1 -0 -0 -1 -0 -0 -1 -0 -0 -1 -0 -0 -1 -0 -0 -1 -0 -0 -1 -0 -0 -1 -0 -0 -1 -0 -0 -1 -0 -0 -1 -0 -0 -1</float_array>
          <technique_common>
            <accessor count="668" source="#ID21" stride="3">
              <param name="X" type="float"/>
              <param name="Y" type="float"/>
              <param name="Z" type="float"/>
            </accessor>
          </technique_common>
        </source>
        <vertices id="ID22">
          <input semantic="POSITION" source="#ID18"/>
          <input semantic="NORMAL" source="#ID20"/>
        </vertices>
        <triangles count="664" material="ID23">
          <input offset="0" semantic="VERTEX" source="#ID22"/>
          <p>0 1 2 3 4 5 3 0 2 2 4 3 5 4 6 0 7 1 8 9 10 6 9 8 10 9 11 12 13 11 13 10 11 14 15 16 17 16 15 12 16 17 14 18 15 12 17 13 19 18 20 20 18 14 21 22 23 20 23 19 19 23 22 24 25 26 27 22 21 28 29 30 31 28 27 30 29 32 31 29 28 32 33 30 34 33 32 35 34 24 34 35 33 31 27 21 35 24 26 36 37 38 39 40 41 39 41 25 37 42 38 42 40 39 26 25 41 40 42 37 43 44 36 43 36 38 44 45 46 43 45 44 47 48 49 49 48 50 50 46 51 52 53 54 49 50 51 55 47 53 48 47 55 51 46 45 53 52 55 6 8 5 56 57 58 54 57 59 56 58 60 59 57 56 58 61 60 62 60 61 63 64 62 61 63 62 65 64 66 64 63 66 66 67 65 67 68 69 67 69 65 70 71 72 68 73 69 68 71 73 70 73 71 74 75 72 72 75 70 76 77 74 75 74 77 78 79 76 79 77 76 79 78 80 81 80 82 78 82 80 83 81 82 83 84 81 54 59 52 1 7 85 85 7 86 86 87 88 88 85 86 89 87 90 87 89 88 91 92 90 89 90 92 91 93 94 94 92 91 95 93 96 93 95 94 97 98 96 95 96 98 97 99 100 100 98 97 101 99 102 99 101 100 103 104 102 101 102 104 103 105 106 106 104 103 107 105 108 105 107 106 109 110 108 107 108 110 109 111 112 112 110 109 113 111 114 111 113 112 115 116 114 113 114 116 115 117 118 118 116 115 119 117 120 117 119 118 121 122 120 119 120 122 121 123 124 124 122 121 125 123 126 123 125 124 127 128 126 125 126 128 127 129 130 130 128 127 131 129 132 129 131 130 133 134 132 131 132 134 133 135 136 136 134 133 137 135 138 135 137 136 139 140 138 137 138 140 139 141 142 142 140 139 143 141 144 141 143 142 145 146 144 143 144 146 145 147 148 148 146 145 149 147 150 147 149 148 151 152 150 149 150 152 151 153 154 154 152 151 155 153 156 153 155 154 157 158 156 155 156 158 157 159 160 160 158 157 161 159 162 159 161 160 163 164 162 161 162 164 163 165 166 166 164 163 167 165 84 165 167 166 167 84 83 168 169 170 171 172 173 174 175 176 177 178 179 180 181 182 183 184 185 186 187 188 189 190 191 192 193 194 195 196 197 198 199 200 201 202 203 204 205 206 207 208 209 210 211 212 213 214 215 216 217 218 210 219 220 221 222 223 217 224 223 225 226 227 228 229 225 230 231 232 233 226 230 234 235 236 234 237 238 239 240 241 242 243 244 245 246 247 248 249 250 251 252 253 254 255 256 257 258 259 260 261 262 263 264 265 266 267 268 269 270 271 272 273 274 275 276 277 278 279 280 281 282 283 284 285 286 287 288 289 288 287 283 290 291 289 289 288 290 292 291 293 290 293 291 292 294 295 294 292 293 296 297 295 295 294 296 298 297 299 296 299 297 298 300 301 300 298 299 302 303 301 301 300 302 304 303 305 302 305 303 304 306 307 306 304 305 308 309 307 307 306 308 310 309 311 308 311 309 310 312 313 312 310 311 314 315 313 313 312 314 316 315 317 314 317 315 316 318 319 318 316 317 320 321 319 319 318 320 322 321 323 320 323 321 322 324 325 324 322 323 326 173 325 325 324 326 281 283 287 326 171 173 282 281 284 285 276 286 284 286 282 280 275 277 277 276 285 269 279 278 279 275 280 271 270 327 269 278 270 273 272 327 271 327 272 264 274 265 274 273 265 328 263 268 264 263 328 257 267 266 267 328 268 259 258 329 257 266 258 261 260 329 259 329 260 252 262 253 262 261 253 256 251 254 252 251 256 255 246 245 254 246 255 247 250 249 247 249 245 239 241 248 239 248 250 243 242 240 242 241 240 235 244 236 244 243 236 237 231 238 235 234 238 233 230 232 232 231 237 228 225 227 233 227 226 229 222 221 228 222 229 216 224 217 223 224 221 218 220 219 218 219 216 212 211 214 211 210 220 213 215 206 212 214 213 204 207 205 215 204 206 208 199 209 207 209 205 203 198 200 200 199 208 192 202 201 202 198 203 194 193 330 192 201 193 196 195 330 194 330 195 187 197 188 197 196 188 331 186 191 187 186 331 180 190 189 190 331 191 182 181 332 180 189 181 184 183 332 182 332 183 175 185 176 185 184 176 177 174 178 175 174 177 179 168 170 178 168 179 169 172 333 169 333 170 172 171 333 334 335 336 337 338 339 340 341 342 343 344 341 345 346 347 348 349 350 351 352 353 354 355 356 357 358 359 360 351 361 362 363 364 364 365 366 367 368 369 370 371 372 338 373 339 374 375 352 366 365 376 337 377 362 378 376 379 380 379 381 369 373 382 383 381 360 384 385 368 386 387 388 385 386 388 389 390 391 392 387 390 393 391 394 395 396 374 397 395 398 350 399 394 348 400 401 402 403 398 404 371 405 400 370 406 407 408 345 409 408 410 411 412 413 411 414 405 415 412 416 417 418 419 417 420 421 422 423 420 424 425 422 426 427 416 428 429 430 358 431 432 433 428 434 435 436 433 354 432 437 438 439 440 441 439 436 438 442 443 444 445 340 446 447 448 443 449 450 451 452 447 453 454 455 456 457 458 456 458 451 459 460 461 457 462 463 464 465 466 467 459 463 468 334 455 464 469 470 471 472 473 474 470 475 476 477 478 479 480 481 471 482 483 476 481 484 478 485 486 479 472 480 487 483 488 474 475 486 465 461 489 490 491 492 493 494 495 494 491 490 495 496 497 494 490 495 498 499 500 487 488 492 487 492 491 483 482 488 471 473 482 472 479 473 484 481 480 477 476 484 485 478 477 474 486 485 469 475 470 466 469 464 489 466 465 460 489 461 467 460 459 462 467 463 456 462 457 451 458 452 447 452 448 449 446 450 446 448 450 442 449 443 440 442 438 441 440 439 435 441 436 434 435 433 430 434 428 425 424 429 424 430 429 423 422 425 421 420 423 418 417 421 409 410 419 409 419 418 408 407 410 345 347 407 346 403 402 346 402 347 403 397 398 397 396 395 396 375 374 375 353 352 353 361 351 361 383 360 383 380 381 380 378 379 378 366 376 364 363 365 362 377 363 337 339 377 382 373 338 367 369 382 384 368 367 386 385 384 392 388 387 389 392 390 393 389 391 399 393 394 349 399 350 401 349 348 406 401 400 372 406 370 404 372 371 414 404 405 413 414 411 415 413 412 427 415 416 357 359 426 359 427 426 431 358 357 437 432 431 355 354 437 445 444 356 445 356 355 340 342 444 341 344 342 343 454 453 343 453 344 454 468 455 335 500 336 468 335 334 499 498 496 336 500 499 495 497 493 496 498 497 501 502 503 504 505 506 501 507 508 509 501 508 510 511 512 513 514 515 516 505 504 517 512 509 510 518 519 520 521 522 523 524 525 526 527 514 520 528 521 529 530 531 513 532 514 505 524 533 524 534 535 505 533 506 536 533 535 533 537 506 537 538 506 535 533 524 525 524 505 534 521 528 534 528 535 521 534 539 522 521 540 541 542 521 521 542 540 542 541 514 541 543 514 527 515 514 532 542 514 544 527 545 544 515 527 527 530 546 545 527 546 527 547 548 549 527 548 530 549 531 527 549 530 549 510 519 531 549 519 550 510 549 550 549 551 511 509 512 511 510 550 552 553 511 554 509 553 511 553 509 509 554 555 554 556 555 555 557 501 501 509 555 558 559 501 558 501 557 502 559 560 559 502 501 502 561 562 560 561 502 502 563 564 562 563 502 565 566 564 567 565 564 568 569 570 569 566 570 571 568 572 571 573 568 574 571 575 576 573 577 578 577 574 575 579 574 577 578 580 577 571 574 569 568 573 573 571 577 566 565 570 576 581 573 566 569 582 502 564 566 583 502 584 584 502 566 585 586 587 588 589 590 591 592 585 592 593 585 594 595 596 597 598 599 600 601 602 603 591 604 605 606 607 600 602 608 609 610 589 611 610 609 612 613 614 595 594 615 614 589 588 616 598 601 614 600 609 589 614 609 609 617 618 617 609 600 600 614 613 601 600 619 613 619 600 620 601 621 601 619 621 622 616 601 622 601 620 598 616 623 598 624 601 597 625 598 623 599 598 594 597 626 597 594 625 596 595 627 594 626 615 596 627 628 629 596 628 628 630 631 627 630 628 631 606 632 632 628 631 632 606 633 634 632 633 635 633 605 606 605 633 635 604 636 604 635 605 637 636 604 638 637 591 604 591 637 639 640 591 591 640 638 639 585 641 585 639 591 642 585 643 642 641 585 587 644 643 643 585 587 587 645 646 644 587 646 647 648 649 645 587 647 648 650 651 648 647 587 652 653 654 650 654 651 653 655 656 654 657 658 659 660 656 659 655 661 662 655 653 659 656 655 656 657 653 661 655 663 653 664 662 653 657 654 587 650 648 652 654 650 650 587 665 652 650 666 587 667 665</p>
        </triangles>
      </mesh>
    </geometry>
    <geometry id="ID24">
      <mesh>
        <source id="ID25">
          <float_array count="10617" id="ID26">-0.00417228 -0.0556467 0.00413103 -0.00441065 -0.0556467 0.0035682 -0.00420534 -0.0556467 0.00254 -0.00386243 -0.0556467 0.00465793 -0.00466272 -0.0556467 0.00176301 -0.00465795 -0.0556467 0.00237393 -0.00458774 -0.0556467 0.00115684 -0.00443469 -0.0556467 0.000566597 -0.00420534 -0.0556467 0 -0.00457346 -0.0556467 0.00297913 -0.00318891 -0.0556467 0.00254 -0.00301457 -0.0556467 0.00318939 -0.00166273 -0.0556467 0.00592793 -0.000504957 -0.0556467 0.00522139 -0.000268973 -0.0556467 0.00669476 -0.000875838 -0.0556467 0.00661958 -0.00146695 -0.0556467 0.00646605 -0.00115451 -0.0556467 0.00504767 0.000342908 -0.0556467 0.00668993 -0.002032 -0.0556467 0.00623734 -0.00256431 -0.0556467 0.00593558 -0.00305229 -0.0556467 0.00556704 -0.00386243 -0.0556467 0.00465793 -0.00348597 -0.0556467 0.00514032 0.00310652 -0.0556467 0.00551944 0.00262593 -0.0556467 0.00589444 0.00254261 -0.0556467 0.00541993 0.00250961 -0.0556467 0.004064 0.00390358 -0.0556467 0.00459631 0.00353504 -0.0556467 0.00508429 0.00420534 -0.0556467 0.004064 0.00203439 -0.0556467 0.00453967 0.00209844 -0.0556467 0.00620455 0.00153529 -0.0556467 0.00644288 0.000342908 -0.0556467 0.00668993 0.000948898 -0.0556467 0.0066051 0.00420534 -0.0556467 0.001524 0.00386243 -0.0556467 -0.000593933 0.00421001 -0.0556467 9.67863e-06 0.00446394 -0.0556467 0.000658268 0.00318891 -0.0556467 0.001524 0.00301457 -0.0556467 0.000874612 0.0046186 -0.0556467 0.00133741 0.00467054 -0.0556467 0.002032 0.00461807 -0.0556467 0.00273013 0.00446183 -0.0556467 0.00341258 0.00420534 -0.0556467 0.004064 0.00166273 -0.0556467 -0.00186393 0.000268973 -0.0556467 -0.00263076 0.000875838 -0.0556467 -0.00255558 0.00146695 -0.0556467 -0.00240204 0.00115451 -0.0556467 -0.000983673 0.000504957 -0.0556467 -0.00115739 -0.000342908 -0.0556467 -0.00262593 0.002032 -0.0556467 -0.00217334 0.00256431 -0.0556467 -0.00187158 0.00305229 -0.0556467 -0.00150304 0.00348597 -0.0556467 -0.00107632 0.00386243 -0.0556467 -0.000593933 -0.00313681 -0.0449024 0.00192114 -0.00312746 -0.0498725 0.00229819 -0.00311151 -0.0449024 0.00244474 -0.00299942 -0.0449024 0.00295683 -0.00303749 -0.0498725 0.0028229 -0.00286013 -0.0498725 0.00332486 -0.00280368 -0.0449024 0.00344312 -0.0026005 -0.0498725 0.00378963 -0.00252973 -0.0449024 0.00389005 -0.00218521 -0.0449024 0.00428515 -0.00226605 -0.0498725 0.00420383 -0.00186641 -0.0498725 0.00455556 -0.00177975 -0.0449024 0.00461741 -0.00141308 -0.0498725 0.00483469 -0.00132464 -0.0449024 0.00487755 -0.000832588 -0.0449024 0.00505833 -0.000919102 -0.0498725 0.00503318 -0.000398679 -0.0498725 0.00514534 -0.00031731 -0.0449024 0.00515469 0.000133213 -0.0498725 0.00516794 0.000206819 -0.0449024 0.00516394 0.000725178 -0.0449024 0.00508584 0.000661273 -0.0498725 0.00510032 0.00117031 -0.0498725 0.00494443 0.00122331 -0.0449024 0.00492256 0.00164568 -0.0498725 0.00470475 0.00168732 -0.0449024 0.00467866 0.00210427 -0.0449024 0.00436093 0.0020737 -0.0498725 0.00438818 0.00244207 -0.0498725 0.00400384 0.00246252 -0.0449024 0.00397824 0.00274019 -0.0498725 0.00356276 0.00275209 -0.0449024 0.00354126 0.00296489 -0.0449024 0.00306219 0.00295947 -0.0498725 0.00307765 0.00309362 -0.0498725 0.00256245 0.00309499 -0.0449024 0.00255438 0.00313877 -0.0498725 0.002032 0.00313877 -0.0449024 0.002032 -0.00312746 -0.0498725 0.00176581 -0.00307461 -0.0449024 0.00140063 -0.00303749 -0.0498725 0.0012411 -0.00292665 -0.0449024 0.000897735 -0.00286013 -0.0498725 0.000739138 -0.0026005 -0.0498725 0.00027437 -0.00269706 -0.0449024 0.000426476 -0.00239224 -0.0449024 1.14925e-12 -0.00226605 -0.0498725 -0.000139834 -0.00203185 -0.0449024 -0.00036037 -0.00186641 -0.0498725 -0.000491559 -0.00141308 -0.0498725 -0.000770685 -0.00161867 -0.0449024 -0.000657116 -0.00116247 -0.0449024 -0.000883474 -0.000919102 -0.0498725 -0.000969184 -0.000675625 -0.0449024 -0.0010331 -0.000398679 -0.0498725 -0.00108134 0.000133213 -0.0498725 -0.00110394 -0.000170935 -0.0449024 -0.00110202 0.000338307 -0.0449024 -0.0010884 0.000661273 -0.0498725 -0.00103632 0.000838682 -0.0449024 -0.000992567 0.00117031 -0.0498725 -0.000880426 0.001317 -0.0449024 -0.000817031 0.00176064 -0.0449024 -0.000566399 0.00164568 -0.0498725 -0.000640751 0.00215791 -0.0449024 -0.000247263 0.0020737 -0.0498725 -0.000324185 0.00244207 -0.0498725 6.01645e-05 0.00249832 -0.0449024 0.000131973 0.00277288 -0.0449024 0.000561316 0.00274019 -0.0498725 0.00050124 0.00297434 -0.0449024 0.00102945 0.00295947 -0.0498725 0.000986352 0.00309362 -0.0498725 0.00150155 0.00309739 -0.0449024 0.00152402 -0.00412437 -0.0498725 -0.00015957 -0.0026005 -0.0498725 0.00027437 -0.00377896 -0.0498725 -0.000712672 0.000661273 -0.0498725 -0.00103632 0.00117031 -0.0498725 -0.000880426 0.00144186 -0.0498725 -0.00241029 0.00204621 -0.0498725 -0.00216637 0.00164568 -0.0498725 -0.000640751 0.000809865 -0.0498725 -0.00256767 0.000162685 -0.0498725 -0.00263567 0.000133213 -0.0498725 -0.00110394 0.00261099 -0.0498725 -0.00184052 0.0020737 -0.0498725 -0.000324185 0.00312501 -0.0498725 -0.00143905 0.00244207 -0.0498725 6.01645e-05 0.00396003 -0.0498725 -0.000444074 0.00357733 -0.0498725 -0.000970653 -0.000488699 -0.0498725 -0.00261289 0.00426607 -0.0498725 0.000131037 0.00274019 -0.0498725 0.00050124 -0.000398679 -0.0498725 -0.00108134 -0.00113093 -0.0498725 -0.0024995 0.00295947 -0.0498725 0.000986352 0.00309362 -0.0498725 0.00150155 0.00448923 -0.0498725 0.000743505 -0.00175089 -0.0498725 -0.00229784 -0.000919102 -0.0498725 -0.000969184 0.00467054 -0.0498725 0.002032 0.00313877 -0.0498725 0.002032 0.00462498 -0.0498725 0.00268266 -0.00233643 -0.0498725 -0.002012 -0.00141308 -0.0498725 -0.000770685 -0.00312746 -0.0498725 0.00176581 -0.00456863 -0.0498725 0.00106222 -0.00465913 -0.0498725 0.00170679 0.00426724 -0.0498725 0.00393038 0.00448989 -0.0498725 0.00331797 0.00295947 -0.0498725 0.00307765 0.00396134 -0.0498725 0.00450613 0.00244207 -0.0498725 0.00400384 0.0035781 -0.0498725 0.00503384 0.00164568 -0.0498725 0.00470475 0.00204869 -0.0498725 0.00622912 0.00261268 -0.0498725 0.00590327 -0.00438833 -0.0498725 0.00363067 -0.00303749 -0.0498725 0.0028229 -0.00456825 -0.0498725 0.00300397 0.000163168 -0.0498725 0.00669969 0.000811818 -0.0498725 0.00663142 0.000133213 -0.0498725 0.00516794 -0.00377781 -0.0498725 0.00477809 -0.00226605 -0.0498725 0.00420383 -0.0026005 -0.0498725 0.00378963 -0.00112854 -0.0498725 0.00656402 -0.000919102 -0.0498725 0.00503318 -0.00174825 -0.0498725 0.0063629 -0.000398679 -0.0498725 0.00514534 -0.000487383 -0.0498725 0.00667695 -0.00287501 -0.0498725 0.00571278 -0.00233427 -0.0498725 0.00607733 -0.00186641 -0.0498725 0.00455556 -0.00141308 -0.0498725 0.00483469 -0.00335958 -0.0498725 0.00527653 0.00144447 -0.0498725 0.00647349 0.00117031 -0.0498725 0.00494443 0.000661273 -0.0498725 0.00510032 -0.00412306 -0.0498725 0.00422591 0.0031255 -0.0498725 0.00550254 0.0020737 -0.0498725 0.00438818 -0.00286013 -0.0498725 0.00332486 -0.00312746 -0.0498725 0.00229819 -0.00465913 -0.0498725 0.00235813 -0.00438927 -0.0498725 0.000435987 -0.00303749 -0.0498725 0.0012411 0.00274019 -0.0498725 0.00356276 0.00309362 -0.0498725 0.00256245 -0.00286013 -0.0498725 0.000739138 -0.00226605 -0.0498725 -0.000139834 -0.00335976 -0.0498725 -0.00121237 0.00462498 -0.0498725 0.00138134 -0.00186641 -0.0498725 -0.000491559 -0.00287613 -0.0498725 -0.00164779 -0.00262593 -0.0556467 -0.00183043 -0.00287613 -0.0498725 -0.00164779 -0.00233643 -0.0498725 -0.002012 0.00461733 -0.0506359 0.00273442 0.00462498 -0.0498725 0.00268266 0.00448989 -0.0498725 0.00331797 0.00396134 -0.0498725 0.00450613 0.00420534 -0.0507927 0.004064 0.00426724 -0.0498725 0.00393038 -0.00210046 -0.0556467 -0.00213942 -0.000268973 -0.0556467 0.00669476 0.000163168 -0.0498725 0.00669969 -0.000487383 -0.0498725 0.00667695 0.000811818 -0.0498725 0.00663142 0.000342908 -0.0556467 0.00668993 0.000948898 -0.0556467 0.0066051 0.00467054 -0.0506153 0.002032 0.00467054 -0.0498725 0.002032 0.00446048 -0.0506962 0.00341623 0.00209844 -0.0556467 0.00620455 0.00204869 -0.0498725 0.00622912 0.00153529 -0.0556467 0.00644288 0.00310652 -0.0556467 0.00551944 0.00353504 -0.0556467 0.00508429 0.0031255 -0.0498725 0.00550254 -0.000875838 -0.0556467 0.00661958 -0.00112854 -0.0498725 0.00656402 -0.00348597 -0.0556467 0.00514032 -0.00335958 -0.0498725 0.00527653 -0.00377781 -0.0498725 0.00477809 -0.00256431 -0.0556467 0.00593558 -0.002032 -0.0556467 0.00623734 -0.00233427 -0.0498725 0.00607733 -0.00457346 -0.0556467 0.00297913 -0.00458289 -0.0531914 0.0029329 -0.00465795 -0.0556467 0.00237393 -0.00417228 -0.0556467 0.00413103 -0.00420534 -0.0533749 0.004064 -0.00441065 -0.0556467 0.0035682 -0.00377896 -0.0498725 -0.000712672 -0.00390358 -0.0556467 -0.000532315 -0.00412437 -0.0498725 -0.00015957 -0.00443469 -0.0556467 0.000566597 -0.00458774 -0.0556467 0.00115684 -0.00458224 -0.0531918 0.00113051 -0.00175089 -0.0498725 -0.00229784 -0.00335976 -0.0498725 -0.00121237 -0.00310832 -0.0556467 -0.00145397 -0.00153821 -0.0556467 -0.00237786 -0.00113093 -0.0498725 -0.0024995 -0.000948898 -0.0556467 -0.0025411 -0.000342908 -0.0556467 -0.00262593 -0.000488699 -0.0498725 -0.00261289 0.000162685 -0.0498725 -0.00263567 0.000268973 -0.0556467 -0.00263076 0.000809865 -0.0498725 -0.00256767 0.00144186 -0.0498725 -0.00241029 0.000875838 -0.0556467 -0.00255558 0.00445973 -0.0532515 0.000646151 0.00461737 -0.0531745 0.00132932 0.00446394 -0.0556467 0.000658268 0.00204621 -0.0498725 -0.00216637 0.00146695 -0.0556467 -0.00240204 0.00305229 -0.0556467 -0.00150304 0.00256431 -0.0556467 -0.00187158 0.00261099 -0.0498725 -0.00184052 0.00421001 -0.0556467 9.67863e-06 0.00312501 -0.0498725 -0.00143905 0.00348597 -0.0556467 -0.00107632 0.00357733 -0.0498725 -0.000970653 0.00420534 -0.0533749 -3.9968e-18 0.00386243 -0.0556467 -0.000593933 0.00396003 -0.0498725 -0.000444074 0.00420534 -0.0507927 4.44089e-19 0.00426607 -0.0498725 0.000131037 0.00446038 -0.0506963 0.000648285 0.00461768 -0.0506358 0.00133148 0.00448923 -0.0498725 0.000743505 0.00462498 -0.0498725 0.00138134 0.002032 -0.0556467 -0.00217334 0.0046186 -0.0556467 0.00133741 0.00467054 -0.0531485 0.002032 0.00467054 -0.0556467 0.002032 -0.00353706 -0.0556467 -0.00101795 -0.00420534 -0.0556467 0 -0.00442934 -0.0532663 0.000551656 -0.00420534 -0.0533749 0 -0.00466033 -0.0531535 0.00172871 -0.00466048 -0.0506193 0.00173014 -0.00465913 -0.0498725 0.00170679 -0.00458277 -0.0506494 0.00113304 -0.00466272 -0.0556467 0.00176301 -0.00466029 -0.0531535 0.0023337 -0.00442936 -0.0532663 0.00351265 -0.00386243 -0.0556467 0.00465793 -0.00412306 -0.0498725 0.00422591 -0.00287501 -0.0498725 0.00571278 -0.00305229 -0.0556467 0.00556704 -0.00146695 -0.0556467 0.00646605 -0.00174825 -0.0498725 0.0063629 0.00144447 -0.0498725 0.00647349 0.00261268 -0.0498725 0.00590327 0.00262593 -0.0556467 0.00589444 0.0035781 -0.0498725 0.00503384 0.00390358 -0.0556467 0.00459631 0.00420534 -0.0533749 0.004064 0.00420534 -0.0556467 0.004064 0.00445979 -0.0532515 0.00341806 0.00446183 -0.0556467 0.00341258 0.00461722 -0.0531746 0.00273559 0.00461807 -0.0556467 0.00273013 -0.00420534 -0.0507927 0.004064 -0.00438833 -0.0498725 0.00363067 -0.00443 -0.0507078 0.00351101 -0.00456825 -0.0498725 0.00300397 -0.00458308 -0.0506491 0.00293165 -0.00465913 -0.0498725 0.00235813 -0.00466029 -0.0506193 0.00233334 -0.00456863 -0.0498725 0.00106222 -0.00442998 -0.0507078 0.000553691 -0.00438927 -0.0498725 0.000435987 -0.00420534 -0.0507927 -1.77636e-18 -0.00254261 -0.0556467 -0.00135593 -0.00353706 -0.0556467 -0.00101795 -0.00310832 -0.0556467 -0.00145397 -0.00250961 -0.0556467 0 -0.00390358 -0.0556467 -0.000532315 -0.00203439 -0.0556467 -0.000475673 -0.00420534 -0.0556467 0 -0.00262593 -0.0556467 -0.00183043 -0.00210046 -0.0556467 -0.00213942 -0.00153821 -0.0556467 -0.00237786 -0.000342908 -0.0556467 -0.00262593 -0.000948898 -0.0556467 -0.0025411 -0.000945558 -0.0596461 0.00511957 -0.00115451 -0.0556467 0.00504767 -0.00115451 -0.0583221 0.00504767 -0.00057186 -0.0583199 -0.00114574 -0.000410155 -0.0596461 -0.00117096 -0.000945558 -0.0596461 -0.00105557 -0.00109475 -0.0583218 -0.00100588 -0.00145376 -0.0596461 -0.00085136 -0.00145376 -0.0596461 0.00491536 -0.00158673 -0.0583229 -0.000780004 -0.00192014 -0.0596461 -0.000564199 -0.00318891 -0.0556467 0.00254 -0.00318891 -0.0583221 0.00254 -0.00312492 -0.0596461 0.00284567 -0.00301457 -0.0556467 0.00318939 0.000504957 -0.0583292 -0.00115739 0.000680307 -0.0596461 -0.00112464 0.000137047 -0.0596461 -0.0011942 -3.29023e-05 -0.0583207 -0.00119695 0.000504957 -0.0556467 -0.00115739 0.00115451 -0.0583221 -0.000983673 0.001204 -0.0596461 -0.00096426 -0.00203439 -0.0556467 -0.000475673 -0.00203439 -0.0583221 -0.000475673 -0.00233128 -0.0596461 -0.00020235 -0.00250961 -0.0556467 0 0.0020835 -0.0583218 -0.000435023 0.00213339 -0.0596461 -0.000392007 0.00169305 -0.0596461 -0.000717685 0.0016419 -0.0583229 -0.000748151 0.00246608 -0.0583199 -5.21173e-05 0.00251237 -0.0596461 3.40583e-06 0.00115451 -0.0556467 -0.000983673 0.00301457 -0.0583292 0.000874612 0.00304466 -0.0596461 0.000956254 0.00281906 -0.0596461 0.000457177 0.0027799 -0.0583207 0.000389033 0.00301457 -0.0556467 0.000874612 0.00318891 -0.0556467 0.001524 0.00318891 -0.0583221 0.001524 0.00318267 -0.0596461 0.00148628 0.00322911 -0.0596461 0.002032 0.00322911 -0.058323 0.002032 -0.00250961 -0.0583292 4.44089e-19 -0.00267535 -0.0596461 0.000223777 -0.0028128 -0.0583207 0.000446021 -0.00303794 -0.0583199 0.000938374 -0.00294246 -0.0596461 0.000701924 -0.00312492 -0.0596461 0.00121833 -0.00317825 -0.0583218 0.00146115 -0.00321748 -0.0596461 0.00175815 -0.00322863 -0.0583229 0.00200015 -0.00321748 -0.0596461 0.00230585 -0.00301457 -0.0583292 0.00318939 -0.00294246 -0.0596461 0.00336208 -0.0027799 -0.0583207 0.00367497 -0.00246608 -0.0583199 0.00411612 -0.00267535 -0.0596461 0.00384022 -0.00233128 -0.0596461 0.00426635 -0.0020835 -0.0583218 0.00449902 -0.00192014 -0.0596461 0.0046282 -0.0016419 -0.0583229 0.00481215 -0.000410155 -0.0596461 0.00523496 0.000137047 -0.0596461 0.0052582 3.29023e-05 -0.0583207 0.00526095 -0.000504957 -0.0583292 0.00522139 0.00203439 -0.0583221 0.00453967 0.00158673 -0.0583229 0.004844 0.00169305 -0.0596461 0.00478168 0.00109475 -0.0583218 0.00506988 0.00057186 -0.0583199 0.00520974 0.000680307 -0.0596461 0.00518864 0.00251237 -0.0596461 0.00406059 0.00250961 -0.0583292 0.004064 0.00213339 -0.0596461 0.00445601 0.00203439 -0.0556467 0.00453967 0.00250961 -0.0556467 0.004064 0.00318236 -0.0583219 0.00257948 0.0030433 -0.05832 0.00311063 0.00304466 -0.0596461 0.00310775 0.00281668 -0.0583206 0.00361108 0.00281906 -0.0596461 0.00360682 0.00318267 -0.0596461 0.00257772 0.001204 -0.0596461 0.00502826 -0.000504957 -0.0556467 0.00522139 0.000680307 -0.0596461 0.00518864 0.0004281 -0.0596461 0.00401839 0.000757644 -0.0596461 0.00391747 0.00158097 -0.0596461 0.000755457 0.00251237 -0.0596461 3.40583e-06 0.00177396 -0.0596461 0.001041 -0.000410155 -0.0596461 0.00523496 8.62405e-05 -0.0596461 0.00406217 0.000137047 -0.0596461 0.0052582 0.00106539 -0.0596461 0.00376231 0.001204 -0.0596461 0.00502826 -0.000945558 -0.0596461 0.00511957 -0.0002581 -0.0596461 0.00404754 0.00169305 -0.0596461 0.00478168 0.00134249 -0.0596461 0.00355737 0.00213339 -0.0596461 0.00445601 0.00251237 -0.0596461 0.00406059 0.00158097 -0.0596461 0.00330854 0.00281906 -0.0596461 0.00360682 0.00177396 -0.0596461 0.003023 0.00191593 -0.0596461 0.00270894 0.00304466 -0.0596461 0.00310775 -0.00145376 -0.0596461 0.00491536 -0.000595016 -0.0596461 0.00397493 0.00318267 -0.0596461 0.00148628 0.00322911 -0.0596461 0.002032 0.002032 -0.0596461 0.002032 -0.00192014 -0.0596461 0.0046282 -0.000914814 -0.0596461 0.00384643 0.00281906 -0.0596461 0.000457177 0.00304466 -0.0596461 0.000956254 0.00191593 -0.0596461 0.00135506 -0.00196643 -0.0596461 0.00254402 -0.00185162 -0.0596461 0.00286898 -0.00294246 -0.0596461 0.00336208 0.00134249 -0.0596461 0.000506634 0.00213339 -0.0596461 -0.000392007 -0.00321748 -0.0596461 0.00175815 -0.00196643 -0.0596461 0.00151998 -0.00202468 -0.0596461 0.00185967 0.001204 -0.0596461 -0.00096426 0.0004281 -0.0596461 4.56078e-05 0.000680307 -0.0596461 -0.00112464 -0.00146701 -0.0596461 0.00062598 -0.00168353 -0.0596461 0.000894131 -0.00267535 -0.0596461 0.000223777 -0.000410155 -0.0596461 -0.00117096 -0.000595016 -0.0596461 8.90692e-05 -0.000945558 -0.0596461 -0.00105557 -0.00145376 -0.0596461 -0.00085136 -0.000914814 -0.0596461 0.000217575 -0.0002581 -0.0596461 1.64583e-05 0.000137047 -0.0596461 -0.0011942 -0.00192014 -0.0596461 -0.000564199 -0.00120829 -0.0596461 0.000398278 8.62405e-05 -0.0596461 1.8309e-06 0.00169305 -0.0596461 -0.000717685 0.000757644 -0.0596461 0.000146529 -0.00233128 -0.0596461 -0.00020235 -0.00185162 -0.0596461 0.00119502 -0.00294246 -0.0596461 0.000701924 0.00106539 -0.0596461 0.000301693 -0.00312492 -0.0596461 0.00121833 -0.00312492 -0.0596461 0.00284567 -0.00202468 -0.0596461 0.00220433 -0.00321748 -0.0596461 0.00230585 0.00200277 -0.0596461 0.00168859 -0.00168353 -0.0596461 0.00316987 -0.00267535 -0.0596461 0.00384022 0.00318267 -0.0596461 0.00257772 0.00200277 -0.0596461 0.00237541 -0.00120829 -0.0596461 0.00366572 -0.00233128 -0.0596461 0.00426635 -0.00146701 -0.0596461 0.00343802 0.00200277 -0.0596461 0.00168859 0.002032 -0.0596461 0.002032 0.002032 -0.0450733 0.002032 0.00158097 -0.0596461 0.000755457 0.00177396 -0.0596461 0.001041 0.00175994 -0.0450733 0.00101634 0.00191593 -0.0596461 0.00135506 0.00200115 -0.0450733 0.00167929 0.00190954 -0.0450733 0.00133728 0.0010164 -0.0450733 0.000272511 0.000757644 -0.0596461 0.000146529 0.00106539 -0.0596461 0.000301693 0.00155688 -0.0450733 0.000726229 0.00130651 -0.0450733 0.000475746 0.00134249 -0.0596461 0.000506634 8.62405e-05 -0.0596461 1.8309e-06 -2.20145e-10 -0.0450733 1.19904e-17 -0.0002581 -0.0596461 1.64583e-05 0.0004281 -0.0596461 4.56078e-05 0.000695349 -0.0450733 0.000122716 0.000353088 -0.0450733 3.0938e-05 -0.00120829 -0.0596461 0.000398278 -0.000914814 -0.0596461 0.000217575 -0.000982616 -0.0450733 0.000253423 -0.000670903 -0.0450733 0.00011398 -0.000595016 -0.0596461 8.90692e-05 -0.000340436 -0.0450733 2.87212e-05 -0.00172021 -0.0450733 0.000950485 -0.00185162 -0.0596461 0.00119502 -0.00168353 -0.0596461 0.000894131 -0.00126659 -0.0450733 0.000443101 -0.00151479 -0.0450733 0.000677662 -0.00146701 -0.0596461 0.00062598 -0.00202468 -0.0596461 0.00185967 -0.00202871 -0.0450733 0.00191741 -0.00202468 -0.0596461 0.00220433 -0.00196643 -0.0596461 0.00151998 -0.00187705 -0.0450733 0.00125387 -0.00198086 -0.0450733 0.00157924 -0.00168353 -0.0596461 0.00316987 -0.00185162 -0.0596461 0.00286898 -0.00183102 -0.0450733 0.00291301 -0.00195272 -0.0450733 0.00259385 -0.00196643 -0.0596461 0.00254402 -0.00201924 -0.0450733 0.00225883 -0.00117637 -0.0450733 0.00368881 -0.000914814 -0.0596461 0.00384643 -0.00120829 -0.0596461 0.00366572 -0.00165758 -0.0450733 0.00320727 -0.00143729 -0.0450733 0.00346833 -0.00146701 -0.0596461 0.00343802 -0.0002581 -0.0596461 0.00404754 -0.000228065 -0.0450733 0.00405113 8.62405e-05 -0.0596461 0.00406217 -0.000595016 -0.0596461 0.00397493 -0.000882202 -0.0450733 0.00386246 -0.000563094 -0.0450733 0.00398439 0.000113417 -0.0450733 0.00406081 0.000451699 -0.0450733 0.00401314 0.0004281 -0.0596461 0.00401839 0.000777218 -0.0450733 0.00390947 0.000757644 -0.0596461 0.00391747 0.00106539 -0.0596461 0.00376231 0.00108077 -0.0450733 0.00375273 0.00135378 -0.0450733 0.00354735 0.00134249 -0.0596461 0.00355737 0.00158852 -0.0450733 0.00329913 0.00158097 -0.0596461 0.00330854 0.00177396 -0.0596461 0.003023 0.00177836 -0.0450733 0.00301508 0.00191793 -0.0450733 0.00270325 0.00191593 -0.0596461 0.00270894 0.00200328 -0.0450733 0.00237244 0.00200277 -0.0596461 0.00237541 0.00160822 -0.0449771 -0.000150846 0.00195399 -0.0449771 0.000152342 0.00176064 -0.0449024 -0.000566399 -0.00210635 -0.0449771 0.00373918 -0.00178754 -0.0449771 0.0040706 -0.00186347 -0.0450306 0.00347766 -0.00203185 -0.0449024 -0.00036037 -0.00239224 -0.0449024 1.14925e-12 -0.00179503 -0.0449771 -9.96917e-20 -0.000576094 -0.0449771 -0.000617394 -0.00116247 -0.0449024 -0.000883474 -0.00101556 -0.0449771 -0.000481924 -0.000120058 -0.0449771 -0.000676645 -0.000675625 -0.0449024 -0.0010331 -0.00161867 -0.0449024 -0.000657116 -0.0014258 -0.0449771 -0.000274134 -0.000246888 -0.0450626 -7.19883e-05 -0.000598913 -0.0450626 -9.96917e-20 -2.20145e-10 -0.0450733 1.19904e-17 -0.000836627 -0.0450306 -0.000173109 -0.00119726 -0.0450306 -1.32922e-19 -0.000170935 -0.0449024 -0.00110202 0.000339432 -0.0449771 -0.000657974 0.000338307 -0.0449024 -0.0010884 0.000789158 -0.0449771 -0.000561917 0.000838682 -0.0449024 -0.000992567 0.00121618 -0.0449771 -0.000391237 0.001317 -0.0449024 -0.000817031 0.00215791 -0.0449024 -0.000247263 0.00249832 -0.0449024 0.000131973 0.00224354 -0.0449771 0.000509605 0.00262256 -0.0449771 0.00134398 0.00277288 -0.0449024 0.000561316 0.00246856 -0.0449771 0.000910664 0.00270196 -0.0449771 0.00225696 0.00262507 -0.0449771 0.00271036 0.00313877 -0.0449024 0.002032 0.00297434 -0.0449024 0.00102945 0.00270111 -0.0449771 0.00179709 0.00309739 -0.0449024 0.00152402 0.00296489 -0.0449024 0.00306219 0.00309499 -0.0449024 0.00255438 0.00247267 -0.0449771 0.00314424 0.00196089 -0.0449771 0.00390445 0.00275209 -0.0449024 0.00354126 0.00224913 -0.0449771 0.00354612 0.000798703 -0.0449771 0.00462299 0.00168732 -0.0449024 0.00467866 0.00122509 -0.0449771 0.00445074 0.00161624 -0.0449771 0.00420891 0.00210427 -0.0449024 0.00436093 0.00246252 -0.0449024 0.00397824 0.000206819 -0.0449024 0.00516394 -0.000110084 -0.0449771 0.00474107 -0.00031731 -0.0449024 0.00515469 0.00122331 -0.0449024 0.00492256 0.000349335 -0.0449771 0.00472071 0.000725178 -0.0449024 0.00508584 -0.00177975 -0.0449024 0.00461741 -0.00132464 -0.0449024 0.00487755 -0.0014173 -0.0449771 0.00434337 -0.00100629 -0.0449771 0.00454965 -0.000832588 -0.0449024 0.00505833 -0.000566335 -0.0449771 0.0046835 -0.00236457 -0.0449771 0.00335865 -0.00280368 -0.0449024 0.00344312 -0.00252973 -0.0449024 0.00389005 -0.00218521 -0.0449024 0.00428515 -0.00299942 -0.0449024 0.00295683 -0.00255476 -0.0449771 0.00293995 -0.00267146 -0.0449771 0.00249513 -0.00313681 -0.0449024 0.00192114 -0.0027113 -0.0449771 0.00203699 -0.00267314 -0.0449771 0.00157871 -0.00311151 -0.0449024 0.00244474 -0.00236944 -0.0449771 0.00071407 -0.00269706 -0.0449024 0.000426476 -0.00292665 -0.0449024 0.000897735 -0.00307461 -0.0449024 0.00140063 -0.00255809 -0.0449771 0.00113346 -0.000340436 -0.0450733 2.87212e-05 -0.000933708 -0.0450626 0.000130445 -0.00124164 -0.0450626 0.000315595 -0.000670903 -0.0450733 0.00011398 -0.00211262 -0.0449771 0.000332591 -0.00152345 -0.0450306 0.000231566 -0.00180581 -0.0450306 0.000514927 -0.00203622 -0.0450306 0.000841932 -0.00220805 -0.0450306 0.00120317 -0.00231636 -0.0450306 0.00158826 -0.00235804 -0.0450306 0.00198611 -0.00233188 -0.0450306 0.00238528 -0.00223863 -0.0450306 0.00277429 -0.00208098 -0.0450306 0.00314194 -0.00159235 -0.0450306 0.00377179 -0.00127542 -0.0450306 0.00401588 -0.000921793 -0.0450306 0.00420289 -0.000541652 -0.0450306 0.00432744 -0.000145929 -0.0450306 0.00438597 0.000253992 -0.0450306 0.00437677 0.000646606 -0.0450306 0.00430012 0.00102062 -0.0450306 0.00415821 0.00136527 -0.0450306 0.00395514 0.00167065 -0.0450306 0.00369675 0.00192796 -0.0450306 0.00339046 0.00212981 -0.0450306 0.0030451 0.00227039 -0.0450306 0.00267059 0.00234565 -0.0450306 0.0022777 0.00235344 -0.0450306 0.00187775 0.00229352 -0.0450306 0.00148224 0.00216761 -0.0450306 0.00110254 0.00197936 -0.0450306 0.000749581 0.00173415 -0.0450306 0.000433514 0.00143907 -0.0450306 0.000163433 0.00110258 -0.0450306 -5.28923e-05 0.000734368 -0.0450306 -0.000209239 0.000345034 -0.0450306 -0.00030111 -5.42268e-05 -0.0450306 -0.000325861 -0.000451927 -0.0450306 -0.000282781 -0.00151386 -0.0450626 0.000550122 -0.00174252 -0.0450626 0.00082728 -0.00192105 -0.0450626 0.0011391 -0.00204432 -0.0450626 0.0014766 -0.00210878 -0.0450626 0.00183008 -0.00211257 -0.0450626 0.00218937 -0.00205559 -0.0450626 0.00254413 -0.00193947 -0.0450626 0.00288416 -0.00176756 -0.0450626 0.00319968 -0.00154479 -0.0450626 0.0034816 -0.00127759 -0.0450626 0.00372182 -0.000973631 -0.0450626 0.00391343 -0.000641664 -0.0450626 0.00405091 -0.000291237 -0.0450626 0.00413031 6.75684e-05 -0.0450626 0.00414935 0.00042443 -0.0450626 0.00410747 0.000769081 -0.0450626 0.00400589 0.00109161 -0.0450626 0.00384752 0.00138273 -0.0450626 0.00363692 0.00163407 -0.0450626 0.00338016 0.00183841 -0.0450626 0.0030846 0.00198986 -0.0450626 0.00275877 0.00208406 -0.0450626 0.00241203 0.00211831 -0.0450626 0.00205436 0.00209161 -0.0450626 0.00169604 0.00200475 -0.0450626 0.00134739 0.00186021 -0.0450626 0.00101843 0.00166216 -0.0450626 0.000718631 0.00141629 -0.0450626 0.000456616 0.00112968 -0.0450626 0.000239922 0.000810567 -0.0450626 7.47822e-05 0.000468137 -0.0450626 -3.40515e-05 0.000112239 -0.0450626 -8.34487e-05 -0.000982616 -0.0450733 0.000253423 -0.00126659 -0.0450733 0.000443101 -0.00151479 -0.0450733 0.000677662 -0.00172021 -0.0450733 0.000950485 -0.00187705 -0.0450733 0.00125387 -0.00198086 -0.0450733 0.00157924 -0.00202871 -0.0450733 0.00191741 -0.00201924 -0.0450733 0.00225883 -0.00195272 -0.0450733 0.00259385 -0.00183102 -0.0450733 0.00291301 -0.00165758 -0.0450733 0.00320727 -0.00143729 -0.0450733 0.00346833 -0.00117637 -0.0450733 0.00368881 -0.000882202 -0.0450733 0.00386246 -0.000563094 -0.0450733 0.00398439 -0.000228065 -0.0450733 0.00405113 0.000113417 -0.0450733 0.00406081 0.000451699 -0.0450733 0.00401314 0.000777218 -0.0450733 0.00390947 0.00108077 -0.0450733 0.00375273 0.00135378 -0.0450733 0.00354735 0.00158852 -0.0450733 0.00329913 0.00177836 -0.0450733 0.00301508 0.00191793 -0.0450733 0.00270325 0.00200328 -0.0450733 0.00237244 0.002032 -0.0450733 0.002032 0.00200115 -0.0450733 0.00167929 0.00190954 -0.0450733 0.00133728 0.00175994 -0.0450733 0.00101634 0.00155688 -0.0450733 0.000726229 0.00130651 -0.0450733 0.000475746 0.0010164 -0.0450733 0.000272511 0.000695349 -0.0450733 0.000122716 0.000353088 -0.0450733 3.0938e-05 -0.00481464 -0.0558971 0.00254 -0.00420534 -0.0556467 0.00254 -0.00420534 -0.0556467 0 -0.00664424 -0.0566441 0.00254 -0.00603409 -0.0563958 0.00254 -0.00609289 -0.0564204 1.65129e-18 -0.00542422 -0.0561468 0.00254 -0.00483434 -0.0559051 9.04016e-19 -0.00546354 -0.0561629 1.1303e-18 -0.00798373 -0.0571861 2.49581e-18 -0.00847716 -0.057383 0.00254 -0.00786551 -0.0571384 0.00254 -0.00672269 -0.0566768 2.09285e-18 -0.00735291 -0.0569322 2.47433e-18 -0.00725472 -0.0568916 0.00254 -0.00970269 -0.0578666 0.00254 -0.00988047 -0.0579372 2.69486e-18 -0.0103167 -0.0581051 0.00254 -0.00908948 -0.057626 0.00254 -0.00861514 -0.0574387 2.18487e-18 -0.00924736 -0.0576891 2.27589e-18 -0.0115483 -0.0585728 0.00254 -0.0111501 -0.0584243 3.42951e-18 -0.0117871 -0.0586624 3.64884e-18 -0.010932 -0.0583404 0.00254 -0.0105147 -0.0581824 3.08365e-18 -0.0137085 -0.0593484 4.53524e-18 -0.0134074 -0.0592435 0.00254 -0.0130661 -0.0591252 4.15617e-18 -0.0124258 -0.0588961 3.82707e-18 -0.0127859 -0.0590251 0.00254 -0.0121664 -0.0588009 0.00254 -0.0150003 -0.0597739 5.12266e-18 -0.0152846 -0.0598611 0.00254 -0.0146566 -0.0596622 0.00254 -0.0143531 -0.0595653 4.87256e-18 -0.0140308 -0.0594566 0.00254 -0.0163035 -0.0601625 5.17519e-18 -0.0165497 -0.0602284 0.00254 -0.0159158 -0.0600494 0.00254 -0.0156502 -0.0599742 5.14931e-18 -0.0176214 -0.0604987 5.64794e-18 -0.017829 -0.0605428 0.00254 -0.0171876 -0.0603923 0.00254 -0.0169603 -0.0603398 5.37082e-18 -0.0189574 -0.0607554 6.34803e-18 -0.0191256 -0.0607765 0.00254 -0.0184752 -0.0606698 0.00254 -0.0182871 -0.0606427 6.00599e-18 -0.0203131 -0.0608762 6.8666e-18 -0.0204395 -0.0608739 0.00254 -0.0197804 -0.0608422 0.00254 -0.0196355 -0.0608456 6.58088e-18 -0.0216633 -0.0607361 7.72475e-18 -0.0210933 -0.0608278 0.00254 -0.0209979 -0.0608491 7.302e-18 -0.0217451 -0.0607187 0.00254 -0.0223095 -0.06052 7.96283e-18 -0.0229239 -0.0602373 8.43678e-18 -0.0223645 -0.0605116 0.00254 -0.0235052 -0.0598913 9.18719e-18 -0.0229616 -0.0602182 0.00254 -0.0235231 -0.0598796 0.00254 -0.0240536 -0.059482 1.02141e-17 -0.0240536 -0.059482 0.00254 -0.0259589 -0.0597637 0 -0.0260846 -0.0599646 0 -0.0259589 -0.0597637 0.00254 -0.0260846 -0.0599646 0.00254 -0.0261738 -0.0601841 0 -0.0262238 -0.0604157 0 -0.0261738 -0.0601841 0.00254 -0.0262333 -0.0606525 0 -0.0262238 -0.0604157 0.00254 -0.0262333 -0.0606525 0.00254 -0.0262018 -0.0608874 0 -0.0261304 -0.0611133 0 -0.0262018 -0.0608874 0.00254 -0.0260212 -0.0613236 0 -0.0261304 -0.0611133 0.00254 -0.0260212 -0.0613236 0.00254 -0.0258773 -0.0615119 0 -0.0257032 -0.0616727 0 -0.0258773 -0.0615119 0.00254 -0.0257032 -0.0616727 0.00254 -0.0258005 -0.0595874 0.00254 -0.0256142 -0.059441 0.00254 -0.0258005 -0.0595874 0 -0.0256142 -0.059441 0 -0.0254054 -0.0593289 0.00254 -0.0251805 -0.0592544 0.00254 -0.0254054 -0.0593289 0 -0.0249461 -0.0592198 0.00254 -0.0251805 -0.0592544 0 -0.0249461 -0.0592198 0 -0.0247092 -0.059226 0.00254 -0.0244769 -0.0592729 0.00254 -0.0247092 -0.059226 0 -0.0242562 -0.0593591 0.00254 -0.0244769 -0.0592729 0 -0.0242562 -0.0593591 0 -0.0240536 -0.059482 0.00254 -0.0240536 -0.059482 1.02141e-17 -0.0138094 -0.061428 0 -0.0137124 -0.0613954 0.00254 -0.0146064 -0.0617108 0.00254 -0.0155041 -0.0620046 0.00254 -0.0146961 -0.0617421 0 -0.016406 -0.0622657 0.00254 -0.0155869 -0.0620282 0 -0.0164815 -0.0622868 0 -0.017312 -0.062492 0.00254 -0.0182228 -0.0626708 0.00254 -0.0173804 -0.062506 0 -0.0191383 -0.0628017 0.00254 -0.0182838 -0.0626818 0 -0.019192 -0.0628066 0 -0.0200589 -0.0628701 0.00254 -0.0209848 -0.0628774 0.00254 -0.0201052 -0.0628726 0 -0.0219163 -0.0628075 0.00254 -0.0210236 -0.0628755 0 -0.0219475 -0.0628044 0 -0.0228536 -0.0626633 0.00254 -0.0237971 -0.0624271 0.00254 -0.0228772 -0.0626581 0 -0.024747 -0.0620969 0.00254 -0.0238129 -0.0624226 0 -0.0247549 -0.0620942 0 -0.0257032 -0.0616727 0.00254 -0.0257032 -0.0616727 0 -0.0129259 -0.0611024 0 -0.012822 -0.0610623 0.00254 -0.0120459 -0.0607618 0 -0.0111687 -0.0604224 0 -0.0119349 -0.0607205 0.00254 -0.0102945 -0.0600826 0 -0.0110508 -0.060376 0.00254 -0.0101695 -0.0600359 0.00254 -0.00942265 -0.0597566 0 -0.00855319 -0.0594453 0 -0.0092907 -0.0597083 0.00254 -0.00768568 -0.0591598 0 -0.00841424 -0.0593977 0.00254 -0.00753973 -0.0591149 0.00254 -0.00682 -0.0589043 0 -0.00595584 -0.0586865 0 -0.00666708 -0.058862 0.00254 -0.00509294 -0.0585143 0 -0.00579583 -0.0586521 0.00254 -0.00492598 -0.0584847 0.00254 -0.00423115 -0.0583914 0 -0.00337003 -0.0583299 0 -0.00405697 -0.0583758 0.00254 -0.00322863 -0.0583229 0.00200015 -0.00317825 -0.0583218 0.00146115 -0.00318891 -0.0583221 0.00254 -0.0028128 -0.0583207 0.000446021 -0.00303794 -0.0583199 0.000938374 -0.00250961 -0.0583292 4.44089e-19 -0.0204395 -0.0608739 0.00254 -0.0191383 -0.0628017 0.00254 -0.0182228 -0.0626708 0.00254 -0.017312 -0.062492 0.00254 -0.0197804 -0.0608422 0.00254 -0.016406 -0.0622657 0.00254 -0.0191256 -0.0607765 0.00254 -0.0184752 -0.0606698 0.00254 -0.0155041 -0.0620046 0.00254 -0.0146064 -0.0617108 0.00254 -0.0171876 -0.0603923 0.00254 -0.017829 -0.0605428 0.00254 -0.0137124 -0.0613954 0.00254 -0.0165497 -0.0602284 0.00254 -0.0119349 -0.0607205 0.00254 -0.0110508 -0.060376 0.00254 -0.0146566 -0.0596622 0.00254 -0.012822 -0.0610623 0.00254 -0.0152846 -0.0598611 0.00254 -0.0159158 -0.0600494 0.00254 -0.0092907 -0.0597083 0.00254 -0.0121664 -0.0588009 0.00254 -0.0127859 -0.0590251 0.00254 -0.0134074 -0.0592435 0.00254 -0.0140308 -0.0594566 0.00254 -0.0101695 -0.0600359 0.00254 -0.00666708 -0.058862 0.00254 -0.0103167 -0.0581051 0.00254 -0.00753973 -0.0591149 0.00254 -0.010932 -0.0583404 0.00254 -0.0115483 -0.0585728 0.00254 -0.00841424 -0.0593977 0.00254 -0.00786551 -0.0571384 0.00254 -0.00405697 -0.0583758 0.00254 -0.00725472 -0.0568916 0.00254 -0.00908948 -0.057626 0.00254 -0.00579583 -0.0586521 0.00254 -0.00847716 -0.057383 0.00254 -0.00603409 -0.0563958 0.00254 -0.00664424 -0.0566441 0.00254 -0.00318891 -0.0583221 0.00254 -0.00318891 -0.0556467 0.00254 -0.00542422 -0.0561468 0.00254 -0.00481464 -0.0558971 0.00254 -0.00420534 -0.0556467 0.00254 -0.0235231 -0.0598796 0.00254 -0.0240536 -0.059482 0.00254 -0.0259589 -0.0597637 0.00254 -0.0262018 -0.0608874 0.00254 -0.0261304 -0.0611133 0.00254 -0.0223645 -0.0605116 0.00254 -0.00492598 -0.0584847 0.00254 -0.00970269 -0.0578666 0.00254 -0.0217451 -0.0607187 0.00254 -0.024747 -0.0620969 0.00254 -0.0210933 -0.0608278 0.00254 -0.0237971 -0.0624271 0.00254 -0.0228536 -0.0626633 0.00254 -0.0219163 -0.0628075 0.00254 -0.0209848 -0.0628774 0.00254 -0.0200589 -0.0628701 0.00254 -0.0257032 -0.0616727 0.00254 -0.0229616 -0.0602182 0.00254 -0.0261738 -0.0601841 0.00254 -0.0262238 -0.0604157 0.00254 -0.0244769 -0.0592729 0.00254 -0.0251805 -0.0592544 0.00254 -0.0254054 -0.0593289 0.00254 -0.0249461 -0.0592198 0.00254 -0.0247092 -0.059226 0.00254 -0.0242562 -0.0593591 0.00254 -0.0256142 -0.059441 0.00254 -0.0258005 -0.0595874 0.00254 -0.0260846 -0.0599646 0.00254 -0.0262333 -0.0606525 0.00254 -0.0260212 -0.0613236 0.00254 -0.0258773 -0.0615119 0.00254 -0.00250961 -0.0556467 0 -0.00483434 -0.0559051 9.04016e-19 -0.00420534 -0.0556467 0 -0.0210236 -0.0628755 0 -0.0219475 -0.0628044 0 -0.0203131 -0.0608762 6.8666e-18 -0.00337003 -0.0583299 0 -0.00735291 -0.0569322 2.47433e-18 -0.00672269 -0.0566768 2.09285e-18 -0.00546354 -0.0561629 1.1303e-18 -0.00988047 -0.0579372 2.69486e-18 -0.00924736 -0.0576891 2.27589e-18 -0.00595584 -0.0586865 0 -0.00798373 -0.0571861 2.49581e-18 -0.00423115 -0.0583914 0 -0.00509294 -0.0585143 0 -0.00855319 -0.0594453 0 -0.0117871 -0.0586624 3.64884e-18 -0.0111501 -0.0584243 3.42951e-18 -0.00682 -0.0589043 0 -0.00768568 -0.0591598 0 -0.0105147 -0.0581824 3.08365e-18 -0.0137085 -0.0593484 4.53524e-18 -0.0102945 -0.0600826 0 -0.0111687 -0.0604224 0 -0.0130661 -0.0591252 4.15617e-18 -0.0124258 -0.0588961 3.82707e-18 -0.00942265 -0.0597566 0 -0.0129259 -0.0611024 0 -0.0156502 -0.0599742 5.14931e-18 -0.0120459 -0.0607618 0 -0.0150003 -0.0597739 5.12266e-18 -0.0138094 -0.061428 0 -0.0176214 -0.0604987 5.64794e-18 -0.0169603 -0.0603398 5.37082e-18 -0.0163035 -0.0601625 5.17519e-18 -0.0155869 -0.0620282 0 -0.0182871 -0.0606427 6.00599e-18 -0.0146961 -0.0617421 0 -0.0189574 -0.0607554 6.34803e-18 -0.0164815 -0.0622868 0 -0.0173804 -0.062506 0 -0.0196355 -0.0608456 6.58088e-18 -0.019192 -0.0628066 0 -0.0182838 -0.0626818 0 -0.0201052 -0.0628726 0 -0.0228772 -0.0626581 0 -0.0238129 -0.0624226 0 -0.0209979 -0.0608491 7.302e-18 -0.0260212 -0.0613236 0 -0.0261304 -0.0611133 0 -0.0223095 -0.06052 7.96283e-18 -0.0216633 -0.0607361 7.72475e-18 -0.0247549 -0.0620942 0 -0.0257032 -0.0616727 0 -0.0262238 -0.0604157 0 -0.0261738 -0.0601841 0 -0.0229239 -0.0602373 8.43678e-18 -0.0262333 -0.0606525 0 -0.0256142 -0.059441 0 -0.0240536 -0.059482 1.02141e-17 -0.0258005 -0.0595874 0 -0.0260846 -0.0599646 0 -0.0235052 -0.0598913 9.18719e-18 -0.0242562 -0.0593591 0 -0.0254054 -0.0593289 0 -0.0244769 -0.0592729 0 -0.0247092 -0.059226 0 -0.0251805 -0.0592544 0 -0.0249461 -0.0592198 0 -0.0259589 -0.0597637 0 -0.0262018 -0.0608874 0 -0.0258773 -0.0615119 0 -0.0143531 -0.0595653 4.87256e-18 -0.00861514 -0.0574387 2.18487e-18 -0.00609289 -0.0564204 1.65129e-18 -0.00250961 -0.0583292 4.44089e-19 -0.00284726 -0.0558971 -0.0018836 -0.00254261 -0.0556467 -0.00135593 -0.000342908 -0.0556467 -0.00262593 -0.00376206 -0.0566441 -0.00346808 -0.00345699 -0.0563958 -0.00293968 -0.00128668 -0.0564204 -0.0042606 -0.00315205 -0.0561468 -0.00241151 -0.000657404 -0.0559051 -0.00317066 -0.000972007 -0.0561629 -0.00371557 -0.0022321 -0.0571861 -0.00589811 -0.00467852 -0.057383 -0.00505543 -0.0043727 -0.0571384 -0.00452573 -0.00160158 -0.0566768 -0.00480602 -0.00191669 -0.0569322 -0.00535181 -0.0040673 -0.0568916 -0.00399677 -0.00529129 -0.0578666 -0.00611678 -0.00318047 -0.0579372 -0.00754074 -0.00559831 -0.0581051 -0.00664855 -0.00498468 -0.057626 -0.00558572 -0.0025478 -0.0574387 -0.00644493 -0.00286392 -0.0576891 -0.00699245 -0.00621411 -0.0585728 -0.00771516 -0.00381531 -0.0584243 -0.0086403 -0.0041338 -0.0586624 -0.00919195 -0.00590594 -0.0583404 -0.00718138 -0.00349758 -0.0581824 -0.00808998 -0.00509451 -0.0593484 -0.0108559 -0.00714365 -0.0592435 -0.00932516 -0.00477331 -0.0591252 -0.0102996 -0.00445313 -0.0588961 -0.00974504 -0.00683288 -0.0590251 -0.0087869 -0.00652313 -0.0588009 -0.00825039 -0.00574039 -0.0597739 -0.0119746 -0.00808225 -0.0598611 -0.0109509 -0.00776824 -0.0596622 -0.010407 -0.00541679 -0.0595653 -0.0114142 -0.00745534 -0.0594566 -0.00986503 -0.00639201 -0.0601625 -0.0131033 -0.00871481 -0.0602284 -0.0120465 -0.00839782 -0.0600494 -0.0114975 -0.00606535 -0.0599742 -0.0125375 -0.00705093 -0.0604987 -0.0142446 -0.00935446 -0.0605428 -0.0131544 -0.00903374 -0.0603923 -0.0125989 -0.0067204 -0.0603398 -0.0136721 -0.00771893 -0.0607554 -0.0154016 -0.0100027 -0.0607765 -0.0142773 -0.00967752 -0.0606698 -0.013714 -0.00738377 -0.0606427 -0.0148211 -0.0083968 -0.0608762 -0.0165757 -0.0106597 -0.0608739 -0.0154151 -0.0103301 -0.0608422 -0.0148443 -0.00805799 -0.0608456 -0.0159889 -0.0090719 -0.0607361 -0.017745 -0.0109866 -0.0608278 -0.0159813 -0.0087392 -0.0608491 -0.0171687 -0.0113125 -0.0607187 -0.0165458 -0.00939499 -0.06052 -0.0183046 -0.00970217 -0.0602373 -0.0188367 -0.0116222 -0.0605116 -0.0170822 -0.00999285 -0.0598913 -0.0193401 -0.0119207 -0.0602182 -0.0175993 -0.0122015 -0.0598796 -0.0180856 -0.010267 -0.059482 -0.019815 -0.0124667 -0.059482 -0.018545 -0.0112197 -0.0597637 -0.0214651 -0.0112825 -0.0599646 -0.0215739 -0.0134194 -0.0597637 -0.0201951 -0.0134822 -0.0599646 -0.0203039 -0.0113271 -0.0601841 -0.0216512 -0.0113522 -0.0604157 -0.0216945 -0.0135268 -0.0601841 -0.0203812 -0.0113569 -0.0606525 -0.0217027 -0.0135519 -0.0604157 -0.0204245 -0.0135566 -0.0606525 -0.0204327 -0.0113412 -0.0608874 -0.0216755 -0.0113054 -0.0611133 -0.0216136 -0.0135409 -0.0608874 -0.0204055 -0.0112508 -0.0613236 -0.021519 -0.0135051 -0.0611133 -0.0203436 -0.0134505 -0.0613236 -0.020249 -0.0111789 -0.0615119 -0.0213944 -0.0110919 -0.0616727 -0.0212437 -0.0133786 -0.0615119 -0.0201244 -0.0132916 -0.0616727 -0.0199737 -0.0133402 -0.0595874 -0.0200579 -0.013247 -0.059441 -0.0198965 -0.0111405 -0.0595874 -0.0213279 -0.0110473 -0.059441 -0.0211665 -0.0131427 -0.0593289 -0.0197157 -0.0130302 -0.0592544 -0.0195209 -0.0109429 -0.0593289 -0.0209857 -0.012913 -0.0592198 -0.0193179 -0.0108305 -0.0592544 -0.0207909 -0.0107133 -0.0592198 -0.0205879 -0.0127945 -0.059226 -0.0191128 -0.0126784 -0.0592729 -0.0189116 -0.0105948 -0.059226 -0.0203828 -0.012568 -0.0593591 -0.0187205 -0.0104787 -0.0592729 -0.0201816 -0.0103683 -0.0593591 -0.0199905 -0.0124667 -0.059482 -0.018545 -0.010267 -0.059482 -0.019815 -0.00514492 -0.061428 -0.0109433 -0.00729613 -0.0613954 -0.00958927 -0.00774313 -0.0617108 -0.0103635 -0.00819199 -0.0620046 -0.0111409 -0.00558831 -0.0617421 -0.0117112 -0.00864293 -0.0622657 -0.011922 -0.00603366 -0.0620282 -0.0124826 -0.00648096 -0.0622868 -0.0132574 -0.00909597 -0.062492 -0.0127067 -0.00955134 -0.0626708 -0.0134954 -0.00693043 -0.062506 -0.0140359 -0.0100091 -0.0628017 -0.0142882 -0.00738214 -0.0626818 -0.0148182 -0.00783622 -0.0628066 -0.0156047 -0.0104694 -0.0628701 -0.0150855 -0.0109323 -0.0628774 -0.0158873 -0.00829282 -0.0628726 -0.0163956 -0.0113981 -0.0628075 -0.0166941 -0.00875202 -0.0628755 -0.0171909 -0.00921401 -0.0628044 -0.0179911 -0.0118667 -0.0626633 -0.0175058 -0.0123385 -0.0624271 -0.0183229 -0.00967881 -0.0626581 -0.0187962 -0.0128134 -0.0620969 -0.0191455 -0.0101467 -0.0624226 -0.0196066 -0.0106177 -0.0620942 -0.0204224 -0.0132916 -0.0616727 -0.0199737 -0.0110919 -0.0616727 -0.0212437 -0.00685093 -0.0610623 -0.00881817 -0.00470319 -0.0611024 -0.0101782 -0.00426318 -0.0607618 -0.00941604 -0.00640737 -0.0607205 -0.00804989 -0.0038246 -0.0604224 -0.0086564 -0.00596533 -0.060376 -0.00728425 -0.00552468 -0.0600359 -0.00652103 -0.00338748 -0.0600826 -0.00789929 -0.00295156 -0.0597566 -0.00714426 -0.00508529 -0.0597083 -0.00575998 -0.00251683 -0.0594453 -0.00639128 -0.00464706 -0.0593977 -0.00500094 -0.0042098 -0.0591149 -0.00424359 -0.00208308 -0.0591598 -0.00564 -0.00165023 -0.0589043 -0.00489029 -0.00377348 -0.058862 -0.00348786 -0.00121816 -0.0586865 -0.00414191 -0.00333785 -0.0586521 -0.00273333 -0.00290293 -0.0584847 -0.00198003 -0.000786706 -0.0585143 -0.00339461 -0.00035581 -0.0583914 -0.00264828 -0.00246843 -0.0583758 -0.00122744 7.4748e-05 -0.0583299 -0.00190253 -0.00158673 -0.0583229 -0.000780004 -0.00109475 -0.0583218 -0.00100588 -0.00203439 -0.0583221 -0.000475673 -3.29023e-05 -0.0583207 -0.00119695 -0.00057186 -0.0583199 -0.00114574 0.000504957 -0.0583292 -0.00115739 -0.0106597 -0.0608739 -0.0154151 -0.0100091 -0.0628017 -0.0142882 -0.00955134 -0.0626708 -0.0134954 -0.00909597 -0.062492 -0.0127067 -0.0103301 -0.0608422 -0.0148443 -0.00864293 -0.0622657 -0.011922 -0.0100027 -0.0607765 -0.0142773 -0.00967752 -0.0606698 -0.013714 -0.00819199 -0.0620046 -0.0111409 -0.00774313 -0.0617108 -0.0103635 -0.00903374 -0.0603923 -0.0125989 -0.00935446 -0.0605428 -0.0131544 -0.00729613 -0.0613954 -0.00958927 -0.00871481 -0.0602284 -0.0120465 -0.00640737 -0.0607205 -0.00804989 -0.00596533 -0.060376 -0.00728425 -0.00776824 -0.0596622 -0.010407 -0.00685093 -0.0610623 -0.00881817 -0.00808225 -0.0598611 -0.0109509 -0.00839782 -0.0600494 -0.0114975 -0.00508529 -0.0597083 -0.00575998 -0.00652313 -0.0588009 -0.00825039 -0.00683288 -0.0590251 -0.0087869 -0.00714365 -0.0592435 -0.00932516 -0.00745534 -0.0594566 -0.00986503 -0.00552468 -0.0600359 -0.00652103 -0.00377348 -0.058862 -0.00348786 -0.00559831 -0.0581051 -0.00664855 -0.0042098 -0.0591149 -0.00424359 -0.00590594 -0.0583404 -0.00718138 -0.00621411 -0.0585728 -0.00771516 -0.00464706 -0.0593977 -0.00500094 -0.0043727 -0.0571384 -0.00452573 -0.00246843 -0.0583758 -0.00122744 -0.0040673 -0.0568916 -0.00399677 -0.00498468 -0.057626 -0.00558572 -0.00333785 -0.0586521 -0.00273333 -0.00467852 -0.057383 -0.00505543 -0.00345699 -0.0563958 -0.00293968 -0.00376206 -0.0566441 -0.00346808 -0.00203439 -0.0583221 -0.000475673 -0.00203439 -0.0556467 -0.000475673 -0.00315205 -0.0561468 -0.00241151 -0.00284726 -0.0558971 -0.0018836 -0.00254261 -0.0556467 -0.00135593 -0.0122015 -0.0598796 -0.0180856 -0.0124667 -0.059482 -0.018545 -0.0134194 -0.0597637 -0.0201951 -0.0135409 -0.0608874 -0.0204055 -0.0135051 -0.0611133 -0.0203436 -0.0116222 -0.0605116 -0.0170822 -0.00290293 -0.0584847 -0.00198003 -0.00529129 -0.0578666 -0.00611678 -0.0113125 -0.0607187 -0.0165458 -0.0128134 -0.0620969 -0.0191455 -0.0109866 -0.0608278 -0.0159813 -0.0123385 -0.0624271 -0.0183229 -0.0118667 -0.0626633 -0.0175058 -0.0113981 -0.0628075 -0.0166941 -0.0109323 -0.0628774 -0.0158873 -0.0104694 -0.0628701 -0.0150855 -0.0132916 -0.0616727 -0.0199737 -0.0119207 -0.0602182 -0.0175993 -0.0135268 -0.0601841 -0.0203812 -0.0135519 -0.0604157 -0.0204245 -0.0126784 -0.0592729 -0.0189116 -0.0130302 -0.0592544 -0.0195209 -0.0131427 -0.0593289 -0.0197157 -0.012913 -0.0592198 -0.0193179 -0.0127945 -0.059226 -0.0191128 -0.012568 -0.0593591 -0.0187205 -0.013247 -0.059441 -0.0198965 -0.0133402 -0.0595874 -0.0200579 -0.0134822 -0.0599646 -0.0203039 -0.0135566 -0.0606525 -0.0204327 -0.0134505 -0.0613236 -0.020249 -0.0133786 -0.0615119 -0.0201244 0.000504957 -0.0556467 -0.00115739 -0.000657404 -0.0559051 -0.00317066 -0.000342908 -0.0556467 -0.00262593 -0.00875202 -0.0628755 -0.0171909 -0.00921401 -0.0628044 -0.0179911 -0.0083968 -0.0608762 -0.0165757 7.4748e-05 -0.0583299 -0.00190253 -0.00191669 -0.0569322 -0.00535181 -0.00160158 -0.0566768 -0.00480602 -0.000972007 -0.0561629 -0.00371557 -0.00318047 -0.0579372 -0.00754074 -0.00286392 -0.0576891 -0.00699245 -0.00121816 -0.0586865 -0.00414191 -0.0022321 -0.0571861 -0.00589811 -0.00035581 -0.0583914 -0.00264828 -0.000786706 -0.0585143 -0.00339461 -0.00251683 -0.0594453 -0.00639128 -0.0041338 -0.0586624 -0.00919195 -0.00381531 -0.0584243 -0.0086403 -0.00165023 -0.0589043 -0.00489029 -0.00208308 -0.0591598 -0.00564 -0.00349758 -0.0581824 -0.00808998 -0.00509451 -0.0593484 -0.0108559 -0.00338748 -0.0600826 -0.00789929 -0.0038246 -0.0604224 -0.0086564 -0.00477331 -0.0591252 -0.0102996 -0.00445313 -0.0588961 -0.00974504 -0.00295156 -0.0597566 -0.00714426 -0.00470319 -0.0611024 -0.0101782 -0.00606535 -0.0599742 -0.0125375 -0.00426318 -0.0607618 -0.00941604 -0.00574039 -0.0597739 -0.0119746 -0.00514492 -0.061428 -0.0109433 -0.00705093 -0.0604987 -0.0142446 -0.0067204 -0.0603398 -0.0136721 -0.00639201 -0.0601625 -0.0131033 -0.00603366 -0.0620282 -0.0124826 -0.00738377 -0.0606427 -0.0148211 -0.00558831 -0.0617421 -0.0117112 -0.00771893 -0.0607554 -0.0154016 -0.00648096 -0.0622868 -0.0132574 -0.00693043 -0.062506 -0.0140359 -0.00805799 -0.0608456 -0.0159889 -0.00783622 -0.0628066 -0.0156047 -0.00738214 -0.0626818 -0.0148182 -0.00829282 -0.0628726 -0.0163956 -0.00967881 -0.0626581 -0.0187962 -0.0101467 -0.0624226 -0.0196066 -0.0087392 -0.0608491 -0.0171687 -0.0112508 -0.0613236 -0.021519 -0.0113054 -0.0611133 -0.0216136 -0.00939499 -0.06052 -0.0183046 -0.0090719 -0.0607361 -0.017745 -0.0106177 -0.0620942 -0.0204224 -0.0110919 -0.0616727 -0.0212437 -0.0113522 -0.0604157 -0.0216945 -0.0113271 -0.0601841 -0.0216512 -0.00970217 -0.0602373 -0.0188367 -0.0113569 -0.0606525 -0.0217027 -0.0110473 -0.059441 -0.0211665 -0.010267 -0.059482 -0.019815 -0.0111405 -0.0595874 -0.0213279 -0.0112825 -0.0599646 -0.0215739 -0.00999285 -0.0598913 -0.0193401 -0.0103683 -0.0593591 -0.0199905 -0.0109429 -0.0593289 -0.0209857 -0.0104787 -0.0592729 -0.0201816 -0.0105948 -0.059226 -0.0203828 -0.0108305 -0.0592544 -0.0207909 -0.0107133 -0.0592198 -0.0205879 -0.0112197 -0.0597637 -0.0214651 -0.0113412 -0.0608874 -0.0216755 -0.0111789 -0.0615119 -0.0213944 -0.00541679 -0.0595653 -0.0114142 -0.0025478 -0.0574387 -0.00644493 -0.00128668 -0.0564204 -0.0042606 0.000504957 -0.0583292 -0.00115739 0.00196738 -0.0558971 -0.0023916 0.00166273 -0.0556467 -0.00186393 0.00386243 -0.0556467 -0.000593933 0.00288218 -0.0566441 -0.00397608 0.0025771 -0.0563958 -0.00344768 0.00480621 -0.0564204 -0.0022286 0.00227217 -0.0561468 -0.00291951 0.00417693 -0.0559051 -0.00113866 0.00449153 -0.0561629 -0.00168357 0.00575163 -0.0571861 -0.00386611 0.00379864 -0.057383 -0.00556343 0.00349281 -0.0571384 -0.00503373 0.00512111 -0.0566768 -0.00277402 0.00543622 -0.0569322 -0.00331981 0.00318742 -0.0568916 -0.00450477 0.00441141 -0.0578666 -0.00662478 0.0067 -0.0579372 -0.00550874 0.00471842 -0.0581051 -0.00715655 0.0041048 -0.057626 -0.00609372 0.00606733 -0.0574387 -0.00441293 0.00638344 -0.0576891 -0.00496045 0.00533423 -0.0585728 -0.00822316 0.00733483 -0.0584243 -0.0066083 0.00765333 -0.0586624 -0.00715995 0.00502605 -0.0583404 -0.00768938 0.0070171 -0.0581824 -0.00605798 0.00861404 -0.0593484 -0.00882395 0.00626377 -0.0592435 -0.00983316 0.00829284 -0.0591252 -0.00826761 0.00797265 -0.0588961 -0.00771304 0.005953 -0.0590251 -0.0092949 0.00564324 -0.0588009 -0.00875839 0.00925992 -0.0597739 -0.00994265 0.00720237 -0.0598611 -0.0114589 0.00688836 -0.0596622 -0.010915 0.00893632 -0.0595653 -0.00938215 0.00657546 -0.0594566 -0.010373 0.00991154 -0.0601625 -0.0110713 0.00783492 -0.0602284 -0.0125545 0.00751794 -0.0600494 -0.0120055 0.00958488 -0.0599742 -0.0105055 0.0105705 -0.0604987 -0.0122126 0.00847458 -0.0605428 -0.0136624 0.00815386 -0.0603923 -0.0131069 0.0102399 -0.0603398 -0.0116401 0.0112385 -0.0607554 -0.0133696 0.00912286 -0.0607765 -0.0147853 0.00879764 -0.0606698 -0.014222 0.0109033 -0.0606427 -0.0127891 0.0119163 -0.0608762 -0.0145437 0.00977979 -0.0608739 -0.0159231 0.00945024 -0.0608422 -0.0153523 0.0115775 -0.0608456 -0.0139569 0.0125914 -0.0607361 -0.015713 0.0101067 -0.0608278 -0.0164893 0.0122587 -0.0608491 -0.0151367 0.0104326 -0.0607187 -0.0170538 0.0129145 -0.06052 -0.0162726 0.0132217 -0.0602373 -0.0168047 0.0107423 -0.0605116 -0.0175902 0.0135124 -0.0598913 -0.0173081 0.0110408 -0.0602182 -0.0181073 0.0113216 -0.0598796 -0.0185936 0.0137866 -0.059482 -0.017783 0.0115868 -0.059482 -0.019053 0.0147392 -0.0597637 -0.0194331 0.0148021 -0.0599646 -0.0195419 0.0125395 -0.0597637 -0.0207031 0.0126023 -0.0599646 -0.0208119 0.0148467 -0.0601841 -0.0196192 0.0148717 -0.0604157 -0.0196625 0.0126469 -0.0601841 -0.0208892 0.0148764 -0.0606525 -0.0196707 0.012672 -0.0604157 -0.0209325 0.0126767 -0.0606525 -0.0209407 0.0148607 -0.0608874 -0.0196435 0.014825 -0.0611133 -0.0195816 0.012661 -0.0608874 -0.0209135 0.0147703 -0.0613236 -0.019487 0.0126253 -0.0611133 -0.0208516 0.0125706 -0.0613236 -0.020757 0.0146984 -0.0615119 -0.0193624 0.0146114 -0.0616727 -0.0192117 0.0124987 -0.0615119 -0.0206324 0.0124117 -0.0616727 -0.0204817 0.0124603 -0.0595874 -0.0205659 0.0123672 -0.059441 -0.0204045 0.01466 -0.0595874 -0.0192959 0.0145669 -0.059441 -0.0191345 0.0122628 -0.0593289 -0.0202237 0.0121503 -0.0592544 -0.0200289 0.0144625 -0.0593289 -0.0189537 0.0120331 -0.0592198 -0.0198259 0.01435 -0.0592544 -0.0187589 0.0142328 -0.0592198 -0.0185559 0.0119146 -0.059226 -0.0196208 0.0117985 -0.0592729 -0.0194196 0.0141144 -0.059226 -0.0183508 0.0116881 -0.0593591 -0.0192285 0.0139982 -0.0592729 -0.0181496 0.0138878 -0.0593591 -0.0179585 0.0115868 -0.059482 -0.019053 0.0137866 -0.059482 -0.017783 0.00866445 -0.061428 -0.00891126 0.00641625 -0.0613954 -0.0100973 0.00686325 -0.0617108 -0.0108715 0.00731211 -0.0620046 -0.0116489 0.00910784 -0.0617421 -0.00967924 0.00776304 -0.0622657 -0.01243 0.00955319 -0.0620282 -0.0104506 0.0100005 -0.0622868 -0.0112254 0.00821608 -0.062492 -0.0132147 0.00867146 -0.0626708 -0.0140034 0.01045 -0.062506 -0.0120039 0.00912919 -0.0628017 -0.0147962 0.0109017 -0.0626818 -0.0127862 0.0113557 -0.0628066 -0.0135727 0.00958952 -0.0628701 -0.0155935 0.0100524 -0.0628774 -0.0163953 0.0118123 -0.0628726 -0.0143636 0.0105182 -0.0628075 -0.0172021 0.0122715 -0.0628755 -0.0151589 0.0127335 -0.0628044 -0.0159591 0.0109868 -0.0626633 -0.0180138 0.0114586 -0.0624271 -0.0188309 0.0131983 -0.0626581 -0.0167642 0.0119336 -0.0620969 -0.0196535 0.0136662 -0.0624226 -0.0175746 0.0141372 -0.0620942 -0.0183904 0.0124117 -0.0616727 -0.0204817 0.0146114 -0.0616727 -0.0192117 0.00822271 -0.0611024 -0.00814616 0.00597105 -0.0610623 -0.00932617 0.00778271 -0.0607618 -0.00738404 0.00734413 -0.0604224 -0.0066244 0.00552749 -0.0607205 -0.00855789 0.00690701 -0.0600826 -0.00586729 0.00508545 -0.060376 -0.00779225 0.0046448 -0.0600359 -0.00702903 0.00647109 -0.0597566 -0.00511226 0.00603636 -0.0594453 -0.00435928 0.00420541 -0.0597083 -0.00626798 0.00560261 -0.0591598 -0.003608 0.00376718 -0.0593977 -0.00550894 0.00332992 -0.0591149 -0.00475159 0.00516976 -0.0589043 -0.00285829 0.00473768 -0.0586865 -0.00210991 0.0028936 -0.058862 -0.00399586 0.00430623 -0.0585143 -0.00136262 0.00245797 -0.0586521 -0.00324133 0.00202305 -0.0584847 -0.00248803 0.00387534 -0.0583914 -0.00061628 0.00344478 -0.0583299 0.000129467 0.00158854 -0.0583758 -0.00173544 0.0016419 -0.0583229 -0.000748151 0.0020835 -0.0583218 -0.000435023 0.00115451 -0.0583221 -0.000983673 0.0027799 -0.0583207 0.000389033 0.00246608 -0.0583199 -5.21173e-05 0.00301457 -0.0583292 0.000874612 0.00977979 -0.0608739 -0.0159231 0.00912919 -0.0628017 -0.0147962 0.00867146 -0.0626708 -0.0140034 0.00821608 -0.062492 -0.0132147 0.00945024 -0.0608422 -0.0153523 0.00776304 -0.0622657 -0.01243 0.00912286 -0.0607765 -0.0147853 0.00879764 -0.0606698 -0.014222 0.00731211 -0.0620046 -0.0116489 0.00686325 -0.0617108 -0.0108715 0.00815386 -0.0603923 -0.0131069 0.00847458 -0.0605428 -0.0136624 0.00641625 -0.0613954 -0.0100973 0.00783492 -0.0602284 -0.0125545 0.00552749 -0.0607205 -0.00855789 0.00508545 -0.060376 -0.00779225 0.00688836 -0.0596622 -0.010915 0.00597105 -0.0610623 -0.00932617 0.00720237 -0.0598611 -0.0114589 0.00751794 -0.0600494 -0.0120055 0.00420541 -0.0597083 -0.00626798 0.00564324 -0.0588009 -0.00875839 0.005953 -0.0590251 -0.0092949 0.00626377 -0.0592435 -0.00983316 0.00657546 -0.0594566 -0.010373 0.0046448 -0.0600359 -0.00702903 0.0028936 -0.058862 -0.00399586 0.00471842 -0.0581051 -0.00715655 0.00332992 -0.0591149 -0.00475159 0.00502605 -0.0583404 -0.00768938 0.00533423 -0.0585728 -0.00822316 0.00376718 -0.0593977 -0.00550894 0.00349281 -0.0571384 -0.00503373 0.00158854 -0.0583758 -0.00173544 0.00318742 -0.0568916 -0.00450477 0.0041048 -0.057626 -0.00609372 0.00245797 -0.0586521 -0.00324133 0.00379864 -0.057383 -0.00556343 0.0025771 -0.0563958 -0.00344768 0.00288218 -0.0566441 -0.00397608 0.00115451 -0.0583221 -0.000983673 0.00115451 -0.0556467 -0.000983673 0.00227217 -0.0561468 -0.00291951 0.00196738 -0.0558971 -0.0023916 0.00166273 -0.0556467 -0.00186393 0.0113216 -0.0598796 -0.0185936 0.0115868 -0.059482 -0.019053 0.0125395 -0.0597637 -0.0207031 0.012661 -0.0608874 -0.0209135 0.0126253 -0.0611133 -0.0208516 0.0107423 -0.0605116 -0.0175902 0.00202305 -0.0584847 -0.00248803 0.00441141 -0.0578666 -0.00662478 0.0104326 -0.0607187 -0.0170538 0.0119336 -0.0620969 -0.0196535 0.0101067 -0.0608278 -0.0164893 0.0114586 -0.0624271 -0.0188309 0.0109868 -0.0626633 -0.0180138 0.0105182 -0.0628075 -0.0172021 0.0100524 -0.0628774 -0.0163953 0.00958952 -0.0628701 -0.0155935 0.0124117 -0.0616727 -0.0204817 0.0110408 -0.0602182 -0.0181073 0.0126469 -0.0601841 -0.0208892 0.012672 -0.0604157 -0.0209325 0.0117985 -0.0592729 -0.0194196 0.0121503 -0.0592544 -0.0200289 0.0122628 -0.0593289 -0.0202237 0.0120331 -0.0592198 -0.0198259 0.0119146 -0.059226 -0.0196208 0.0116881 -0.0593591 -0.0192285 0.0123672 -0.059441 -0.0204045 0.0124603 -0.0595874 -0.0205659 0.0126023 -0.0599646 -0.0208119 0.0126767 -0.0606525 -0.0209407 0.0125706 -0.0613236 -0.020757 0.0124987 -0.0615119 -0.0206324 0.00301457 -0.0556467 0.000874612 0.00417693 -0.0559051 -0.00113866 0.00386243 -0.0556467 -0.000593933 0.0122715 -0.0628755 -0.0151589 0.0127335 -0.0628044 -0.0159591 0.0119163 -0.0608762 -0.0145437 0.00344478 -0.0583299 0.000129467 0.00543622 -0.0569322 -0.00331981 0.00512111 -0.0566768 -0.00277402 0.00449153 -0.0561629 -0.00168357 0.0067 -0.0579372 -0.00550874 0.00638344 -0.0576891 -0.00496045 0.00473768 -0.0586865 -0.00210991 0.00575163 -0.0571861 -0.00386611 0.00387534 -0.0583914 -0.00061628 0.00430623 -0.0585143 -0.00136262 0.00603636 -0.0594453 -0.00435928 0.00765333 -0.0586624 -0.00715995 0.00733483 -0.0584243 -0.0066083 0.00516976 -0.0589043 -0.00285829 0.00560261 -0.0591598 -0.003608 0.0070171 -0.0581824 -0.00605798 0.00861404 -0.0593484 -0.00882395 0.00690701 -0.0600826 -0.00586729 0.00734413 -0.0604224 -0.0066244 0.00829284 -0.0591252 -0.00826761 0.00797265 -0.0588961 -0.00771304 0.00647109 -0.0597566 -0.00511226 0.00822271 -0.0611024 -0.00814616 0.00958488 -0.0599742 -0.0105055 0.00778271 -0.0607618 -0.00738404 0.00925992 -0.0597739 -0.00994265 0.00866445 -0.061428 -0.00891126 0.0105705 -0.0604987 -0.0122126 0.0102399 -0.0603398 -0.0116401 0.00991154 -0.0601625 -0.0110713 0.00955319 -0.0620282 -0.0104506 0.0109033 -0.0606427 -0.0127891 0.00910784 -0.0617421 -0.00967924 0.0112385 -0.0607554 -0.0133696 0.0100005 -0.0622868 -0.0112254 0.01045 -0.062506 -0.0120039 0.0115775 -0.0608456 -0.0139569 0.0113557 -0.0628066 -0.0135727 0.0109017 -0.0626818 -0.0127862 0.0118123 -0.0628726 -0.0143636 0.0131983 -0.0626581 -0.0167642 0.0136662 -0.0624226 -0.0175746 0.0122587 -0.0608491 -0.0151367 0.0147703 -0.0613236 -0.019487 0.014825 -0.0611133 -0.0195816 0.0129145 -0.06052 -0.0162726 0.0125914 -0.0607361 -0.015713 0.0141372 -0.0620942 -0.0183904 0.0146114 -0.0616727 -0.0192117 0.0148717 -0.0604157 -0.0196625 0.0148467 -0.0601841 -0.0196192 0.0132217 -0.0602373 -0.0168047 0.0148764 -0.0606525 -0.0196707 0.0145669 -0.059441 -0.0191345 0.0137866 -0.059482 -0.017783 0.01466 -0.0595874 -0.0192959 0.0148021 -0.0599646 -0.0195419 0.0135124 -0.0598913 -0.0173081 0.0138878 -0.0593591 -0.0179585 0.0144625 -0.0593289 -0.0189537 0.0139982 -0.0592729 -0.0181496 0.0141144 -0.059226 -0.0183508 0.01435 -0.0592544 -0.0187589 0.0142328 -0.0592198 -0.0185559 0.0147392 -0.0597637 -0.0194331 0.0148607 -0.0608874 -0.0196435 0.0146984 -0.0615119 -0.0193624 0.00893632 -0.0595653 -0.00938215 0.00606733 -0.0574387 -0.00441293 0.00480621 -0.0564204 -0.0022286 0.00301457 -0.0583292 0.000874612 0.00481464 -0.0558971 0.001524 0.00420534 -0.0556467 0.001524 0.00420534 -0.0556467 0.004064 0.00664424 -0.0566441 0.001524 0.00603409 -0.0563958 0.001524 0.00609289 -0.0564204 0.004064 0.00542422 -0.0561468 0.001524 0.00483434 -0.0559051 0.004064 0.00546354 -0.0561629 0.004064 0.00798373 -0.0571861 0.004064 0.00847716 -0.057383 0.001524 0.00786551 -0.0571384 0.001524 0.00672269 -0.0566768 0.004064 0.00735291 -0.0569322 0.004064 0.00725472 -0.0568916 0.001524 0.00970269 -0.0578666 0.001524 0.00988047 -0.0579372 0.004064 0.0103167 -0.0581051 0.001524 0.00908948 -0.057626 0.001524 0.00861514 -0.0574387 0.004064 0.00924736 -0.0576891 0.004064 0.0115483 -0.0585728 0.001524 0.0111501 -0.0584243 0.004064 0.0117871 -0.0586624 0.004064 0.010932 -0.0583404 0.001524 0.0105147 -0.0581824 0.004064 0.0137085 -0.0593484 0.004064 0.0134074 -0.0592435 0.001524 0.0130661 -0.0591252 0.004064 0.0124258 -0.0588961 0.004064 0.0127859 -0.0590251 0.001524 0.0121664 -0.0588009 0.001524 0.0150003 -0.0597739 0.004064 0.0152846 -0.0598611 0.001524 0.0146566 -0.0596622 0.001524 0.0143531 -0.0595653 0.004064 0.0140308 -0.0594566 0.001524 0.0163035 -0.0601625 0.004064 0.0165497 -0.0602284 0.001524 0.0159158 -0.0600494 0.001524 0.0156502 -0.0599742 0.004064 0.0176214 -0.0604987 0.004064 0.017829 -0.0605428 0.001524 0.0171876 -0.0603923 0.001524 0.0169603 -0.0603398 0.004064 0.0189574 -0.0607554 0.004064 0.0191256 -0.0607765 0.001524 0.0184752 -0.0606698 0.001524 0.0182871 -0.0606427 0.004064 0.0203131 -0.0608762 0.004064 0.0204395 -0.0608739 0.001524 0.0197804 -0.0608422 0.001524 0.0196355 -0.0608456 0.004064 0.0216633 -0.0607361 0.004064 0.0210933 -0.0608278 0.001524 0.0209979 -0.0608491 0.004064 0.0217451 -0.0607187 0.001524 0.0223095 -0.06052 0.004064 0.0229239 -0.0602373 0.004064 0.0223645 -0.0605116 0.001524 0.0235052 -0.0598913 0.004064 0.0229616 -0.0602182 0.001524 0.0235231 -0.0598796 0.001524 0.0240536 -0.059482 0.004064 0.0240536 -0.059482 0.001524 0.0259589 -0.0597637 0.004064 0.0260846 -0.0599646 0.004064 0.0259589 -0.0597637 0.001524 0.0260846 -0.0599646 0.001524 0.0261738 -0.0601841 0.004064 0.0262238 -0.0604157 0.004064 0.0261738 -0.0601841 0.001524 0.0262333 -0.0606525 0.004064 0.0262238 -0.0604157 0.001524 0.0262333 -0.0606525 0.001524 0.0262018 -0.0608874 0.004064 0.0261304 -0.0611133 0.004064 0.0262018 -0.0608874 0.001524 0.0260212 -0.0613236 0.004064 0.0261304 -0.0611133 0.001524 0.0260212 -0.0613236 0.001524 0.0258773 -0.0615119 0.004064 0.0257032 -0.0616727 0.004064 0.0258773 -0.0615119 0.001524 0.0257032 -0.0616727 0.001524 0.0258005 -0.0595874 0.001524 0.0256142 -0.059441 0.001524 0.0258005 -0.0595874 0.004064 0.0256142 -0.059441 0.004064 0.0254054 -0.0593289 0.001524 0.0251805 -0.0592544 0.001524 0.0254054 -0.0593289 0.004064 0.0249461 -0.0592198 0.001524 0.0251805 -0.0592544 0.004064 0.0249461 -0.0592198 0.004064 0.0247092 -0.059226 0.001524 0.0244769 -0.0592729 0.001524 0.0247092 -0.059226 0.004064 0.0242562 -0.0593591 0.001524 0.0244769 -0.0592729 0.004064 0.0242562 -0.0593591 0.004064 0.0240536 -0.059482 0.001524 0.0240536 -0.059482 0.004064 0.0138094 -0.061428 0.004064 0.0137124 -0.0613954 0.001524 0.0146064 -0.0617108 0.001524 0.0155041 -0.0620046 0.001524 0.0146961 -0.0617421 0.004064 0.016406 -0.0622657 0.001524 0.0155869 -0.0620282 0.004064 0.0164815 -0.0622868 0.004064 0.017312 -0.062492 0.001524 0.0182228 -0.0626708 0.001524 0.0173804 -0.062506 0.004064 0.0191383 -0.0628017 0.001524 0.0182838 -0.0626818 0.004064 0.019192 -0.0628066 0.004064 0.0200589 -0.0628701 0.001524 0.0209848 -0.0628774 0.001524 0.0201052 -0.0628726 0.004064 0.0219163 -0.0628075 0.001524 0.0210236 -0.0628755 0.004064 0.0219475 -0.0628044 0.004064 0.0228536 -0.0626633 0.001524 0.0237971 -0.0624271 0.001524 0.0228772 -0.0626581 0.004064 0.024747 -0.0620969 0.001524 0.0238129 -0.0624226 0.004064 0.0247549 -0.0620942 0.004064 0.0257032 -0.0616727 0.001524 0.0257032 -0.0616727 0.004064 0.0129259 -0.0611024 0.004064 0.012822 -0.0610623 0.001524 0.0120459 -0.0607618 0.004064 0.0111687 -0.0604224 0.004064 0.0119349 -0.0607205 0.001524 0.0102945 -0.0600826 0.004064 0.0110508 -0.060376 0.001524 0.0101695 -0.0600359 0.001524 0.00942265 -0.0597566 0.004064 0.00855319 -0.0594453 0.004064 0.0092907 -0.0597083 0.001524 0.00768568 -0.0591598 0.004064 0.00841424 -0.0593977 0.001524 0.00753973 -0.0591149 0.001524 0.00682 -0.0589043 0.004064 0.00595584 -0.0586865 0.004064 0.00666708 -0.058862 0.001524 0.00509294 -0.0585143 0.004064 0.00579583 -0.0586521 0.001524 0.00492598 -0.0584847 0.001524 0.00423115 -0.0583914 0.004064 0.00337003 -0.0583299 0.004064 0.00405697 -0.0583758 0.001524 0.00322911 -0.058323 0.002032 0.00318891 -0.0583221 0.001524 0.00318236 -0.0583219 0.00257948 0.00281668 -0.0583206 0.00361108 0.0030433 -0.05832 0.00311063 0.00250961 -0.0583292 0.004064 0.0204395 -0.0608739 0.001524 0.0191383 -0.0628017 0.001524 0.0182228 -0.0626708 0.001524 0.017312 -0.062492 0.001524 0.0197804 -0.0608422 0.001524 0.016406 -0.0622657 0.001524 0.0191256 -0.0607765 0.001524 0.0184752 -0.0606698 0.001524 0.0155041 -0.0620046 0.001524 0.0146064 -0.0617108 0.001524 0.0171876 -0.0603923 0.001524 0.017829 -0.0605428 0.001524 0.0137124 -0.0613954 0.001524 0.0165497 -0.0602284 0.001524 0.0119349 -0.0607205 0.001524 0.0110508 -0.060376 0.001524 0.0146566 -0.0596622 0.001524 0.012822 -0.0610623 0.001524 0.0152846 -0.0598611 0.001524 0.0159158 -0.0600494 0.001524 0.0092907 -0.0597083 0.001524 0.0121664 -0.0588009 0.001524 0.0127859 -0.0590251 0.001524 0.0134074 -0.0592435 0.001524 0.0140308 -0.0594566 0.001524 0.0101695 -0.0600359 0.001524 0.00666708 -0.058862 0.001524 0.0103167 -0.0581051 0.001524 0.00753973 -0.0591149 0.001524 0.010932 -0.0583404 0.001524 0.0115483 -0.0585728 0.001524 0.00841424 -0.0593977 0.001524 0.00786551 -0.0571384 0.001524 0.00405697 -0.0583758 0.001524 0.00725472 -0.0568916 0.001524 0.00908948 -0.057626 0.001524 0.00579583 -0.0586521 0.001524 0.00847716 -0.057383 0.001524 0.00603409 -0.0563958 0.001524 0.00664424 -0.0566441 0.001524 0.00318891 -0.0583221 0.001524 0.00318891 -0.0556467 0.001524 0.00542422 -0.0561468 0.001524 0.00481464 -0.0558971 0.001524 0.00420534 -0.0556467 0.001524 0.0235231 -0.0598796 0.001524 0.0240536 -0.059482 0.001524 0.0259589 -0.0597637 0.001524 0.0262018 -0.0608874 0.001524 0.0261304 -0.0611133 0.001524 0.0223645 -0.0605116 0.001524 0.00492598 -0.0584847 0.001524 0.00970269 -0.0578666 0.001524 0.0217451 -0.0607187 0.001524 0.024747 -0.0620969 0.001524 0.0210933 -0.0608278 0.001524 0.0237971 -0.0624271 0.001524 0.0228536 -0.0626633 0.001524 0.0219163 -0.0628075 0.001524 0.0209848 -0.0628774 0.001524 0.0200589 -0.0628701 0.001524 0.0257032 -0.0616727 0.001524 0.0229616 -0.0602182 0.001524 0.0261738 -0.0601841 0.001524 0.0262238 -0.0604157 0.001524 0.0244769 -0.0592729 0.001524 0.0251805 -0.0592544 0.001524 0.0254054 -0.0593289 0.001524 0.0249461 -0.0592198 0.001524 0.0247092 -0.059226 0.001524 0.0242562 -0.0593591 0.001524 0.0256142 -0.059441 0.001524 0.0258005 -0.0595874 0.001524 0.0260846 -0.0599646 0.001524 0.0262333 -0.0606525 0.001524 0.0260212 -0.0613236 0.001524 0.0258773 -0.0615119 0.001524 0.00250961 -0.0556467 0.004064 0.00483434 -0.0559051 0.004064 0.00420534 -0.0556467 0.004064 0.0210236 -0.0628755 0.004064 0.0219475 -0.0628044 0.004064 0.0203131 -0.0608762 0.004064 0.00337003 -0.0583299 0.004064 0.00735291 -0.0569322 0.004064 0.00672269 -0.0566768 0.004064 0.00546354 -0.0561629 0.004064 0.00988047 -0.0579372 0.004064 0.00924736 -0.0576891 0.004064 0.00595584 -0.0586865 0.004064 0.00798373 -0.0571861 0.004064 0.00423115 -0.0583914 0.004064 0.00509294 -0.0585143 0.004064 0.00855319 -0.0594453 0.004064 0.0117871 -0.0586624 0.004064 0.0111501 -0.0584243 0.004064 0.00682 -0.0589043 0.004064 0.00768568 -0.0591598 0.004064 0.0105147 -0.0581824 0.004064 0.0137085 -0.0593484 0.004064 0.0102945 -0.0600826 0.004064 0.0111687 -0.0604224 0.004064 0.0130661 -0.0591252 0.004064 0.0124258 -0.0588961 0.004064 0.00942265 -0.0597566 0.004064 0.0129259 -0.0611024 0.004064 0.0156502 -0.0599742 0.004064 0.0120459 -0.0607618 0.004064 0.0150003 -0.0597739 0.004064 0.0138094 -0.061428 0.004064 0.0176214 -0.0604987 0.004064 0.0169603 -0.0603398 0.004064 0.0163035 -0.0601625 0.004064 0.0155869 -0.0620282 0.004064 0.0182871 -0.0606427 0.004064 0.0146961 -0.0617421 0.004064 0.0189574 -0.0607554 0.004064 0.0164815 -0.0622868 0.004064 0.0173804 -0.062506 0.004064 0.0196355 -0.0608456 0.004064 0.019192 -0.0628066 0.004064 0.0182838 -0.0626818 0.004064 0.0201052 -0.0628726 0.004064 0.0228772 -0.0626581 0.004064 0.0238129 -0.0624226 0.004064 0.0209979 -0.0608491 0.004064 0.0260212 -0.0613236 0.004064 0.0261304 -0.0611133 0.004064 0.0223095 -0.06052 0.004064 0.0216633 -0.0607361 0.004064 0.0247549 -0.0620942 0.004064 0.0257032 -0.0616727 0.004064 0.0262238 -0.0604157 0.004064 0.0261738 -0.0601841 0.004064 0.0229239 -0.0602373 0.004064 0.0262333 -0.0606525 0.004064 0.0256142 -0.059441 0.004064 0.0240536 -0.059482 0.004064 0.0258005 -0.0595874 0.004064 0.0260846 -0.0599646 0.004064 0.0235052 -0.0598913 0.004064 0.0242562 -0.0593591 0.004064 0.0254054 -0.0593289 0.004064 0.0244769 -0.0592729 0.004064 0.0247092 -0.059226 0.004064 0.0251805 -0.0592544 0.004064 0.0249461 -0.0592198 0.004064 0.0259589 -0.0597637 0.004064 0.0262018 -0.0608874 0.004064 0.0258773 -0.0615119 0.004064 0.0143531 -0.0595653 0.004064 0.00861514 -0.0574387 0.004064 0.00609289 -0.0564204 0.004064 0.00250961 -0.0583292 0.004064 0.00284726 -0.0558971 0.0059476 0.00254261 -0.0556467 0.00541993 0.000342908 -0.0556467 0.00668993 0.00376206 -0.0566441 0.00753208 0.00345699 -0.0563958 0.00700368 0.00128668 -0.0564204 0.0083246 0.00315205 -0.0561468 0.00647551 0.000657404 -0.0559051 0.00723466 0.000972007 -0.0561629 0.00777957 0.0022321 -0.0571861 0.00996211 0.00467852 -0.057383 0.00911943 0.0043727 -0.0571384 0.00858973 0.00160158 -0.0566768 0.00887002 0.00191669 -0.0569322 0.00941581 0.0040673 -0.0568916 0.00806077 0.00529129 -0.0578666 0.0101808 0.00318047 -0.0579372 0.0116047 0.00559831 -0.0581051 0.0107126 0.00498468 -0.057626 0.00964972 0.0025478 -0.0574387 0.0105089 0.00286392 -0.0576891 0.0110565 0.00621411 -0.0585728 0.0117792 0.00381531 -0.0584243 0.0127043 0.0041338 -0.0586624 0.013256 0.00590594 -0.0583404 0.0112454 0.00349758 -0.0581824 0.012154 0.00509451 -0.0593484 0.0149199 0.00714365 -0.0592435 0.0133892 0.00477331 -0.0591252 0.0143636 0.00445313 -0.0588961 0.013809 0.00683288 -0.0590251 0.0128509 0.00652313 -0.0588009 0.0123144 0.00574039 -0.0597739 0.0160386 0.00808225 -0.0598611 0.0150149 0.00776824 -0.0596622 0.014471 0.00541679 -0.0595653 0.0154782 0.00745534 -0.0594566 0.013929 0.00639201 -0.0601625 0.0171673 0.00871481 -0.0602284 0.0161105 0.00839782 -0.0600494 0.0155615 0.00606535 -0.0599742 0.0166015 0.00705093 -0.0604987 0.0183086 0.00935446 -0.0605428 0.0172184 0.00903374 -0.0603923 0.0166629 0.0067204 -0.0603398 0.0177361 0.00771893 -0.0607554 0.0194656 0.0100027 -0.0607765 0.0183413 0.00967752 -0.0606698 0.017778 0.00738377 -0.0606427 0.0188851 0.0083968 -0.0608762 0.0206397 0.0106597 -0.0608739 0.0194791 0.0103301 -0.0608422 0.0189083 0.00805799 -0.0608456 0.0200529 0.0090719 -0.0607361 0.021809 0.0109866 -0.0608278 0.0200453 0.0087392 -0.0608491 0.0212327 0.0113125 -0.0607187 0.0206098 0.00939499 -0.06052 0.0223686 0.00970217 -0.0602373 0.0229007 0.0116222 -0.0605116 0.0211462 0.00999285 -0.0598913 0.0234041 0.0119207 -0.0602182 0.0216633 0.0122015 -0.0598796 0.0221496 0.010267 -0.059482 0.023879 0.0124667 -0.059482 0.022609 0.0112197 -0.0597637 0.0255291 0.0112825 -0.0599646 0.0256379 0.0134194 -0.0597637 0.0242591 0.0134822 -0.0599646 0.0243679 0.0113271 -0.0601841 0.0257152 0.0113522 -0.0604157 0.0257585 0.0135268 -0.0601841 0.0244452 0.0113569 -0.0606525 0.0257667 0.0135519 -0.0604157 0.0244885 0.0135566 -0.0606525 0.0244967 0.0113412 -0.0608874 0.0257395 0.0113054 -0.0611133 0.0256776 0.0135409 -0.0608874 0.0244695 0.0112508 -0.0613236 0.025583 0.0135051 -0.0611133 0.0244076 0.0134505 -0.0613236 0.024313 0.0111789 -0.0615119 0.0254584 0.0110919 -0.0616727 0.0253077 0.0133786 -0.0615119 0.0241884 0.0132916 -0.0616727 0.0240377 0.0133402 -0.0595874 0.0241219 0.013247 -0.059441 0.0239605 0.0111405 -0.0595874 0.0253919 0.0110473 -0.059441 0.0252305 0.0131427 -0.0593289 0.0237797 0.0130302 -0.0592544 0.0235849 0.0109429 -0.0593289 0.0250497 0.012913 -0.0592198 0.0233819 0.0108305 -0.0592544 0.0248549 0.0107133 -0.0592198 0.0246519 0.0127945 -0.059226 0.0231768 0.0126784 -0.0592729 0.0229756 0.0105948 -0.059226 0.0244468 0.012568 -0.0593591 0.0227845 0.0104787 -0.0592729 0.0242456 0.0103683 -0.0593591 0.0240545 0.0124667 -0.059482 0.022609 0.010267 -0.059482 0.023879 0.00514492 -0.061428 0.0150073 0.00729613 -0.0613954 0.0136533 0.00774313 -0.0617108 0.0144275 0.00819199 -0.0620046 0.0152049 0.00558831 -0.0617421 0.0157752 0.00864293 -0.0622657 0.015986 0.00603366 -0.0620282 0.0165466 0.00648096 -0.0622868 0.0173214 0.00909597 -0.062492 0.0167707 0.00955134 -0.0626708 0.0175594 0.00693043 -0.062506 0.0180999 0.0100091 -0.0628017 0.0183522 0.00738214 -0.0626818 0.0188822 0.00783622 -0.0628066 0.0196687 0.0104694 -0.0628701 0.0191495 0.0109323 -0.0628774 0.0199513 0.00829282 -0.0628726 0.0204596 0.0113981 -0.0628075 0.0207581 0.00875202 -0.0628755 0.0212549 0.00921401 -0.0628044 0.0220551 0.0118667 -0.0626633 0.0215698 0.0123385 -0.0624271 0.0223869 0.00967881 -0.0626581 0.0228602 0.0128134 -0.0620969 0.0232095 0.0101467 -0.0624226 0.0236706 0.0106177 -0.0620942 0.0244864 0.0132916 -0.0616727 0.0240377 0.0110919 -0.0616727 0.0253077 0.00685093 -0.0610623 0.0128822 0.00470319 -0.0611024 0.0142422 0.00426318 -0.0607618 0.01348 0.00640737 -0.0607205 0.0121139 0.0038246 -0.0604224 0.0127204 0.00596533 -0.060376 0.0113482 0.00552468 -0.0600359 0.010585 0.00338748 -0.0600826 0.0119633 0.00295156 -0.0597566 0.0112083 0.00508529 -0.0597083 0.00982398 0.00251683 -0.0594453 0.0104553 0.00464706 -0.0593977 0.00906494 0.0042098 -0.0591149 0.00830759 0.00208308 -0.0591598 0.009704 0.00165023 -0.0589043 0.00895429 0.00377348 -0.058862 0.00755186 0.00121816 -0.0586865 0.00820591 0.00333785 -0.0586521 0.00679733 0.00290293 -0.0584847 0.00604403 0.000786706 -0.0585143 0.00745861 0.00035581 -0.0583914 0.00671228 0.00246843 -0.0583758 0.00529144 -7.4748e-05 -0.0583299 0.00596653 0.00158673 -0.0583229 0.004844 0.00109475 -0.0583218 0.00506988 0.00203439 -0.0583221 0.00453967 3.29023e-05 -0.0583207 0.00526095 0.00057186 -0.0583199 0.00520974 -0.000504957 -0.0583292 0.00522139 0.0106597 -0.0608739 0.0194791 0.0100091 -0.0628017 0.0183522 0.00955134 -0.0626708 0.0175594 0.00909597 -0.062492 0.0167707 0.0103301 -0.0608422 0.0189083 0.00864293 -0.0622657 0.015986 0.0100027 -0.0607765 0.0183413 0.00967752 -0.0606698 0.017778 0.00819199 -0.0620046 0.0152049 0.00774313 -0.0617108 0.0144275 0.00903374 -0.0603923 0.0166629 0.00935446 -0.0605428 0.0172184 0.00729613 -0.0613954 0.0136533 0.00871481 -0.0602284 0.0161105 0.00640737 -0.0607205 0.0121139 0.00596533 -0.060376 0.0113482 0.00776824 -0.0596622 0.014471 0.00685093 -0.0610623 0.0128822 0.00808225 -0.0598611 0.0150149 0.00839782 -0.0600494 0.0155615 0.00508529 -0.0597083 0.00982398 0.00652313 -0.0588009 0.0123144 0.00683288 -0.0590251 0.0128509 0.00714365 -0.0592435 0.0133892 0.00745534 -0.0594566 0.013929 0.00552468 -0.0600359 0.010585 0.00377348 -0.058862 0.00755186 0.00559831 -0.0581051 0.0107126 0.0042098 -0.0591149 0.00830759 0.00590594 -0.0583404 0.0112454 0.00621411 -0.0585728 0.0117792 0.00464706 -0.0593977 0.00906494 0.0043727 -0.0571384 0.00858973 0.00246843 -0.0583758 0.00529144 0.0040673 -0.0568916 0.00806077 0.00498468 -0.057626 0.00964972 0.00333785 -0.0586521 0.00679733 0.00467852 -0.057383 0.00911943 0.00345699 -0.0563958 0.00700368 0.00376206 -0.0566441 0.00753208 0.00203439 -0.0583221 0.00453967 0.00203439 -0.0556467 0.00453967 0.00315205 -0.0561468 0.00647551 0.00284726 -0.0558971 0.0059476 0.00254261 -0.0556467 0.00541993 0.0122015 -0.0598796 0.0221496 0.0124667 -0.059482 0.022609 0.0134194 -0.0597637 0.0242591 0.0135409 -0.0608874 0.0244695 0.0135051 -0.0611133 0.0244076 0.0116222 -0.0605116 0.0211462 0.00290293 -0.0584847 0.00604403 0.00529129 -0.0578666 0.0101808 0.0113125 -0.0607187 0.0206098 0.0128134 -0.0620969 0.0232095 0.0109866 -0.0608278 0.0200453 0.0123385 -0.0624271 0.0223869 0.0118667 -0.0626633 0.0215698 0.0113981 -0.0628075 0.0207581 0.0109323 -0.0628774 0.0199513 0.0104694 -0.0628701 0.0191495 0.0132916 -0.0616727 0.0240377 0.0119207 -0.0602182 0.0216633 0.0135268 -0.0601841 0.0244452 0.0135519 -0.0604157 0.0244885 0.0126784 -0.0592729 0.0229756 0.0130302 -0.0592544 0.0235849 0.0131427 -0.0593289 0.0237797 0.012913 -0.0592198 0.0233819 0.0127945 -0.059226 0.0231768 0.012568 -0.0593591 0.0227845 0.013247 -0.059441 0.0239605 0.0133402 -0.0595874 0.0241219 0.0134822 -0.0599646 0.0243679 0.0135566 -0.0606525 0.0244967 0.0134505 -0.0613236 0.024313 0.0133786 -0.0615119 0.0241884 -0.000504957 -0.0556467 0.00522139 0.000657404 -0.0559051 0.00723466 0.000342908 -0.0556467 0.00668993 0.00875202 -0.0628755 0.0212549 0.00921401 -0.0628044 0.0220551 0.0083968 -0.0608762 0.0206397 -7.4748e-05 -0.0583299 0.00596653 0.00191669 -0.0569322 0.00941581 0.00160158 -0.0566768 0.00887002 0.000972007 -0.0561629 0.00777957 0.00318047 -0.0579372 0.0116047 0.00286392 -0.0576891 0.0110565 0.00121816 -0.0586865 0.00820591 0.0022321 -0.0571861 0.00996211 0.00035581 -0.0583914 0.00671228 0.000786706 -0.0585143 0.00745861 0.00251683 -0.0594453 0.0104553 0.0041338 -0.0586624 0.013256 0.00381531 -0.0584243 0.0127043 0.00165023 -0.0589043 0.00895429 0.00208308 -0.0591598 0.009704 0.00349758 -0.0581824 0.012154 0.00509451 -0.0593484 0.0149199 0.00338748 -0.0600826 0.0119633 0.0038246 -0.0604224 0.0127204 0.00477331 -0.0591252 0.0143636 0.00445313 -0.0588961 0.013809 0.00295156 -0.0597566 0.0112083 0.00470319 -0.0611024 0.0142422 0.00606535 -0.0599742 0.0166015 0.00426318 -0.0607618 0.01348 0.00574039 -0.0597739 0.0160386 0.00514492 -0.061428 0.0150073 0.00705093 -0.0604987 0.0183086 0.0067204 -0.0603398 0.0177361 0.00639201 -0.0601625 0.0171673 0.00603366 -0.0620282 0.0165466 0.00738377 -0.0606427 0.0188851 0.00558831 -0.0617421 0.0157752 0.00771893 -0.0607554 0.0194656 0.00648096 -0.0622868 0.0173214 0.00693043 -0.062506 0.0180999 0.00805799 -0.0608456 0.0200529 0.00783622 -0.0628066 0.0196687 0.00738214 -0.0626818 0.0188822 0.00829282 -0.0628726 0.0204596 0.00967881 -0.0626581 0.0228602 0.0101467 -0.0624226 0.0236706 0.0087392 -0.0608491 0.0212327 0.0112508 -0.0613236 0.025583 0.0113054 -0.0611133 0.0256776 0.00939499 -0.06052 0.0223686 0.0090719 -0.0607361 0.021809 0.0106177 -0.0620942 0.0244864 0.0110919 -0.0616727 0.0253077 0.0113522 -0.0604157 0.0257585 0.0113271 -0.0601841 0.0257152 0.00970217 -0.0602373 0.0229007 0.0113569 -0.0606525 0.0257667 0.0110473 -0.059441 0.0252305 0.010267 -0.059482 0.023879 0.0111405 -0.0595874 0.0253919 0.0112825 -0.0599646 0.0256379 0.00999285 -0.0598913 0.0234041 0.0103683 -0.0593591 0.0240545 0.0109429 -0.0593289 0.0250497 0.0104787 -0.0592729 0.0242456 0.0105948 -0.059226 0.0244468 0.0108305 -0.0592544 0.0248549 0.0107133 -0.0592198 0.0246519 0.0112197 -0.0597637 0.0255291 0.0113412 -0.0608874 0.0257395 0.0111789 -0.0615119 0.0254584 0.00541679 -0.0595653 0.0154782 0.0025478 -0.0574387 0.0105089 0.00128668 -0.0564204 0.0083246 -0.000504957 -0.0583292 0.00522139 -0.00196738 -0.0558971 0.0064556 -0.00166273 -0.0556467 0.00592793 -0.00386243 -0.0556467 0.00465793 -0.00288218 -0.0566441 0.00804008 -0.0025771 -0.0563958 0.00751168 -0.00480621 -0.0564204 0.0062926 -0.00227217 -0.0561468 0.00698351 -0.00417693 -0.0559051 0.00520266 -0.00449153 -0.0561629 0.00574757 -0.00575163 -0.0571861 0.00793011 -0.00379864 -0.057383 0.00962743 -0.00349281 -0.0571384 0.00909773 -0.00512111 -0.0566768 0.00683802 -0.00543622 -0.0569322 0.00738381 -0.00318742 -0.0568916 0.00856877 -0.00441141 -0.0578666 0.0106888 -0.0067 -0.0579372 0.00957274 -0.00471842 -0.0581051 0.0112206 -0.0041048 -0.057626 0.0101577 -0.00606733 -0.0574387 0.00847693 -0.00638344 -0.0576891 0.00902445 -0.00533423 -0.0585728 0.0122872 -0.00733483 -0.0584243 0.0106723 -0.00765333 -0.0586624 0.011224 -0.00502605 -0.0583404 0.0117534 -0.0070171 -0.0581824 0.010122 -0.00861404 -0.0593484 0.0128879 -0.00626377 -0.0592435 0.0138972 -0.00829284 -0.0591252 0.0123316 -0.00797265 -0.0588961 0.011777 -0.005953 -0.0590251 0.0133589 -0.00564324 -0.0588009 0.0128224 -0.00925992 -0.0597739 0.0140066 -0.00720237 -0.0598611 0.0155229 -0.00688836 -0.0596622 0.014979 -0.00893632 -0.0595653 0.0134462 -0.00657546 -0.0594566 0.014437 -0.00991154 -0.0601625 0.0151353 -0.00783492 -0.0602284 0.0166185 -0.00751794 -0.0600494 0.0160695 -0.00958488 -0.0599742 0.0145695 -0.0105705 -0.0604987 0.0162766 -0.00847458 -0.0605428 0.0177264 -0.00815386 -0.0603923 0.0171709 -0.0102399 -0.0603398 0.0157041 -0.0112385 -0.0607554 0.0174336 -0.00912286 -0.0607765 0.0188493 -0.00879764 -0.0606698 0.018286 -0.0109033 -0.0606427 0.0168531 -0.0119163 -0.0608762 0.0186077 -0.00977979 -0.0608739 0.0199871 -0.00945024 -0.0608422 0.0194163 -0.0115775 -0.0608456 0.0180209 -0.0125914 -0.0607361 0.019777 -0.0101067 -0.0608278 0.0205533 -0.0122587 -0.0608491 0.0192007 -0.0104326 -0.0607187 0.0211178 -0.0129145 -0.06052 0.0203366 -0.0132217 -0.0602373 0.0208687 -0.0107423 -0.0605116 0.0216542 -0.0135124 -0.0598913 0.0213721 -0.0110408 -0.0602182 0.0221713 -0.0113216 -0.0598796 0.0226576 -0.0137866 -0.059482 0.021847 -0.0115868 -0.059482 0.023117 -0.0147392 -0.0597637 0.0234971 -0.0148021 -0.0599646 0.0236059 -0.0125395 -0.0597637 0.0247671 -0.0126023 -0.0599646 0.0248759 -0.0148467 -0.0601841 0.0236832 -0.0148717 -0.0604157 0.0237265 -0.0126469 -0.0601841 0.0249532 -0.0148764 -0.0606525 0.0237347 -0.012672 -0.0604157 0.0249965 -0.0126767 -0.0606525 0.0250047 -0.0148607 -0.0608874 0.0237075 -0.014825 -0.0611133 0.0236456 -0.012661 -0.0608874 0.0249775 -0.0147703 -0.0613236 0.023551 -0.0126253 -0.0611133 0.0249156 -0.0125706 -0.0613236 0.024821 -0.0146984 -0.0615119 0.0234264 -0.0146114 -0.0616727 0.0232757 -0.0124987 -0.0615119 0.0246964 -0.0124117 -0.0616727 0.0245457 -0.0124603 -0.0595874 0.0246299 -0.0123672 -0.059441 0.0244685 -0.01466 -0.0595874 0.0233599 -0.0145669 -0.059441 0.0231985 -0.0122628 -0.0593289 0.0242877 -0.0121503 -0.0592544 0.0240929 -0.0144625 -0.0593289 0.0230177 -0.0120331 -0.0592198 0.0238899 -0.01435 -0.0592544 0.0228229 -0.0142328 -0.0592198 0.0226199 -0.0119146 -0.059226 0.0236848 -0.0117985 -0.0592729 0.0234836 -0.0141144 -0.059226 0.0224148 -0.0116881 -0.0593591 0.0232925 -0.0139982 -0.0592729 0.0222136 -0.0138878 -0.0593591 0.0220225 -0.0115868 -0.059482 0.023117 -0.0137866 -0.059482 0.021847 -0.00866445 -0.061428 0.0129753 -0.00641625 -0.0613954 0.0141613 -0.00686325 -0.0617108 0.0149355 -0.00731211 -0.0620046 0.0157129 -0.00910784 -0.0617421 0.0137432 -0.00776304 -0.0622657 0.016494 -0.00955319 -0.0620282 0.0145146 -0.0100005 -0.0622868 0.0152894 -0.00821608 -0.062492 0.0172787 -0.00867146 -0.0626708 0.0180674 -0.01045 -0.062506 0.0160679 -0.00912919 -0.0628017 0.0188602 -0.0109017 -0.0626818 0.0168502 -0.0113557 -0.0628066 0.0176367 -0.00958952 -0.0628701 0.0196575 -0.0100524 -0.0628774 0.0204593 -0.0118123 -0.0628726 0.0184276 -0.0105182 -0.0628075 0.0212661 -0.0122715 -0.0628755 0.0192229 -0.0127335 -0.0628044 0.0200231 -0.0109868 -0.0626633 0.0220778 -0.0114586 -0.0624271 0.0228949 -0.0131983 -0.0626581 0.0208282 -0.0119336 -0.0620969 0.0237175 -0.0136662 -0.0624226 0.0216386 -0.0141372 -0.0620942 0.0224544 -0.0124117 -0.0616727 0.0245457 -0.0146114 -0.0616727 0.0232757 -0.00822271 -0.0611024 0.0122102 -0.00597105 -0.0610623 0.0133902 -0.00778271 -0.0607618 0.011448 -0.00734413 -0.0604224 0.0106884 -0.00552749 -0.0607205 0.0126219 -0.00690701 -0.0600826 0.00993129 -0.00508545 -0.060376 0.0118562 -0.0046448 -0.0600359 0.011093 -0.00647109 -0.0597566 0.00917626 -0.00603636 -0.0594453 0.00842328 -0.00420541 -0.0597083 0.010332 -0.00560261 -0.0591598 0.007672 -0.00376718 -0.0593977 0.00957294 -0.00332992 -0.0591149 0.00881559 -0.00516976 -0.0589043 0.00692229 -0.00473768 -0.0586865 0.00617391 -0.0028936 -0.058862 0.00805986 -0.00430623 -0.0585143 0.00542661 -0.00245797 -0.0586521 0.00730533 -0.00202305 -0.0584847 0.00655203 -0.00387534 -0.0583914 0.00468028 -0.00344478 -0.0583299 0.00393453 -0.00158854 -0.0583758 0.00579944 -0.0016419 -0.0583229 0.00481215 -0.0020835 -0.0583218 0.00449902 -0.00115451 -0.0583221 0.00504767 -0.0027799 -0.0583207 0.00367497 -0.00246608 -0.0583199 0.00411612 -0.00301457 -0.0583292 0.00318939 -0.00977979 -0.0608739 0.0199871 -0.00912919 -0.0628017 0.0188602 -0.00867146 -0.0626708 0.0180674 -0.00821608 -0.062492 0.0172787 -0.00945024 -0.0608422 0.0194163 -0.00776304 -0.0622657 0.016494 -0.00912286 -0.0607765 0.0188493 -0.00879764 -0.0606698 0.018286 -0.00731211 -0.0620046 0.0157129 -0.00686325 -0.0617108 0.0149355 -0.00815386 -0.0603923 0.0171709 -0.00847458 -0.0605428 0.0177264 -0.00641625 -0.0613954 0.0141613 -0.00783492 -0.0602284 0.0166185 -0.00552749 -0.0607205 0.0126219 -0.00508545 -0.060376 0.0118562 -0.00688836 -0.0596622 0.014979 -0.00597105 -0.0610623 0.0133902 -0.00720237 -0.0598611 0.0155229 -0.00751794 -0.0600494 0.0160695 -0.00420541 -0.0597083 0.010332 -0.00564324 -0.0588009 0.0128224 -0.005953 -0.0590251 0.0133589 -0.00626377 -0.0592435 0.0138972 -0.00657546 -0.0594566 0.014437 -0.0046448 -0.0600359 0.011093 -0.0028936 -0.058862 0.00805986 -0.00471842 -0.0581051 0.0112206 -0.00332992 -0.0591149 0.00881559 -0.00502605 -0.0583404 0.0117534 -0.00533423 -0.0585728 0.0122872 -0.00376718 -0.0593977 0.00957294 -0.00349281 -0.0571384 0.00909773 -0.00158854 -0.0583758 0.00579944 -0.00318742 -0.0568916 0.00856877 -0.0041048 -0.057626 0.0101577 -0.00245797 -0.0586521 0.00730533 -0.00379864 -0.057383 0.00962743 -0.0025771 -0.0563958 0.00751168 -0.00288218 -0.0566441 0.00804008 -0.00115451 -0.0583221 0.00504767 -0.00115451 -0.0556467 0.00504767 -0.00227217 -0.0561468 0.00698351 -0.00196738 -0.0558971 0.0064556 -0.00166273 -0.0556467 0.00592793 -0.0113216 -0.0598796 0.0226576 -0.0115868 -0.059482 0.023117 -0.0125395 -0.0597637 0.0247671 -0.012661 -0.0608874 0.0249775 -0.0126253 -0.0611133 0.0249156 -0.0107423 -0.0605116 0.0216542 -0.00202305 -0.0584847 0.00655203 -0.00441141 -0.0578666 0.0106888 -0.0104326 -0.0607187 0.0211178 -0.0119336 -0.0620969 0.0237175 -0.0101067 -0.0608278 0.0205533 -0.0114586 -0.0624271 0.0228949 -0.0109868 -0.0626633 0.0220778 -0.0105182 -0.0628075 0.0212661 -0.0100524 -0.0628774 0.0204593 -0.00958952 -0.0628701 0.0196575 -0.0124117 -0.0616727 0.0245457 -0.0110408 -0.0602182 0.0221713 -0.0126469 -0.0601841 0.0249532 -0.012672 -0.0604157 0.0249965 -0.0117985 -0.0592729 0.0234836 -0.0121503 -0.0592544 0.0240929 -0.0122628 -0.0593289 0.0242877 -0.0120331 -0.0592198 0.0238899 -0.0119146 -0.059226 0.0236848 -0.0116881 -0.0593591 0.0232925 -0.0123672 -0.059441 0.0244685 -0.0124603 -0.0595874 0.0246299 -0.0126023 -0.0599646 0.0248759 -0.0126767 -0.0606525 0.0250047 -0.0125706 -0.0613236 0.024821 -0.0124987 -0.0615119 0.0246964 -0.00301457 -0.0556467 0.00318939 -0.00417693 -0.0559051 0.00520266 -0.00386243 -0.0556467 0.00465793 -0.0122715 -0.0628755 0.0192229 -0.0127335 -0.0628044 0.0200231 -0.0119163 -0.0608762 0.0186077 -0.00344478 -0.0583299 0.00393453 -0.00543622 -0.0569322 0.00738381 -0.00512111 -0.0566768 0.00683802 -0.00449153 -0.0561629 0.00574757 -0.0067 -0.0579372 0.00957274 -0.00638344 -0.0576891 0.00902445 -0.00473768 -0.0586865 0.00617391 -0.00575163 -0.0571861 0.00793011 -0.00387534 -0.0583914 0.00468028 -0.00430623 -0.0585143 0.00542661 -0.00603636 -0.0594453 0.00842328 -0.00765333 -0.0586624 0.011224 -0.00733483 -0.0584243 0.0106723 -0.00516976 -0.0589043 0.00692229 -0.00560261 -0.0591598 0.007672 -0.0070171 -0.0581824 0.010122 -0.00861404 -0.0593484 0.0128879 -0.00690701 -0.0600826 0.00993129 -0.00734413 -0.0604224 0.0106884 -0.00829284 -0.0591252 0.0123316 -0.00797265 -0.0588961 0.011777 -0.00647109 -0.0597566 0.00917626 -0.00822271 -0.0611024 0.0122102 -0.00958488 -0.0599742 0.0145695 -0.00778271 -0.0607618 0.011448 -0.00925992 -0.0597739 0.0140066 -0.00866445 -0.061428 0.0129753 -0.0105705 -0.0604987 0.0162766 -0.0102399 -0.0603398 0.0157041 -0.00991154 -0.0601625 0.0151353 -0.00955319 -0.0620282 0.0145146 -0.0109033 -0.0606427 0.0168531 -0.00910784 -0.0617421 0.0137432 -0.0112385 -0.0607554 0.0174336 -0.0100005 -0.0622868 0.0152894 -0.01045 -0.062506 0.0160679 -0.0115775 -0.0608456 0.0180209 -0.0113557 -0.0628066 0.0176367 -0.0109017 -0.0626818 0.0168502 -0.0118123 -0.0628726 0.0184276 -0.0131983 -0.0626581 0.0208282 -0.0136662 -0.0624226 0.0216386 -0.0122587 -0.0608491 0.0192007 -0.0147703 -0.0613236 0.023551 -0.014825 -0.0611133 0.0236456 -0.0129145 -0.06052 0.0203366 -0.0125914 -0.0607361 0.019777 -0.0141372 -0.0620942 0.0224544 -0.0146114 -0.0616727 0.0232757 -0.0148717 -0.0604157 0.0237265 -0.0148467 -0.0601841 0.0236832 -0.0132217 -0.0602373 0.0208687 -0.0148764 -0.0606525 0.0237347 -0.0145669 -0.059441 0.0231985 -0.0137866 -0.059482 0.021847 -0.01466 -0.0595874 0.0233599 -0.0148021 -0.0599646 0.0236059 -0.0135124 -0.0598913 0.0213721 -0.0138878 -0.0593591 0.0220225 -0.0144625 -0.0593289 0.0230177 -0.0139982 -0.0592729 0.0222136 -0.0141144 -0.059226 0.0224148 -0.01435 -0.0592544 0.0228229 -0.0142328 -0.0592198 0.0226199 -0.0147392 -0.0597637 0.0234971 -0.0148607 -0.0608874 0.0237075 -0.0146984 -0.0615119 0.0234264 -0.00893632 -0.0595653 0.0134462 -0.00606733 -0.0574387 0.00847693 -0.00480621 -0.0564204 0.0062926 -0.00301457 -0.0583292 0.00318939 0.0347036 0.00294416 0 0.0347036 0.00294416 0.00508 0.0351916 0.00294416 0.00508 0.0342224 0.00286385 0 0.0342224 0.00286385 0.00508 0.0337609 0.00270542 0.00508 0.0337609 0.00270542 0 0.0333318 0.0024732 0 0.0333318 0.0024732 0.00508 0.0329467 0.00217351 0 0.0329467 0.00217351 0.00508 0.0326163 0.00181454 0.00508 0.0326163 0.00181454 0 0.0323494 0.00140607 0 0.0323494 0.00140607 0.00508 0.0321534 0.000959243 0 0.0321534 0.000959243 0.00508 0.0320336 0.000486254 0.00508 0.0320336 0.000486254 0 0.0319933 -4.38348e-17 0 0.0319933 -4.58027e-17 0.00508 0.0351916 0.00294416 0 0.0356728 0.00286385 0.00508 0.0356728 0.00286385 0 0.0361343 0.00270542 0.00508 0.0361343 0.00270542 0 0.0365634 0.0024732 0 0.0365634 0.0024732 0.00508 0.0369485 0.00217351 0.00508 0.0369485 0.00217351 0 0.0372789 0.00181454 0.00508 0.0372789 0.00181454 0 0.0375458 0.00140607 0 0.0375458 0.00140607 0.00508 0.0377418 0.000959243 0.00508 0.0377418 0.000959243 0 0.0378615 0.000486254 0.00508 0.0378615 0.000486254 0 0.0379018 -5.13228e-18 0.00508 0.0379018 -2.50838e-18 0 0.0231617 -0.0358248 0.00508 0.0242079 -0.0342554 0.00508 0.0231511 -0.0358025 0 0.0220427 -0.0373343 0 0.0220525 -0.0373463 0.00508 0.020871 -0.0388071 0 0.0208783 -0.0388325 0.00508 0.0196433 -0.0402582 0.00508 0.0196366 -0.0402322 0 0.0183393 -0.0416094 0 0.0183474 -0.0416235 0.00508 0.0169835 -0.0429139 0 0.0169849 -0.0429414 0.00508 0.0155674 -0.0441858 0.00508 0.0155669 -0.0441583 0 0.0140896 -0.0453424 0 0.0140946 -0.0453569 0.00508 0.0125637 -0.046443 0 0.0125549 -0.0464601 0.00508 0.0109718 -0.0474844 0.00508 0.0109831 -0.0474717 0 0.00934781 -0.0484285 0 0.00934531 -0.0484298 0.00508 0.00767818 -0.0492967 0 0.0076754 -0.0492963 0.00508 0.00596208 -0.050084 0.00508 0.00596402 -0.0500848 0 0.00420534 -0.0507927 0.004064 0.00420534 -0.0507927 0.00508 0.00446048 -0.0506962 0.00341623 0.00467054 -0.0506153 0.002032 0.00461733 -0.0506359 0.00273442 0.00461768 -0.0506358 0.00133148 0.00446038 -0.0506963 0.000648285 0.0251913 -0.0326382 0.00508 0.0241972 -0.034234 0 0.00420534 -0.0507927 4.44089e-19 0.025181 -0.032629 0 0.0261127 -0.0309958 0.00508 0.0261012 -0.0309781 0 0.0269603 -0.0293 0 0.0269717 -0.0293168 0.00508 0.0277683 -0.0276012 0.00508 0.0277585 -0.0275946 0 0.0285052 -0.0258679 0.00508 0.0284951 -0.0258546 0 0.0291713 -0.0240947 0 0.0291811 -0.0241074 0.00508 0.0297959 -0.0223196 0.00508 0.0297871 -0.0223151 0 0.0303509 -0.0205197 0.00508 0.0303443 -0.0205095 0 0.0308392 -0.0186904 0 0.0308454 -0.0187 0.00508 0.0312795 -0.0168607 0.00508 0.0312718 -0.0168576 0 0.0316495 -0.0150139 0.00508 0.0316492 -0.0150052 0 0.0319573 -0.0131452 0 0.0319571 -0.0131536 0.00508 0.0322024 -0.0112798 0.00508 0.032196 -0.0112776 0 0.0323711 -0.00940444 0.00508 0.0323853 -0.00939253 0 0.0324853 -0.00750965 0 0.0324703 -0.00752152 0.00508 0.0325001 -0.00563105 0.00508 0.0324961 -0.00562896 0 0.0324205 -0.00375207 0.00508 0.0324178 -0.00375046 0 0.0322502 -0.00187414 0 0.0322516 -0.00187505 0.00508 0.0319933 -4.58027e-17 0.00508 0.0319933 -4.38348e-17 0 0.00420534 -0.0507927 0.004064 0.00420534 -0.0533749 0.004064 0.00420534 -0.0533749 0.00508 0.00420534 -0.0507927 0.00508 0.00445979 -0.0532515 0.00341806 0.00461722 -0.0531746 0.00273559 0.00594711 -0.0525088 0.00508 0.0110274 -0.049657 4.34426e-18 0.012668 -0.0486199 4.69545e-18 0.0126544 -0.0486201 0.00508 0.00935697 -0.0506484 3.85897e-18 0.00935271 -0.0506494 0.00508 0.00766724 -0.0516013 3.04585e-18 0.0188677 -0.0439829 0.00508 0.017377 -0.0452268 0.00508 0.0173862 -0.0452095 5.54469e-18 0.0158424 -0.0463947 5.35175e-18 0.0158476 -0.0464171 0.00508 0.0142714 -0.047532 5.04888e-18 0.0217223 -0.0413224 7.12261e-18 0.0230643 -0.0399164 7.98277e-18 0.0230439 -0.0399233 0.00508 0.0203197 -0.0426852 0.00508 0.0203174 -0.0426738 6.43214e-18 0.0217101 -0.0413319 0.00508 0.0277459 -0.0337532 0.00508 0.0266782 -0.0353746 0.00508 0.0266931 -0.0353604 1.21076e-17 0.0255424 -0.0369429 0.00508 0.0243253 -0.0384598 0.00508 0.0243373 -0.0384563 9.01401e-18 0.0296478 -0.030347 1.56657e-17 0.0304692 -0.0286124 0.00508 0.029648 -0.0303684 0.00508 0.027757 -0.0337397 1.35781e-17 0.0287401 -0.0320741 1.48498e-17 0.0287456 -0.0320789 0.00508 0.0324325 -0.0231312 0.00508 0.0318541 -0.0249676 1.81269e-17 0.0324169 -0.0231079 1.8948e-17 0.031209 -0.026811 0.00508 0.0304704 -0.028589 1.6497e-17 0.031208 -0.0268001 1.73437e-17 0.0333192 -0.0193433 0.00508 0.0333047 -0.0193379 2.09673e-17 0.0336174 -0.0174203 2.22698e-17 0.0329024 -0.0212324 1.98785e-17 0.0329167 -0.0212499 0.00508 0.0338707 -0.0154979 2.35281e-17 0.0336532 -0.0174366 0.00508 0.0340646 -0.0135706 2.47421e-17 0.0339105 -0.0155141 0.00508 0.0340911 -0.013576 0.00508 0.0341695 -0.0116335 2.56749e-17 0.0342333 -0.00969458 2.67093e-17 0.0342229 -0.0116402 0.00508 0.0342662 -0.00775569 2.79276e-17 0.0343 -0.0097028 0.00508 0.0343169 -0.00776041 0.00508 0.0342681 -0.00581678 2.93297e-17 0.0342391 -0.00387787 3.09157e-17 0.0342938 -0.00581691 0.00508 0.0341906 -0.00193885 0.00508 0.0342591 -0.00387782 0.00508 0.0340883 -2.18685e-17 0.00508 0.0341792 -0.00193894 3.26854e-17 0.0340883 -2.18685e-17 3.4639e-17 0.0318639 -0.024982 0.00508 0.0255485 -0.0369364 1.04383e-17 0.0188779 -0.0439692 5.90482e-18 0.0142663 -0.0475419 0.00508 0.0110165 -0.049656 0.00508 0.0076629 -0.0516003 0.00508 0.00595003 -0.0525102 2.05559e-18 0.00461737 -0.0531745 0.00132932 0.00445973 -0.0532515 0.000646151 0.00467054 -0.0531485 0.002032 0.00420534 -0.0533749 -3.9968e-18 0.00420534 -0.0533749 0.00508 0.00420534 -0.0533749 0.004064 0.0359951 -0.00184666 0 0.0363197 -0.00181885 0 0.0359951 -0.00184666 0.00508 0.0363197 -0.00181885 0.00508 0.0366348 -0.00173621 0 0.0369313 -0.00160116 0 0.0366348 -0.00173621 0.00508 0.0372004 -0.00141764 0 0.0369313 -0.00160116 0.00508 0.0372004 -0.00141764 0.00508 0.0374345 -0.001191 0 0.0376265 -0.000927842 0 0.0374345 -0.001191 0.00508 0.037771 -0.000635848 0 0.0376265 -0.000927842 0.00508 0.037771 -0.000635848 0.00508 0.0378636 -0.000323532 0 0.0379018 -2.50838e-18 0 0.0378636 -0.000323532 0.00508 0.0379018 -5.13228e-18 0.00508 0.0356705 -0.00181885 0.00508 0.0353554 -0.00173621 0.00508 0.0356705 -0.00181885 0 0.0353554 -0.00173621 0 0.0350589 -0.00160116 0.00508 0.0347897 -0.00141764 0.00508 0.0350589 -0.00160116 0 0.0345557 -0.001191 0.00508 0.0347897 -0.00141764 0 0.0345557 -0.001191 0 0.0343637 -0.000927842 0.00508 0.0342192 -0.000635848 0.00508 0.0343637 -0.000927842 0 0.0341265 -0.000323532 0.00508 0.0342192 -0.000635848 0 0.0341265 -0.000323532 0 0.0340883 -2.18685e-17 0.00508 0.0340883 -2.18685e-17 3.4639e-17 0.0347036 0.00294416 0.00508 0.0340883 -2.18685e-17 0.00508 0.0351916 0.00294416 0.00508 0.0369313 -0.00160116 0.00508 0.0369485 0.00217351 0.00508 0.0366348 -0.00173621 0.00508 0.0372004 -0.00141764 0.00508 0.0375458 0.00140607 0.00508 0.0372789 0.00181454 0.00508 0.0361343 0.00270542 0.00508 0.0356728 0.00286385 0.00508 0.0353554 -0.00173621 0.00508 0.0365634 0.0024732 0.00508 0.0359951 -0.00184666 0.00508 0.0363197 -0.00181885 0.00508 0.0342192 -0.000635848 0.00508 0.0343637 -0.000927842 0.00508 0.0345557 -0.001191 0.00508 0.0341906 -0.00193885 0.00508 0.0324178 -0.00375046 0.00508 0.0342591 -0.00387782 0.00508 0.0341265 -0.000323532 0.00508 0.0322502 -0.00187414 0.00508 0.0321534 0.000959243 0.00508 0.0320336 0.000486254 0.00508 0.0319933 -4.58027e-17 0.00508 0.0323494 0.00140607 0.00508 0.0155669 -0.0441583 0.00508 0.017377 -0.0452268 0.00508 0.0169835 -0.0429139 0.00508 0.0326163 0.00181454 0.00508 0.0329467 0.00217351 0.00508 0.0333318 0.0024732 0.00508 0.0324961 -0.00562896 0.00508 0.0343 -0.0097028 0.00508 0.0343169 -0.00776041 0.00508 0.0323853 -0.00939253 0.00508 0.0342938 -0.00581691 0.00508 0.0324853 -0.00750965 0.00508 0.0339105 -0.0155141 0.00508 0.0340911 -0.013576 0.00508 0.0319573 -0.0131452 0.00508 0.0342229 -0.0116402 0.00508 0.032196 -0.0112776 0.00508 0.0333192 -0.0193433 0.00508 0.0308392 -0.0186904 0.00508 0.0329167 -0.0212499 0.00508 0.0316492 -0.0150052 0.00508 0.0312718 -0.0168576 0.00508 0.0336532 -0.0174366 0.00508 0.0297871 -0.0223151 0.00508 0.0291713 -0.0240947 0.00508 0.0318639 -0.024982 0.00508 0.0324325 -0.0231312 0.00508 0.0303443 -0.0205095 0.00508 0.0277585 -0.0275946 0.00508 0.029648 -0.0303684 0.00508 0.0304692 -0.0286124 0.00508 0.031209 -0.026811 0.00508 0.0284951 -0.0258546 0.00508 0.0261012 -0.0309781 0.00508 0.0287456 -0.0320789 0.00508 0.0269603 -0.0293 0.00508 0.0277459 -0.0337532 0.00508 0.025181 -0.032629 0.00508 0.0266782 -0.0353746 0.00508 0.0255424 -0.0369429 0.00508 0.0231511 -0.0358025 0.00508 0.0243253 -0.0384598 0.00508 0.0241972 -0.034234 0.00508 0.0230439 -0.0399233 0.00508 0.0220427 -0.0373343 0.00508 0.020871 -0.0388071 0.00508 0.0203197 -0.0426852 0.00508 0.0196366 -0.0402322 0.00508 0.0183393 -0.0416094 0.00508 0.0217101 -0.0413319 0.00508 0.0188677 -0.0439829 0.00508 0.0140896 -0.0453424 0.00508 0.0125637 -0.046443 0.00508 0.0142663 -0.0475419 0.00508 0.0158476 -0.0464171 0.00508 0.00934781 -0.0484285 0.00508 0.00935271 -0.0506494 0.00508 0.0110165 -0.049656 0.00508 0.0109831 -0.0474717 0.00508 0.0126544 -0.0486201 0.00508 0.00767818 -0.0492967 0.00508 0.0076629 -0.0516003 0.00508 0.00594711 -0.0525088 0.00508 0.00596402 -0.0500848 0.00508 0.00420534 -0.0507927 0.00508 0.00420534 -0.0533749 0.00508 0.0378636 -0.000323532 0.00508 0.0378615 0.000486254 0.00508 0.037771 -0.000635848 0.00508 0.0376265 -0.000927842 0.00508 0.0377418 0.000959243 0.00508 0.0374345 -0.001191 0.00508 0.0347897 -0.00141764 0.00508 0.0342224 0.00286385 0.00508 0.0356705 -0.00181885 0.00508 0.0337609 0.00270542 0.00508 0.0350589 -0.00160116 0.00508 0.0379018 -5.13228e-18 0.00508 0.0329467 0.00217351 0 0.0340883 -2.18685e-17 3.4639e-17 0.0326163 0.00181454 0 0.0324853 -0.00750965 0 0.0342938 -0.00581691 0 0.0343169 -0.00776041 0 0.0169835 -0.0429139 0 0.017377 -0.0452268 0 0.0155669 -0.0441583 0 0.032196 -0.0112776 0 0.0342229 -0.0116402 0 0.0340911 -0.013576 0 0.0323853 -0.00939253 0 0.0343 -0.0097028 0 0.0319573 -0.0131452 0 0.0316492 -0.0150052 0 0.0336532 -0.0174366 0 0.0312718 -0.0168576 0 0.0339105 -0.0155141 0 0.0308392 -0.0186904 0 0.0329167 -0.0212499 0 0.0303443 -0.0205095 0 0.0333192 -0.0193433 0 0.0297871 -0.0223151 0 0.0318639 -0.024982 0 0.0291713 -0.0240947 0 0.0324325 -0.0231312 0 0.0284951 -0.0258546 0 0.0304692 -0.0286124 0 0.0277585 -0.0275946 0 0.031209 -0.026811 0 0.0269603 -0.0293 0 0.0287456 -0.0320789 0 0.0261012 -0.0309781 0 0.029648 -0.0303684 0 0.0277459 -0.0337532 0 0.0266782 -0.0353746 0 0.025181 -0.032629 0 0.0255424 -0.0369429 0 0.0243253 -0.0384598 0 0.0231511 -0.0358025 0 0.0241972 -0.034234 0 0.0230439 -0.0399233 0 0.020871 -0.0388071 0 0.0220427 -0.0373343 0 0.0203197 -0.0426852 0 0.0183393 -0.0416094 0 0.0196366 -0.0402322 0 0.0217101 -0.0413319 0 0.0188677 -0.0439829 0 0.0140896 -0.0453424 0 0.0142663 -0.0475419 0 0.0125637 -0.046443 0 0.0158476 -0.0464171 0 0.00934781 -0.0484285 0 0.0110165 -0.049656 0 0.00935271 -0.0506494 0 0.0109831 -0.0474717 0 0.0126544 -0.0486201 0 0.0076629 -0.0516003 0 0.00767818 -0.0492967 0 0.00594711 -0.0525088 0 0.00596402 -0.0500848 0 0.00420534 -0.0507927 4.44089e-19 0.00420534 -0.0533749 -3.9968e-18 0.0324961 -0.00562896 0 0.0342591 -0.00387782 0 0.0324178 -0.00375046 0 0.0341265 -0.000323532 0 0.0342192 -0.000635848 0 0.0322502 -0.00187414 0 0.0341906 -0.00193885 0 0.0366348 -0.00173621 0 0.0363197 -0.00181885 0 0.0369485 0.00217351 0 0.0319933 -4.38348e-17 0 0.0343637 -0.000927842 0 0.0345557 -0.001191 0 0.0347897 -0.00141764 0 0.0361343 0.00270542 0 0.0359951 -0.00184666 0 0.0356705 -0.00181885 0 0.0356728 0.00286385 0 0.0353554 -0.00173621 0 0.0350589 -0.00160116 0 0.0369313 -0.00160116 0 0.0372789 0.00181454 0 0.0365634 0.0024732 0 0.0376265 -0.000927842 0 0.0374345 -0.001191 0 0.0377418 0.000959243 0 0.0375458 0.00140607 0 0.0372004 -0.00141764 0 0.0378636 -0.000323532 0 0.0378615 0.000486254 0 0.0379018 -2.50838e-18 0 0.037771 -0.000635848 0 0.0351916 0.00294416 0 0.0342224 0.00286385 0 0.0347036 0.00294416 0 0.0333318 0.0024732 0 0.0337609 0.00270542 0 0.0323494 0.00140607 0 0.0321534 0.000959243 0 0.0320336 0.000486254 0 -0.00420534 -0.0533749 0.00508 -0.00420534 -0.0533749 0.004064 -0.00420534 -0.0507927 0.004064 -0.00420534 -0.0507927 0.00508 -0.00466029 -0.0506193 0.00233334 -0.00596402 -0.0500848 2.63705e-18 -0.00596208 -0.050084 0.00508 -0.0109831 -0.0474717 4.41709e-18 -0.0125637 -0.046443 4.90324e-18 -0.0125549 -0.0464601 0.00508 -0.00934781 -0.0484285 4.07754e-18 -0.00934531 -0.0484298 0.00508 -0.00767818 -0.0492967 3.40411e-18 -0.0183393 -0.0416094 8.3139e-18 -0.0183474 -0.0416235 0.00508 -0.0169835 -0.0429139 7.21959e-18 -0.0155669 -0.0441583 6.29363e-18 -0.0155674 -0.0441858 0.00508 -0.0140896 -0.0453424 5.536e-18 -0.0231617 -0.0358248 0.00508 -0.0220427 -0.0373343 1.26068e-17 -0.0231511 -0.0358025 1.29631e-17 -0.0208783 -0.0388325 0.00508 -0.0196366 -0.0402322 1.00461e-17 -0.020871 -0.0388071 1.14771e-17 -0.0269603 -0.0293 1.63028e-17 -0.0269717 -0.0293168 0.00508 -0.0261127 -0.0309958 0.00508 -0.0241972 -0.034234 1.34904e-17 -0.025181 -0.032629 1.41889e-17 -0.0251913 -0.0326382 0.00508 -0.0291811 -0.0241074 0.00508 -0.0291713 -0.0240947 1.92614e-17 -0.0297871 -0.0223151 2.01424e-17 -0.0285052 -0.0258679 0.00508 -0.0277683 -0.0276012 0.00508 -0.0284951 -0.0258546 1.83177e-17 -0.0308454 -0.0187 0.00508 -0.0303509 -0.0205197 0.00508 -0.0308392 -0.0186904 2.15883e-17 -0.0303443 -0.0205095 2.08329e-17 -0.0297959 -0.0223196 0.00508 -0.0312718 -0.0168576 2.24086e-17 -0.0312795 -0.0168607 0.00508 -0.0316492 -0.0150052 2.33295e-17 -0.0316495 -0.0150139 0.00508 -0.0319571 -0.0131536 0.00508 -0.0319573 -0.0131452 2.42797e-17 -0.032196 -0.0112776 2.52593e-17 -0.0322024 -0.0112798 0.00508 -0.0323853 -0.00939253 2.62437e-17 -0.0323711 -0.00940444 0.00508 -0.0324703 -0.00752152 0.00508 -0.0324853 -0.00750965 2.72821e-17 -0.0324961 -0.00562896 2.83743e-17 -0.0325001 -0.00563105 0.00508 -0.0324178 -0.00375046 2.95205e-17 -0.0324205 -0.00375207 0.00508 -0.0322516 -0.00187505 0.00508 -0.0322502 -0.00187414 3.07205e-17 -0.0319933 -6.30642e-17 0.00508 -0.0319933 -6.30642e-17 3.19744e-17 -0.0277585 -0.0275946 1.73112e-17 -0.0261012 -0.0309781 1.5262e-17 -0.0242079 -0.0342554 0.00508 -0.0220525 -0.0373463 0.00508 -0.0196433 -0.0402582 0.00508 -0.0169849 -0.0429414 0.00508 -0.0140946 -0.0453569 0.00508 -0.0109718 -0.0474844 0.00508 -0.0076754 -0.0492963 0.00508 -0.00442998 -0.0507078 0.000553691 -0.00458277 -0.0506494 0.00113304 -0.00466048 -0.0506193 0.00173014 -0.00420534 -0.0507927 -1.77636e-18 -0.00420534 -0.0507927 0.00508 -0.00443 -0.0507078 0.00351101 -0.00458308 -0.0506491 0.00293165 -0.00420534 -0.0507927 0.004064 -0.0351916 0.00294416 0 -0.0351916 0.00294416 0.00508 -0.0347036 0.00294416 0.00508 -0.0356728 0.00286385 0 -0.0356728 0.00286385 0.00508 -0.0361343 0.00270542 0.00508 -0.0361343 0.00270542 0 -0.0365634 0.0024732 0 -0.0365634 0.0024732 0.00508 -0.0369485 0.00217351 0 -0.0369485 0.00217351 0.00508 -0.0372789 0.00181454 0.00508 -0.0372789 0.00181454 0 -0.0375458 0.00140607 0 -0.0375458 0.00140607 0.00508 -0.0377418 0.000959243 0 -0.0377418 0.000959243 0.00508 -0.0378615 0.000486254 0.00508 -0.0378615 0.000486254 0 -0.0379018 -5.13228e-18 0 -0.0379018 -2.50838e-18 0.00508 -0.0347036 0.00294416 0 -0.0342224 0.00286385 0.00508 -0.0342224 0.00286385 0 -0.0337609 0.00270542 0.00508 -0.0337609 0.00270542 0 -0.0333318 0.0024732 0 -0.0333318 0.0024732 0.00508 -0.0329467 0.00217351 0.00508 -0.0329467 0.00217351 0 -0.0326163 0.00181454 0.00508 -0.0326163 0.00181454 0 -0.0323494 0.00140607 0 -0.0323494 0.00140607 0.00508 -0.0321534 0.000959243 0.00508 -0.0321534 0.000959243 0 -0.0320336 0.000486254 0.00508 -0.0320336 0.000486254 0 -0.0319933 -6.30642e-17 0.00508 -0.0319933 -6.30642e-17 3.19744e-17 -0.0359951 -0.00184666 0 -0.0356705 -0.00181885 0 -0.0359951 -0.00184666 0.00508 -0.0356705 -0.00181885 0.00508 -0.0353554 -0.00173621 0 -0.0350589 -0.00160116 0 -0.0353554 -0.00173621 0.00508 -0.0347897 -0.00141764 0 -0.0350589 -0.00160116 0.00508 -0.0347897 -0.00141764 0.00508 -0.0345557 -0.001191 0 -0.0343637 -0.000927842 0 -0.0345557 -0.001191 0.00508 -0.0342192 -0.000635848 0 -0.0343637 -0.000927842 0.00508 -0.0342192 -0.000635848 0.00508 -0.0341265 -0.000323532 0 -0.0340883 -4.96131e-18 0 -0.0341265 -0.000323532 0.00508 -0.0340883 -1.52216e-11 0.00508 -0.0363197 -0.00181885 0.00508 -0.0366348 -0.00173621 0.00508 -0.0363197 -0.00181885 0 -0.0366348 -0.00173621 0 -0.0369313 -0.00160116 0.00508 -0.0372004 -0.00141764 0.00508 -0.0369313 -0.00160116 0 -0.0374345 -0.001191 0.00508 -0.0372004 -0.00141764 0 -0.0374345 -0.001191 0 -0.0376265 -0.000927842 0.00508 -0.037771 -0.000635848 0.00508 -0.0376265 -0.000927842 0 -0.0378636 -0.000323532 0.00508 -0.037771 -0.000635848 0 -0.0378636 -0.000323532 0 -0.0379018 -2.50838e-18 0.00508 -0.0379018 -5.13228e-18 0 -0.0255424 -0.0369429 0.00508 -0.0243373 -0.0384563 0 -0.0243253 -0.0384598 0.00508 -0.0230439 -0.0399233 0.00508 -0.0230643 -0.0399164 0 -0.0217223 -0.0413224 0 -0.0217101 -0.0413319 0.00508 -0.0203174 -0.0426738 0 -0.0203197 -0.0426852 0.00508 -0.0188677 -0.0439829 0.00508 -0.0188779 -0.0439692 0 -0.0173862 -0.0452095 0 -0.017377 -0.0452268 0.00508 -0.0158424 -0.0463947 0 -0.0158476 -0.0464171 0.00508 -0.0142663 -0.0475419 0.00508 -0.0142714 -0.047532 0 -0.012668 -0.0486199 0 -0.0126544 -0.0486201 0.00508 -0.0110274 -0.049657 0 -0.0110165 -0.049656 0.00508 -0.00935271 -0.0506494 0.00508 -0.00935697 -0.0506484 0 -0.00766724 -0.0516013 0 -0.0076629 -0.0516003 0.00508 -0.00595003 -0.0525102 0 -0.00594711 -0.0525088 0.00508 -0.00420534 -0.0533749 0.00508 -0.00442936 -0.0532663 0.00351265 -0.00420534 -0.0533749 0.004064 -0.00458289 -0.0531914 0.0029329 -0.00466029 -0.0531535 0.0023337 -0.00466033 -0.0531535 0.00172871 -0.00442934 -0.0532663 0.000551656 -0.00458224 -0.0531918 0.00113051 -0.00420534 -0.0533749 0 -0.0266782 -0.0353746 0.00508 -0.0255485 -0.0369364 0 -0.0277459 -0.0337532 0.00508 -0.0266931 -0.0353604 0 -0.027757 -0.0337397 0 -0.0287456 -0.0320789 0.00508 -0.0287401 -0.0320741 0 -0.029648 -0.0303684 0.00508 -0.0296478 -0.030347 0 -0.0304692 -0.0286124 0.00508 -0.031209 -0.026811 0.00508 -0.0304704 -0.028589 0 -0.0318639 -0.024982 0.00508 -0.031208 -0.0268001 0 -0.0318541 -0.0249676 0 -0.0324325 -0.0231312 0.00508 -0.0329167 -0.0212499 0.00508 -0.0324169 -0.0231079 0 -0.0333192 -0.0193433 0.00508 -0.0329024 -0.0212324 0 -0.0336174 -0.0174203 0 -0.0333047 -0.0193379 0 -0.0336532 -0.0174366 0.00508 -0.0338707 -0.0154979 0 -0.0339105 -0.0155141 0.00508 -0.0340646 -0.0135706 0 -0.0341695 -0.0116335 0 -0.0340911 -0.013576 0.00508 -0.0342229 -0.0116402 0.00508 -0.0342333 -0.00969458 0 -0.0343 -0.0097028 0.00508 -0.0342662 -0.00775569 0 -0.0342681 -0.00581678 0 -0.0343169 -0.00776041 0.00508 -0.0342938 -0.00581691 0.00508 -0.0342391 -0.00387787 0 -0.0342591 -0.00387782 0.00508 -0.0341906 -0.00193885 0.00508 -0.0341792 -0.00193894 0 -0.0340883 -1.52216e-11 0.00508 -0.0340883 -4.96131e-18 0 -0.0109718 -0.0474844 0.00508 -0.0110274 -0.049657 0.00508 -0.00934531 -0.0484298 0.00508 -0.00420534 -0.0507927 0.00508 -0.00596208 -0.050084 0.00508 -0.00595003 -0.0525102 0.00508 -0.0125549 -0.0464601 0.00508 -0.0142714 -0.047532 0.00508 -0.012668 -0.0486199 0.00508 -0.00935697 -0.0506484 0.00508 -0.00766724 -0.0516013 0.00508 -0.0076754 -0.0492963 0.00508 -0.0183474 -0.0416235 0.00508 -0.0188779 -0.0439692 0.00508 -0.0169849 -0.0429414 0.00508 -0.0155674 -0.0441858 0.00508 -0.0158424 -0.0463947 0.00508 -0.0140946 -0.0453569 0.00508 -0.0217223 -0.0413224 0.00508 -0.0196433 -0.0402582 0.00508 -0.0208783 -0.0388325 0.00508 -0.0203174 -0.0426738 0.00508 -0.0230643 -0.0399164 0.00508 -0.0220525 -0.0373463 0.00508 -0.0242079 -0.0342554 0.00508 -0.0255485 -0.0369364 0.00508 -0.0231617 -0.0358248 0.00508 -0.0243373 -0.0384563 0.00508 -0.0287401 -0.0320741 0.00508 -0.027757 -0.0337397 0.00508 -0.0261127 -0.0309958 0.00508 -0.0266931 -0.0353604 0.00508 -0.0251913 -0.0326382 0.00508 -0.0277683 -0.0276012 0.00508 -0.0304704 -0.028589 0.00508 -0.0296478 -0.030347 0.00508 -0.0269717 -0.0293168 0.00508 -0.0285052 -0.0258679 0.00508 -0.0291811 -0.0241074 0.00508 -0.031208 -0.0268001 0.00508 -0.0297959 -0.0223196 0.00508 -0.0303509 -0.0205197 0.00508 -0.0324169 -0.0231079 0.00508 -0.0318541 -0.0249676 0.00508 -0.0308454 -0.0187 0.00508 -0.0312795 -0.0168607 0.00508 -0.0333047 -0.0193379 0.00508 -0.0329024 -0.0212324 0.00508 -0.0319571 -0.0131536 0.00508 -0.0340646 -0.0135706 0.00508 -0.0338707 -0.0154979 0.00508 -0.0322024 -0.0112798 0.00508 -0.0366348 -0.00173621 0.00508 -0.0369485 0.00217351 0.00508 -0.0372789 0.00181454 0.00508 -0.0359951 -0.00184666 0.00508 -0.0361343 0.00270542 0.00508 -0.0365634 0.0024732 0.00508 -0.0378636 -0.000323532 0.00508 -0.037771 -0.000635848 0.00508 -0.0378615 0.000486254 0.00508 -0.0375458 0.00140607 0.00508 -0.0377418 0.000959243 0.00508 -0.0374345 -0.001191 0.00508 -0.0372004 -0.00141764 0.00508 -0.0376265 -0.000927842 0.00508 -0.0353554 -0.00173621 0.00508 -0.0350589 -0.00160116 0.00508 -0.0356728 0.00286385 0.00508 -0.0363197 -0.00181885 0.00508 -0.0340883 -1.52216e-11 0.00508 -0.0351916 0.00294416 0.00508 -0.0320336 0.000486254 0.00508 -0.0321534 0.000959243 0.00508 -0.0347036 0.00294416 0.00508 -0.0323494 0.00140607 0.00508 -0.0347897 -0.00141764 0.00508 -0.0345557 -0.001191 0.00508 -0.0343637 -0.000927842 0.00508 -0.0369313 -0.00160116 0.00508 -0.0356705 -0.00181885 0.00508 -0.0379018 -2.50838e-18 0.00508 -0.0323711 -0.00940444 0.00508 -0.0324703 -0.00752152 0.00508 -0.0342662 -0.00775569 0.00508 -0.0341695 -0.0116335 0.00508 -0.0342333 -0.00969458 0.00508 -0.0336174 -0.0174203 0.00508 -0.0316495 -0.0150139 0.00508 -0.0325001 -0.00563105 0.00508 -0.0342681 -0.00581678 0.00508 -0.0324205 -0.00375207 0.00508 -0.0342391 -0.00387787 0.00508 -0.0341792 -0.00193894 0.00508 -0.0322516 -0.00187505 0.00508 -0.0342192 -0.000635848 0.00508 -0.0341265 -0.000323532 0.00508 -0.0319933 -6.30642e-17 0.00508 -0.0342224 0.00286385 0.00508 -0.0326163 0.00181454 0.00508 -0.0329467 0.00217351 0.00508 -0.0333318 0.0024732 0.00508 -0.0337609 0.00270542 0.00508 -0.0173862 -0.0452095 0.00508 -0.00420534 -0.0533749 0.00508 -0.00934531 -0.0484298 0 -0.0110274 -0.049657 0 -0.0109718 -0.0474844 0 -0.0125549 -0.0464601 0 -0.0142714 -0.047532 0 -0.0140946 -0.0453569 0 -0.012668 -0.0486199 0 -0.0169849 -0.0429414 0 -0.0173862 -0.0452095 0 -0.0188779 -0.0439692 0 -0.0155674 -0.0441858 0 -0.0158424 -0.0463947 0 -0.0208783 -0.0388325 0 -0.0196433 -0.0402582 0 -0.0217223 -0.0413224 0 -0.0203174 -0.0426738 0 -0.0183474 -0.0416235 0 -0.0231617 -0.0358248 0 -0.0220525 -0.0373463 0 -0.0243373 -0.0384563 0 -0.0230643 -0.0399164 0 -0.0251913 -0.0326382 0 -0.0242079 -0.0342554 0 -0.0266931 -0.0353604 0 -0.0255485 -0.0369364 0 -0.027757 -0.0337397 0 -0.0261127 -0.0309958 0 -0.0287401 -0.0320741 0 -0.0277683 -0.0276012 0 -0.0296478 -0.030347 0 -0.0304704 -0.028589 0 -0.0269717 -0.0293168 0 -0.0285052 -0.0258679 0 -0.031208 -0.0268001 0 -0.0291811 -0.0241074 0 -0.0297959 -0.0223196 0 -0.0324169 -0.0231079 0 -0.0303509 -0.0205197 0 -0.0318541 -0.0249676 0 -0.0308454 -0.0187 0 -0.0333047 -0.0193379 0 -0.0312795 -0.0168607 0 -0.0329024 -0.0212324 0 -0.0319571 -0.0131536 0 -0.0338707 -0.0154979 0 -0.0340646 -0.0135706 0 -0.0322024 -0.0112798 0 -0.0366348 -0.00173621 0 -0.0372789 0.00181454 0 -0.0369485 0.00217351 0 -0.0359951 -0.00184666 0 -0.0365634 0.0024732 0 -0.0361343 0.00270542 0 -0.0378636 -0.000323532 0 -0.0378615 0.000486254 0 -0.037771 -0.000635848 0 -0.0375458 0.00140607 0 -0.0374345 -0.001191 0 -0.0377418 0.000959243 0 -0.0372004 -0.00141764 0 -0.0376265 -0.000927842 0 -0.0353554 -0.00173621 0 -0.0356728 0.00286385 0 -0.0350589 -0.00160116 0 -0.0363197 -0.00181885 0 -0.0351916 0.00294416 0 -0.0340883 -4.96131e-18 0 -0.0321534 0.000959243 0 -0.0320336 0.000486254 0 -0.0347036 0.00294416 0 -0.0323494 0.00140607 0 -0.0347897 -0.00141764 0 -0.0345557 -0.001191 0 -0.0343637 -0.000927842 0 -0.0369313 -0.00160116 0 -0.0356705 -0.00181885 0 -0.0379018 -5.13228e-18 0 -0.0323711 -0.00940444 0 -0.0342662 -0.00775569 0 -0.0324703 -0.00752152 0 -0.0341695 -0.0116335 0 -0.0342333 -0.00969458 0 -0.0336174 -0.0174203 0 -0.0316495 -0.0150139 0 -0.0342681 -0.00581678 0 -0.0325001 -0.00563105 0 -0.0324205 -0.00375207 0 -0.0342391 -0.00387787 0 -0.0341792 -0.00193894 0 -0.0322516 -0.00187505 0 -0.0342192 -0.000635848 0 -0.0341265 -0.000323532 0 -0.0319933 -6.30642e-17 3.19744e-17 -0.0342224 0.00286385 0 -0.0326163 0.00181454 0 -0.0329467 0.00217351 0 -0.0337609 0.00270542 0 -0.0333318 0.0024732 0 -0.00935697 -0.0506484 0 -0.0076754 -0.0492963 0 -0.00766724 -0.0516013 0 -0.00596208 -0.050084 0 -0.00595003 -0.0525102 0 -0.00420534 -0.0507927 -1.77636e-18 -0.00420534 -0.0533749 0</float_array>
          <technique_common>
            <accessor count="3539" source="#ID26" stride="3">
              <param name="X" type="float"/>
              <param name="Y" type="float"/>
              <param name="Z" type="float"/>
            </accessor>
          </technique_common>
        </source>
        <source id="ID27">
          <float_array count="10617" id="ID28">0 -1 0 0 -1 0 0 -1 0 0 -1 0 0 -1 0 0 -1 0 0 -1 0 0 -1 0 0 -1 0 0 -1 0 0 -1 0 0 -1 0 0 -1 0 0 -1 0 0 -1 0 0 -1 0 0 -1 0 0 -1 0 0 -1 0 0 -1 0 0 -1 0 0 -1 0 0 -1 0 0 -1 0 0 -1 0 0 -1 0 0 -1 0 0 -1 0 0 -1 0 0 -1 0 0 -1 0 0 -1 0 0 -1 0 0 -1 0 0 -1 0 0 -1 0 0 -1 0 0 -1 0 0 -1 0 0 -1 0 0 -1 0 0 -1 0 0 -1 0 0 -1 0 0 -1 0 0 -1 0 0 -1 0 0 -1 0 0 -1 0 0 -1 0 0 -1 0 0 -1 0 0 -1 0 0 -1 0 0 -1 0 0 -1 0 0 -1 0 0 -1 0 0 -1 0 -0.999376 0 -0.03532 -0.996397 0 0.0848059 -0.991317 0 0.131497 -0.955606 0 0.294646 -0.967733 0 0.251978 -0.911228 0 0.411901 -0.893242 0 0.449577 -0.82851 0 0.559975 -0.805962 0 0.591967 -0.696201 0 0.717847 -0.721956 0 0.691939 -0.594633 0 0.803997 -0.567022 0 0.823703 -0.450204 0 0.892926 -0.422026 0 0.906583 -0.26526 0 0.964177 -0.292823 0 0.956167 -0.127018 0 0.9919 -0.101094 0 0.994877 0.0424415 0 0.999099 0.0658917 0 0.997827 0.231039 0 0.972944 0.210679 0 0.977555 0.372856 0 0.927889 0.389743 0 0.920924 0.524307 0 0.851529 0.537575 0 0.843216 0.670413 0 0.741988 0.660675 0 0.750672 0.778036 0 0.62822 0.78455 0 0.620065 0.873014 0 0.487695 0.876805 0 0.480845 0.944603 0 0.328214 0.942877 0 0.33314 0.985616 0 0.169001 0.986054 0 0.166429 1 0 -1.74846e-07 1 0 3.01992e-07 -0.996397 0 -0.0848059 -0.97956 0 -0.201152 -0.967733 0 -0.251978 -0.932421 0 -0.361373 -0.911229 0 -0.411901 -0.82851 0 -0.559975 -0.859275 0 -0.511514 -0.76216 0 -0.647388 -0.721956 0 -0.691939 -0.647385 0 -0.762164 -0.594633 0 -0.803997 -0.450204 0 -0.892926 -0.515552 0 -0.856858 -0.370136 0 -0.928977 -0.292823 0 -0.956167 -0.214969 0 -0.976621 -0.127018 0 -0.9919 0.0424412 0 -0.999099 -0.0541373 0 -0.998533 0.10812 0 -0.994138 0.210679 0 -0.977555 0.26753 0 -0.96355 0.372856 0 -0.927889 0.41989 0 -0.907575 0.561188 0 -0.827688 0.524307 0 -0.851529 0.6877 0 -0.725995 0.660675 0 -0.750672 0.778036 0 -0.62822 0.796093 0 -0.605174 0.883512 0 -0.468408 0.873014 0 -0.487695 0.947653 0 -0.319301 0.942877 0 -0.33314 0.985616 0 -0.169001 0.986827 0 -0.161782 0 1 0 0 1 0 0 1 0 0 1 0 0 1 0 0 1 0 0 1 0 0 1 0 0 1 0 0 1 0 0 1 0 0 1 0 0 1 0 0 1 0 0 1 0 0 1 0 0 1 0 0 1 0 0 1 0 0 1 0 0 1 0 0 1 0 0 1 0 0 1 0 0 1 0 0 1 0 0 1 0 0 1 0 0 1 0 0 1 0 0 1 0 0 1 0 0 1 0 0 1 0 0 1 0 0 1 0 0 1 0 0 1 0 0 1 0 0 1 0 0 1 0 0 1 0 0 1 0 0 1 0 0 1 0 0 1 0 0 1 0 0 1 0 0 1 0 0 1 0 0 1 0 0 1 0 0 1 0 0 1 0 0 1 0 0 1 0 0 1 0 0 1 0 0 1 0 0 1 0 0 1 0 0 1 0 0 1 0 0 1 0 0 1 0 0 1 0 0 1 0 0 1 0 0 1 0 0 1 0 0 1 0 0 1 0 0 1 0 0 1 0 0 1 0 0 1 0 0 1 0 0 1 0 0 1 0 0 1 0 0 1 0 0 1 0 -0.562234 0 -0.826979 -0.615661 0 -0.788011 -0.5 0 -0.866026 0.988626 0 0.150395 0.990268 0 0.139173 0.961262 0 0.275638 0.848048 0 0.529919 0.900398 0 0.435068 0.913546 0 0.406736 -0.449481 0 -0.89329 -0.0573825 0 0.998352 0.0348998 0 0.999391 -0.104528 0 0.994522 0.173648 0 0.984808 0.0734193 0 0.997301 0.202965 0 0.979186 1 0 3.01992e-07 1 0 3.01992e-07 0.955067 0 0.29639 0.449481 0 0.89329 0.438371 0 0.898794 0.329038 0 0.944317 0.665366 0 0.746517 0.757114 0 0.653283 0.669131 0 0.743145 -0.187203 0 0.982321 -0.241922 0 0.970296 -0.746517 0 0.665366 -0.71934 0 0.694658 -0.809017 0 0.587785 -0.548871 0 0.835907 -0.435068 0 0.900398 -0.5 0 0.866025 -0.979186 0 0.202965 -0.981187 0 0.19306 -0.997301 0 0.0734193 -0.89329 0 0.449481 -0.900398 0 0.435068 -0.944317 0 0.329038 -0.809017 0 -0.587785 -0.835907 0 -0.548871 -0.882948 0 -0.469472 -0.949482 0 -0.31382 -0.982321 0 -0.187203 -0.981241 0 -0.192785 -0.374606 0 -0.927184 -0.71934 0 -0.694658 -0.665366 0 -0.746517 -0.329038 0 -0.944317 -0.241922 0 -0.970296 -0.202965 0 -0.979186 -0.0734193 0 -0.997301 -0.104528 0 -0.994522 0.0348995 0 -0.999391 0.0573827 0 -0.998352 0.173648 0 -0.984808 0.309017 0 -0.951056 0.187203 0 -0.982321 0.954953 0 -0.296757 0.988617 0 -0.150451 0.955766 0 -0.294127 0.438371 0 -0.898794 0.31382 0 -0.949482 0.653283 0 -0.757114 0.548871 0 -0.835907 0.559193 0 -0.829038 0.901396 0 -0.432995 0.669131 0 -0.743145 0.746517 0 -0.665366 0.766044 0 -0.642788 0.900398 0 -0.435068 0.826979 0 -0.562234 0.848048 0 -0.529919 0.900398 0 -0.435068 0.913545 0 -0.406737 0.955096 0 -0.296298 0.988687 0 -0.14999 0.961262 0 -0.275637 0.990268 0 -0.139173 0.435068 0 -0.900398 0.98888 0 -0.148717 1 0 -3.1964e-12 1 0 -1.37774e-22 -0.757114 0 -0.653283 -0.900398 0 -0.435068 -0.948406 0 -0.317058 -0.900398 0 -0.435068 -0.997908 0 -0.064644 -0.997923 0 -0.0644108 -0.997564 0 -0.0697565 -0.981334 0 -0.19231 -0.998352 0 -0.0573829 -0.997888 0 0.064952 -0.948387 0 0.317115 -0.826979 0 0.562234 -0.882948 0 0.469472 -0.615662 0 0.788011 -0.653283 0 0.757114 -0.31382 0 0.949482 -0.374606 0 0.927184 0.309017 0 0.951056 0.559193 0 0.829038 0.562233 0 0.826979 0.766045 0 0.642787 0.835907 0 0.548871 0.900398 0 0.435068 0.900398 0 0.435067 0.954942 0 0.296793 0.955314 0 0.295593 0.988588 0 0.150643 0.988765 0 0.149475 -0.900398 0 0.435068 -0.939693 0 0.34202 -0.948507 0 0.316755 -0.978148 0 0.207912 -0.981244 0 0.19277 -0.997564 0 0.0697564 -0.997903 0 0.0647222 -0.978148 0 -0.207912 -0.948552 0 -0.316622 -0.939693 0 -0.34202 -0.900398 0 -0.435068 0 -1 0 0 -1 0 0 -1 0 0 -1 0 0 -1 0 0 -1 0 0 -1 0 0 -1 0 0 -1 0 0 -1 0 0 -1 0 0 -1 0 -0.292823 0 0.956167 -0.357532 0 0.933901 -0.357532 0 0.933901 -0.177113 0 -0.984191 -0.127018 0 -0.9919 -0.292823 0 -0.956167 -0.339026 0 -0.940777 -0.450204 0 -0.892926 -0.450204 0 0.892926 -0.491432 0 -0.870916 -0.594633 0 -0.803997 -0.987548 0 0.157319 -0.987548 0 0.157319 -0.967733 0 0.251978 -0.933559 0 0.358423 0.156376 0 -0.987698 0.210679 0 -0.977555 0.0424412 0 -0.999099 -0.0101892 0 -0.999948 0.156376 0 -0.987698 0.357532 0 -0.933901 0.372856 0 -0.927889 -0.630016 0 -0.776582 -0.630016 0 -0.776582 -0.721956 0 -0.691939 -0.777183 0 -0.629275 0.645224 0 -0.763994 0.660675 0 -0.750672 0.524307 0 -0.851529 0.508519 0 -0.861051 0.763778 0 -0.645479 0.778036 0 -0.62822 0.357532 0 -0.933901 0.933559 0 -0.358423 0.942877 0 -0.33314 0.873014 0 -0.487695 0.860886 0 -0.508798 0.933559 0 -0.358423 0.987548 0 -0.157319 0.987548 0 -0.157319 0.985616 0 -0.169001 1 0 0 1 0 -4.11446e-12 -0.777183 0 -0.629275 -0.82851 0 -0.559975 -0.871075 0 -0.49115 -0.94089 0 -0.338711 -0.911229 0 -0.411901 -0.967733 0 -0.251978 -0.98425 0 -0.176783 -0.996397 0 -0.0848059 -0.999951 0 -0.00986527 -0.996397 0 0.0848059 -0.933559 0 0.358423 -0.911228 0 0.411901 -0.860886 0 0.508798 -0.763778 0 0.64548 -0.82851 0 0.559975 -0.721956 0 0.691939 -0.645224 0 0.763994 -0.594633 0 0.803997 -0.508519 0 0.861051 -0.127018 0 0.9919 0.0424415 0 0.999099 0.0101894 0 0.999948 -0.156377 0 0.987697 0.630016 0 0.776582 0.491432 0 0.870916 0.524307 0 0.851529 0.339026 0 0.940777 0.177113 0 0.984191 0.210679 0 0.977555 0.778036 0 0.62822 0.777183 0 0.629275 0.660675 0 0.750672 0.630016 0 0.776582 0.777183 0 0.629275 0.985523 0 0.169545 0.94255 0 0.334066 0.942877 0 0.33314 0.872276 0 0.489014 0.873014 0 0.487695 0.985616 0 0.169001 0.372856 0 0.927889 -0.156377 0 0.987697 0 -1 0 0 -1 0 0 -1 0 0 -1 0 0 -1 0 0 -1 0 0 -1 0 0 -1 0 0 -1 0 0 -1 0 0 -1 0 0 -1 0 0 -1 0 0 -1 0 0 -1 0 0 -1 0 0 -1 0 0 -1 0 0 -1 0 0 -1 0 0 -1 0 0 -1 0 0 -1 0 0 -1 0 0 -1 0 0 -1 0 0 -1 0 0 -1 0 0 -1 0 0 -1 0 0 -1 0 0 -1 0 0 -1 0 0 -1 0 0 -1 0 0 -1 0 0 -1 0 0 -1 0 0 -1 0 0 -1 0 0 -1 0 0 -1 0 0 -1 0 0 -1 0 0 -1 0 0 -1 0 0 -1 0 0 -1 0 0 -1 0 0 -1 0 0 -1 0 0 -1 0 0 -1 0 0 -1 0 0 -1 0 0 -1 0 0 -1 0 0 -1 0 0 -1 0 0 -1 0 0 -1 0 0 -1 0 0 -1 0 0 -1 0 0 -1 0 0 -1 0 0 -1 0 0 -1 0 0 -1 0 0 -1 0 0 -1 0 0 -1 0 0 -1 0 0 -1 0 -0.985616 0 0.169001 -1 -0 -1.79155e-23 -1 -0 -1.37153e-11 -0.778036 0 0.62822 -0.873014 0 0.487695 -0.866025 0 0.5 -0.942877 0 0.33314 -0.984808 0 0.173648 -0.939693 0 0.34202 -0.5 0 0.866025 -0.372856 0 0.927889 -0.524307 0 0.851529 -0.766044 0 0.642788 -0.642788 0 0.766044 -0.660675 0 0.750672 -0.0424412 0 0.999099 4.37114e-08 0 1 0.127018 0 0.9919 -0.210679 0 0.977555 -0.34202 0 0.939693 -0.173648 0 0.984808 0.594633 0 0.803997 0.450204 0 0.892926 0.483719 0 0.875223 0.330279 0 0.943883 0.292823 0 0.956167 0.167506 0 0.985871 0.846724 0 0.532032 0.911229 0 0.411901 0.82851 0 0.559975 0.62349 0 0.781831 0.745642 0 0.666347 0.721956 0 0.691939 0.996397 0 0.0848059 0.998427 0 0.0560704 0.996397 0 -0.0848059 0.967733 0 0.251978 0.92388 0 0.382683 0.974928 0 0.222521 0.82851 0 -0.559975 0.911228 0 -0.411901 0.900969 0 -0.433884 0.960917 0 -0.276836 0.967733 0 -0.251978 0.993712 0 -0.111964 0.578671 0 -0.815561 0.450204 0 -0.892926 0.594633 0 -0.803997 0.815561 0 -0.578671 0.707107 0 -0.707107 0.721956 0 -0.691939 0.127018 0 -0.9919 0.111965 0 -0.993712 -0.0424415 -0 -0.999099 0.292823 0 -0.956167 0.433884 0 -0.900969 0.276836 0 -0.960917 -0.0560705 -0 -0.998427 -0.222521 -0 -0.974928 -0.210679 -0 -0.977555 -0.382684 -0 -0.923879 -0.372856 -0 -0.927889 -0.524307 -0 -0.851529 -0.532032 -0 -0.846724 -0.666346 -0 -0.745642 -0.660675 -0 -0.750672 -0.781831 -0 -0.62349 -0.778036 -0 -0.62822 -0.873014 -0 -0.487695 -0.875223 -0 -0.483719 -0.943883 -0 -0.330279 -0.942877 -0 -0.33314 -0.985871 -0 -0.167506 -0.985616 -0 -0.169001 -0.0948874 0.98712 0.128807 -0.115291 0.98712 0.110919 -0.103648 0.982796 0.152869 0.124282 0.98712 -0.100742 0.105469 0.98712 -0.120296 0.110167 0.990232 -0.0854661 0.119568 0.982796 0.140767 0.140766 0.982796 0.119568 0.105926 0.98712 0.119895 0.0340024 0.98712 0.156329 0.0683617 0.982796 0.171576 0.0599331 0.98712 0.148334 0.00709355 0.98712 0.159827 0.0397033 0.982796 0.180376 0.0952191 0.982796 0.158256 0.0841396 0.98712 0.136072 0.0146007 0.992108 0.124531 0.0354364 0.992108 0.120272 -0.00613982 0.992734 0.120171 0.0494606 0.990232 0.130364 0.0707808 0.990232 0.12013 0.00999875 0.982796 0.184423 -0.0200193 0.98712 0.158727 -0.0199691 0.982796 0.183611 -0.0465563 0.98712 0.15306 -0.049411 0.982796 0.177961 -0.071754 0.98712 0.142991 -0.077551 0.982796 0.167623 -0.127014 0.982796 0.134087 -0.147033 0.982796 0.111772 -0.132378 0.98712 0.0898388 -0.154745 0.98712 0.0406066 -0.163179 0.982796 0.0865119 -0.145657 0.98712 0.0661746 -0.159433 0.98712 -0.0132647 -0.154898 0.98712 -0.0400183 -0.184694 0.982796 2.11212e-08 -0.175025 0.982796 0.0589729 -0.159382 0.98712 0.0138704 -0.18226 0.982796 0.02988 -0.174462 0.982796 -0.060619 -0.182118 0.982796 -0.0307382 -0.145907 0.98712 -0.0656206 -0.115712 0.98712 -0.11048 -0.16194 0.982796 -0.0888091 -0.132718 0.98712 -0.0893352 -0.0471376 0.98712 -0.152882 -0.0992866 0.982796 -0.155737 -0.0722968 0.98712 -0.142717 -0.0953762 0.98712 -0.128446 -0.123821 0.982796 -0.13704 -0.144901 0.982796 -0.114522 -0.0121698 0.982796 -0.184292 0.00648625 0.98712 -0.159853 0.0186714 0.982796 -0.183747 -0.0719829 0.982796 -0.170089 -0.0206223 0.98712 -0.15865 -0.0426715 0.982796 -0.179697 0.104725 0.982796 -0.152133 0.0779455 0.982796 -0.16744 0.083622 0.98712 -0.13639 0.059369 0.98712 -0.148561 0.0489917 0.982796 -0.178077 0.0334082 0.98712 -0.156457 0.13952 0.98712 -0.0782887 0.164976 0.982796 -0.0830339 0.148856 0.982796 -0.109333 0.128584 0.982796 -0.132582 0.176494 0.982796 -0.0544192 0.150744 0.98712 -0.0535836 0.157631 0.98712 -0.027337 0.184578 0.982796 0.00652337 0.159984 0.98712 -0.000303953 0.157734 0.98712 0.0267378 0.18309 0.982796 -0.0242867 0.139817 0.98712 0.077758 0.158702 0.982796 0.0944734 0.172212 0.982796 0.0667432 0.180918 0.982796 0.0371514 0.150947 0.98712 0.0530104 0.0289428 0.992734 0.116795 0.0552528 0.992108 0.112553 0.0734796 0.992108 0.101596 0.0480978 0.992734 0.110297 0.124664 0.98712 0.100269 0.0900647 0.990232 0.10644 0.106758 0.990232 0.0896879 0.120379 0.990232 0.0703557 0.130538 0.990232 0.0489995 0.136941 0.990232 0.0262337 0.139405 0.990232 0.00271313 0.137858 0.990232 -0.0208855 0.132346 0.990232 -0.0438832 0.123026 0.990232 -0.0656185 0.0941381 0.990232 -0.102855 0.0754014 0.990232 -0.117285 0.0544956 0.990232 -0.128341 0.032022 0.990232 -0.135705 0.00862719 0.990232 -0.139164 -0.0150158 0.990232 -0.138621 -0.0382268 0.990232 -0.134089 -0.0603381 0.990232 -0.1257 -0.0807135 0.990232 -0.113695 -0.098767 0.990232 -0.0984185 -0.113979 0.990232 -0.0803112 -0.125912 0.990232 -0.0598934 -0.134223 0.990232 -0.0377526 -0.138673 0.990232 -0.0145257 -0.139133 0.990232 0.00911905 -0.135591 0.990232 0.0325014 -0.128147 0.990232 0.0549489 -0.117018 0.990232 0.0758154 -0.102522 0.990232 0.094501 -0.0850762 0.990232 0.110468 -0.0651833 0.990232 0.123257 -0.0434151 0.990232 0.1325 -0.0203981 0.990232 0.137931 0.00320584 0.990232 0.139395 0.0267175 0.990232 0.136848 0.0895925 0.992108 0.0877169 0.103128 0.992108 0.071314 0.113697 0.992108 0.0528595 0.120995 0.992108 0.0328843 0.124812 0.992108 0.0119631 0.125038 0.992108 -0.00930226 0.121668 0.992108 -0.0303 0.114797 0.992108 -0.0504261 0.104623 0.992108 -0.0691015 0.0914403 0.992108 -0.085789 0.0756266 0.992108 -0.100008 0.0576373 0.992108 -0.111351 0.0379898 0.992108 -0.11949 0.0172495 0.992108 -0.124192 -0.00398711 0.992108 -0.12532 -0.025109 0.992108 -0.122844 -0.0455085 0.992108 -0.116833 -0.0645989 0.992108 -0.107462 -0.0818308 0.992108 -0.0949989 -0.0967087 0.992108 -0.079803 -0.108804 0.992108 -0.0623112 -0.11777 0.992108 -0.0430269 -0.123348 0.992108 -0.0225048 -0.125377 0.992108 -0.00133525 -0.123799 0.992108 0.0198727 -0.11866 0.992108 0.040509 -0.110107 0.992108 0.0599799 -0.0983863 0.992108 0.0777253 -0.0838355 0.992108 0.0932346 -0.0668729 0.992108 0.106062 -0.0479865 0.992108 0.115838 -0.0277195 0.992108 0.122281 -0.00665519 0.992108 0.125207 0.0658936 0.992734 0.100682 0.0818273 0.992734 0.0882215 0.0954489 0.992734 0.0732684 0.106373 0.992734 0.056245 0.114292 0.992734 0.0376321 0.11898 0.992734 0.0179558 0.120307 0.992734 -0.00222782 0.118234 0.992734 -0.0223485 0.11282 0.992734 -0.0418377 0.104218 0.992734 -0.0601446 0.0926708 0.992734 -0.076752 0.078505 0.992734 -0.0911905 0.0621209 0.992734 -0.103052 0.0439813 0.992734 -0.112002 0.0245989 0.992734 -0.117786 0.00452135 0.992734 -0.120243 -0.000607839 0.992734 -0.120326 -0.0207546 0.992734 -0.118524 -0.040315 0.992734 -0.113373 -0.058736 0.992734 -0.105018 -0.0754974 0.992734 -0.0936958 -0.0901253 0.992734 -0.0797257 -0.102206 0.992734 -0.0635027 -0.111399 0.992734 -0.0454853 -0.117445 0.992734 -0.0261825 -0.120171 0.992734 -0.00613984 -0.119411 0.992734 0.0148209 -0.115024 0.992734 0.0353313 -0.107141 0.992734 0.0547682 -0.0960029 0.992734 0.072541 -0.0819478 0.992734 0.0881097 -0.0654027 0.992734 0.101001 -0.0468705 0.992734 0.110824 -0.0269141 0.992734 0.117279 -0.379452 0.925211 0 -0.379632 0.925138 0 -0.379632 0.925138 0 -0.376704 0.926334 0 -0.377997 0.925807 0 -0.377892 0.92585 0 -0.37891 0.925434 0 -0.379441 0.925216 0 -0.378863 0.925453 0 -0.372465 0.928046 0 -0.370374 0.928883 0 -0.372919 0.927864 0 -0.376514 0.926411 0 -0.374713 0.927141 0 -0.375017 0.927018 0 -0.363819 0.93147 0 -0.362708 0.931903 0 -0.359722 0.93306 0 -0.367356 0.93008 0 -0.369743 0.929134 0 -0.366506 0.930416 0 -0.349559 0.936914 0 -0.35317 0.935559 0 -0.347262 0.937768 0 -0.354989 0.934871 0 -0.358287 0.933612 0 -0.323508 0.946225 0 -0.327901 0.944712 0 -0.332596 0.943069 0 -0.340449 0.940263 0 -0.336157 0.941806 0 -0.343313 0.939221 0 -0.300608 0.953748 0 -0.29448 0.955658 0 -0.30734 0.9516 0 -0.312961 0.949766 0 -0.318395 0.947958 0 -0.268717 0.963219 0 -0.261243 0.965273 0 -0.279268 0.960213 0 -0.286082 0.958205 0 -0.222066 0.975032 0 -0.212635 0.977132 0 -0.239343 0.970935 0 -0.247853 0.968798 0 -0.14822 0.988954 0 -0.135587 0.990765 0 -0.178779 0.983889 0 -0.190044 0.981775 0 -0.0150069 0.999887 0 0.00332012 0.999995 0 -0.0769542 0.997035 0 -0.0932309 0.995645 0 0.231005 0.972953 0 0.117169 0.993112 0 0.097179 0.995267 0 0.247923 0.96878 0 0.371777 0.928322 0 0.488697 0.872454 0 0.381096 0.924536 0 0.564332 0.825548 0 0.494713 0.869056 0 0.565932 0.824452 0 0.590629 0.806944 0 0.590629 0.806944 0 -0.798829 0.601558 0 -0.890465 0.455051 0 -0.798829 0.601558 0 -0.890465 0.455052 0 -0.955511 0.294956 0 -0.992024 0.126053 0 -0.955511 0.294956 0 -0.998913 -0.0466144 -0 -0.992024 0.126053 0 -0.998913 -0.0466144 -0 -0.975973 -0.21789 -0 -0.92389 -0.382658 -0 -0.975973 -0.21789 -0 -0.844218 -0.536001 -0 -0.92389 -0.382658 -0 -0.844218 -0.536001 -0 -0.739336 -0.673337 -0 -0.612376 -0.790566 -0 -0.739336 -0.673337 -0 -0.612376 -0.790566 -0 -0.683338 0.730102 0 -0.547443 0.836843 0 -0.683338 0.730102 0 -0.547443 0.836843 0 -0.395199 0.918595 0 -0.231155 0.972917 0 -0.395199 0.918595 0 -0.0602074 0.998186 0 -0.231155 0.972917 0 -0.0602074 0.998186 0 0.112538 0.993647 0 0.281922 0.959437 0 0.112538 0.993647 0 0.442888 0.896577 0 0.281922 0.959437 0 0.442888 0.896577 0 0.590629 0.806944 0 0.590629 0.806944 0 0.340997 -0.940064 0 0.342824 -0.9394 0 0.322929 -0.946423 0 0.295922 -0.955212 0 0.320549 -0.947232 0 0.26141 -0.965228 0 0.293071 -0.956091 0 0.258175 -0.966098 0 0.21899 -0.975727 0 0.168339 -0.985729 0 0.215472 -0.97651 0 0.109337 -0.994005 0 0.164656 -0.986351 0 0.105632 -0.994405 0 0.042228 -0.999108 0 -0.0322284 -0.999481 -0 0.0386628 -0.999252 0 -0.112635 -0.993636 -0 -0.0354792 -0.99937 -0 -0.115401 -0.993319 -0 -0.196947 -0.980414 -0 -0.282618 -0.959233 -0 -0.199088 -0.979982 -0 -0.366897 -0.930261 -0 -0.284045 -0.958811 -0 -0.367588 -0.929989 -0 -0.447214 -0.894427 -0 -0.447214 -0.894427 -0 0.354738 -0.934966 0 0.355928 -0.934514 0 0.361991 -0.932182 0 0.362851 -0.931847 0 0.362452 -0.932002 0 0.357274 -0.934 0 0.362478 -0.931993 0 0.35594 -0.934509 0 0.345072 -0.938576 0 0.325916 -0.945399 0 0.342625 -0.939472 0 0.299345 -0.954145 0 0.322176 -0.94668 0 0.294102 -0.955774 0 0.264804 -0.964302 0 0.221693 -0.975116 0 0.25782 -0.966193 0 0.169477 -0.985534 0 0.212719 -0.977113 0 0.158277 -0.987395 0 0.107832 -0.994169 0 0.0368524 -0.999321 0 0.0942237 -0.995551 0 0.0243307 -0.999704 0 0.0198166 -0.999804 0 0.0207733 -0.999784 0 -0.0137758 -0.999905 -0 0.00709229 -0.999975 0 -0.0427128 -0.999087 -0 0 0 1 0 0 1 0 0 1 0 0 1 0 0 1 0 0 1 0 0 1 0 0 1 0 0 1 0 0 1 0 0 1 0 0 1 0 0 1 0 0 1 0 0 1 0 0 1 0 0 1 0 0 1 0 0 1 0 0 1 0 0 1 0 0 1 0 0 1 0 0 1 0 0 1 0 0 1 0 0 1 0 0 1 0 0 1 0 0 1 0 0 1 0 0 1 0 0 1 0 0 1 0 0 1 0 0 1 0 0 1 0 0 1 0 0 1 0 0 1 0 0 1 0 0 1 0 0 1 0 0 1 0 0 1 0 0 1 0 0 1 0 0 1 0 0 1 0 0 1 0 0 1 0 0 1 0 0 1 0 0 1 0 0 1 0 0 1 0 0 1 0 0 1 0 0 1 0 0 1 0 0 1 0 0 1 0 0 1 0 0 1 0 0 1 0 0 1 0 0 1 0 0 1 0 0 1 0 0 1 0 0 1 0 0 1 0 0 1 0 0 1 0 0 1 0 0 1 0 0 1 -0 -0 -1 -0 -0 -1 -0 -0 -1 -0 -0 -1 -0 -0 -1 -0 -0 -1 -0 -0 -1 -0 -0 -1 -0 -0 -1 -0 -0 -1 -0 -0 -1 -0 -0 -1 -0 -0 -1 -0 -0 -1 -0 -0 -1 -0 -0 -1 -0 -0 -1 -0 -0 -1 -0 -0 -1 -0 -0 -1 -0 -0 -1 -0 -0 -1 -0 -0 -1 -0 -0 -1 -0 -0 -1 -0 -0 -1 -0 -0 -1 -0 -0 -1 -0 -0 -1 -0 -0 -1 -0 -0 -1 -0 -0 -1 -0 -0 -1 -0 -0 -1 -0 -0 -1 -0 -0 -1 -0 -0 -1 -0 -0 -1 -0 -0 -1 -0 -0 -1 -0 -0 -1 -0 -0 -1 -0 -0 -1 -0 -0 -1 -0 -0 -1 -0 -0 -1 -0 -0 -1 -0 -0 -1 -0 -0 -1 -0 -0 -1 -0 -0 -1 -0 -0 -1 -0 -0 -1 -0 -0 -1 -0 -0 -1 -0 -0 -1 -0 -0 -1 -0 -0 -1 -0 -0 -1 -0 -0 -1 -0 -0 -1 -0 -0 -1 -0 -0 -1 -0 -0 -1 -0 -0 -1 -0 -0 -1 -0 -0 -1 -0 -0 -1 -0 -0 -1 -0 -0 -1 -0 -0 -1 -0 -0 -1 -0 -0 -1 -0 -0 -1 -0 -0 -1 -0 -0 -1 -0 -0 -1 -0.189726 0.925211 -0.328615 -0.189816 0.925138 -0.328771 -0.189816 0.925138 -0.328771 -0.188352 0.926334 -0.326235 -0.188999 0.925807 -0.327355 -0.188946 0.92585 -0.327264 -0.189455 0.925434 -0.328146 -0.18972 0.925216 -0.328605 -0.189431 0.925453 -0.328105 -0.186233 0.928046 -0.322565 -0.185187 0.928883 -0.320754 -0.18646 0.927864 -0.322958 -0.188257 0.926411 -0.326071 -0.187357 0.927141 -0.324511 -0.187509 0.927018 -0.324774 -0.18191 0.93147 -0.315077 -0.181354 0.931903 -0.314115 -0.179861 0.93306 -0.311528 -0.183678 0.93008 -0.31814 -0.184872 0.929134 -0.320207 -0.183253 0.930416 -0.317404 -0.17478 0.936914 -0.302727 -0.176585 0.935559 -0.305854 -0.173631 0.937768 -0.300738 -0.177494 0.934871 -0.307429 -0.179143 0.933612 -0.310286 -0.161754 0.946225 -0.280167 -0.163951 0.944712 -0.283971 -0.166298 0.943069 -0.288037 -0.170224 0.940263 -0.294837 -0.168079 0.941806 -0.291121 -0.171657 0.939221 -0.297318 -0.150304 0.953748 -0.260335 -0.14724 0.955658 -0.255027 -0.15367 0.9516 -0.266164 -0.156481 0.949766 -0.271032 -0.159197 0.947958 -0.275738 -0.134359 0.963219 -0.232716 -0.130622 0.965273 -0.226243 -0.139634 0.960213 -0.241853 -0.143041 0.958205 -0.247754 -0.111033 0.975032 -0.192314 -0.106317 0.977132 -0.184147 -0.119672 0.970935 -0.207277 -0.123926 0.968798 -0.214647 -0.0741099 0.988954 -0.128362 -0.0677935 0.990765 -0.117422 -0.0893897 0.983889 -0.154828 -0.0950222 0.981775 -0.164583 -0.00750346 0.999887 -0.0129964 0.00166006 0.999995 0.00287531 -0.0384771 0.997035 -0.0666443 -0.0466154 0.995645 -0.0807403 0.115502 0.972953 0.200056 0.0585846 0.993112 0.101472 0.0485895 0.995267 0.0841595 0.123961 0.96878 0.214707 0.185888 0.928322 0.321968 0.244349 0.872454 0.423224 0.190548 0.924536 0.330038 0.282166 0.825548 0.488726 0.247357 0.869056 0.428434 0.282966 0.824452 0.490111 0.295314 0.806944 0.511499 0.295314 0.806944 0.511499 -0.399414 0.601558 -0.691806 -0.445233 0.455051 -0.771165 -0.399414 0.601558 -0.691806 -0.445233 0.455052 -0.771165 -0.477755 0.294956 -0.827497 -0.496012 0.126053 -0.859118 -0.477755 0.294956 -0.827497 -0.499456 -0.0466144 -0.865084 -0.496012 0.126053 -0.859118 -0.499456 -0.0466144 -0.865084 -0.487987 -0.21789 -0.845218 -0.461945 -0.382658 -0.800112 -0.487987 -0.21789 -0.845218 -0.422109 -0.536001 -0.731114 -0.461945 -0.382658 -0.800112 -0.422109 -0.536001 -0.731114 -0.369668 -0.673337 -0.640284 -0.306188 -0.790566 -0.530334 -0.369668 -0.673337 -0.640284 -0.306188 -0.790566 -0.530334 -0.341669 0.730102 -0.591788 -0.273721 0.836843 -0.474099 -0.341669 0.730102 -0.591788 -0.273721 0.836843 -0.474099 -0.1976 0.918595 -0.342253 -0.115577 0.972917 -0.200186 -0.1976 0.918595 -0.342253 -0.0301037 0.998186 -0.0521411 -0.115577 0.972917 -0.200186 -0.0301037 0.998186 -0.0521411 0.0562688 0.993647 0.0974604 0.140961 0.959437 0.244152 0.0562688 0.993647 0.0974604 0.221444 0.896577 0.383552 0.140961 0.959437 0.244152 0.221444 0.896577 0.383552 0.295314 0.806944 0.511499 0.295314 0.806944 0.511499 0.170499 -0.940064 0.295312 0.171412 -0.9394 0.296894 0.161465 -0.946423 0.279665 0.147961 -0.955212 0.256276 0.160275 -0.947232 0.277604 0.130705 -0.965228 0.226388 0.146535 -0.956091 0.253807 0.129088 -0.966098 0.223586 0.109495 -0.975727 0.189651 0.0841693 -0.985729 0.145786 0.107736 -0.97651 0.186604 0.0546687 -0.994005 0.0946889 0.0823282 -0.986351 0.142597 0.0528162 -0.994405 0.0914804 0.021114 -0.999108 0.0365705 -0.0161142 -0.999481 -0.0279106 0.0193314 -0.999252 0.033483 -0.0563174 -0.993636 -0.0975447 -0.0177396 -0.99937 -0.0307258 -0.0577007 -0.993319 -0.0999406 -0.0984735 -0.980414 -0.170561 -0.141309 -0.959233 -0.244754 -0.0995442 -0.979982 -0.172416 -0.183449 -0.930261 -0.317742 -0.142022 -0.958811 -0.24599 -0.183794 -0.929989 -0.31834 -0.223607 -0.894427 -0.387299 -0.223607 -0.894427 -0.387299 0.177964 -0.934514 0.308242 0.177369 -0.934966 0.307212 0.180996 -0.932182 0.313493 0.181226 -0.932002 0.313893 0.181426 -0.931847 0.314238 0.181239 -0.931993 0.313915 0.17797 -0.934509 0.308253 0.178637 -0.934 0.309409 0.172536 -0.938576 0.298841 0.171313 -0.939472 0.296722 0.162958 -0.945399 0.282251 0.161088 -0.94668 0.279012 0.147051 -0.955774 0.254699 0.149673 -0.954145 0.259241 0.132402 -0.964302 0.229327 0.12891 -0.966193 0.223278 0.110847 -0.975116 0.191992 0.10636 -0.977113 0.18422 0.0791383 -0.987395 0.137072 0.0847386 -0.985534 0.146772 0.0539158 -0.994169 0.0933849 0.0471119 -0.995551 0.0816001 0.0184261 -0.999321 0.031915 0.0121653 -0.999704 0.021071 0.00990832 -0.999804 0.0171617 0.0103866 -0.999784 0.0179902 -0.00688797 -0.999905 -0.0119303 0.00354615 -0.999975 0.00614211 -0.0213565 -0.999087 -0.0369905 -0.866025 0 0.5 -0.866025 0 0.5 -0.866025 0 0.5 -0.866025 0 0.5 -0.866025 0 0.5 -0.866025 0 0.5 -0.866025 0 0.5 -0.866025 0 0.5 -0.866025 0 0.5 -0.866025 0 0.5 -0.866025 0 0.5 -0.866025 0 0.5 -0.866025 0 0.5 -0.866025 0 0.5 -0.866025 0 0.5 -0.866025 0 0.5 -0.866025 0 0.5 -0.866025 0 0.5 -0.866025 0 0.5 -0.866025 0 0.5 -0.866025 0 0.5 -0.866025 0 0.5 -0.866025 0 0.5 -0.866025 0 0.5 -0.866025 0 0.5 -0.866025 0 0.5 -0.866025 0 0.5 -0.866025 0 0.5 -0.866025 0 0.5 -0.866025 0 0.5 -0.866025 0 0.5 -0.866025 0 0.5 -0.866025 0 0.5 -0.866025 0 0.5 -0.866025 0 0.5 -0.866025 0 0.5 -0.866025 0 0.5 -0.866025 0 0.5 -0.866025 0 0.5 -0.866025 0 0.5 -0.866025 0 0.5 -0.866025 0 0.5 -0.866025 0 0.5 -0.866025 0 0.5 -0.866025 0 0.5 -0.866025 0 0.5 -0.866025 0 0.5 -0.866025 0 0.5 -0.866025 0 0.5 -0.866025 0 0.5 -0.866025 0 0.5 -0.866025 0 0.5 -0.866025 0 0.5 -0.866025 0 0.5 -0.866025 0 0.5 -0.866025 0 0.5 -0.866025 0 0.5 -0.866025 0 0.5 -0.866025 0 0.5 -0.866025 0 0.5 -0.866025 0 0.5 -0.866025 0 0.5 -0.866025 0 0.5 -0.866025 0 0.5 -0.866025 0 0.5 -0.866025 0 0.5 -0.866025 0 0.5 -0.866025 0 0.5 -0.866025 0 0.5 -0.866025 0 0.5 -0.866025 0 0.5 -0.866025 0 0.5 -0.866025 0 0.5 -0.866025 0 0.5 -0.866025 0 0.5 -0.866025 0 0.5 -0.866025 0 0.5 0.866025 0 -0.5 0.866025 0 -0.5 0.866025 0 -0.5 0.866025 0 -0.5 0.866025 0 -0.5 0.866025 0 -0.5 0.866025 0 -0.5 0.866025 0 -0.5 0.866025 0 -0.5 0.866025 0 -0.5 0.866025 0 -0.5 0.866025 0 -0.5 0.866025 0 -0.5 0.866025 0 -0.5 0.866025 0 -0.5 0.866025 0 -0.5 0.866025 0 -0.5 0.866025 0 -0.5 0.866025 0 -0.5 0.866025 0 -0.5 0.866025 0 -0.5 0.866025 0 -0.5 0.866025 0 -0.5 0.866025 0 -0.5 0.866025 0 -0.5 0.866025 0 -0.5 0.866025 0 -0.5 0.866025 0 -0.5 0.866025 0 -0.5 0.866025 0 -0.5 0.866025 0 -0.5 0.866025 0 -0.5 0.866025 0 -0.5 0.866025 0 -0.5 0.866025 0 -0.5 0.866025 0 -0.5 0.866025 0 -0.5 0.866025 0 -0.5 0.866025 0 -0.5 0.866025 0 -0.5 0.866025 0 -0.5 0.866025 0 -0.5 0.866025 0 -0.5 0.866025 0 -0.5 0.866025 0 -0.5 0.866025 0 -0.5 0.866025 0 -0.5 0.866025 0 -0.5 0.866025 0 -0.5 0.866025 0 -0.5 0.866025 0 -0.5 0.866025 0 -0.5 0.866025 0 -0.5 0.866025 0 -0.5 0.866025 0 -0.5 0.866025 0 -0.5 0.866025 0 -0.5 0.866025 0 -0.5 0.866025 0 -0.5 0.866025 0 -0.5 0.866025 0 -0.5 0.866025 0 -0.5 0.866025 0 -0.5 0.866025 0 -0.5 0.866025 0 -0.5 0.866025 0 -0.5 0.866025 0 -0.5 0.866025 0 -0.5 0.866025 0 -0.5 0.866025 0 -0.5 0.866025 0 -0.5 0.866025 0 -0.5 0.866025 0 -0.5 0.866025 0 -0.5 0.866025 0 -0.5 0.866025 0 -0.5 0.866025 0 -0.5 0.189726 0.925211 -0.328615 0.189816 0.925138 -0.328771 0.189816 0.925138 -0.328771 0.188352 0.926334 -0.326235 0.188999 0.925807 -0.327355 0.188946 0.92585 -0.327264 0.189455 0.925434 -0.328146 0.18972 0.925216 -0.328605 0.189431 0.925453 -0.328105 0.186233 0.928046 -0.322565 0.185187 0.928883 -0.320754 0.18646 0.927864 -0.322958 0.188257 0.926411 -0.326071 0.187357 0.927141 -0.324511 0.187509 0.927018 -0.324774 0.18191 0.93147 -0.315077 0.181354 0.931903 -0.314115 0.179861 0.93306 -0.311528 0.183678 0.93008 -0.31814 0.184872 0.929134 -0.320207 0.183253 0.930416 -0.317404 0.17478 0.936914 -0.302727 0.176585 0.935559 -0.305854 0.173631 0.937768 -0.300738 0.177494 0.934871 -0.307429 0.179143 0.933612 -0.310286 0.161754 0.946225 -0.280167 0.163951 0.944712 -0.283971 0.166298 0.943069 -0.288037 0.170224 0.940263 -0.294837 0.168079 0.941806 -0.291121 0.171657 0.939221 -0.297318 0.150304 0.953748 -0.260335 0.14724 0.955658 -0.255027 0.15367 0.9516 -0.266164 0.156481 0.949766 -0.271032 0.159197 0.947958 -0.275738 0.134359 0.963219 -0.232716 0.130622 0.965273 -0.226243 0.139634 0.960213 -0.241853 0.143041 0.958205 -0.247754 0.111033 0.975032 -0.192314 0.106317 0.977132 -0.184147 0.119672 0.970935 -0.207277 0.123926 0.968798 -0.214647 0.0741099 0.988954 -0.128362 0.0677935 0.990765 -0.117422 0.0893897 0.983889 -0.154828 0.0950222 0.981775 -0.164583 0.00750346 0.999887 -0.0129964 -0.00166006 0.999995 0.00287531 0.0384771 0.997035 -0.0666443 0.0466154 0.995645 -0.0807403 -0.115502 0.972953 0.200056 -0.0585846 0.993112 0.101472 -0.0485895 0.995267 0.0841595 -0.123961 0.96878 0.214707 -0.185888 0.928322 0.321968 -0.244349 0.872454 0.423224 -0.190548 0.924536 0.330038 -0.282166 0.825548 0.488726 -0.247357 0.869056 0.428434 -0.282966 0.824452 0.490111 -0.295314 0.806944 0.511499 -0.295314 0.806944 0.511499 0.399414 0.601558 -0.691806 0.445233 0.455051 -0.771165 0.399414 0.601558 -0.691806 0.445233 0.455052 -0.771165 0.477755 0.294956 -0.827497 0.496012 0.126053 -0.859118 0.477755 0.294956 -0.827497 0.499456 -0.0466144 -0.865084 0.496012 0.126053 -0.859118 0.499456 -0.0466144 -0.865084 0.487987 -0.21789 -0.845218 0.461945 -0.382658 -0.800112 0.487987 -0.21789 -0.845218 0.422109 -0.536001 -0.731114 0.461945 -0.382658 -0.800112 0.422109 -0.536001 -0.731114 0.369668 -0.673337 -0.640284 0.306188 -0.790566 -0.530334 0.369668 -0.673337 -0.640284 0.306188 -0.790566 -0.530334 0.341669 0.730102 -0.591788 0.273721 0.836843 -0.474099 0.341669 0.730102 -0.591788 0.273721 0.836843 -0.474099 0.1976 0.918595 -0.342253 0.115577 0.972917 -0.200186 0.1976 0.918595 -0.342253 0.0301037 0.998186 -0.0521411 0.115577 0.972917 -0.200186 0.0301037 0.998186 -0.0521411 -0.0562688 0.993647 0.0974604 -0.140961 0.959437 0.244152 -0.0562688 0.993647 0.0974604 -0.221444 0.896577 0.383552 -0.140961 0.959437 0.244152 -0.221444 0.896577 0.383552 -0.295314 0.806944 0.511499 -0.295314 0.806944 0.511499 -0.170499 -0.940064 0.295312 -0.171412 -0.9394 0.296894 -0.161465 -0.946423 0.279665 -0.147961 -0.955212 0.256276 -0.160275 -0.947232 0.277604 -0.130705 -0.965228 0.226388 -0.146535 -0.956091 0.253807 -0.129088 -0.966098 0.223586 -0.109495 -0.975727 0.189651 -0.0841693 -0.985729 0.145786 -0.107736 -0.97651 0.186604 -0.0546687 -0.994005 0.0946889 -0.0823282 -0.986351 0.142597 -0.0528162 -0.994405 0.0914804 -0.021114 -0.999108 0.0365705 0.0161142 -0.999481 -0.0279106 -0.0193314 -0.999252 0.033483 0.0563174 -0.993636 -0.0975447 0.0177396 -0.99937 -0.0307258 0.0577007 -0.993319 -0.0999406 0.0984735 -0.980414 -0.170561 0.141309 -0.959233 -0.244754 0.0995442 -0.979982 -0.172416 0.183449 -0.930261 -0.317742 0.142022 -0.958811 -0.24599 0.183794 -0.929989 -0.31834 0.223607 -0.894427 -0.387299 0.223607 -0.894427 -0.387299 -0.177369 -0.934966 0.307212 -0.177964 -0.934514 0.308242 -0.180996 -0.932182 0.313493 -0.181426 -0.931847 0.314238 -0.181226 -0.932002 0.313893 -0.178637 -0.934 0.309409 -0.181239 -0.931993 0.313915 -0.17797 -0.934509 0.308253 -0.172536 -0.938576 0.298842 -0.162958 -0.945399 0.282251 -0.171313 -0.939472 0.296722 -0.149673 -0.954145 0.259241 -0.161088 -0.94668 0.279012 -0.147051 -0.955774 0.254699 -0.132402 -0.964302 0.229327 -0.110847 -0.975116 0.191992 -0.12891 -0.966193 0.223278 -0.0847386 -0.985534 0.146772 -0.10636 -0.977113 0.18422 -0.0791383 -0.987395 0.137072 -0.0539158 -0.994169 0.0933849 -0.0184262 -0.999321 0.0319151 -0.0471119 -0.995551 0.0816001 -0.0121653 -0.999704 0.021071 -0.00990832 -0.999804 0.0171617 -0.0103866 -0.999784 0.0179902 0.0068879 -0.999905 -0.0119302 -0.00354615 -0.999975 0.00614211 0.0213564 -0.999087 -0.0369904 -0.866025 0 -0.5 -0.866025 0 -0.5 -0.866025 0 -0.5 -0.866025 0 -0.5 -0.866025 0 -0.5 -0.866025 0 -0.5 -0.866025 0 -0.5 -0.866025 0 -0.5 -0.866025 0 -0.5 -0.866025 0 -0.5 -0.866025 0 -0.5 -0.866025 0 -0.5 -0.866025 0 -0.5 -0.866025 0 -0.5 -0.866025 0 -0.5 -0.866025 0 -0.5 -0.866025 0 -0.5 -0.866025 0 -0.5 -0.866025 0 -0.5 -0.866025 0 -0.5 -0.866025 0 -0.5 -0.866025 0 -0.5 -0.866025 0 -0.5 -0.866025 0 -0.5 -0.866025 0 -0.5 -0.866025 0 -0.5 -0.866025 0 -0.5 -0.866025 0 -0.5 -0.866025 0 -0.5 -0.866025 0 -0.5 -0.866025 0 -0.5 -0.866025 0 -0.5 -0.866025 0 -0.5 -0.866025 0 -0.5 -0.866025 0 -0.5 -0.866025 0 -0.5 -0.866025 0 -0.5 -0.866025 0 -0.5 -0.866025 0 -0.5 -0.866025 0 -0.5 -0.866025 0 -0.5 -0.866025 0 -0.5 -0.866025 0 -0.5 -0.866025 0 -0.5 -0.866025 0 -0.5 -0.866025 0 -0.5 -0.866025 0 -0.5 -0.866025 0 -0.5 -0.866025 0 -0.5 -0.866025 0 -0.5 -0.866025 0 -0.5 -0.866025 0 -0.5 -0.866025 0 -0.5 -0.866025 0 -0.5 -0.866025 0 -0.5 -0.866025 0 -0.5 -0.866025 0 -0.5 -0.866025 0 -0.5 -0.866025 0 -0.5 -0.866025 0 -0.5 -0.866025 0 -0.5 -0.866025 0 -0.5 -0.866025 0 -0.5 -0.866025 0 -0.5 -0.866025 0 -0.5 -0.866025 0 -0.5 -0.866025 0 -0.5 -0.866025 0 -0.5 -0.866025 0 -0.5 -0.866025 0 -0.5 -0.866025 0 -0.5 -0.866025 0 -0.5 -0.866025 0 -0.5 -0.866025 0 -0.5 -0.866025 0 -0.5 -0.866025 0 -0.5 -0.866025 0 -0.5 0.866025 0 0.5 0.866025 0 0.5 0.866025 0 0.5 0.866025 0 0.5 0.866025 0 0.5 0.866025 0 0.5 0.866025 0 0.5 0.866025 0 0.5 0.866025 0 0.5 0.866025 0 0.5 0.866025 0 0.5 0.866025 0 0.5 0.866025 0 0.5 0.866025 0 0.5 0.866025 0 0.5 0.866025 0 0.5 0.866025 0 0.5 0.866025 0 0.5 0.866025 0 0.5 0.866025 0 0.5 0.866025 0 0.5 0.866025 0 0.5 0.866025 0 0.5 0.866025 0 0.5 0.866025 0 0.5 0.866025 0 0.5 0.866025 0 0.5 0.866025 0 0.5 0.866025 0 0.5 0.866025 0 0.5 0.866025 0 0.5 0.866025 0 0.5 0.866025 0 0.5 0.866025 0 0.5 0.866025 0 0.5 0.866025 0 0.5 0.866025 0 0.5 0.866025 0 0.5 0.866025 0 0.5 0.866025 0 0.5 0.866025 0 0.5 0.866025 0 0.5 0.866025 0 0.5 0.866025 0 0.5 0.866025 0 0.5 0.866025 0 0.5 0.866025 0 0.5 0.866025 0 0.5 0.866025 0 0.5 0.866025 0 0.5 0.866025 0 0.5 0.866025 0 0.5 0.866025 0 0.5 0.866025 0 0.5 0.866025 0 0.5 0.866025 0 0.5 0.866025 0 0.5 0.866025 0 0.5 0.866025 0 0.5 0.866025 0 0.5 0.866025 0 0.5 0.866025 0 0.5 0.866025 0 0.5 0.866025 0 0.5 0.866025 0 0.5 0.866025 0 0.5 0.866025 0 0.5 0.866025 0 0.5 0.866025 0 0.5 0.866025 0 0.5 0.866025 0 0.5 0.866025 0 0.5 0.866025 0 0.5 0.866025 0 0.5 0.866025 0 0.5 0.866025 0 0.5 0.866025 0 0.5 0.379452 0.925211 -4.64695e-17 0.379632 0.925138 -4.64915e-17 0.379632 0.925138 -4.64915e-17 0.376704 0.926334 -4.6133e-17 0.377997 0.925807 -4.62913e-17 0.377892 0.92585 -4.62784e-17 0.37891 0.925434 -4.64031e-17 0.379441 0.925216 -4.64681e-17 0.378863 0.925453 -4.63973e-17 0.372465 0.928046 -4.56139e-17 0.370374 0.928883 -4.53578e-17 0.372919 0.927864 -4.56695e-17 0.376514 0.926411 -4.61097e-17 0.374713 0.927141 -4.58892e-17 0.375017 0.927018 -4.59264e-17 0.363819 0.93147 -4.4555e-17 0.362708 0.931903 -4.44189e-17 0.359722 0.93306 -4.40532e-17 0.367356 0.93008 -4.49882e-17 0.369743 0.929134 -4.52805e-17 0.366506 0.930416 -4.4884e-17 0.349559 0.936914 -4.28086e-17 0.35317 0.935559 -4.32508e-17 0.347262 0.937768 -4.25273e-17 0.354989 0.934871 -4.34736e-17 0.358287 0.933612 -4.38775e-17 0.323508 0.946225 -3.96184e-17 0.327901 0.944712 -4.01563e-17 0.332596 0.943069 -4.07313e-17 0.340449 0.940263 -4.16929e-17 0.336157 0.941806 -4.11674e-17 0.343313 0.939221 -4.20437e-17 0.300608 0.953748 -3.68139e-17 0.29448 0.955658 -3.60634e-17 0.30734 0.9516 -3.76383e-17 0.312961 0.949766 -3.83267e-17 0.318395 0.947958 -3.89921e-17 0.268717 0.963219 -3.29084e-17 0.261243 0.965273 -3.19931e-17 0.279268 0.960213 -3.42004e-17 0.286082 0.958205 -3.50349e-17 0.222066 0.975032 -2.71952e-17 0.212635 0.977132 -2.60403e-17 0.239343 0.970935 -2.93111e-17 0.247853 0.968798 -3.03532e-17 0.14822 0.988954 -1.81517e-17 0.135587 0.990765 -1.66046e-17 0.178779 0.983889 -2.18942e-17 0.190044 0.981775 -2.32737e-17 0.0150069 0.999887 -1.83782e-18 -0.00332012 0.999995 4.06597e-19 0.0769542 0.997035 -9.42417e-18 0.0932309 0.995645 -1.14175e-17 -0.231005 0.972953 2.82899e-17 -0.117169 0.993112 1.43491e-17 -0.097179 0.995267 1.1901e-17 -0.247923 0.96878 3.03618e-17 -0.371777 0.928322 4.55295e-17 -0.488697 0.872454 5.98481e-17 -0.381096 0.924536 4.66707e-17 -0.564332 0.825548 6.91107e-17 -0.494713 0.869056 6.05849e-17 -0.565932 0.824452 6.93067e-17 -0.590629 0.806944 7.23311e-17 -0.590629 0.806944 7.23311e-17 0.798829 0.601558 -9.78283e-17 0.890465 0.455051 -1.09051e-16 0.798829 0.601558 -9.78283e-17 0.890465 0.455052 -1.09051e-16 0.955511 0.294956 -1.17016e-16 0.992024 0.126053 -1.21488e-16 0.955511 0.294956 -1.17016e-16 0.998913 -0.0466144 -1.22332e-16 0.992024 0.126053 -1.21488e-16 0.998913 -0.0466144 -1.22332e-16 0.975973 -0.21789 -1.19522e-16 0.92389 -0.382658 -1.13144e-16 0.975973 -0.21789 -1.19522e-16 0.844218 -0.536001 -1.03387e-16 0.92389 -0.382658 -1.13144e-16 0.844218 -0.536001 -1.03387e-16 0.739336 -0.673337 -9.05425e-17 0.612376 -0.790566 -7.49945e-17 0.739336 -0.673337 -9.05425e-17 0.612376 -0.790566 -7.49945e-17 0.683338 0.730102 -8.36848e-17 0.547443 0.836843 -6.70424e-17 0.683338 0.730102 -8.36848e-17 0.547443 0.836843 -6.70424e-17 0.395199 0.918595 -4.8398e-17 0.231155 0.972917 -2.83083e-17 0.395199 0.918595 -4.8398e-17 0.0602074 0.998186 -7.37328e-18 0.231155 0.972917 -2.83083e-17 0.0602074 0.998186 -7.37328e-18 -0.112538 0.993647 1.37819e-17 -0.281922 0.959437 3.45255e-17 -0.112538 0.993647 1.37819e-17 -0.442888 0.896577 5.42381e-17 -0.281922 0.959437 3.45255e-17 -0.442888 0.896577 5.42381e-17 -0.590629 0.806944 7.23311e-17 -0.590629 0.806944 7.23311e-17 -0.340997 -0.940064 4.17601e-17 -0.342824 -0.9394 4.19838e-17 -0.322929 -0.946423 3.95474e-17 -0.295922 -0.955212 3.624e-17 -0.320549 -0.947232 3.92559e-17 -0.26141 -0.965228 3.20135e-17 -0.293071 -0.956091 3.58908e-17 -0.258175 -0.966098 3.16174e-17 -0.21899 -0.975727 2.68186e-17 -0.168339 -0.985729 2.06155e-17 -0.215472 -0.97651 2.63877e-17 -0.109337 -0.994005 1.339e-17 -0.164656 -0.986351 2.01646e-17 -0.105632 -0.994405 1.29362e-17 -0.042228 -0.999108 5.17144e-18 0.0322284 -0.999481 -3.94684e-18 -0.0386628 -0.999252 4.73483e-18 0.112635 -0.993636 -1.37938e-17 0.0354792 -0.99937 -4.34494e-18 0.115401 -0.993319 -1.41326e-17 0.196947 -0.980414 -2.41191e-17 0.282618 -0.959233 -3.46107e-17 0.199088 -0.979982 -2.43813e-17 0.366897 -0.930261 -4.4932e-17 0.284045 -0.958811 -3.47854e-17 0.367588 -0.929989 -4.50165e-17 0.447214 -0.894427 -5.47679e-17 0.447214 -0.894427 -5.47679e-17 -0.354738 -0.934966 4.34429e-17 -0.355928 -0.934514 4.35886e-17 -0.361991 -0.932182 4.43311e-17 -0.362851 -0.931847 4.44364e-17 -0.362452 -0.932002 4.43876e-17 -0.357274 -0.934 4.37535e-17 -0.362478 -0.931993 4.43907e-17 -0.35594 -0.934509 4.35901e-17 -0.345072 -0.938576 4.22592e-17 -0.325916 -0.945399 3.99132e-17 -0.342625 -0.939472 4.19595e-17 -0.299345 -0.954145 3.66592e-17 -0.322176 -0.94668 3.94552e-17 -0.294102 -0.955774 3.60171e-17 -0.264804 -0.964302 3.24291e-17 -0.221693 -0.975116 2.71496e-17 -0.25782 -0.966193 3.15738e-17 -0.169477 -0.985534 2.0755e-17 -0.212719 -0.977113 2.60506e-17 -0.158277 -0.987395 1.93833e-17 -0.107832 -0.994169 1.32056e-17 -0.0368524 -0.999321 4.51312e-18 -0.0942237 -0.995551 1.15391e-17 -0.0243449 -0.999704 2.9814e-18 -0.0207733 -0.999784 2.544e-18 -0.0201856 -0.999796 2.47202e-18 0.0134119 -0.99991 -1.64249e-18 -0.00758218 -0.999971 9.2855e-19 0.0427128 -0.999087 -5.23081e-18 -1.22465e-16 0 -1 -1.22465e-16 0 -1 -1.22465e-16 0 -1 -1.22465e-16 0 -1 -1.22465e-16 0 -1 -1.22465e-16 0 -1 -1.22465e-16 0 -1 -1.22465e-16 0 -1 -1.22465e-16 0 -1 -1.22465e-16 0 -1 -1.22465e-16 0 -1 -1.22465e-16 0 -1 -1.22465e-16 0 -1 -1.22465e-16 0 -1 -1.22465e-16 0 -1 -1.22465e-16 0 -1 -1.22465e-16 0 -1 -1.22465e-16 0 -1 -1.22465e-16 0 -1 -1.22465e-16 0 -1 -1.22465e-16 0 -1 -1.22465e-16 0 -1 -1.22465e-16 0 -1 -1.22465e-16 0 -1 -1.22465e-16 0 -1 -1.22465e-16 0 -1 -1.22465e-16 0 -1 -1.22465e-16 0 -1 -1.22465e-16 0 -1 -1.22465e-16 0 -1 -1.22465e-16 0 -1 -1.22465e-16 0 -1 -1.22465e-16 0 -1 -1.22465e-16 0 -1 -1.22465e-16 0 -1 -1.22465e-16 0 -1 -1.22465e-16 0 -1 -1.22465e-16 0 -1 -1.22465e-16 0 -1 -1.22465e-16 0 -1 -1.22465e-16 0 -1 -1.22465e-16 0 -1 -1.22465e-16 0 -1 -1.22465e-16 0 -1 -1.22465e-16 0 -1 -1.22465e-16 0 -1 -1.22465e-16 0 -1 -1.22465e-16 0 -1 -1.22465e-16 0 -1 -1.22465e-16 0 -1 -1.22465e-16 0 -1 -1.22465e-16 0 -1 -1.22465e-16 0 -1 -1.22465e-16 0 -1 -1.22465e-16 0 -1 -1.22465e-16 0 -1 -1.22465e-16 0 -1 -1.22465e-16 0 -1 -1.22465e-16 0 -1 -1.22465e-16 0 -1 -1.22465e-16 0 -1 -1.22465e-16 0 -1 -1.22465e-16 0 -1 -1.22465e-16 0 -1 -1.22465e-16 0 -1 -1.22465e-16 0 -1 -1.22465e-16 0 -1 -1.22465e-16 0 -1 -1.22465e-16 0 -1 -1.22465e-16 0 -1 -1.22465e-16 0 -1 -1.22465e-16 0 -1 -1.22465e-16 0 -1 -1.22465e-16 0 -1 -1.22465e-16 0 -1 -1.22465e-16 0 -1 -1.22465e-16 0 -1 1.22465e-16 0 1 1.22465e-16 0 1 1.22465e-16 0 1 1.22465e-16 0 1 1.22465e-16 0 1 1.22465e-16 0 1 1.22465e-16 0 1 1.22465e-16 0 1 1.22465e-16 0 1 1.22465e-16 0 1 1.22465e-16 0 1 1.22465e-16 0 1 1.22465e-16 0 1 1.22465e-16 0 1 1.22465e-16 0 1 1.22465e-16 0 1 1.22465e-16 0 1 1.22465e-16 0 1 1.22465e-16 0 1 1.22465e-16 0 1 1.22465e-16 0 1 1.22465e-16 0 1 1.22465e-16 0 1 1.22465e-16 0 1 1.22465e-16 0 1 1.22465e-16 0 1 1.22465e-16 0 1 1.22465e-16 0 1 1.22465e-16 0 1 1.22465e-16 0 1 1.22465e-16 0 1 1.22465e-16 0 1 1.22465e-16 0 1 1.22465e-16 0 1 1.22465e-16 0 1 1.22465e-16 0 1 1.22465e-16 0 1 1.22465e-16 0 1 1.22465e-16 0 1 1.22465e-16 0 1 1.22465e-16 0 1 1.22465e-16 0 1 1.22465e-16 0 1 1.22465e-16 0 1 1.22465e-16 0 1 1.22465e-16 0 1 1.22465e-16 0 1 1.22465e-16 0 1 1.22465e-16 0 1 1.22465e-16 0 1 1.22465e-16 0 1 1.22465e-16 0 1 1.22465e-16 0 1 1.22465e-16 0 1 1.22465e-16 0 1 1.22465e-16 0 1 1.22465e-16 0 1 1.22465e-16 0 1 1.22465e-16 0 1 1.22465e-16 0 1 1.22465e-16 0 1 1.22465e-16 0 1 1.22465e-16 0 1 1.22465e-16 0 1 1.22465e-16 0 1 1.22465e-16 0 1 1.22465e-16 0 1 1.22465e-16 0 1 1.22465e-16 0 1 1.22465e-16 0 1 1.22465e-16 0 1 1.22465e-16 0 1 1.22465e-16 0 1 1.22465e-16 0 1 1.22465e-16 0 1 1.22465e-16 0 1 1.22465e-16 0 1 0.189726 0.925211 0.328615 0.189816 0.925138 0.328771 0.189816 0.925138 0.328771 0.188352 0.926334 0.326235 0.188999 0.925807 0.327355 0.188946 0.92585 0.327264 0.189455 0.925434 0.328146 0.18972 0.925216 0.328605 0.189431 0.925453 0.328105 0.186233 0.928046 0.322565 0.185187 0.928883 0.320754 0.18646 0.927864 0.322958 0.188257 0.926411 0.326071 0.187357 0.927141 0.324511 0.187509 0.927018 0.324774 0.18191 0.93147 0.315077 0.181354 0.931903 0.314115 0.179861 0.93306 0.311528 0.183678 0.93008 0.31814 0.184872 0.929134 0.320207 0.183253 0.930416 0.317404 0.17478 0.936914 0.302727 0.176585 0.935559 0.305854 0.173631 0.937768 0.300738 0.177494 0.934871 0.307429 0.179143 0.933612 0.310286 0.161754 0.946225 0.280167 0.163951 0.944712 0.283971 0.166298 0.943069 0.288037 0.170224 0.940263 0.294837 0.168079 0.941806 0.291121 0.171657 0.939221 0.297318 0.150304 0.953748 0.260335 0.14724 0.955658 0.255027 0.15367 0.9516 0.266164 0.156481 0.949766 0.271032 0.159197 0.947958 0.275738 0.134359 0.963219 0.232716 0.130622 0.965273 0.226243 0.139634 0.960213 0.241853 0.143041 0.958205 0.247754 0.111033 0.975032 0.192314 0.106317 0.977132 0.184147 0.119672 0.970935 0.207277 0.123926 0.968798 0.214647 0.0741099 0.988954 0.128362 0.0677935 0.990765 0.117422 0.0893897 0.983889 0.154828 0.0950222 0.981775 0.164583 0.00750346 0.999887 0.0129964 -0.00166006 0.999995 -0.00287531 0.0384771 0.997035 0.0666443 0.0466154 0.995645 0.0807403 -0.115502 0.972953 -0.200056 -0.0585846 0.993112 -0.101472 -0.0485895 0.995267 -0.0841595 -0.123961 0.96878 -0.214707 -0.185888 0.928322 -0.321968 -0.244349 0.872454 -0.423224 -0.190548 0.924536 -0.330038 -0.282166 0.825548 -0.488726 -0.247357 0.869056 -0.428434 -0.282966 0.824452 -0.490111 -0.295314 0.806944 -0.511499 -0.295314 0.806944 -0.511499 0.399414 0.601558 0.691806 0.445233 0.455051 0.771165 0.399414 0.601558 0.691806 0.445233 0.455052 0.771165 0.477755 0.294956 0.827497 0.496012 0.126053 0.859118 0.477755 0.294956 0.827497 0.499456 -0.0466144 0.865084 0.496012 0.126053 0.859118 0.499456 -0.0466144 0.865084 0.487987 -0.21789 0.845218 0.461945 -0.382658 0.800112 0.487987 -0.21789 0.845218 0.422109 -0.536001 0.731114 0.461945 -0.382658 0.800112 0.422109 -0.536001 0.731114 0.369668 -0.673337 0.640284 0.306188 -0.790566 0.530334 0.369668 -0.673337 0.640284 0.306188 -0.790566 0.530334 0.341669 0.730102 0.591788 0.273721 0.836843 0.474099 0.341669 0.730102 0.591788 0.273721 0.836843 0.474099 0.1976 0.918595 0.342253 0.115577 0.972917 0.200186 0.1976 0.918595 0.342253 0.0301037 0.998186 0.0521411 0.115577 0.972917 0.200186 0.0301037 0.998186 0.0521411 -0.0562688 0.993647 -0.0974604 -0.140961 0.959437 -0.244152 -0.0562688 0.993647 -0.0974604 -0.221444 0.896577 -0.383552 -0.140961 0.959437 -0.244152 -0.221444 0.896577 -0.383552 -0.295314 0.806944 -0.511499 -0.295314 0.806944 -0.511499 -0.170499 -0.940064 -0.295312 -0.171412 -0.9394 -0.296894 -0.161465 -0.946423 -0.279665 -0.147961 -0.955212 -0.256276 -0.160275 -0.947232 -0.277604 -0.130705 -0.965228 -0.226388 -0.146535 -0.956091 -0.253807 -0.129088 -0.966098 -0.223586 -0.109495 -0.975727 -0.189651 -0.0841693 -0.985729 -0.145786 -0.107736 -0.97651 -0.186604 -0.0546687 -0.994005 -0.0946889 -0.0823282 -0.986351 -0.142597 -0.0528162 -0.994405 -0.0914804 -0.021114 -0.999108 -0.0365705 0.0161142 -0.999481 0.0279106 -0.0193314 -0.999252 -0.033483 0.0563174 -0.993636 0.0975447 0.0177396 -0.99937 0.0307258 0.0577007 -0.993319 0.0999406 0.0984735 -0.980414 0.170561 0.141309 -0.959233 0.244754 0.0995442 -0.979982 0.172416 0.183449 -0.930261 0.317742 0.142022 -0.958811 0.24599 0.183794 -0.929989 0.31834 0.223607 -0.894427 0.387299 0.223607 -0.894427 0.387299 -0.177964 -0.934514 -0.308242 -0.177369 -0.934966 -0.307212 -0.180996 -0.932182 -0.313493 -0.181226 -0.932002 -0.313893 -0.181426 -0.931847 -0.314238 -0.181239 -0.931993 -0.313915 -0.17797 -0.934509 -0.308253 -0.178637 -0.934 -0.309409 -0.172536 -0.938576 -0.298841 -0.171313 -0.939472 -0.296722 -0.162958 -0.945399 -0.282251 -0.161088 -0.94668 -0.279012 -0.147051 -0.955774 -0.254699 -0.149673 -0.954145 -0.259241 -0.132402 -0.964302 -0.229327 -0.12891 -0.966193 -0.223278 -0.110847 -0.975116 -0.191992 -0.10636 -0.977113 -0.18422 -0.0791383 -0.987395 -0.137072 -0.0847386 -0.985534 -0.146772 -0.0539158 -0.994169 -0.0933849 -0.0471119 -0.995551 -0.0816001 -0.0184261 -0.999321 -0.031915 -0.0121653 -0.999704 -0.021071 -0.00990832 -0.999804 -0.0171617 -0.0103866 -0.999784 -0.0179902 0.00688797 -0.999905 0.0119303 -0.00354615 -0.999975 -0.00614211 0.0213565 -0.999087 0.0369905 0.866025 0 -0.5 0.866025 0 -0.5 0.866025 0 -0.5 0.866025 0 -0.5 0.866025 0 -0.5 0.866025 0 -0.5 0.866025 0 -0.5 0.866025 0 -0.5 0.866025 0 -0.5 0.866025 0 -0.5 0.866025 0 -0.5 0.866025 0 -0.5 0.866025 0 -0.5 0.866025 0 -0.5 0.866025 0 -0.5 0.866025 0 -0.5 0.866025 0 -0.5 0.866025 0 -0.5 0.866025 0 -0.5 0.866025 0 -0.5 0.866025 0 -0.5 0.866025 0 -0.5 0.866025 0 -0.5 0.866025 0 -0.5 0.866025 0 -0.5 0.866025 0 -0.5 0.866025 0 -0.5 0.866025 0 -0.5 0.866025 0 -0.5 0.866025 0 -0.5 0.866025 0 -0.5 0.866025 0 -0.5 0.866025 0 -0.5 0.866025 0 -0.5 0.866025 0 -0.5 0.866025 0 -0.5 0.866025 0 -0.5 0.866025 0 -0.5 0.866025 0 -0.5 0.866025 0 -0.5 0.866025 0 -0.5 0.866025 0 -0.5 0.866025 0 -0.5 0.866025 0 -0.5 0.866025 0 -0.5 0.866025 0 -0.5 0.866025 0 -0.5 0.866025 0 -0.5 0.866025 0 -0.5 0.866025 0 -0.5 0.866025 0 -0.5 0.866025 0 -0.5 0.866025 0 -0.5 0.866025 0 -0.5 0.866025 0 -0.5 0.866025 0 -0.5 0.866025 0 -0.5 0.866025 0 -0.5 0.866025 0 -0.5 0.866025 0 -0.5 0.866025 0 -0.5 0.866025 0 -0.5 0.866025 0 -0.5 0.866025 0 -0.5 0.866025 0 -0.5 0.866025 0 -0.5 0.866025 0 -0.5 0.866025 0 -0.5 0.866025 0 -0.5 0.866025 0 -0.5 0.866025 0 -0.5 0.866025 0 -0.5 0.866025 0 -0.5 0.866025 0 -0.5 0.866025 0 -0.5 0.866025 0 -0.5 0.866025 0 -0.5 -0.866025 0 0.5 -0.866025 0 0.5 -0.866025 0 0.5 -0.866025 0 0.5 -0.866025 0 0.5 -0.866025 0 0.5 -0.866025 0 0.5 -0.866025 0 0.5 -0.866025 0 0.5 -0.866025 0 0.5 -0.866025 0 0.5 -0.866025 0 0.5 -0.866025 0 0.5 -0.866025 0 0.5 -0.866025 0 0.5 -0.866025 0 0.5 -0.866025 0 0.5 -0.866025 0 0.5 -0.866025 0 0.5 -0.866025 0 0.5 -0.866025 0 0.5 -0.866025 0 0.5 -0.866025 0 0.5 -0.866025 0 0.5 -0.866025 0 0.5 -0.866025 0 0.5 -0.866025 0 0.5 -0.866025 0 0.5 -0.866025 0 0.5 -0.866025 0 0.5 -0.866025 0 0.5 -0.866025 0 0.5 -0.866025 0 0.5 -0.866025 0 0.5 -0.866025 0 0.5 -0.866025 0 0.5 -0.866025 0 0.5 -0.866025 0 0.5 -0.866025 0 0.5 -0.866025 0 0.5 -0.866025 0 0.5 -0.866025 0 0.5 -0.866025 0 0.5 -0.866025 0 0.5 -0.866025 0 0.5 -0.866025 0 0.5 -0.866025 0 0.5 -0.866025 0 0.5 -0.866025 0 0.5 -0.866025 0 0.5 -0.866025 0 0.5 -0.866025 0 0.5 -0.866025 0 0.5 -0.866025 0 0.5 -0.866025 0 0.5 -0.866025 0 0.5 -0.866025 0 0.5 -0.866025 0 0.5 -0.866025 0 0.5 -0.866025 0 0.5 -0.866025 0 0.5 -0.866025 0 0.5 -0.866025 0 0.5 -0.866025 0 0.5 -0.866025 0 0.5 -0.866025 0 0.5 -0.866025 0 0.5 -0.866025 0 0.5 -0.866025 0 0.5 -0.866025 0 0.5 -0.866025 0 0.5 -0.866025 0 0.5 -0.866025 0 0.5 -0.866025 0 0.5 -0.866025 0 0.5 -0.866025 0 0.5 -0.866025 0 0.5 -0.189726 0.925211 0.328615 -0.189816 0.925138 0.328771 -0.189816 0.925138 0.328771 -0.188352 0.926334 0.326235 -0.188999 0.925807 0.327355 -0.188946 0.92585 0.327264 -0.189455 0.925434 0.328146 -0.18972 0.925216 0.328605 -0.189431 0.925453 0.328105 -0.186233 0.928046 0.322565 -0.185187 0.928883 0.320754 -0.18646 0.927864 0.322958 -0.188257 0.926411 0.326071 -0.187357 0.927141 0.324511 -0.187509 0.927018 0.324774 -0.18191 0.93147 0.315077 -0.181354 0.931903 0.314115 -0.179861 0.93306 0.311528 -0.183678 0.93008 0.31814 -0.184872 0.929134 0.320207 -0.183253 0.930416 0.317404 -0.17478 0.936914 0.302727 -0.176585 0.935559 0.305854 -0.173631 0.937768 0.300738 -0.177494 0.934871 0.307429 -0.179143 0.933612 0.310286 -0.161754 0.946225 0.280167 -0.163951 0.944712 0.283971 -0.166298 0.943069 0.288037 -0.170224 0.940263 0.294837 -0.168079 0.941806 0.291121 -0.171657 0.939221 0.297318 -0.150304 0.953748 0.260335 -0.14724 0.955658 0.255027 -0.15367 0.9516 0.266164 -0.156481 0.949766 0.271032 -0.159197 0.947958 0.275738 -0.134359 0.963219 0.232716 -0.130622 0.965273 0.226243 -0.139634 0.960213 0.241853 -0.143041 0.958205 0.247754 -0.111033 0.975032 0.192314 -0.106317 0.977132 0.184147 -0.119672 0.970935 0.207277 -0.123926 0.968798 0.214647 -0.0741099 0.988954 0.128362 -0.0677935 0.990765 0.117422 -0.0893897 0.983889 0.154828 -0.0950222 0.981775 0.164583 -0.00750346 0.999887 0.0129964 0.00166006 0.999995 -0.00287531 -0.0384771 0.997035 0.0666443 -0.0466154 0.995645 0.0807403 0.115502 0.972953 -0.200056 0.0585846 0.993112 -0.101472 0.0485895 0.995267 -0.0841595 0.123961 0.96878 -0.214707 0.185888 0.928322 -0.321968 0.244349 0.872454 -0.423224 0.190548 0.924536 -0.330038 0.282166 0.825548 -0.488726 0.247357 0.869056 -0.428434 0.282966 0.824452 -0.490111 0.295314 0.806944 -0.511499 0.295314 0.806944 -0.511499 -0.399414 0.601558 0.691806 -0.445233 0.455051 0.771165 -0.399414 0.601558 0.691806 -0.445233 0.455052 0.771165 -0.477755 0.294956 0.827497 -0.496012 0.126053 0.859118 -0.477755 0.294956 0.827497 -0.499456 -0.0466144 0.865084 -0.496012 0.126053 0.859118 -0.499456 -0.0466144 0.865084 -0.487987 -0.21789 0.845218 -0.461945 -0.382658 0.800112 -0.487987 -0.21789 0.845218 -0.422109 -0.536001 0.731114 -0.461945 -0.382658 0.800112 -0.422109 -0.536001 0.731114 -0.369668 -0.673337 0.640284 -0.306188 -0.790566 0.530334 -0.369668 -0.673337 0.640284 -0.306188 -0.790566 0.530334 -0.341669 0.730102 0.591788 -0.273721 0.836843 0.474099 -0.341669 0.730102 0.591788 -0.273721 0.836843 0.474099 -0.1976 0.918595 0.342253 -0.115577 0.972917 0.200186 -0.1976 0.918595 0.342253 -0.0301037 0.998186 0.0521411 -0.115577 0.972917 0.200186 -0.0301037 0.998186 0.0521411 0.0562688 0.993647 -0.0974604 0.140961 0.959437 -0.244152 0.0562688 0.993647 -0.0974604 0.221444 0.896577 -0.383552 0.140961 0.959437 -0.244152 0.221444 0.896577 -0.383552 0.295314 0.806944 -0.511499 0.295314 0.806944 -0.511499 0.170499 -0.940064 -0.295312 0.171412 -0.9394 -0.296894 0.161465 -0.946423 -0.279665 0.147961 -0.955212 -0.256276 0.160275 -0.947232 -0.277604 0.130705 -0.965228 -0.226388 0.146535 -0.956091 -0.253807 0.129088 -0.966098 -0.223586 0.109495 -0.975727 -0.189651 0.0841693 -0.985729 -0.145786 0.107736 -0.97651 -0.186604 0.0546687 -0.994005 -0.0946889 0.0823282 -0.986351 -0.142597 0.0528162 -0.994405 -0.0914804 0.021114 -0.999108 -0.0365705 -0.0161142 -0.999481 0.0279106 0.0193314 -0.999252 -0.033483 -0.0563174 -0.993636 0.0975447 -0.0177396 -0.99937 0.0307258 -0.0577007 -0.993319 0.0999406 -0.0984735 -0.980414 0.170561 -0.141309 -0.959233 0.244754 -0.0995442 -0.979982 0.172416 -0.183449 -0.930261 0.317742 -0.142022 -0.958811 0.24599 -0.183794 -0.929989 0.31834 -0.223607 -0.894427 0.387299 -0.223607 -0.894427 0.387299 0.177369 -0.934966 -0.307212 0.177964 -0.934514 -0.308242 0.180996 -0.932182 -0.313493 0.181426 -0.931847 -0.314238 0.181226 -0.932002 -0.313893 0.178637 -0.934 -0.309409 0.181239 -0.931993 -0.313915 0.17797 -0.934509 -0.308253 0.172536 -0.938576 -0.298842 0.162958 -0.945399 -0.282251 0.171313 -0.939472 -0.296722 0.149673 -0.954145 -0.259241 0.161088 -0.94668 -0.279012 0.147051 -0.955774 -0.254699 0.132402 -0.964302 -0.229327 0.110847 -0.975116 -0.191992 0.12891 -0.966193 -0.223278 0.0847386 -0.985534 -0.146772 0.10636 -0.977113 -0.18422 0.0791383 -0.987395 -0.137072 0.0539158 -0.994169 -0.0933849 0.0184262 -0.999321 -0.0319151 0.0471119 -0.995551 -0.0816001 0.0121653 -0.999704 -0.021071 0.00990832 -0.999804 -0.0171617 0.0103866 -0.999784 -0.0179902 -0.0068879 -0.999905 0.0119302 0.00354615 -0.999975 -0.00614211 -0.0213564 -0.999087 0.0369904 0.866025 0 0.5 0.866025 0 0.5 0.866025 0 0.5 0.866025 0 0.5 0.866025 0 0.5 0.866025 0 0.5 0.866025 0 0.5 0.866025 0 0.5 0.866025 0 0.5 0.866025 0 0.5 0.866025 0 0.5 0.866025 0 0.5 0.866025 0 0.5 0.866025 0 0.5 0.866025 0 0.5 0.866025 0 0.5 0.866025 0 0.5 0.866025 0 0.5 0.866025 0 0.5 0.866025 0 0.5 0.866025 0 0.5 0.866025 0 0.5 0.866025 0 0.5 0.866025 0 0.5 0.866025 0 0.5 0.866025 0 0.5 0.866025 0 0.5 0.866025 0 0.5 0.866025 0 0.5 0.866025 0 0.5 0.866025 0 0.5 0.866025 0 0.5 0.866025 0 0.5 0.866025 0 0.5 0.866025 0 0.5 0.866025 0 0.5 0.866025 0 0.5 0.866025 0 0.5 0.866025 0 0.5 0.866025 0 0.5 0.866025 0 0.5 0.866025 0 0.5 0.866025 0 0.5 0.866025 0 0.5 0.866025 0 0.5 0.866025 0 0.5 0.866025 0 0.5 0.866025 0 0.5 0.866025 0 0.5 0.866025 0 0.5 0.866025 0 0.5 0.866025 0 0.5 0.866025 0 0.5 0.866025 0 0.5 0.866025 0 0.5 0.866025 0 0.5 0.866025 0 0.5 0.866025 0 0.5 0.866025 0 0.5 0.866025 0 0.5 0.866025 0 0.5 0.866025 0 0.5 0.866025 0 0.5 0.866025 0 0.5 0.866025 0 0.5 0.866025 0 0.5 0.866025 0 0.5 0.866025 0 0.5 0.866025 0 0.5 0.866025 0 0.5 0.866025 0 0.5 0.866025 0 0.5 0.866025 0 0.5 0.866025 0 0.5 0.866025 0 0.5 0.866025 0 0.5 0.866025 0 0.5 -0.866025 -0 -0.5 -0.866025 -0 -0.5 -0.866025 -0 -0.5 -0.866025 -0 -0.5 -0.866025 -0 -0.5 -0.866025 -0 -0.5 -0.866025 -0 -0.5 -0.866025 -0 -0.5 -0.866025 -0 -0.5 -0.866025 -0 -0.5 -0.866025 -0 -0.5 -0.866025 -0 -0.5 -0.866025 -0 -0.5 -0.866025 -0 -0.5 -0.866025 -0 -0.5 -0.866025 -0 -0.5 -0.866025 -0 -0.5 -0.866025 -0 -0.5 -0.866025 -0 -0.5 -0.866025 -0 -0.5 -0.866025 -0 -0.5 -0.866025 -0 -0.5 -0.866025 -0 -0.5 -0.866025 -0 -0.5 -0.866025 -0 -0.5 -0.866025 -0 -0.5 -0.866025 -0 -0.5 -0.866025 -0 -0.5 -0.866025 -0 -0.5 -0.866025 -0 -0.5 -0.866025 -0 -0.5 -0.866025 -0 -0.5 -0.866025 -0 -0.5 -0.866025 -0 -0.5 -0.866025 -0 -0.5 -0.866025 -0 -0.5 -0.866025 -0 -0.5 -0.866025 -0 -0.5 -0.866025 -0 -0.5 -0.866025 -0 -0.5 -0.866025 -0 -0.5 -0.866025 -0 -0.5 -0.866025 -0 -0.5 -0.866025 -0 -0.5 -0.866025 -0 -0.5 -0.866025 -0 -0.5 -0.866025 -0 -0.5 -0.866025 -0 -0.5 -0.866025 -0 -0.5 -0.866025 -0 -0.5 -0.866025 -0 -0.5 -0.866025 -0 -0.5 -0.866025 -0 -0.5 -0.866025 -0 -0.5 -0.866025 -0 -0.5 -0.866025 -0 -0.5 -0.866025 -0 -0.5 -0.866025 -0 -0.5 -0.866025 -0 -0.5 -0.866025 -0 -0.5 -0.866025 -0 -0.5 -0.866025 -0 -0.5 -0.866025 -0 -0.5 -0.866025 -0 -0.5 -0.866025 -0 -0.5 -0.866025 -0 -0.5 -0.866025 -0 -0.5 -0.866025 -0 -0.5 -0.866025 -0 -0.5 -0.866025 -0 -0.5 -0.866025 -0 -0.5 -0.866025 -0 -0.5 -0.866025 -0 -0.5 -0.866025 -0 -0.5 -0.866025 -0 -0.5 -0.866025 -0 -0.5 -0.866025 -0 -0.5 -0.0825793 0.996584 0 -0.0825793 0.996584 0 0.0825795 0.996584 0 -0.245486 0.9694 0 -0.245486 0.9694 0 -0.401695 0.915773 0 -0.401695 0.915773 0 -0.546948 0.837166 0 -0.546948 0.837166 0 -0.677282 0.735724 0 -0.677282 0.735724 0 -0.789141 0.614213 0 -0.789141 0.614213 0 -0.879474 0.475947 0 -0.879474 0.475947 0 -0.945817 0.3247 0 -0.945817 0.3247 0 -0.986361 0.164595 0 -0.986361 0.164595 0 -1 4.37114e-08 0 -1 4.37114e-08 0 0.0825795 0.996584 0 0.245486 0.9694 0 0.245486 0.9694 0 0.401695 0.915773 0 0.401695 0.915773 0 0.546948 0.837166 0 0.546948 0.837166 0 0.677281 0.735724 0 0.677281 0.735724 0 0.789141 0.614213 0 0.789141 0.614213 0 0.879474 0.475947 0 0.879474 0.475947 0 0.945817 0.3247 0 0.945817 0.3247 0 0.986361 0.164595 0 0.986361 0.164595 0 1 -1.19249e-08 0 1 -1.19249e-08 0 -0.820912 0.571055 0 -0.843132 0.537706 0 -0.820777 0.571249 0 -0.796514 0.60462 0 -0.796633 0.604464 0 -0.770089 0.637936 0 -0.770169 0.63784 0 -0.741515 0.670937 0 -0.741446 0.671012 0 -0.710539 0.703657 0 -0.710631 0.703565 0 -0.677437 0.735581 0 -0.677421 0.735596 0 -0.642094 0.766626 0 -0.642136 0.766591 0 -0.60471 0.796445 0 -0.604746 0.796419 0 -0.565506 0.824744 0 -0.565349 0.824852 0 -0.524403 0.85147 0 -0.524602 0.851348 0 -0.482219 0.876051 0 -0.482155 0.876086 0 -0.438943 0.898515 0 -0.438879 0.898546 0 -0.394872 0.918736 0 -0.394915 0.918718 0 -0.350442 0.936584 0 -0.350442 0.936584 0 -0.356859 0.934158 0 -0.362141 0.932123 0 -0.360811 0.932639 0 -0.36082 0.932635 0 -0.356856 0.934159 0 -0.863397 0.504525 0 -0.842999 0.537915 0 -0.350442 0.936584 0 -0.86328 0.504726 0 -0.88184 0.471549 0 -0.881684 0.471841 0 -0.898414 0.439149 0 -0.898561 0.438849 0 -0.913672 0.406452 0 -0.913571 0.406678 0 -0.927348 0.374201 0 -0.927194 0.37458 0 -0.939503 0.342542 0 -0.939642 0.342158 0 -0.950645 0.31028 0 -0.950565 0.310526 0 -0.960519 0.278215 0 -0.960376 0.278709 0 -0.969137 0.246521 0 -0.969265 0.246019 0 -0.976928 0.213571 0 -0.976867 0.213846 0 -0.983623 0.180239 0 -0.983491 0.180955 0 -0.989167 0.146791 0 -0.989277 0.146055 0 -0.993848 0.110749 0 -0.993812 0.111076 0 -0.997326 0.0730853 0 -0.997232 0.0743557 0 -0.999412 0.0342974 0 -0.999456 0.032974 0 -0.999947 -0.0102821 -0 -0.999951 -0.00990953 -0 -0.998213 -0.0597515 -0 -0.998232 -0.0594389 -0 -0.993249 -0.115998 -0 -0.993226 -0.116195 -0 -0.983283 -0.182085 -0 -0.983283 -0.182085 -0 -1 6.7179e-16 0 -1 6.7179e-16 0 -1 6.7179e-16 0 -1 6.7179e-16 0 0.437926 -0.899011 0 0.43975 -0.89812 0 0.455492 -0.89024 0 0.522834 -0.852434 0 0.547149 -0.837036 0 0.547193 -0.837007 0 0.499477 -0.866327 0 0.499438 -0.86635 0 0.476989 -0.878909 0 0.65317 -0.757211 0 0.625448 -0.780266 0 0.625581 -0.780159 0 0.598645 -0.801014 0 0.598416 -0.801185 0 0.572455 -0.819936 0 0.710076 -0.704125 0 0.738752 -0.673978 0 0.738729 -0.674003 0 0.681404 -0.731908 0 0.681505 -0.731813 0 0.710015 -0.704186 0 0.848313 -0.529495 0 0.822371 -0.568952 0 0.82244 -0.568852 0 0.795227 -0.606312 0 0.767237 -0.641364 0 0.767245 -0.641355 0 0.89531 -0.445444 0 0.91565 -0.401976 0 0.895236 -0.445592 0 0.848375 -0.529396 0 0.872744 -0.488178 0 0.872721 -0.488219 0 0.962741 -0.270424 0 0.949482 -0.313821 0 0.962732 -0.270455 0 0.933782 -0.357842 0 0.915719 -0.401819 0 0.933808 -0.357775 0 0.98228 -0.18742 0 0.982255 -0.187552 0 0.98882 -0.149117 0 0.97362 -0.228175 0 0.97363 -0.228134 0 0.993609 -0.112875 0 0.98888 -0.148715 0 0.996851 -0.0793005 0 0.993655 -0.112472 0 0.996867 -0.0791016 0 0.998778 -0.0494255 0 0.999742 -0.0227102 0 0.998813 -0.0487158 0 1 0.000287202 0 0.99976 -0.0219045 0 1 0.000730595 0 0.999826 0.0186432 0 0.999513 0.0311966 0 0.999824 0.0187444 0 0.999338 0.0363932 0 0.999512 0.031242 0 0.999488 0.0320096 0 0.999338 0.0363909 0 0.999488 0.0320096 0 0.949486 -0.313809 0 0.795263 -0.606265 0 0.653261 -0.757133 0 0.572387 -0.819984 0 0.522857 -0.852421 0 0.476976 -0.878916 0 0.455493 -0.890239 0 0.439752 -0.898119 0 0.437925 -0.899011 0 0.440364 -0.897819 0 0.434997 -0.900432 0 0.434997 -0.900432 0 0.434997 -0.900432 0 -8.74228e-08 -1 -0 0.170144 -0.985419 0 -8.74228e-08 -1 -0 0.170144 -0.985419 0 0.335326 -0.942102 0 0.49073 -0.871312 0 0.335326 -0.942102 0 0.631823 -0.775113 0 0.49073 -0.871312 0 0.631823 -0.775113 0 0.754491 -0.65631 0 0.855157 -0.518369 0 0.754491 -0.65631 0 0.930886 -0.365311 0 0.855157 -0.518369 0 0.930886 -0.365311 0 0.979468 -0.2016 0 0.999488 -0.0320097 0 0.979468 -0.2016 0 0.999488 -0.0320097 0 -0.170144 -0.985419 -0 -0.335326 -0.942102 -0 -0.170144 -0.985419 -0 -0.335326 -0.942102 -0 -0.49073 -0.871312 -0 -0.631823 -0.775113 -0 -0.49073 -0.871312 -0 -0.754491 -0.65631 -0 -0.631823 -0.775113 -0 -0.754491 -0.65631 -0 -0.855157 -0.518369 -0 -0.930886 -0.365311 -0 -0.855157 -0.518369 -0 -0.979468 -0.2016 -0 -0.930886 -0.365311 -0 -0.979468 -0.201599 -0 -0.999488 -0.0320098 -0 -0.999488 -0.0320098 -0 0 0 1 0 0 1 0 0 1 0 0 1 0 0 1 0 0 1 0 0 1 0 0 1 0 0 1 0 0 1 0 0 1 0 0 1 0 0 1 0 0 1 0 0 1 0 0 1 0 0 1 0 0 1 0 0 1 0 0 1 0 0 1 0 0 1 0 0 1 0 0 1 0 0 1 0 0 1 0 0 1 0 0 1 0 0 1 0 0 1 0 0 1 0 0 1 0 0 1 0 0 1 0 0 1 0 0 1 0 0 1 0 0 1 0 0 1 0 0 1 0 0 1 0 0 1 0 0 1 0 0 1 0 0 1 0 0 1 0 0 1 0 0 1 0 0 1 0 0 1 0 0 1 0 0 1 0 0 1 0 0 1 0 0 1 0 0 1 0 0 1 0 0 1 0 0 1 0 0 1 0 0 1 0 0 1 0 0 1 0 0 1 0 0 1 0 0 1 0 0 1 0 0 1 0 0 1 0 0 1 0 0 1 0 0 1 0 0 1 0 0 1 0 0 1 0 0 1 0 0 1 0 0 1 0 0 1 0 0 1 0 0 1 0 0 1 0 0 1 0 0 1 0 0 1 0 0 1 0 0 1 0 0 1 0 0 1 0 0 1 0 0 1 0 0 1 0 0 1 0 0 1 0 0 1 0 0 1 0 0 1 0 0 1 0 0 1 0 0 1 0 0 1 0 0 1 0 0 1 0 0 1 0 0 1 -0 -0 -1 -0 -0 -1 -0 -0 -1 -0 -0 -1 -0 -0 -1 -0 -0 -1 -0 -0 -1 -0 -0 -1 -0 -0 -1 -0 -0 -1 -0 -0 -1 -0 -0 -1 -0 -0 -1 -0 -0 -1 -0 -0 -1 -0 -0 -1 -0 -0 -1 -0 -0 -1 -0 -0 -1 -0 -0 -1 -0 -0 -1 -0 -0 -1 -0 -0 -1 -0 -0 -1 -0 -0 -1 -0 -0 -1 -0 -0 -1 -0 -0 -1 -0 -0 -1 -0 -0 -1 -0 -0 -1 -0 -0 -1 -0 -0 -1 -0 -0 -1 -0 -0 -1 -0 -0 -1 -0 -0 -1 -0 -0 -1 -0 -0 -1 -0 -0 -1 -0 -0 -1 -0 -0 -1 -0 -0 -1 -0 -0 -1 -0 -0 -1 -0 -0 -1 -0 -0 -1 -0 -0 -1 -0 -0 -1 -0 -0 -1 -0 -0 -1 -0 -0 -1 -0 -0 -1 -0 -0 -1 -0 -0 -1 -0 -0 -1 -0 -0 -1 -0 -0 -1 -0 -0 -1 -0 -0 -1 -0 -0 -1 -0 -0 -1 -0 -0 -1 -0 -0 -1 -0 -0 -1 -0 -0 -1 -0 -0 -1 -0 -0 -1 -0 -0 -1 -0 -0 -1 -0 -0 -1 -0 -0 -1 -0 -0 -1 -0 -0 -1 -0 -0 -1 -0 -0 -1 -0 -0 -1 -0 -0 -1 -0 -0 -1 -0 -0 -1 -0 -0 -1 -0 -0 -1 -0 -0 -1 -0 -0 -1 -0 -0 -1 -0 -0 -1 -0 -0 -1 -0 -0 -1 -0 -0 -1 -0 -0 -1 -0 -0 -1 -0 -0 -1 -0 -0 -1 -0 -0 -1 -0 -0 -1 -0 -0 -1 -0 -0 -1 -0 -0 -1 -0 -0 -1 -0 -0 -1 -0 -0 -1 -0 -0 -1 -0 -0 -1 -0 -0 -1 -0 -0 -1 1 6.7179e-16 0 1 6.7179e-16 0 1 6.7179e-16 0 1 6.7179e-16 0 0.361895 0.932219 0 0.394915 0.918718 0 0.394872 0.918736 0 0.524602 0.851348 0 0.565506 0.824744 0 0.565349 0.824852 0 0.482219 0.876051 0 0.482155 0.876086 0 0.438943 0.898515 0 0.710539 0.703657 0 0.710631 0.703565 0 0.677437 0.735581 0 0.642136 0.766591 0 0.642094 0.766626 0 0.60471 0.796445 0 0.820912 0.571055 0 0.796514 0.60462 0 0.820777 0.571249 0 0.770169 0.63784 0 0.741446 0.671012 0 0.770089 0.637936 0 0.898414 0.439149 0 0.898561 0.438849 0 0.88184 0.471549 0 0.842999 0.537915 0 0.86328 0.504726 0 0.863397 0.504525 0 0.939642 0.342158 0 0.939503 0.342542 0 0.950565 0.310526 0 0.927348 0.374201 0 0.913672 0.406452 0 0.927194 0.37458 0 0.969265 0.246019 0 0.960519 0.278215 0 0.969137 0.246521 0 0.960376 0.278709 0 0.950645 0.31028 0 0.976867 0.213846 0 0.976928 0.213571 0 0.983491 0.180955 0 0.983623 0.180239 0 0.989277 0.146055 0 0.989167 0.146791 0 0.993812 0.111076 0 0.993848 0.110749 0 0.997232 0.0743557 0 0.997326 0.0730853 0 0.999456 0.032974 0 0.999412 0.0342974 0 0.999951 -0.00990953 0 0.999947 -0.0102821 0 0.998232 -0.0594389 0 0.998213 -0.0597515 0 0.993226 -0.116195 0 0.993249 -0.115998 0 0.983283 -0.182085 0 0.983283 -0.182085 0 0.913571 0.406678 0 0.881684 0.471841 0 0.843132 0.537706 0 0.796633 0.604464 0 0.741515 0.670937 0 0.677421 0.735596 0 0.604746 0.796419 0 0.524403 0.85147 0 0.438879 0.898546 0 0.356091 0.934451 0 0.359938 0.932976 0 0.361899 0.932217 0 0.350442 0.936584 0 0.350442 0.936584 0 0.356092 0.934451 0 0.359948 0.932972 0 0.350442 0.936584 0 -0.0825793 0.996584 0 -0.0825793 0.996584 0 0.0825795 0.996584 0 -0.245486 0.9694 0 -0.245486 0.9694 0 -0.401695 0.915773 0 -0.401695 0.915773 0 -0.546948 0.837166 0 -0.546948 0.837166 0 -0.677282 0.735724 0 -0.677282 0.735724 0 -0.789141 0.614213 0 -0.789141 0.614213 0 -0.879474 0.475947 0 -0.879474 0.475947 0 -0.945817 0.3247 0 -0.945817 0.3247 0 -0.986361 0.164595 0 -0.986361 0.164595 0 -1 4.37114e-08 0 -1 4.37114e-08 0 0.0825795 0.996584 0 0.245486 0.9694 0 0.245486 0.9694 0 0.401695 0.915773 0 0.401695 0.915773 0 0.546948 0.837166 0 0.546948 0.837166 0 0.677281 0.735724 0 0.677281 0.735724 0 0.789141 0.614213 0 0.789141 0.614213 0 0.879474 0.475947 0 0.879474 0.475947 0 0.945817 0.3247 0 0.945817 0.3247 0 0.986361 0.164595 0 0.986361 0.164595 0 1 -1.19249e-08 0 1 -1.19249e-08 0 -8.74228e-08 -1 -0 0.170144 -0.985419 0 -8.74228e-08 -1 -0 0.170144 -0.985419 0 0.335326 -0.942102 0 0.49073 -0.871312 0 0.335326 -0.942102 0 0.631823 -0.775113 0 0.49073 -0.871312 0 0.631823 -0.775113 0 0.754491 -0.65631 0 0.855157 -0.518369 0 0.754491 -0.65631 0 0.930886 -0.365311 0 0.855157 -0.518369 0 0.930886 -0.365311 0 0.979468 -0.2016 0 0.999488 -0.0320097 0 0.979468 -0.2016 0 0.999488 -0.0320097 0 -0.170144 -0.985419 -0 -0.335326 -0.942102 -0 -0.170144 -0.985419 -0 -0.335326 -0.942102 -0 -0.49073 -0.871312 -0 -0.631823 -0.775113 -0 -0.49073 -0.871312 -0 -0.754491 -0.65631 -0 -0.631823 -0.775113 -0 -0.754491 -0.65631 -0 -0.855157 -0.518369 -0 -0.930886 -0.365311 -0 -0.855157 -0.518369 -0 -0.979468 -0.2016 -0 -0.930886 -0.365311 -0 -0.979468 -0.201599 -0 -0.999488 -0.0320098 -0 -0.999488 -0.0320098 -0 -0.795227 -0.606312 -0 -0.767245 -0.641355 -0 -0.767237 -0.641364 -0 -0.738729 -0.674003 -0 -0.738752 -0.673978 -0 -0.710076 -0.704125 -0 -0.710015 -0.704186 -0 -0.681505 -0.731813 -0 -0.681404 -0.731908 -0 -0.65317 -0.757211 -0 -0.653261 -0.757133 -0 -0.625581 -0.780159 -0 -0.625448 -0.780266 -0 -0.598645 -0.801014 -0 -0.598416 -0.801185 -0 -0.572387 -0.819984 -0 -0.572455 -0.819936 -0 -0.547149 -0.837036 -0 -0.547193 -0.837007 -0 -0.522834 -0.852434 -0 -0.522857 -0.852421 -0 -0.499438 -0.86635 -0 -0.499477 -0.866327 -0 -0.476989 -0.878909 -0 -0.476976 -0.878916 -0 -0.455493 -0.890239 -0 -0.455492 -0.89024 -0 -0.434997 -0.900432 -0 -0.437575 -0.899182 -0 -0.434997 -0.900432 -0 -0.439352 -0.898315 -0 -0.440251 -0.897875 -0 -0.440251 -0.897875 -0 -0.437575 -0.899182 -0 -0.439343 -0.898319 -0 -0.434997 -0.900432 -0 -0.822371 -0.568952 -0 -0.795263 -0.606265 -0 -0.848313 -0.529495 -0 -0.82244 -0.568852 -0 -0.848375 -0.529396 -0 -0.872721 -0.488219 -0 -0.872744 -0.488178 -0 -0.895236 -0.445592 -0 -0.89531 -0.445444 -0 -0.91565 -0.401976 -0 -0.933782 -0.357842 -0 -0.915719 -0.401819 -0 -0.949486 -0.313809 -0 -0.933808 -0.357775 -0 -0.949482 -0.313821 -0 -0.962741 -0.270424 -0 -0.97363 -0.228134 -0 -0.962732 -0.270455 -0 -0.98228 -0.18742 -0 -0.97362 -0.228175 -0 -0.98882 -0.149117 -0 -0.982255 -0.187552 -0 -0.98888 -0.148715 -0 -0.993609 -0.112875 -0 -0.993655 -0.112472 -0 -0.996851 -0.0793005 -0 -0.998778 -0.0494255 -0 -0.996867 -0.0791016 -0 -0.998813 -0.0487158 -0 -0.999742 -0.0227102 -0 -0.99976 -0.0219045 -0 -1 0.000287202 0 -0.999826 0.0186432 0 -1 0.000730595 0 -0.999824 0.0187444 0 -0.999513 0.0311966 0 -0.999512 0.031242 0 -0.999338 0.0363932 0 -0.999338 0.0363909 0 -0.999488 0.0320096 0 -0.999488 0.0320096 0 0 0 1 0 0 1 0 0 1 0 0 1 0 0 1 0 0 1 0 0 1 0 0 1 0 0 1 0 0 1 0 0 1 0 0 1 0 0 1 0 0 1 0 0 1 0 0 1 0 0 1 0 0 1 0 0 1 0 0 1 0 0 1 0 0 1 0 0 1 0 0 1 0 0 1 0 0 1 0 0 1 0 0 1 0 0 1 0 0 1 0 0 1 0 0 1 0 0 1 0 0 1 0 0 1 0 0 1 0 0 1 0 0 1 0 0 1 0 0 1 0 0 1 0 0 1 0 0 1 0 0 1 0 0 1 0 0 1 0 0 1 0 0 1 0 0 1 0 0 1 0 0 1 0 0 1 0 0 1 0 0 1 0 0 1 0 0 1 0 0 1 0 0 1 0 0 1 0 0 1 0 0 1 0 0 1 0 0 1 0 0 1 0 0 1 0 0 1 0 0 1 0 0 1 0 0 1 0 0 1 0 0 1 0 0 1 0 0 1 0 0 1 0 0 1 0 0 1 0 0 1 0 0 1 0 0 1 0 0 1 0 0 1 0 0 1 0 0 1 0 0 1 0 0 1 0 0 1 0 0 1 0 0 1 0 0 1 0 0 1 0 0 1 0 0 1 0 0 1 0 0 1 0 0 1 0 0 1 0 0 1 0 0 1 0 0 1 0 0 1 0 0 1 0 0 1 0 0 1 0 0 1 0 0 1 -0 -0 -1 -0 -0 -1 -0 -0 -1 -0 -0 -1 -0 -0 -1 -0 -0 -1 -0 -0 -1 -0 -0 -1 -0 -0 -1 -0 -0 -1 -0 -0 -1 -0 -0 -1 -0 -0 -1 -0 -0 -1 -0 -0 -1 -0 -0 -1 -0 -0 -1 -0 -0 -1 -0 -0 -1 -0 -0 -1 -0 -0 -1 -0 -0 -1 -0 -0 -1 -0 -0 -1 -0 -0 -1 -0 -0 -1 -0 -0 -1 -0 -0 -1 -0 -0 -1 -0 -0 -1 -0 -0 -1 -0 -0 -1 -0 -0 -1 -0 -0 -1 -0 -0 -1 -0 -0 -1 -0 -0 -1 -0 -0 -1 -0 -0 -1 -0 -0 -1 -0 -0 -1 -0 -0 -1 -0 -0 -1 -0 -0 -1 -0 -0 -1 -0 -0 -1 -0 -0 -1 -0 -0 -1 -0 -0 -1 -0 -0 -1 -0 -0 -1 -0 -0 -1 -0 -0 -1 -0 -0 -1 -0 -0 -1 -0 -0 -1 -0 -0 -1 -0 -0 -1 -0 -0 -1 -0 -0 -1 -0 -0 -1 -0 -0 -1 -0 -0 -1 -0 -0 -1 -0 -0 -1 -0 -0 -1 -0 -0 -1 -0 -0 -1 -0 -0 -1 -0 -0 -1 -0 -0 -1 -0 -0 -1 -0 -0 -1 -0 -0 -1 -0 -0 -1 -0 -0 -1 -0 -0 -1 -0 -0 -1 -0 -0 -1 -0 -0 -1 -0 -0 -1 -0 -0 -1 -0 -0 -1 -0 -0 -1 -0 -0 -1 -0 -0 -1 -0 -0 -1 -0 -0 -1 -0 -0 -1 -0 -0 -1 -0 -0 -1 -0 -0 -1 -0 -0 -1 -0 -0 -1 -0 -0 -1 -0 -0 -1 -0 -0 -1 -0 -0 -1 -0 -0 -1 -0 -0 -1 -0 -0 -1 -0 -0 -1 -0 -0 -1 -0 -0 -1 -0 -0 -1</float_array>
          <technique_common>
            <accessor count="3539" source="#ID28" stride="3">
              <param name="X" type="float"/>
              <param name="Y" type="float"/>
              <param name="Z" type="float"/>
            </accessor>
          </technique_common>
        </source>
        <vertices id="ID29">
          <input semantic="POSITION" source="#ID25"/>
          <input semantic="NORMAL" source="#ID27"/>
        </vertices>
        <triangles count="3554" material="ID30">
          <input offset="0" semantic="VERTEX" source="#ID29"/>
          <p>0 1 2 3 0 2 4 2 5 6 2 4 6 7 2 7 8 2 5 2 9 10 3 2 2 1 9 10 11 3 12 13 14 12 15 16 12 17 13 13 18 14 16 19 12 12 14 15 12 20 21 19 20 12 22 12 23 21 23 12 24 25 26 27 28 29 26 29 24 30 28 27 31 27 29 26 25 32 31 29 26 33 26 32 34 26 35 33 35 26 36 37 38 36 38 39 37 40 41 40 37 36 36 42 43 39 42 36 36 44 45 43 44 36 36 45 46 47 48 49 47 49 50 47 51 52 53 48 52 52 48 47 47 50 54 54 55 47 47 56 57 55 56 47 47 57 58 59 60 61 62 61 63 60 63 61 64 65 62 62 63 64 65 66 67 66 65 64 68 67 69 66 69 67 70 71 68 68 69 70 71 72 73 72 71 70 74 73 75 72 75 73 76 77 74 74 75 76 77 78 79 78 77 76 80 79 81 78 81 79 82 83 80 80 81 82 83 84 85 84 83 82 86 85 87 84 87 85 88 89 86 86 87 88 89 90 91 90 89 88 92 91 93 90 93 91 94 95 92 92 93 94 96 95 94 96 97 95 60 59 98 99 100 98 98 59 99 100 101 102 101 100 99 103 102 104 101 104 102 105 106 103 103 104 105 106 107 108 107 106 105 109 108 110 107 110 108 111 112 109 109 110 111 112 113 114 113 112 111 115 114 116 113 116 114 117 118 115 115 116 117 119 118 117 120 119 121 119 120 118 122 123 121 120 121 123 122 124 125 125 123 122 126 124 127 124 126 125 128 129 127 126 127 129 128 130 131 131 129 128 132 130 133 130 132 131 132 133 96 96 133 97 134 135 136 137 138 139 140 138 141 142 143 144 145 146 147 148 149 150 143 151 144 152 149 153 154 151 155 156 157 158 159 160 155 161 162 163 164 165 159 166 167 168 169 170 171 172 173 174 175 176 177 178 179 180 181 182 183 184 185 186 187 188 189 190 187 191 192 193 194 189 195 193 185 196 192 191 183 190 197 176 198 197 199 182 200 184 186 201 202 177 203 178 200 204 205 180 174 202 201 142 137 139 168 204 166 206 167 207 169 171 208 171 170 209 210 134 206 211 212 136 163 209 170 161 213 162 214 164 215 162 209 163 214 215 211 173 172 208 172 169 208 202 174 173 175 177 202 198 176 175 199 197 198 183 182 199 183 191 181 188 187 190 195 189 188 194 193 195 185 192 194 185 184 196 203 200 186 179 178 203 204 180 179 204 168 205 207 167 166 210 206 207 135 134 210 211 136 135 211 215 212 165 164 214 160 159 165 154 155 160 144 151 154 137 142 144 140 139 138 145 140 141 146 150 147 146 145 141 148 153 149 146 148 150 153 156 152 158 157 213 152 156 158 162 213 157 216 217 218 219 220 221 222 223 224 225 216 218 226 227 228 229 230 231 232 220 219 232 233 220 219 221 234 223 234 224 221 224 234 235 236 237 238 239 240 241 228 242 230 229 227 243 244 245 246 247 248 249 250 251 252 253 254 255 256 257 258 259 260 218 261 225 262 217 263 264 265 266 265 264 261 267 266 268 265 268 266 269 270 267 267 268 269 271 272 273 271 270 269 274 275 276 277 278 272 279 280 281 277 281 280 282 274 276 281 283 279 284 283 285 283 284 279 282 286 274 285 287 284 287 288 282 288 287 285 288 289 286 282 288 286 289 290 291 290 289 288 292 291 293 290 293 291 294 232 292 292 293 294 233 232 294 277 295 278 277 280 295 273 270 271 273 272 278 296 297 298 225 261 264 275 296 276 296 275 297 263 217 216 255 262 299 299 262 263 257 256 300 255 299 256 258 301 300 302 300 301 303 260 259 260 301 258 304 305 306 307 308 303 249 309 250 308 251 250 253 309 254 249 254 309 252 310 311 245 310 243 310 245 311 312 244 313 313 244 243 246 248 312 312 313 246 247 314 315 248 247 315 242 314 241 314 242 315 226 230 227 226 228 241 316 231 237 316 229 231 236 235 317 316 237 236 238 317 318 317 235 318 319 240 239 240 317 238 319 320 222 320 319 239 321 322 323 320 322 222 324 325 323 325 326 297 326 298 297 324 326 325 322 324 323 223 222 321 222 322 321 252 311 327 311 328 327 252 327 253 327 328 329 330 331 329 332 333 331 304 332 305 307 251 308 259 307 303 334 335 306 336 337 335 257 300 302 336 257 337 257 302 337 334 336 335 305 334 306 332 304 333 330 332 331 328 330 329 338 339 340 339 341 342 343 341 339 341 344 342 340 345 338 343 339 338 338 346 347 345 346 338 348 338 349 347 349 338 350 351 352 353 354 355 356 355 357 352 358 350 356 353 355 359 357 360 361 362 363 356 357 359 364 361 363 365 366 367 367 354 368 366 365 369 370 371 366 368 354 353 367 368 365 372 373 374 375 372 374 376 377 378 378 371 379 376 380 377 380 381 377 379 371 370 378 379 376 382 370 366 369 382 366 383 384 385 385 381 386 383 387 384 387 388 384 386 381 380 385 386 383 388 389 390 388 390 384 391 390 389 392 391 389 373 359 360 375 374 393 373 360 374 393 394 395 394 393 374 396 395 397 394 397 395 398 399 396 396 397 398 399 400 401 400 399 398 362 401 402 400 402 401 364 363 403 362 402 363 403 404 405 404 403 363 406 405 407 404 407 405 408 409 406 406 407 408 409 410 411 410 409 408 352 411 358 410 358 411 412 413 414 350 412 415 416 417 418 419 420 421 422 423 424 425 424 426 427 428 429 430 431 428 432 392 427 427 429 432 391 392 432 431 429 428 430 422 431 430 423 422 416 424 425 423 426 424 417 419 433 433 419 421 418 424 416 433 418 417 421 420 413 413 420 414 415 434 350 412 414 415 351 350 434 435 436 437 438 439 440 441 442 443 437 444 445 446 447 441 448 449 450 451 452 453 454 455 456 457 458 446 459 460 461 462 463 457 464 465 466 467 468 469 470 471 438 472 473 474 475 476 477 478 479 480 481 482 483 484 483 485 486 481 487 488 484 489 490 487 477 475 491 492 493 488 478 479 494 495 471 496 491 464 466 440 497 494 473 467 498 499 500 474 499 501 466 465 502 503 468 459 501 465 504 505 460 506 462 507 508 507 502 459 461 501 443 436 435 440 439 464 438 471 439 496 471 470 492 491 496 476 475 492 490 477 476 486 487 490 482 481 486 485 483 482 489 484 485 478 488 489 478 480 493 479 495 480 494 497 495 473 472 497 474 500 472 499 498 500 467 469 498 468 503 469 502 507 503 506 507 508 463 462 506 458 457 463 447 446 458 442 441 447 436 443 442 445 435 437 448 445 444 449 451 450 449 448 444 452 454 453 449 452 451 456 455 504 453 454 456 460 505 461 504 455 505 509 510 511 512 513 514 515 516 517 518 519 520 521 522 523 524 525 526 527 528 529 530 531 532 533 534 535 536 537 538 539 540 541 542 543 544 545 546 547 548 549 550 551 552 553 554 555 556 557 558 559 560 561 562 563 564 565 566 567 568 568 562 566 569 570 567 568 567 570 571 569 572 569 571 570 572 573 574 574 571 572 575 576 573 574 573 576 577 575 578 575 577 576 578 579 580 580 577 578 581 582 579 580 579 582 510 581 511 581 510 582 561 560 565 562 561 566 555 564 563 563 565 560 558 554 556 554 564 555 557 559 548 558 556 559 550 549 551 557 548 550 552 544 553 549 552 551 542 547 543 544 543 553 537 546 545 545 547 542 540 536 538 536 546 537 539 541 530 540 538 541 532 531 533 539 530 532 534 526 535 531 534 533 524 529 525 526 525 535 519 528 527 527 529 524 522 518 520 518 528 519 521 523 512 522 520 523 514 513 517 521 512 514 515 509 516 513 515 517 511 516 509 583 584 585 586 587 588 589 590 591 592 593 594 595 596 592 594 593 597 597 598 594 598 597 589 599 600 601 600 602 603 593 592 596 594 598 602 604 605 606 605 604 595 605 607 606 608 607 609 607 608 606 609 583 610 610 608 609 585 584 611 610 583 585 612 611 613 584 613 611 614 615 616 616 612 613 617 618 619 620 621 622 623 624 625 626 627 628 629 630 631 632 633 634 635 636 637 638 639 640 641 642 643 644 645 646 647 648 649 587 586 650 651 652 653 652 648 647 654 655 656 655 657 653 658 659 660 661 662 660 663 601 600 658 660 662 664 665 666 658 667 659 603 591 668 664 663 600 590 667 591 667 590 659 656 661 654 661 656 662 655 654 657 657 651 653 649 586 647 651 648 652 650 586 649 587 641 643 641 587 650 614 620 615 642 645 644 643 642 644 637 636 646 645 637 646 640 639 635 635 639 636 638 630 629 629 639 638 620 614 621 631 630 633 626 632 634 631 633 632 627 623 628 634 627 626 624 618 625 623 625 628 622 617 619 619 618 624 621 617 622 616 615 612 665 668 669 668 665 664 667 669 668 670 658 662 658 670 669 671 662 656 662 671 670 672 656 655 656 672 671 673 655 653 655 673 672 674 653 652 653 674 673 675 652 647 652 675 674 676 647 586 675 647 676 587 643 677 676 586 588 643 644 678 588 587 677 644 646 679 677 643 678 646 636 680 678 644 679 636 639 681 679 646 680 639 629 682 680 636 681 629 631 683 681 639 682 631 632 684 682 629 683 632 626 685 683 631 684 626 628 686 684 632 685 628 625 687 685 626 686 625 618 688 686 628 687 618 617 689 687 625 688 617 621 690 688 618 689 621 614 691 689 617 690 614 616 692 690 621 691 616 613 693 691 614 692 613 584 694 692 616 693 584 583 695 693 613 694 583 609 696 694 584 695 609 607 697 695 583 696 607 605 698 696 609 697 605 595 699 697 607 698 604 596 595 605 699 698 700 595 592 595 700 699 594 701 592 701 700 592 598 591 603 701 594 602 591 598 589 591 667 668 664 600 603 670 702 669 667 658 669 669 702 665 671 703 670 670 703 702 672 704 671 671 704 703 673 705 672 672 705 704 674 706 673 673 706 705 675 707 674 674 707 706 676 708 675 675 708 707 588 709 676 676 709 708 677 710 588 588 710 709 678 711 677 677 711 710 679 712 678 678 712 711 680 713 679 679 713 712 681 714 680 680 714 713 682 715 681 681 715 714 683 716 682 682 716 715 684 717 683 683 717 716 685 718 684 684 718 717 686 719 685 685 719 718 687 720 686 686 720 719 688 721 687 687 721 720 689 722 688 688 722 721 690 723 689 689 723 722 691 724 690 690 724 723 692 725 691 691 725 724 693 726 692 692 726 725 694 727 693 693 727 726 695 728 694 694 728 727 696 729 695 695 729 728 697 730 696 696 730 729 698 731 697 697 731 730 699 732 698 698 732 731 700 733 699 699 733 732 701 734 700 700 734 733 599 701 602 734 701 599 603 602 598 664 603 668 663 664 666 666 665 735 665 702 735 735 702 736 702 703 736 736 703 737 703 704 737 737 704 738 704 705 738 738 705 739 705 706 739 739 706 740 706 707 740 740 707 741 707 708 741 741 708 742 708 709 742 742 709 743 709 710 743 743 710 744 710 711 744 744 711 745 711 712 745 745 712 746 712 713 746 746 713 747 713 714 747 747 714 748 714 715 748 748 715 749 715 716 749 749 716 750 716 717 750 750 717 751 717 718 751 751 718 752 718 719 752 752 719 753 719 720 753 753 720 754 720 721 754 754 721 755 721 722 755 755 722 756 722 723 756 756 723 757 723 724 757 757 724 758 758 725 759 758 724 725 759 726 760 759 725 726 760 727 761 760 726 727 727 728 761 761 728 762 728 729 762 762 729 763 729 730 763 763 730 764 730 731 764 764 731 765 731 732 765 765 732 766 732 733 766 766 733 767 733 734 767 767 734 768 601 768 599 768 734 599 600 599 602 769 770 771 772 773 774 775 776 777 778 779 780 781 782 783 784 785 786 787 788 789 790 791 792 791 793 794 795 796 797 798 799 800 801 802 803 795 804 805 806 807 808 802 809 808 810 811 812 807 813 812 814 815 816 811 817 816 818 819 820 815 821 820 822 823 824 819 824 823 825 822 826 822 825 823 826 827 828 828 825 826 829 830 827 828 827 830 831 829 832 829 831 830 833 831 832 821 818 820 818 824 819 816 817 814 814 821 815 812 813 810 810 817 811 808 809 806 806 813 807 803 804 801 801 809 802 795 805 796 804 803 805 797 799 798 797 796 799 800 790 792 798 800 792 794 793 786 790 793 791 784 789 785 786 785 794 779 788 787 787 789 784 782 778 780 778 788 779 781 783 772 782 780 783 774 773 777 781 772 774 775 769 776 773 775 777 771 776 769 834 835 836 837 835 838 835 837 836 839 840 838 837 838 840 839 841 842 842 840 839 843 841 844 841 843 842 845 846 844 843 844 846 845 847 848 848 846 845 849 847 850 847 849 848 851 852 850 849 850 852 853 852 851 854 834 836 854 855 856 856 834 854 857 855 858 855 857 856 859 860 858 857 858 860 859 861 862 862 860 859 863 861 864 861 863 862 865 866 864 863 864 866 865 867 868 868 866 865 869 867 870 867 869 868 869 870 871 872 873 874 874 875 876 876 872 874 877 878 875 876 875 878 879 877 880 877 879 878 880 881 882 882 879 880 883 884 881 882 881 884 885 883 886 883 885 884 886 887 888 888 885 886 889 890 887 888 887 890 891 889 892 889 891 890 892 893 894 894 891 892 895 896 893 894 893 896 897 895 898 895 897 896 899 897 898 873 872 900 901 900 902 900 901 873 902 903 904 904 901 902 905 906 903 904 903 906 907 905 908 905 907 906 908 909 910 910 907 908 911 912 909 910 909 912 913 911 914 911 913 912 914 915 916 916 913 914 917 918 915 916 915 918 919 917 920 917 919 918 920 921 922 922 919 920 923 921 924 921 923 922 922 923 925 926 927 921 921 927 924 928 926 921 929 930 931 931 932 933 929 931 933 934 935 933 936 935 937 933 932 934 938 939 940 937 938 936 939 941 942 941 939 938 943 944 945 946 947 948 949 950 951 952 953 954 955 956 957 958 959 960 961 962 963 964 965 966 967 968 969 962 969 968 969 970 971 971 967 969 968 963 962 971 970 972 970 973 972 974 975 976 977 978 979 961 966 980 980 962 961 964 955 965 966 965 980 955 981 956 964 981 955 956 958 957 959 950 960 957 958 960 949 951 954 960 950 949 982 983 984 954 953 944 954 951 952 943 945 947 944 953 945 946 948 942 946 943 947 985 986 984 987 988 929 941 946 942 938 940 936 935 934 937 989 929 988 989 930 929 984 986 929 986 987 929 984 983 985 983 982 990 991 992 993 994 995 996 997 995 998 996 999 994 995 994 998 975 999 1000 996 1000 999 1001 975 1000 1002 974 976 976 975 1001 974 992 991 992 974 1002 991 1003 979 991 993 1003 1004 979 978 1003 977 979 982 1004 1005 1004 982 979 982 1005 990 1006 1007 1008 1009 1010 1011 1012 1013 1014 1007 1006 1015 1016 1017 1018 1019 1020 1021 1022 1023 1024 1025 1026 1027 1028 1029 1030 1031 1032 1033 1034 1035 1036 1030 1036 1037 1038 1039 1040 1041 1034 1040 1042 1043 1044 1039 1044 1043 1043 1042 1045 1042 1046 1045 1046 1047 1048 1048 1045 1046 1049 1011 1050 1011 1047 1050 1051 1011 1049 1052 1053 1054 1011 1010 1052 1055 1056 1057 1058 1059 1060 1061 1062 1063 1057 1064 1063 1065 1066 1067 1062 1068 1069 1070 1071 1072 1073 1074 1075 1072 1071 1074 1074 1073 1072 1066 1065 1070 1065 1071 1070 1067 1066 1076 1076 1069 1068 1069 1076 1066 1063 1062 1069 1063 1064 1061 1056 1077 1057 1064 1057 1077 1078 1055 1058 1055 1057 1058 1058 1054 1059 1058 1060 1078 1054 1053 1059 1052 1054 1011 1011 1048 1047 1009 1011 1051 1038 1044 1039 1035 1034 1041 1038 1040 1034 1079 1030 1037 1035 1037 1036 1029 1028 1031 1030 1079 1028 1033 1032 1022 1029 1031 1033 1024 1026 1022 1032 1023 1022 1016 1025 1027 1027 1026 1024 1018 1017 1080 1018 1025 1016 1019 1021 1080 1018 1080 1021 1012 1020 1013 1020 1019 1013 1012 1081 1082 1014 1081 1012 1082 1081 1015 1015 1006 1082 1083 1084 1085 1086 1087 1088 1089 1090 1091 1092 1093 1094 1095 1096 1097 1098 1099 1100 1101 1102 1103 1104 1105 1106 1105 1107 1108 1109 1110 1111 1112 1113 1114 1115 1116 1117 1109 1118 1119 1120 1121 1122 1116 1123 1122 1124 1125 1126 1121 1127 1126 1128 1129 1130 1125 1131 1130 1132 1133 1134 1129 1135 1134 1136 1137 1138 1133 1138 1137 1139 1136 1140 1136 1139 1137 1140 1141 1142 1142 1139 1140 1143 1144 1141 1142 1141 1144 1145 1143 1146 1143 1145 1144 1147 1145 1146 1135 1132 1134 1132 1138 1133 1130 1131 1128 1128 1135 1129 1126 1127 1124 1124 1131 1125 1122 1123 1120 1120 1127 1121 1117 1118 1115 1115 1123 1116 1109 1119 1110 1118 1117 1119 1111 1113 1112 1111 1110 1113 1114 1104 1106 1112 1114 1106 1108 1107 1100 1104 1107 1105 1098 1103 1099 1100 1099 1108 1093 1102 1101 1101 1103 1098 1096 1092 1094 1092 1102 1093 1095 1097 1086 1096 1094 1097 1088 1087 1091 1095 1086 1088 1089 1083 1090 1087 1089 1091 1085 1090 1083 1148 1149 1150 1151 1149 1152 1149 1151 1150 1153 1154 1152 1151 1152 1154 1153 1155 1156 1156 1154 1153 1157 1155 1158 1155 1157 1156 1159 1160 1158 1157 1158 1160 1159 1161 1162 1162 1160 1159 1163 1161 1164 1161 1163 1162 1165 1166 1164 1163 1164 1166 1167 1166 1165 1168 1148 1150 1168 1169 1170 1170 1148 1168 1171 1169 1172 1169 1171 1170 1173 1174 1172 1171 1172 1174 1173 1175 1176 1176 1174 1173 1177 1175 1178 1175 1177 1176 1179 1180 1178 1177 1178 1180 1179 1181 1182 1182 1180 1179 1183 1181 1184 1181 1183 1182 1183 1184 1185 1186 1187 1188 1188 1189 1190 1190 1186 1188 1191 1192 1189 1190 1189 1192 1193 1191 1194 1191 1193 1192 1194 1195 1196 1196 1193 1194 1197 1198 1195 1196 1195 1198 1199 1197 1200 1197 1199 1198 1200 1201 1202 1202 1199 1200 1203 1204 1201 1202 1201 1204 1205 1203 1206 1203 1205 1204 1206 1207 1208 1208 1205 1206 1209 1210 1207 1208 1207 1210 1211 1209 1212 1209 1211 1210 1213 1211 1212 1214 1187 1215 1186 1215 1187 1214 1216 1217 1216 1214 1215 1218 1219 1217 1217 1216 1218 1220 1219 1221 1218 1221 1219 1220 1222 1223 1222 1220 1221 1224 1225 1223 1223 1222 1224 1226 1225 1227 1224 1227 1225 1226 1228 1229 1228 1226 1227 1230 1231 1229 1229 1228 1230 1232 1231 1233 1230 1233 1231 1232 1234 1235 1234 1232 1233 1235 1234 1236 1237 1236 1238 1236 1237 1235 1235 1237 1239 1240 1241 1236 1236 1241 1238 1242 1240 1236 1243 1244 1245 1245 1246 1247 1243 1245 1247 1248 1249 1247 1250 1249 1251 1247 1246 1248 1252 1253 1254 1251 1252 1250 1253 1255 1256 1255 1253 1252 1257 1258 1259 1260 1261 1262 1263 1264 1265 1266 1267 1268 1269 1270 1271 1272 1273 1274 1275 1276 1277 1278 1279 1280 1281 1282 1283 1276 1283 1282 1283 1284 1285 1285 1281 1283 1282 1277 1276 1285 1284 1286 1284 1287 1286 1288 1289 1290 1291 1292 1293 1275 1280 1294 1294 1276 1275 1278 1269 1279 1280 1279 1294 1269 1295 1270 1278 1295 1269 1270 1272 1271 1273 1264 1274 1271 1272 1274 1263 1265 1268 1274 1264 1263 1296 1297 1298 1268 1267 1258 1268 1265 1266 1257 1259 1261 1258 1267 1259 1260 1262 1256 1260 1257 1261 1299 1300 1298 1301 1302 1243 1255 1260 1256 1252 1254 1250 1249 1248 1251 1303 1243 1302 1303 1244 1243 1298 1300 1243 1300 1301 1243 1298 1297 1299 1297 1296 1304 1305 1306 1307 1308 1309 1310 1311 1309 1312 1310 1313 1308 1309 1308 1312 1289 1313 1314 1310 1314 1313 1315 1289 1314 1316 1288 1290 1290 1289 1315 1288 1306 1305 1306 1288 1316 1305 1317 1293 1305 1307 1317 1318 1293 1292 1317 1291 1293 1296 1318 1319 1318 1296 1293 1296 1319 1304 1320 1321 1322 1323 1324 1325 1326 1327 1328 1321 1320 1329 1330 1331 1332 1333 1334 1335 1336 1337 1338 1339 1340 1341 1342 1343 1344 1345 1346 1347 1348 1349 1350 1344 1350 1351 1352 1353 1354 1355 1348 1354 1356 1357 1358 1353 1358 1357 1357 1356 1359 1356 1360 1359 1360 1361 1362 1362 1359 1360 1363 1325 1364 1325 1361 1364 1365 1325 1363 1366 1367 1368 1325 1324 1366 1369 1370 1371 1372 1373 1374 1375 1376 1377 1371 1378 1377 1379 1380 1381 1376 1382 1383 1384 1385 1386 1387 1388 1389 1386 1385 1388 1388 1387 1386 1380 1379 1384 1379 1385 1384 1381 1380 1390 1390 1383 1382 1383 1390 1380 1377 1376 1383 1377 1378 1375 1370 1391 1371 1378 1371 1391 1392 1369 1372 1369 1371 1372 1372 1368 1373 1372 1374 1392 1368 1367 1373 1366 1368 1325 1325 1362 1361 1323 1325 1365 1352 1358 1353 1349 1348 1355 1352 1354 1348 1393 1344 1351 1349 1351 1350 1343 1342 1345 1344 1393 1342 1347 1346 1336 1343 1345 1347 1338 1340 1336 1346 1337 1336 1330 1339 1341 1341 1340 1338 1332 1331 1394 1332 1339 1330 1333 1335 1394 1332 1394 1335 1326 1334 1327 1334 1333 1327 1326 1395 1396 1328 1395 1326 1396 1395 1329 1329 1320 1396 1397 1398 1399 1400 1401 1402 1403 1404 1405 1406 1407 1408 1409 1410 1411 1412 1413 1414 1415 1416 1417 1418 1419 1420 1419 1421 1422 1423 1424 1425 1426 1427 1428 1429 1430 1431 1423 1432 1433 1434 1435 1436 1430 1437 1436 1438 1439 1440 1435 1441 1440 1442 1443 1444 1439 1445 1444 1446 1447 1448 1443 1449 1448 1450 1451 1452 1447 1452 1451 1453 1450 1454 1450 1453 1451 1454 1455 1456 1456 1453 1454 1457 1458 1455 1456 1455 1458 1459 1457 1460 1457 1459 1458 1461 1459 1460 1449 1446 1448 1446 1452 1447 1444 1445 1442 1442 1449 1443 1440 1441 1438 1438 1445 1439 1436 1437 1434 1434 1441 1435 1431 1432 1429 1429 1437 1430 1423 1433 1424 1432 1431 1433 1425 1427 1426 1425 1424 1427 1428 1418 1420 1426 1428 1420 1422 1421 1414 1418 1421 1419 1412 1417 1413 1414 1413 1422 1407 1416 1415 1415 1417 1412 1410 1406 1408 1406 1416 1407 1409 1411 1400 1410 1408 1411 1402 1401 1405 1409 1400 1402 1403 1397 1404 1401 1403 1405 1399 1404 1397 1462 1463 1464 1465 1463 1466 1463 1465 1464 1467 1468 1466 1465 1466 1468 1467 1469 1470 1470 1468 1467 1471 1469 1472 1469 1471 1470 1473 1474 1472 1471 1472 1474 1473 1475 1476 1476 1474 1473 1477 1475 1478 1475 1477 1476 1479 1480 1478 1477 1478 1480 1481 1480 1479 1482 1462 1464 1482 1483 1484 1484 1462 1482 1485 1483 1486 1483 1485 1484 1487 1488 1486 1485 1486 1488 1487 1489 1490 1490 1488 1487 1491 1489 1492 1489 1491 1490 1493 1494 1492 1491 1492 1494 1493 1495 1496 1496 1494 1493 1497 1495 1498 1495 1497 1496 1497 1498 1499 1500 1501 1502 1502 1503 1504 1504 1500 1502 1505 1506 1503 1504 1503 1506 1507 1505 1508 1505 1507 1506 1508 1509 1510 1510 1507 1508 1511 1512 1509 1510 1509 1512 1513 1511 1514 1511 1513 1512 1514 1515 1516 1516 1513 1514 1517 1518 1515 1516 1515 1518 1519 1517 1520 1517 1519 1518 1520 1521 1522 1522 1519 1520 1523 1524 1521 1522 1521 1524 1525 1523 1526 1523 1525 1524 1527 1525 1526 1501 1500 1528 1529 1528 1530 1528 1529 1501 1530 1531 1532 1532 1529 1530 1533 1534 1531 1532 1531 1534 1535 1533 1536 1533 1535 1534 1536 1537 1538 1538 1535 1536 1539 1540 1537 1538 1537 1540 1541 1539 1542 1539 1541 1540 1542 1543 1544 1544 1541 1542 1545 1546 1543 1544 1543 1546 1547 1545 1548 1545 1547 1546 1548 1549 1550 1550 1547 1548 1551 1549 1552 1549 1551 1550 1550 1551 1553 1554 1555 1549 1549 1555 1552 1556 1554 1549 1557 1558 1559 1559 1560 1561 1557 1559 1561 1562 1563 1561 1564 1563 1565 1561 1560 1562 1566 1567 1568 1565 1566 1564 1567 1569 1570 1569 1567 1566 1571 1572 1573 1574 1575 1576 1577 1578 1579 1580 1581 1582 1583 1584 1585 1586 1587 1588 1589 1590 1591 1592 1593 1594 1595 1596 1597 1590 1597 1596 1597 1598 1599 1599 1595 1597 1596 1591 1590 1599 1598 1600 1598 1601 1600 1602 1603 1604 1605 1606 1607 1589 1594 1608 1608 1590 1589 1592 1583 1593 1594 1593 1608 1583 1609 1584 1592 1609 1583 1584 1586 1585 1587 1578 1588 1585 1586 1588 1577 1579 1582 1588 1578 1577 1610 1611 1612 1582 1581 1572 1582 1579 1580 1571 1573 1575 1572 1581 1573 1574 1576 1570 1574 1571 1575 1613 1614 1612 1615 1616 1557 1569 1574 1570 1566 1568 1564 1563 1562 1565 1617 1557 1616 1617 1558 1557 1612 1614 1557 1614 1615 1557 1612 1611 1613 1611 1610 1618 1619 1620 1621 1622 1623 1624 1625 1623 1626 1624 1627 1622 1623 1622 1626 1603 1627 1628 1624 1628 1627 1629 1603 1628 1630 1602 1604 1604 1603 1629 1602 1620 1619 1620 1602 1630 1619 1631 1607 1619 1621 1631 1632 1607 1606 1631 1605 1607 1610 1632 1633 1632 1610 1607 1610 1633 1618 1634 1635 1636 1637 1638 1639 1640 1641 1642 1635 1634 1643 1644 1645 1646 1647 1648 1649 1650 1651 1652 1653 1654 1655 1656 1657 1658 1659 1660 1661 1662 1663 1664 1658 1664 1665 1666 1667 1668 1669 1662 1668 1670 1671 1672 1667 1672 1671 1671 1670 1673 1670 1674 1673 1674 1675 1676 1676 1673 1674 1677 1639 1678 1639 1675 1678 1679 1639 1677 1680 1681 1682 1639 1638 1680 1683 1684 1685 1686 1687 1688 1689 1690 1691 1685 1692 1691 1693 1694 1695 1690 1696 1697 1698 1699 1700 1701 1702 1703 1700 1699 1702 1702 1701 1700 1694 1693 1698 1693 1699 1698 1695 1694 1704 1704 1697 1696 1697 1704 1694 1691 1690 1697 1691 1692 1689 1684 1705 1685 1692 1685 1705 1706 1683 1686 1683 1685 1686 1686 1682 1687 1686 1688 1706 1682 1681 1687 1680 1682 1639 1639 1676 1675 1637 1639 1679 1666 1672 1667 1663 1662 1669 1666 1668 1662 1707 1658 1665 1663 1665 1664 1657 1656 1659 1658 1707 1656 1661 1660 1650 1657 1659 1661 1652 1654 1650 1660 1651 1650 1644 1653 1655 1655 1654 1652 1646 1645 1708 1646 1653 1644 1647 1649 1708 1646 1708 1649 1640 1648 1641 1648 1647 1641 1640 1709 1710 1642 1709 1640 1710 1709 1643 1643 1634 1710 1711 1712 1713 1714 1715 1716 1717 1718 1719 1720 1721 1722 1723 1724 1725 1726 1727 1728 1729 1730 1731 1732 1733 1734 1733 1735 1736 1737 1738 1739 1740 1741 1742 1743 1744 1745 1737 1746 1747 1748 1749 1750 1744 1751 1750 1752 1753 1754 1749 1755 1754 1756 1757 1758 1753 1759 1758 1760 1761 1762 1757 1763 1762 1764 1765 1766 1761 1766 1765 1767 1764 1768 1764 1767 1765 1768 1769 1770 1770 1767 1768 1771 1772 1769 1770 1769 1772 1773 1771 1774 1771 1773 1772 1775 1773 1774 1763 1760 1762 1760 1766 1761 1758 1759 1756 1756 1763 1757 1754 1755 1752 1752 1759 1753 1750 1751 1748 1748 1755 1749 1745 1746 1743 1743 1751 1744 1737 1747 1738 1746 1745 1747 1739 1741 1740 1739 1738 1741 1742 1732 1734 1740 1742 1734 1736 1735 1728 1732 1735 1733 1726 1731 1727 1728 1727 1736 1721 1730 1729 1729 1731 1726 1724 1720 1722 1720 1730 1721 1723 1725 1714 1724 1722 1725 1716 1715 1719 1723 1714 1716 1717 1711 1718 1715 1717 1719 1713 1718 1711 1776 1777 1778 1779 1777 1780 1777 1779 1778 1781 1782 1780 1779 1780 1782 1781 1783 1784 1784 1782 1781 1785 1783 1786 1783 1785 1784 1787 1788 1786 1785 1786 1788 1787 1789 1790 1790 1788 1787 1791 1789 1792 1789 1791 1790 1793 1794 1792 1791 1792 1794 1795 1794 1793 1796 1776 1778 1796 1797 1798 1798 1776 1796 1799 1797 1800 1797 1799 1798 1801 1802 1800 1799 1800 1802 1801 1803 1804 1804 1802 1801 1805 1803 1806 1803 1805 1804 1807 1808 1806 1805 1806 1808 1807 1809 1810 1810 1808 1807 1811 1809 1812 1809 1811 1810 1811 1812 1813 1814 1815 1816 1816 1817 1818 1818 1814 1816 1819 1820 1817 1818 1817 1820 1821 1819 1822 1819 1821 1820 1822 1823 1824 1824 1821 1822 1825 1826 1823 1824 1823 1826 1827 1825 1828 1825 1827 1826 1828 1829 1830 1830 1827 1828 1831 1832 1829 1830 1829 1832 1833 1831 1834 1831 1833 1832 1834 1835 1836 1836 1833 1834 1837 1838 1835 1836 1835 1838 1839 1837 1840 1837 1839 1838 1841 1839 1840 1815 1814 1842 1843 1842 1844 1842 1843 1815 1844 1845 1846 1846 1843 1844 1847 1848 1845 1846 1845 1848 1849 1847 1850 1847 1849 1848 1850 1851 1852 1852 1849 1850 1853 1854 1851 1852 1851 1854 1855 1853 1856 1853 1855 1854 1856 1857 1858 1858 1855 1856 1859 1860 1857 1858 1857 1860 1861 1859 1862 1859 1861 1860 1862 1863 1864 1864 1861 1862 1864 1865 1866 1865 1863 1867 1863 1865 1864 1868 1869 1863 1863 1869 1867 1870 1868 1863 1871 1872 1873 1873 1874 1875 1871 1873 1875 1876 1877 1875 1878 1877 1879 1875 1874 1876 1880 1881 1882 1879 1880 1878 1881 1883 1884 1883 1881 1880 1885 1886 1887 1888 1889 1890 1891 1892 1893 1894 1895 1896 1897 1898 1899 1900 1901 1902 1903 1904 1905 1906 1907 1908 1909 1910 1911 1904 1911 1910 1911 1912 1913 1913 1909 1911 1910 1905 1904 1913 1912 1914 1912 1915 1914 1916 1917 1918 1919 1920 1921 1903 1908 1922 1922 1904 1903 1906 1897 1907 1908 1907 1922 1897 1923 1898 1906 1923 1897 1898 1900 1899 1901 1892 1902 1899 1900 1902 1891 1893 1896 1902 1892 1891 1924 1925 1926 1896 1895 1886 1896 1893 1894 1885 1887 1889 1886 1895 1887 1888 1890 1884 1888 1885 1889 1927 1928 1926 1929 1930 1871 1883 1888 1884 1880 1882 1878 1877 1876 1879 1931 1871 1930 1931 1872 1871 1926 1928 1871 1928 1929 1871 1926 1925 1927 1925 1924 1932 1933 1934 1935 1936 1937 1938 1939 1937 1940 1938 1941 1936 1937 1936 1940 1917 1941 1942 1938 1942 1941 1943 1917 1942 1944 1916 1918 1918 1917 1943 1916 1934 1933 1934 1916 1944 1933 1945 1921 1933 1935 1945 1946 1921 1920 1945 1919 1921 1924 1946 1947 1946 1924 1921 1924 1947 1932 1948 1949 1950 1951 1952 1953 1954 1955 1956 1949 1948 1957 1958 1959 1960 1961 1962 1963 1964 1965 1966 1967 1968 1969 1970 1971 1972 1973 1974 1975 1976 1977 1978 1972 1978 1979 1980 1981 1982 1983 1976 1982 1984 1985 1986 1981 1986 1985 1985 1984 1987 1984 1988 1987 1988 1989 1990 1990 1987 1988 1991 1953 1992 1953 1989 1992 1993 1953 1991 1994 1995 1996 1953 1952 1994 1997 1998 1999 2000 2001 2002 2003 2004 2005 1999 2006 2005 2007 2008 2009 2004 2010 2011 2012 2013 2014 2015 2016 2017 2014 2013 2016 2016 2015 2014 2008 2007 2012 2007 2013 2012 2009 2008 2018 2018 2011 2010 2011 2018 2008 2005 2004 2011 2005 2006 2003 1998 2019 1999 2006 1999 2019 2020 1997 2000 1997 1999 2000 2000 1996 2001 2000 2002 2020 1996 1995 2001 1994 1996 1953 1953 1990 1989 1951 1953 1993 1980 1986 1981 1977 1976 1983 1980 1982 1976 2021 1972 1979 1977 1979 1978 1971 1970 1973 1972 2021 1970 1975 1974 1964 1971 1973 1975 1966 1968 1964 1974 1965 1964 1958 1967 1969 1969 1968 1966 1960 1959 2022 1960 1967 1958 1961 1963 2022 1960 2022 1963 1954 1962 1955 1962 1961 1955 1954 2023 2024 1956 2023 1954 2024 2023 1957 1957 1948 2024 2025 2026 2027 2028 2029 2030 2031 2032 2033 2034 2035 2036 2037 2038 2039 2040 2041 2042 2043 2044 2045 2046 2047 2048 2047 2049 2050 2051 2052 2053 2054 2055 2056 2057 2058 2059 2051 2060 2061 2062 2063 2064 2058 2065 2064 2066 2067 2068 2063 2069 2068 2070 2071 2072 2067 2073 2072 2074 2075 2076 2071 2077 2076 2078 2079 2080 2075 2080 2079 2081 2078 2082 2078 2081 2079 2082 2083 2084 2084 2081 2082 2085 2086 2083 2084 2083 2086 2087 2085 2088 2085 2087 2086 2089 2087 2088 2077 2074 2076 2074 2080 2075 2072 2073 2070 2070 2077 2071 2068 2069 2066 2066 2073 2067 2064 2065 2062 2062 2069 2063 2059 2060 2057 2057 2065 2058 2051 2061 2052 2060 2059 2061 2053 2055 2054 2053 2052 2055 2056 2046 2048 2054 2056 2048 2050 2049 2042 2046 2049 2047 2040 2045 2041 2042 2041 2050 2035 2044 2043 2043 2045 2040 2038 2034 2036 2034 2044 2035 2037 2039 2028 2038 2036 2039 2030 2029 2033 2037 2028 2030 2031 2025 2032 2029 2031 2033 2027 2032 2025 2090 2091 2092 2093 2091 2094 2091 2093 2092 2095 2096 2094 2093 2094 2096 2095 2097 2098 2098 2096 2095 2099 2097 2100 2097 2099 2098 2101 2102 2100 2099 2100 2102 2101 2103 2104 2104 2102 2101 2105 2103 2106 2103 2105 2104 2107 2108 2106 2105 2106 2108 2109 2108 2107 2110 2090 2092 2110 2111 2112 2112 2090 2110 2113 2111 2114 2111 2113 2112 2115 2116 2114 2113 2114 2116 2115 2117 2118 2118 2116 2115 2119 2117 2120 2117 2119 2118 2121 2122 2120 2119 2120 2122 2121 2123 2124 2124 2122 2121 2125 2123 2126 2123 2125 2124 2125 2126 2127 2128 2129 2130 2130 2131 2132 2132 2128 2130 2133 2134 2131 2132 2131 2134 2135 2133 2136 2133 2135 2134 2136 2137 2138 2138 2135 2136 2139 2140 2137 2138 2137 2140 2141 2139 2142 2139 2141 2140 2142 2143 2144 2144 2141 2142 2145 2146 2143 2144 2143 2146 2147 2145 2148 2145 2147 2146 2148 2149 2150 2150 2147 2148 2151 2152 2149 2150 2149 2152 2153 2151 2154 2151 2153 2152 2155 2153 2154 2156 2129 2157 2128 2157 2129 2156 2158 2159 2158 2156 2157 2160 2161 2159 2159 2158 2160 2162 2161 2163 2160 2163 2161 2162 2164 2165 2164 2162 2163 2166 2167 2165 2165 2164 2166 2168 2167 2169 2166 2169 2167 2168 2170 2171 2170 2168 2169 2172 2173 2171 2171 2170 2172 2174 2173 2175 2172 2175 2173 2174 2176 2177 2176 2174 2175 2177 2176 2178 2179 2178 2180 2178 2179 2177 2177 2179 2181 2182 2183 2178 2178 2183 2180 2184 2182 2178 2185 2186 2187 2187 2188 2189 2185 2187 2189 2190 2191 2189 2192 2191 2193 2189 2188 2190 2194 2195 2196 2193 2194 2192 2195 2197 2198 2197 2195 2194 2199 2200 2201 2202 2203 2204 2205 2206 2207 2208 2209 2210 2211 2212 2213 2214 2215 2216 2217 2218 2219 2220 2221 2222 2223 2224 2225 2218 2225 2224 2225 2226 2227 2227 2223 2225 2224 2219 2218 2227 2226 2228 2226 2229 2228 2230 2231 2232 2233 2234 2235 2217 2222 2236 2236 2218 2217 2220 2211 2221 2222 2221 2236 2211 2237 2212 2220 2237 2211 2212 2214 2213 2215 2206 2216 2213 2214 2216 2205 2207 2210 2216 2206 2205 2238 2239 2240 2210 2209 2200 2210 2207 2208 2199 2201 2203 2200 2209 2201 2202 2204 2198 2202 2199 2203 2241 2242 2240 2243 2244 2185 2197 2202 2198 2194 2196 2192 2191 2190 2193 2245 2185 2244 2245 2186 2185 2240 2242 2185 2242 2243 2185 2240 2239 2241 2239 2238 2246 2247 2248 2249 2250 2251 2252 2253 2251 2254 2252 2255 2250 2251 2250 2254 2231 2255 2256 2252 2256 2255 2257 2231 2256 2258 2230 2232 2232 2231 2257 2230 2248 2247 2248 2230 2258 2247 2259 2235 2247 2249 2259 2260 2235 2234 2259 2233 2235 2238 2260 2261 2260 2238 2235 2238 2261 2246 2262 2263 2264 2265 2266 2267 2268 2269 2270 2263 2262 2271 2272 2273 2274 2275 2276 2277 2278 2279 2280 2281 2282 2283 2284 2285 2286 2287 2288 2289 2290 2291 2292 2286 2292 2293 2294 2295 2296 2297 2290 2296 2298 2299 2300 2295 2300 2299 2299 2298 2301 2298 2302 2301 2302 2303 2304 2304 2301 2302 2305 2267 2306 2267 2303 2306 2307 2267 2305 2308 2309 2310 2267 2266 2308 2311 2312 2313 2314 2315 2316 2317 2318 2319 2313 2320 2319 2321 2322 2323 2318 2324 2325 2326 2327 2328 2329 2330 2331 2328 2327 2330 2330 2329 2328 2322 2321 2326 2321 2327 2326 2323 2322 2332 2332 2325 2324 2325 2332 2322 2319 2318 2325 2319 2320 2317 2312 2333 2313 2320 2313 2333 2334 2311 2314 2311 2313 2314 2314 2310 2315 2314 2316 2334 2310 2309 2315 2308 2310 2267 2267 2304 2303 2265 2267 2307 2294 2300 2295 2291 2290 2297 2294 2296 2290 2335 2286 2293 2291 2293 2292 2285 2284 2287 2286 2335 2284 2289 2288 2278 2285 2287 2289 2280 2282 2278 2288 2279 2278 2272 2281 2283 2283 2282 2280 2274 2273 2336 2274 2281 2272 2275 2277 2336 2274 2336 2277 2268 2276 2269 2276 2275 2269 2268 2337 2338 2270 2337 2268 2338 2337 2271 2271 2262 2338 2339 2340 2341 2342 2343 2344 2345 2346 2347 2348 2349 2350 2351 2352 2353 2354 2355 2356 2357 2358 2359 2360 2361 2362 2361 2363 2364 2365 2366 2367 2368 2369 2370 2371 2372 2373 2365 2374 2375 2376 2377 2378 2372 2379 2378 2380 2381 2382 2377 2383 2382 2384 2385 2386 2381 2387 2386 2388 2389 2390 2385 2391 2390 2392 2393 2394 2389 2394 2393 2395 2392 2396 2392 2395 2393 2396 2397 2398 2398 2395 2396 2399 2400 2397 2398 2397 2400 2401 2399 2402 2399 2401 2400 2403 2401 2402 2391 2388 2390 2388 2394 2389 2386 2387 2384 2384 2391 2385 2382 2383 2380 2380 2387 2381 2378 2379 2376 2376 2383 2377 2373 2374 2371 2371 2379 2372 2365 2375 2366 2374 2373 2375 2367 2369 2368 2367 2366 2369 2370 2360 2362 2368 2370 2362 2364 2363 2356 2360 2363 2361 2354 2359 2355 2356 2355 2364 2349 2358 2357 2357 2359 2354 2352 2348 2350 2348 2358 2349 2351 2353 2342 2352 2350 2353 2344 2343 2347 2351 2342 2344 2345 2339 2346 2343 2345 2347 2341 2346 2339 2404 2405 2406 2407 2405 2408 2405 2407 2406 2409 2410 2408 2407 2408 2410 2409 2411 2412 2412 2410 2409 2413 2411 2414 2411 2413 2412 2415 2416 2414 2413 2414 2416 2415 2417 2418 2418 2416 2415 2419 2417 2420 2417 2419 2418 2421 2422 2420 2419 2420 2422 2423 2422 2421 2424 2404 2406 2424 2425 2426 2426 2404 2424 2427 2425 2428 2425 2427 2426 2429 2430 2428 2427 2428 2430 2429 2431 2432 2432 2430 2429 2433 2431 2434 2431 2433 2432 2435 2436 2434 2433 2434 2436 2435 2437 2438 2438 2436 2435 2439 2437 2440 2437 2439 2438 2439 2440 2441 2442 2443 2444 2444 2445 2446 2446 2442 2444 2447 2448 2445 2446 2445 2448 2449 2447 2450 2447 2449 2448 2450 2451 2452 2452 2449 2450 2453 2454 2451 2452 2451 2454 2455 2453 2456 2453 2455 2454 2456 2457 2458 2458 2455 2456 2459 2460 2457 2458 2457 2460 2461 2459 2462 2459 2461 2460 2462 2463 2464 2464 2461 2462 2465 2466 2463 2464 2463 2466 2467 2465 2468 2465 2467 2466 2469 2467 2468 2443 2442 2470 2471 2470 2472 2470 2471 2443 2472 2473 2474 2474 2471 2472 2475 2476 2473 2474 2473 2476 2477 2475 2478 2475 2477 2476 2478 2479 2480 2480 2477 2478 2481 2482 2479 2480 2479 2482 2483 2481 2484 2481 2483 2482 2484 2485 2486 2486 2483 2484 2487 2488 2485 2486 2485 2488 2489 2487 2490 2487 2489 2488 2490 2491 2492 2492 2489 2490 2493 2491 2494 2491 2493 2492 2492 2493 2495 2496 2497 2491 2491 2497 2494 2498 2496 2491 2499 2500 2501 2501 2502 2503 2499 2501 2503 2504 2505 2503 2506 2505 2507 2503 2502 2504 2508 2509 2510 2507 2508 2506 2509 2511 2512 2511 2509 2508 2513 2514 2515 2516 2517 2518 2519 2520 2521 2522 2523 2524 2525 2526 2527 2528 2529 2530 2531 2532 2533 2534 2535 2536 2537 2538 2539 2532 2539 2538 2539 2540 2541 2541 2537 2539 2538 2533 2532 2541 2540 2542 2540 2543 2542 2544 2545 2546 2547 2548 2549 2531 2536 2550 2550 2532 2531 2534 2525 2535 2536 2535 2550 2525 2551 2526 2534 2551 2525 2526 2528 2527 2529 2520 2530 2527 2528 2530 2519 2521 2524 2530 2520 2519 2552 2553 2554 2524 2523 2514 2524 2521 2522 2513 2515 2517 2514 2523 2515 2516 2518 2512 2516 2513 2517 2555 2556 2554 2557 2558 2499 2511 2516 2512 2508 2510 2506 2505 2504 2507 2559 2499 2558 2559 2500 2499 2554 2556 2499 2556 2557 2499 2554 2553 2555 2553 2552 2560 2561 2562 2563 2564 2565 2566 2567 2565 2568 2566 2569 2564 2565 2564 2568 2545 2569 2570 2566 2570 2569 2571 2545 2570 2572 2544 2546 2546 2545 2571 2544 2562 2561 2562 2544 2572 2561 2573 2549 2561 2563 2573 2574 2549 2548 2573 2547 2549 2552 2574 2575 2574 2552 2549 2552 2575 2560 2576 2577 2578 2579 2580 2581 2582 2583 2584 2577 2576 2585 2586 2587 2588 2589 2590 2591 2592 2593 2594 2595 2596 2597 2598 2599 2600 2601 2602 2603 2604 2605 2606 2600 2606 2607 2608 2609 2610 2611 2604 2610 2612 2613 2614 2609 2614 2613 2613 2612 2615 2612 2616 2615 2616 2617 2618 2618 2615 2616 2619 2581 2620 2581 2617 2620 2621 2581 2619 2622 2623 2624 2581 2580 2622 2625 2626 2627 2628 2629 2630 2631 2632 2633 2627 2634 2633 2635 2636 2637 2632 2638 2639 2640 2641 2642 2643 2644 2645 2642 2641 2644 2644 2643 2642 2636 2635 2640 2635 2641 2640 2637 2636 2646 2646 2639 2638 2639 2646 2636 2633 2632 2639 2633 2634 2631 2626 2647 2627 2634 2627 2647 2648 2625 2628 2625 2627 2628 2628 2624 2629 2628 2630 2648 2624 2623 2629 2622 2624 2581 2581 2618 2617 2579 2581 2621 2608 2614 2609 2605 2604 2611 2608 2610 2604 2649 2600 2607 2605 2607 2606 2599 2598 2601 2600 2649 2598 2603 2602 2592 2599 2601 2603 2594 2596 2592 2602 2593 2592 2586 2595 2597 2597 2596 2594 2588 2587 2650 2588 2595 2586 2589 2591 2650 2588 2650 2591 2582 2590 2583 2590 2589 2583 2582 2651 2652 2584 2651 2582 2652 2651 2585 2585 2576 2652 2653 2654 2655 2654 2656 2657 2656 2654 2653 2658 2657 2659 2656 2659 2657 2660 2661 2658 2658 2659 2660 2661 2662 2663 2662 2661 2660 2664 2663 2665 2662 2665 2663 2666 2667 2664 2664 2665 2666 2667 2668 2669 2668 2667 2666 2670 2669 2671 2668 2671 2669 2672 2673 2670 2670 2671 2672 2653 2655 2674 2675 2676 2674 2674 2655 2675 2676 2677 2678 2677 2676 2675 2679 2678 2680 2677 2680 2678 2681 2682 2679 2679 2680 2681 2682 2683 2684 2683 2682 2681 2685 2684 2686 2683 2686 2684 2687 2688 2685 2685 2686 2687 2688 2689 2690 2689 2688 2687 2689 2691 2690 2690 2691 2692 2693 2694 2695 2696 2697 2693 2693 2695 2696 2697 2698 2699 2698 2697 2696 2700 2699 2701 2698 2701 2699 2702 2703 2700 2700 2701 2702 2703 2704 2705 2704 2703 2702 2706 2705 2707 2704 2707 2705 2708 2709 2706 2706 2707 2708 2709 2710 2711 2710 2709 2708 2712 2711 2713 2710 2713 2711 2714 2715 2712 2712 2713 2714 2715 2716 2717 2716 2715 2714 2718 2717 2719 2716 2719 2717 2720 2721 2722 2723 2718 2719 2722 2721 2718 2722 2718 2724 2725 2723 2719 2723 2724 2718 2726 2725 2719 2727 2728 2694 2695 2694 2728 2719 2729 2726 2727 2730 2728 2731 2732 2727 2730 2727 2732 2733 2732 2731 2731 2734 2733 2735 2736 2734 2733 2734 2736 2735 2737 2738 2738 2736 2735 2739 2737 2740 2737 2739 2738 2741 2742 2740 2739 2740 2742 2741 2743 2744 2744 2742 2741 2745 2743 2746 2743 2745 2744 2747 2748 2746 2745 2746 2748 2747 2749 2750 2750 2748 2747 2751 2749 2752 2749 2751 2750 2753 2754 2752 2751 2752 2754 2753 2755 2756 2756 2754 2753 2757 2755 2758 2755 2757 2756 2759 2760 2758 2757 2758 2760 2759 2761 2762 2762 2760 2759 2763 2761 2764 2761 2763 2762 2764 2765 2763 2763 2765 2766 2767 2768 2769 2769 2770 2767 2771 2772 2773 2774 2775 2776 2777 2778 2779 2780 2781 2782 2783 2784 2785 2786 2787 2788 2789 2790 2791 2792 2793 2794 2795 2796 2797 2798 2799 2800 2801 2802 2803 2804 2805 2806 2807 2808 2809 2810 2811 2812 2813 2810 2814 2812 2815 2816 2816 2810 2812 2817 2818 2815 2816 2815 2818 2819 2817 2820 2817 2819 2818 2820 2821 2822 2822 2819 2820 2823 2824 2821 2822 2821 2824 2825 2823 2826 2823 2825 2824 2826 2827 2828 2828 2825 2826 2827 2829 2830 2828 2827 2830 2831 2829 2832 2827 2832 2829 2833 2831 2832 2811 2810 2813 2814 2806 2813 2805 2804 2834 2806 2814 2804 2807 2809 2834 2805 2834 2809 2798 2808 2799 2808 2807 2799 2802 2800 2803 2798 2800 2802 2801 2792 2794 2803 2792 2801 2793 2795 2835 2793 2835 2794 2797 2796 2787 2835 2795 2797 2788 2791 2786 2796 2788 2787 2789 2836 2790 2791 2790 2786 2836 2780 2782 2780 2836 2789 2781 2784 2783 2781 2783 2782 2837 2775 2785 2837 2785 2784 2776 2838 2774 2837 2776 2775 2777 2838 2778 2838 2777 2774 2779 2839 2840 2778 2839 2779 2840 2841 2842 2840 2839 2773 2841 2840 2843 2840 2842 2844 2773 2843 2840 2773 2845 2771 2773 2772 2843 2846 2771 2845 2847 2848 2849 2850 2848 2851 2848 2850 2849 2852 2853 2851 2850 2851 2853 2852 2854 2855 2855 2853 2852 2856 2854 2857 2854 2856 2855 2858 2859 2857 2856 2857 2859 2858 2860 2861 2861 2859 2858 2862 2860 2863 2860 2862 2861 2864 2865 2863 2862 2863 2865 2866 2865 2864 2867 2847 2849 2867 2868 2869 2869 2847 2867 2870 2868 2871 2868 2870 2869 2872 2873 2871 2870 2871 2873 2872 2874 2875 2875 2873 2872 2876 2874 2877 2874 2876 2875 2878 2879 2877 2876 2877 2879 2878 2880 2881 2881 2879 2878 2882 2880 2883 2880 2882 2881 2882 2883 2884 2885 2886 2887 2888 2889 2890 2891 2892 2893 2894 2895 2896 2897 2898 2899 2900 2901 2886 2902 2886 2901 2903 2904 2905 2886 2906 2900 2903 2886 2907 2903 2907 2904 2886 2908 2909 2886 2909 2910 2886 2911 2908 2886 2910 2907 2912 2913 2914 2911 2886 2915 2916 2886 2917 2916 2915 2886 2918 2905 2904 2886 2895 2887 2919 2920 2921 2922 2918 2923 2924 2925 2926 2927 2928 2925 2929 2930 2931 2932 2933 2934 2935 2936 2937 2935 2938 2939 2940 2941 2942 2942 2943 2944 2945 2946 2947 2946 2941 2947 2948 2949 2950 2945 2948 2946 2951 2952 2953 2954 2951 2950 2955 2956 2957 2956 2955 2953 2958 2959 2960 2957 2959 2961 2960 2914 2962 2963 2964 2965 2963 2966 2912 2967 2968 2969 2970 2971 2964 2968 2972 2973 2972 2968 2967 2974 2973 2975 2972 2975 2973 2976 2977 2974 2974 2975 2976 2967 2969 2970 2964 2971 2965 2970 2969 2971 2963 2965 2966 2912 2966 2913 2914 2913 2962 2960 2962 2958 2959 2958 2961 2957 2961 2955 2953 2952 2956 2952 2951 2954 2954 2950 2949 2949 2948 2945 2947 2941 2940 2943 2936 2944 2944 2940 2942 2937 2938 2935 2943 2937 2936 2930 2939 2931 2931 2939 2938 2934 2933 2929 2929 2933 2930 2978 2979 2980 2932 2934 2924 2925 2928 2926 2924 2926 2932 2927 2921 2928 2981 2980 2979 2920 2923 2921 2927 2919 2921 2981 2982 2983 2983 2892 2891 2922 2905 2918 2920 2922 2923 2888 2893 2889 2886 2902 2984 2899 2889 2897 2885 2985 2886 2986 2898 2894 2987 2917 2886 2984 2895 2886 2985 2987 2886 2895 2988 2896 2984 2988 2895 2986 2894 2896 2894 2898 2897 2889 2899 2890 2893 2888 2891 2982 2892 2983 2981 2979 2982 2979 2978 2989 2990 2991 2992 2993 2994 2995 2996 2997 2998 2999 3000 3001 3000 3002 3003 3001 3004 2999 3005 3006 3007 3005 3004 3008 3009 3010 3011 3010 3009 3012 3013 3014 3015 3013 3011 3016 3017 3018 3019 3017 3015 3020 3021 3022 3023 3021 3019 3024 3025 3026 3027 3023 3022 3025 3028 3029 3030 3031 3026 3028 3032 3033 3034 3034 3029 3032 3035 3036 3037 3033 3038 3037 3036 3039 2996 3040 3041 3042 3040 2998 3043 3044 3045 3046 3047 3042 3048 3046 3049 3050 3050 3044 3046 3051 3052 3049 3050 3049 3052 3053 3051 3054 3051 3053 3052 3044 3047 3045 3042 3041 3048 3047 3048 3045 3040 3043 3041 2998 2997 3043 2996 3039 2997 3036 3035 3039 3037 3038 3035 3033 3032 3038 3029 3034 3030 3030 3031 3028 3031 3027 3026 3027 3023 3025 3024 3022 3021 3024 3019 3018 3018 3017 3020 3020 3015 3014 3014 3013 3016 3016 3011 3010 3007 3012 3009 3006 3005 3008 3012 3007 3006 3008 3004 3001 3002 3000 2999 3002 2993 2995 3002 2995 3003 3055 3056 2994 3055 2994 2993 3055 3057 3056 3058 2991 3059 3057 3060 3061 3061 3056 3057 3061 3060 2991 3062 3063 3064 3060 3065 2991 3066 2991 3067 3066 3059 2991 3068 3067 2991 3069 3070 3071 3072 3073 3074 3075 3064 3076 3063 3077 3064 3078 3079 3080 3081 3082 3076 3083 3084 3085 3086 3084 3083 3080 3084 3078 3084 3086 3078 3081 3079 3082 3080 3079 3081 3082 3075 3076 3070 3077 3063 3062 3064 3075 3071 3073 3069 3077 3070 3069 3068 3072 3074 3073 3072 3069 2991 3087 3072 3072 3068 2991 2991 3088 3089 3087 2991 3089 2991 3090 3091 3088 2991 3091 3092 2992 2991 3090 2991 2990 3093 3092 2991 3065 3094 2991 3093 2991 3094 3095 3096 3097 3095 3097 3098 3099 3100 3101 3102 3103 3104 3105 3106 3107 3108 3109 3110 3111 3112 3113 3114 3115 3116 3117 3118 3119 3120 3121 3122 3123 3124 3125 3126 3127 3128 3129 3130 3131 3132 3133 3134 3135 3133 3136 3132 3137 3138 3137 3132 3134 3139 3140 3138 3138 3137 3139 3141 3140 3142 3139 3142 3140 3141 3143 3144 3143 3141 3142 3145 3146 3144 3144 3143 3145 3147 3146 3148 3145 3148 3146 3147 3149 3150 3149 3147 3148 3151 3152 3150 3150 3149 3151 3153 3152 3154 3151 3154 3152 3155 3154 3156 3154 3155 3153 3135 3134 3133 3136 3128 3135 3127 3126 3129 3128 3136 3126 3131 3130 3157 3127 3129 3131 3120 3157 3121 3130 3121 3157 3158 3122 3125 3120 3122 3158 3159 3123 3125 3124 3158 3125 3159 3114 3116 3116 3123 3159 3160 3119 3115 3160 3115 3114 3117 3161 3118 3160 3117 3119 3108 3161 3109 3161 3108 3118 3110 3162 3111 3109 3162 3110 3113 3112 3163 3111 3162 3112 3104 3103 3163 3113 3163 3103 3105 3102 3164 3102 3104 3164 3165 3107 3106 3106 3105 3164 3165 3101 3100 3100 3107 3165 3166 3100 3167 3167 3100 3168 3100 3166 3169 3170 3171 3101 3168 3100 3099 3101 3171 3172 3101 3172 3099 3173 3171 3170 3174 3175 3176 3175 3177 3178 3177 3175 3174 3179 3178 3180 3177 3180 3178 3181 3182 3179 3179 3180 3181 3182 3183 3184 3183 3182 3181 3185 3184 3186 3183 3186 3184 3187 3188 3185 3185 3186 3187 3188 3189 3190 3189 3188 3187 3191 3190 3192 3189 3192 3190 3193 3194 3191 3191 3192 3193 3174 3176 3195 3196 3197 3195 3195 3176 3196 3197 3198 3199 3198 3197 3196 3200 3199 3201 3198 3201 3199 3202 3203 3200 3200 3201 3202 3203 3204 3205 3204 3203 3202 3206 3205 3207 3204 3207 3205 3208 3209 3206 3206 3207 3208 3209 3210 3211 3210 3209 3208 3210 3212 3211 3211 3212 3213 3214 3215 3216 3217 3215 3218 3215 3217 3216 3219 3220 3218 3217 3218 3220 3219 3221 3222 3222 3220 3219 3223 3221 3224 3221 3223 3222 3225 3226 3224 3223 3224 3226 3225 3227 3228 3228 3226 3225 3229 3227 3230 3227 3229 3228 3231 3232 3230 3229 3230 3232 3233 3232 3231 3234 3214 3216 3234 3235 3236 3236 3214 3234 3237 3235 3238 3235 3237 3236 3239 3240 3238 3237 3238 3240 3239 3241 3242 3242 3240 3239 3243 3241 3244 3241 3243 3242 3245 3246 3244 3243 3244 3246 3245 3247 3248 3248 3246 3245 3249 3247 3250 3247 3249 3248 3249 3250 3251 3252 3253 3254 3255 3254 3256 3253 3256 3254 3257 3258 3255 3255 3256 3257 3258 3259 3260 3259 3258 3257 3261 3260 3262 3259 3262 3260 3263 3264 3261 3261 3262 3263 3264 3265 3266 3265 3264 3263 3267 3266 3268 3265 3268 3266 3269 3270 3267 3267 3268 3269 3270 3271 3272 3271 3270 3269 3273 3272 3274 3271 3274 3272 3275 3276 3273 3273 3274 3275 3277 3278 3276 3277 3276 3275 3279 3280 3281 3280 3278 3282 3278 3277 3283 3278 3280 3279 3283 3277 3284 3282 3278 3283 3277 3285 3286 3284 3277 3286 3287 3285 3277 3288 3289 3252 3253 3252 3289 3288 3290 3291 3291 3289 3288 3292 3290 3293 3290 3292 3291 3292 3293 3294 3295 3294 3293 3296 3295 3297 3295 3296 3294 3298 3299 3297 3296 3297 3299 3298 3300 3301 3301 3299 3298 3302 3300 3303 3300 3302 3301 3304 3305 3303 3302 3303 3305 3304 3306 3307 3307 3305 3304 3308 3309 3306 3306 3309 3307 3310 3311 3308 3308 3306 3310 3311 3312 3313 3312 3311 3310 3314 3313 3315 3312 3315 3313 3316 3317 3314 3314 3315 3316 3317 3318 3319 3318 3317 3316 3320 3319 3321 3318 3321 3319 3322 3323 3320 3320 3321 3322 3324 3325 3323 3324 3323 3322 3326 3325 3327 3325 3326 3323 3326 3327 3328 3329 3330 3331 3332 3333 3334 3335 3336 3337 3338 3339 3340 3341 3342 3343 3344 3345 3346 3347 3348 3349 3350 3348 3347 3351 3349 3352 3353 3354 3355 3356 3352 3355 3357 3358 3359 3360 3353 3361 3359 3358 3361 3362 3363 3364 3365 3357 3359 3366 3367 3368 3368 3363 3366 3369 3370 3371 3369 3372 3367 3373 3374 3375 3373 3376 3370 3377 3378 3379 3378 3377 3380 3381 3382 3383 3384 3385 3386 3387 3388 3389 3390 3391 3392 3393 3383 3390 3391 3389 3394 3395 3396 3397 3382 3398 3386 3397 3399 3400 3399 3401 3402 3399 3403 3400 3399 3402 3404 3405 3406 3399 3399 3406 3407 3383 3408 3381 3409 3385 3384 3389 3410 3387 3392 3393 3390 3394 3392 3391 3394 3389 3388 3382 3381 3398 3408 3383 3393 3395 3385 3409 3398 3384 3386 3411 3412 3413 3414 3378 3380 3380 3415 3414 3416 3417 3379 3379 3417 3377 3374 3416 3375 3374 3417 3416 3413 3415 3411 3412 3418 3419 3415 3380 3411 3420 3421 3418 3422 3421 3420 3395 3397 3385 3413 3412 3419 3397 3396 3405 3423 3399 3422 3424 3399 3407 3399 3424 3425 3399 3397 3405 3399 3423 3426 3423 3422 3420 3401 3399 3426 3403 3399 3427 3404 3428 3399 3399 3428 3429 3399 3430 3431 3430 3399 3429 3431 3427 3399 3418 3421 3419 3375 3376 3373 3376 3371 3370 3371 3372 3369 3372 3368 3367 3362 3366 3363 3364 3365 3362 3361 3358 3360 3364 3357 3365 3356 3355 3354 3353 3360 3354 3347 3349 3351 3352 3356 3351 3350 3341 3348 3342 3432 3343 3350 3342 3341 3345 3344 3432 3343 3432 3344 3336 3335 3346 3345 3336 3346 3337 3330 3329 3335 3337 3329 3331 3338 3340 3331 3330 3338 3333 3339 3334 3333 3340 3339 3334 3433 3332 3434 3435 3436 3437 3438 3439 3437 3436 3440 3441 3442 3443 3442 3444 3445 3446 3447 3448 3449 3450 3443 3451 3452 3453 3454 3452 3446 3455 3456 3457 3458 3456 3451 3455 3459 3460 3459 3461 3460 3462 3463 3464 3465 3460 3461 3466 3467 3468 3467 3466 3464 3469 3470 3471 3469 3468 3472 3473 3474 3475 3473 3471 3476 3477 3478 3479 3479 3480 3477 3481 3482 3483 3484 3485 3486 3487 3488 3489 3490 3491 3492 3493 3490 3482 3492 3494 3488 3495 3496 3497 3483 3485 3498 3496 3499 3500 3500 3501 3502 3500 3499 3503 3500 3504 3501 3505 3500 3506 3500 3507 3506 3482 3481 3508 3509 3484 3486 3488 3487 3510 3491 3490 3493 3494 3492 3491 3494 3489 3488 3483 3498 3481 3508 3493 3482 3495 3509 3486 3498 3485 3484 3511 3512 3513 3514 3480 3479 3480 3514 3515 3516 3478 3517 3478 3477 3517 3475 3474 3516 3475 3516 3517 3512 3511 3515 3513 3518 3519 3515 3511 3480 3520 3519 3521 3522 3520 3521 3495 3486 3496 3512 3518 3513 3496 3505 3497 3523 3522 3500 3524 3507 3500 3500 3525 3524 3500 3505 3496 3500 3526 3523 3523 3520 3522 3502 3526 3500 3503 3527 3500 3504 3500 3528 3500 3529 3528 3500 3530 3531 3531 3529 3500 3530 3500 3527 3519 3518 3521 3474 3473 3476 3476 3471 3470 3470 3469 3472 3472 3468 3467 3462 3464 3466 3463 3462 3465 3455 3457 3459 3463 3465 3461 3453 3458 3451 3456 3458 3457 3448 3454 3446 3452 3454 3453 3447 3449 3448 3450 3441 3443 3447 3450 3449 3441 3444 3442 3444 3439 3445 3437 3440 3438 3439 3438 3445 3436 3435 3440 3434 3532 3435 3532 3533 3534 3533 3532 3434 3535 3536 3534 3534 3533 3535 3535 3537 3536 3537 3538 3536</p>
        </triangles>
      </mesh>
    </geometry>
  </library_geometries>

  <library_visual_scenes>
    <visual_scene id="ID1">
      <node id="ID2" name="683c8da5ca486b08201f5558">
        <instance_geometry url="#ID3">
          <bind_material>
            <technique_common>
              <instance_material symbol="ID9" target="#ID9"/>
            </technique_common>
          </bind_material>
        </instance_geometry>
        <instance_geometry url="#ID10">
          <bind_material>
            <technique_common>
              <instance_material symbol="ID16" target="#ID16"/>
            </technique_common>
          </bind_material>
        </instance_geometry>
        <instance_geometry url="#ID17">
          <bind_material>
            <technique_common>
              <instance_material symbol="ID23" target="#ID23"/>
            </technique_common>
          </bind_material>
        </instance_geometry>
        <instance_geometry url="#ID24">
          <bind_material>
            <technique_common>
              <instance_material symbol="ID30" target="#ID30"/>
            </technique_common>
          </bind_material>
        </instance_geometry>
      </node>
    </visual_scene>
  </library_visual_scenes>

  <scene>
    <instance_visual_scene url="#ID1"/>
  </scene>

  <library_nodes/>

</COLLADA>
