<?xml version="1.0" encoding="UTF-8" standalone="no" ?>
<COLLADA version="1.4.1" xmlns="http://www.collada.org/2005/11/COLLADASchema">

  <asset>
    <contributor>
      <authoring_tool>ONSHAPE BY PTC INC, 1.198</authoring_tool>
    </contributor>
    <created>2025-06-01T01:07:45</created>
    <modified>2025-06-01T01:07:45</modified>
    <unit meter="1" name="meters"/>
    <up_axis>Z_UP</up_axis>
  </asset>

  <library_materials>
    <material id="ID9" name="ID9">
      <instance_effect url="#ID9-fx"/>
    </material>
    <material id="ID16" name="ID16">
      <instance_effect url="#ID16-fx"/>
    </material>
    <material id="ID29" name="ID29">
      <instance_effect url="#ID29-fx"/>
    </material>
    <material id="ID42" name="ID42">
      <instance_effect url="#ID42-fx"/>
    </material>
    <material id="ID55" name="ID55">
      <instance_effect url="#ID55-fx"/>
    </material>
  </library_materials>

  <library_effects>
    <effect id="ID9-fx" name="ID9">
      <profile_COMMON>
        <technique sid="COMMON">
          <lambert>
            <diffuse>
              <color sid="diffuse">0.913725 0.913725 0.913725 1</color>
            </diffuse>
            <transparent opaque="A_ONE">
              <color sid="transparent">1 1 1 1</color>
            </transparent>
            <transparency>
              <float sid="transparency">1</float>
            </transparency>
          </lambert>
        </technique>
        <extra>
          <technique profile="OTHER">
            <double_sided>1</double_sided>
          </technique>
        </extra>
      </profile_COMMON>
    </effect>
    <effect id="ID16-fx" name="ID16">
      <profile_COMMON>
        <technique sid="COMMON">
          <lambert>
            <diffuse>
              <color sid="diffuse">0.647059 0.647059 0.647059 1</color>
            </diffuse>
            <transparent opaque="A_ONE">
              <color sid="transparent">1 1 1 1</color>
            </transparent>
            <transparency>
              <float sid="transparency">1</float>
            </transparency>
          </lambert>
        </technique>
        <extra>
          <technique profile="OTHER">
            <double_sided>1</double_sided>
          </technique>
        </extra>
      </profile_COMMON>
    </effect>
    <effect id="ID29-fx" name="ID29">
      <profile_COMMON>
        <technique sid="COMMON">
          <lambert>
            <diffuse>
              <color sid="diffuse">0.231373 0.376471 0.705882 1</color>
            </diffuse>
            <transparent opaque="A_ONE">
              <color sid="transparent">1 1 1 1</color>
            </transparent>
            <transparency>
              <float sid="transparency">1</float>
            </transparency>
          </lambert>
        </technique>
        <extra>
          <technique profile="OTHER">
            <double_sided>1</double_sided>
          </technique>
        </extra>
      </profile_COMMON>
    </effect>
    <effect id="ID42-fx" name="ID42">
      <profile_COMMON>
        <technique sid="COMMON">
          <lambert>
            <diffuse>
              <color sid="diffuse">0.764706 0.886275 0.94902 1</color>
            </diffuse>
            <transparent opaque="A_ONE">
              <color sid="transparent">1 1 1 1</color>
            </transparent>
            <transparency>
              <float sid="transparency">1</float>
            </transparency>
          </lambert>
        </technique>
        <extra>
          <technique profile="OTHER">
            <double_sided>1</double_sided>
          </technique>
        </extra>
      </profile_COMMON>
    </effect>
    <effect id="ID55-fx" name="ID55">
      <profile_COMMON>
        <technique sid="COMMON">
          <lambert>
            <diffuse>
              <color sid="diffuse">0.615686 0.811765 0.92549 1</color>
            </diffuse>
            <transparent opaque="A_ONE">
              <color sid="transparent">1 1 1 1</color>
            </transparent>
            <transparency>
              <float sid="transparency">1</float>
            </transparency>
          </lambert>
        </technique>
        <extra>
          <technique profile="OTHER">
            <double_sided>1</double_sided>
          </technique>
        </extra>
      </profile_COMMON>
    </effect>
  </library_effects>

  <library_geometries>
    <geometry id="ID3">
      <mesh>
        <source id="ID4">
          <float_array count="453" id="ID5">-0.00262621 0.0637386 -0.000223524 -0.00259976 0.0586335 -0.000433823 -0.00263571 0.0586335 8.47708e-19 -0.00255066 0.0637386 -0.000664141 -0.0024929 0.0586335 -0.000855813 -0.00231804 0.0586335 -0.00125446 -0.00240173 0.0637386 -0.00108565 -0.00218371 0.0637386 -0.00147593 -0.00207994 0.0586335 -0.00161889 -0.00190287 0.0637386 -0.00182375 -0.00178512 0.0586335 -0.00193915 -0.0014416 0.0586335 -0.00220653 -0.00156728 0.0637386 -0.0021191 -0.00118661 0.0637386 -0.00235349 -0.00105875 0.0586335 -0.00241371 -0.000771795 0.0637386 -0.00252018 -0.000647028 0.0586335 -0.00255506 -0.000217655 0.0586335 -0.00262671 -0.000334782 0.0637386 -0.00261436 0.000111863 0.0637386 -0.00263333 0.000217655 0.0586335 -0.00262671 0.000555289 0.0637386 -0.00257655 0.000647028 0.0586335 -0.00255506 0.00105875 0.0586335 -0.00241371 0.000982741 0.0637386 -0.00244565 0.00138192 0.0637386 -0.00224438 0.0014416 0.0586335 -0.00220653 0.00174135 0.0637386 -0.00197855 0.00178512 0.0586335 -0.00193915 0.00207994 0.0586335 -0.00161889 0.00205068 0.0637386 -0.0016558 0.00230101 0.0637386 -0.00128542 0.00231804 0.0586335 -0.00125446 0.00248515 0.0637386 -0.000878059 0.0024929 0.0586335 -0.000855813 0.00259976 0.0586335 -0.000433823 0.0025978 0.0637386 -0.000445437 0.00263571 0.0637386 -1.69542e-18 0.00263571 0.0586335 0 -0.00262621 0.0637386 0.000223524 -0.00259976 0.0586335 0.000433823 -0.00255066 0.0637386 0.000664141 -0.0024929 0.0586335 0.000855813 -0.00240173 0.0637386 0.00108565 -0.00218371 0.0637386 0.00147593 -0.00231804 0.0586335 0.00125446 -0.00207994 0.0586335 0.00161889 -0.00190287 0.0637386 0.00182375 -0.00178512 0.0586335 0.00193915 -0.00156728 0.0637386 0.0021191 -0.00118661 0.0637386 0.00235349 -0.0014416 0.0586335 0.00220653 -0.00105875 0.0586335 0.00241371 -0.000771795 0.0637386 0.00252018 -0.000647028 0.0586335 0.00255506 -0.000334782 0.0637386 0.00261436 -0.000217655 0.0586335 0.00262671 0.000217655 0.0586335 0.00262671 0.000111863 0.0637386 0.00263333 0.000647028 0.0586335 0.00255506 0.000555289 0.0637386 0.00257655 0.000982741 0.0637386 0.00244565 0.00105875 0.0586335 0.00241371 0.0014416 0.0586335 0.00220653 0.00138192 0.0637386 0.00224438 0.00178512 0.0586335 0.00193915 0.00174135 0.0637386 0.00197855 0.00205068 0.0637386 0.0016558 0.00207994 0.0586335 0.00161889 0.00231804 0.0586335 0.00125446 0.00230101 0.0637386 0.00128542 0.0024929 0.0586335 0.000855813 0.00248515 0.0637386 0.000878059 0.0025978 0.0637386 0.000445437 0.00259976 0.0586335 0.000433823 -0.00263571 0.0586335 8.47708e-19 4.44089e-19 0.0617773 0 -0.00259976 0.0586335 0.000433823 -0.00259976 0.0586335 -0.000433823 -0.00231804 0.0586335 0.00125446 -0.0024929 0.0586335 0.000855813 -0.00178512 0.0586335 0.00193915 -0.00207994 0.0586335 0.00161889 -0.00105875 0.0586335 0.00241371 -0.0014416 0.0586335 0.00220653 -0.000217655 0.0586335 0.00262671 -0.000647028 0.0586335 0.00255506 0.000647028 0.0586335 0.00255506 0.000217655 0.0586335 0.00262671 0.0014416 0.0586335 0.00220653 0.00105875 0.0586335 0.00241371 0.00207994 0.0586335 0.00161889 0.00178512 0.0586335 0.00193915 0.0024929 0.0586335 0.000855813 0.00231804 0.0586335 0.00125446 0.00263571 0.0586335 0 0.00259976 0.0586335 0.000433823 0.00259976 0.0586335 -0.000433823 0.00231804 0.0586335 -0.00125446 0.0024929 0.0586335 -0.000855813 0.00178512 0.0586335 -0.00193915 0.00207994 0.0586335 -0.00161889 0.00105875 0.0586335 -0.00241371 0.0014416 0.0586335 -0.00220653 0.000217655 0.0586335 -0.00262671 0.000647028 0.0586335 -0.00255506 -0.000647028 0.0586335 -0.00255506 -0.000217655 0.0586335 -0.00262671 -0.0014416 0.0586335 -0.00220653 -0.00105875 0.0586335 -0.00241371 -0.00207994 0.0586335 -0.00161889 -0.00178512 0.0586335 -0.00193915 -0.0024929 0.0586335 -0.000855813 -0.00231804 0.0586335 -0.00125446 0.00205068 0.0637386 0.0016558 0.00138192 0.0637386 0.00224438 0.00174135 0.0637386 0.00197855 -0.00240173 0.0637386 0.00108565 0.00138192 0.0637386 -0.00224438 0.000982741 0.0637386 -0.00244565 0.00230101 0.0637386 0.00128542 0.000982741 0.0637386 0.00244565 0.00248515 0.0637386 0.000878059 0.000555289 0.0637386 0.00257655 0.0025978 0.0637386 0.000445437 0.00263571 0.0637386 -1.69542e-18 0.000111863 0.0637386 0.00263333 -0.000771795 0.0637386 0.00252018 0.0025978 0.0637386 -0.000445437 0.00248515 0.0637386 -0.000878059 -0.000334782 0.0637386 0.00261436 0.00174135 0.0637386 -0.00197855 -0.00190287 0.0637386 0.00182375 0.00205068 0.0637386 -0.0016558 0.00230101 0.0637386 -0.00128542 -0.00156728 0.0637386 0.0021191 -0.00118661 0.0637386 0.00235349 0.000555289 0.0637386 -0.00257655 -0.00255066 0.0637386 0.000664141 -0.00218371 0.0637386 0.00147593 -0.00255066 0.0637386 -0.000664141 -0.000334782 0.0637386 -0.00261436 -0.000771795 0.0637386 -0.00252018 -0.00262621 0.0637386 -0.000223524 -0.00262621 0.0637386 0.000223524 0.000111863 0.0637386 -0.00263333 -0.00218371 0.0637386 -0.00147593 -0.00156728 0.0637386 -0.0021191 -0.00190287 0.0637386 -0.00182375 -0.00118661 0.0637386 -0.00235349 -0.00240173 0.0637386 -0.00108565</float_array>
          <technique_common>
            <accessor count="151" source="#ID5" stride="3">
              <param name="X" type="float"/>
              <param name="Y" type="float"/>
              <param name="Z" type="float"/>
            </accessor>
          </technique_common>
        </source>
        <source id="ID6">
          <float_array count="453" id="ID7">-0.996397 0 -0.0848059 -0.986361 0 -0.164595 -1 0 8.74228e-08 -0.967733 0 -0.251978 -0.945817 0 -0.3247 -0.879474 0 -0.475947 -0.911228 0 -0.411901 -0.82851 0 -0.559975 -0.789141 0 -0.614213 -0.721956 0 -0.691939 -0.677282 0 -0.735724 -0.546948 0 -0.837166 -0.594633 0 -0.803997 -0.450204 0 -0.892926 -0.401695 0 -0.915773 -0.292823 0 -0.956167 -0.245485 0 -0.9694 -0.0825794 0 -0.996584 -0.127018 0 -0.9919 0.0424412 0 -0.999099 0.0825794 0 -0.996584 0.210679 0 -0.977555 0.245485 0 -0.9694 0.401695 0 -0.915773 0.372857 0 -0.927889 0.524307 0 -0.851529 0.546948 0 -0.837166 0.660675 0 -0.750672 0.677282 0 -0.735724 0.789141 0 -0.614213 0.778036 0 -0.62822 0.873014 0 -0.487695 0.879474 0 -0.475947 0.942877 0 -0.33314 0.945817 0 -0.324699 0.986361 0 -0.164595 0.985616 0 -0.169001 1 0 1.37181e-11 1 0 5.41667e-23 -0.996397 0 0.0848059 -0.986361 0 0.164595 -0.967733 0 0.251978 -0.945817 0 0.324699 -0.911228 0 0.411901 -0.82851 0 0.559975 -0.879474 0 0.475947 -0.78914 0 0.614213 -0.721956 0 0.691939 -0.677282 0 0.735724 -0.594633 0 0.803997 -0.450204 0 0.892926 -0.546948 0 0.837167 -0.401695 0 0.915773 -0.292823 0 0.956167 -0.245486 0 0.9694 -0.127018 0 0.9919 -0.0825794 0 0.996584 0.0825794 0 0.996584 0.042441 0 0.999099 0.245486 0 0.9694 0.210679 0 0.977555 0.372857 0 0.927889 0.401695 0 0.915773 0.546948 0 0.837166 0.524307 0 0.851529 0.677282 0 0.735724 0.660675 0 0.750672 0.778036 0 0.62822 0.78914 0 0.614213 0.879474 0 0.475948 0.873014 0 0.487695 0.945817 0 0.3247 0.942877 0 0.33314 0.985616 0 0.169001 0.986361 0 0.164595 0.766315 -0.642465 1.33987e-07 0.766315 -0.642465 1.33987e-07 0.755864 -0.642465 -0.126131 0.755864 -0.642465 0.126131 0.673954 -0.642465 -0.364725 0.724794 -0.642465 -0.248822 0.519011 -0.642465 -0.563796 0.60473 -0.642465 -0.47068 0.307825 -0.642465 -0.701771 0.419135 -0.642465 -0.641533 0.0632818 -0.642465 -0.763698 0.188119 -0.642465 -0.742866 -0.188119 -0.642465 -0.742866 -0.0632818 -0.642465 -0.763698 -0.419135 -0.642465 -0.641533 -0.307825 -0.642465 -0.701771 -0.60473 -0.642465 -0.470681 -0.519011 -0.642465 -0.563796 -0.724794 -0.642465 -0.248822 -0.673954 -0.642465 -0.364726 -0.766315 -0.642465 -6.69934e-08 -0.755864 -0.642465 -0.126131 -0.755864 -0.642465 0.126131 -0.673954 -0.642465 0.364726 -0.724794 -0.642465 0.248822 -0.519011 -0.642465 0.563796 -0.60473 -0.642465 0.470681 -0.307825 -0.642465 0.701771 -0.419135 -0.642465 0.641533 -0.0632818 -0.642465 0.763698 -0.188119 -0.642465 0.742866 0.188119 -0.642465 0.742866 0.0632818 -0.642465 0.763698 0.419135 -0.642465 0.641533 0.307825 -0.642465 0.701771 0.60473 -0.642465 0.47068 0.519011 -0.642465 0.563796 0.724794 -0.642465 0.248822 0.673954 -0.642465 0.364726 0 1 0 0 1 0 0 1 0 0 1 0 0 1 0 0 1 0 0 1 0 0 1 0 0 1 0 0 1 0 0 1 0 0 1 0 0 1 0 0 1 0 0 1 0 0 1 0 0 1 0 0 1 0 0 1 0 0 1 0 0 1 0 0 1 0 0 1 0 0 1 0 0 1 0 0 1 0 0 1 0 0 1 0 0 1 0 0 1 0 0 1 0 0 1 0 0 1 0 0 1 0 0 1 0 0 1 0 0 1 0</float_array>
          <technique_common>
            <accessor count="151" source="#ID7" stride="3">
              <param name="X" type="float"/>
              <param name="Y" type="float"/>
              <param name="Z" type="float"/>
            </accessor>
          </technique_common>
        </source>
        <vertices id="ID8">
          <input semantic="POSITION" source="#ID4"/>
          <input semantic="NORMAL" source="#ID6"/>
        </vertices>
        <triangles count="148" material="ID9">
          <input offset="0" semantic="VERTEX" source="#ID8"/>
          <p>0 1 2 1 3 4 3 1 0 5 4 6 3 6 4 7 8 5 5 6 7 8 9 10 9 8 7 11 10 12 9 12 10 13 14 11 11 12 13 14 15 16 15 14 13 17 16 18 15 18 16 19 20 17 17 18 19 20 21 22 21 20 19 23 22 24 21 24 22 25 26 23 23 24 25 26 27 28 27 26 25 29 28 30 27 30 28 31 32 29 29 30 31 32 33 34 33 32 31 35 34 36 33 36 34 37 38 35 35 36 37 0 2 39 40 41 39 39 2 40 41 42 43 42 41 40 44 43 45 42 45 43 46 47 44 44 45 46 47 48 49 48 47 46 50 49 51 48 51 49 52 53 50 50 51 52 53 54 55 54 53 52 54 56 55 57 58 56 55 56 58 57 59 60 60 58 57 61 59 62 59 61 60 63 64 62 61 62 64 63 65 66 66 64 63 67 65 68 65 67 66 69 70 68 67 68 70 69 71 72 72 70 69 73 71 74 71 73 72 73 74 37 37 74 38 75 76 77 75 78 76 76 79 80 77 76 80 76 81 82 79 76 82 76 83 84 81 76 84 76 85 86 83 76 86 76 87 88 85 76 88 76 89 90 87 76 90 76 91 92 89 76 92 76 93 94 91 76 94 76 95 96 93 76 96 97 95 76 98 99 76 76 99 97 100 101 76 76 101 98 102 103 76 76 103 100 104 105 76 76 105 102 106 107 76 76 107 104 108 109 76 76 109 106 110 111 76 76 111 108 112 113 76 76 113 110 76 78 112 114 115 116 117 118 119 115 120 121 120 115 114 122 123 121 121 120 122 124 123 122 124 125 126 126 123 124 127 128 129 126 125 130 131 132 133 134 135 136 119 137 138 139 118 117 140 141 142 143 144 145 146 147 148 149 146 150 149 147 146 150 140 142 150 142 149 143 145 141 143 141 140 138 137 144 137 145 144 131 118 139 119 138 117 132 135 133 139 132 131 135 134 133 136 127 129 136 129 134 125 128 130 130 128 127</p>
        </triangles>
      </mesh>
    </geometry>
    <geometry id="ID10">
      <mesh>
        <source id="ID11">
          <float_array count="606" id="ID12">-0.0419526 0.0166613 0.0029718 -0.0385005 0.015855 1.11022e-17 -0.0385005 0.015855 0.0029718 -0.0488744 0.0177299 0.0029718 -0.0488744 0.0177299 1.59872e-17 -0.0454105 0.0172863 0 -0.0454105 0.0172863 0.0029718 -0.0419526 0.0166613 0 -0.0539768 0.0153978 0 -0.0541184 0.0156497 0.0029718 -0.0539768 0.0153978 0.0029718 -0.0537943 0.0151739 0.0029718 -0.0537943 0.0151739 0 -0.0535762 0.0149844 0.0029718 -0.0535762 0.0149844 0 -0.053329 0.0148349 0 -0.053329 0.0148349 0.0029718 -0.0530599 0.0147298 0.0029718 -0.0530599 0.0147298 0 -0.0527768 0.0146722 0.0029718 -0.0527768 0.0146722 0 -0.052488 0.0146637 0 -0.052488 0.0146637 0.0029718 -0.052202 0.0147047 0.0029718 -0.052202 0.0147047 0 -0.0519272 0.0147939 0.0029718 -0.0519272 0.0147939 0 -0.0516717 0.0149287 0 -0.0516717 0.0149287 0.0029718 -0.0514429 0.0151052 0.0029718 -0.0514429 0.0151052 0 -0.0512476 0.0153181 0.0029718 -0.0512476 0.0153181 0 -0.0510915 0.0155612 0 -0.0510915 0.0155612 0.0029718 -0.0541184 0.0156497 0 -0.054215 0.015922 0.0029718 -0.054215 0.015922 0 -0.0542636 0.0162068 0 -0.0542636 0.0162068 0.0029718 -0.0542629 0.0164957 0 -0.0542629 0.0164957 0.0029718 -0.0542129 0.0167802 0.0029718 -0.0542129 0.0167802 0 -0.054115 0.0170521 0 -0.054115 0.0170521 0.0029718 -0.0539722 0.0173032 0 -0.0539722 0.0173032 0.0029718 -0.0537886 0.0175263 0.0029718 -0.0537886 0.0175263 0 -0.0535696 0.0177147 0 -0.0535696 0.0177147 0.0029718 -0.0533217 0.0178631 0 -0.0533217 0.0178631 0.0029718 -0.0530521 0.0179669 0.0029718 -0.0530521 0.0179669 0 -0.0527687 0.0180231 0 -0.0527687 0.0180231 0.0029718 -0.0524799 0.0180302 0.0029718 -0.0524799 0.0180302 0 -0.0320448 0.0114429 0 -0.0356858 0.0128516 0 -0.0356858 0.0128516 0.0029718 -0.0320448 0.0114429 0.0029718 -0.0285369 0.00969651 0 -0.0285369 0.00969651 0.0029718 -0.0251733 0.0076022 0 -0.0219727 0.00514255 8.88178e-19 -0.0251733 0.0076022 0.0029718 -0.0219727 0.00514255 0.0029718 -0.0394274 0.0139526 0.0029718 -0.0432578 0.0147568 0.0029718 -0.0394274 0.0139526 0 -0.0432578 0.0147568 0 -0.0471459 0.015293 0.0029718 -0.0471459 0.015293 0 -0.0510915 0.0155612 0.0029718 -0.0510915 0.0155612 0 -0.0219727 0.00514255 8.88178e-19 -0.0182676 0.00514255 0.0029718 -0.0182676 0.00514255 0 -0.0219727 0.00514255 0.0029718 -0.0214539 0.00779645 0.0029718 -0.0182676 0.00514255 0 -0.0182676 0.00514255 0.0029718 -0.0319628 0.0137025 0.0029718 -0.0283203 0.0120617 0 -0.0283203 0.0120617 0.0029718 -0.0248048 0.0101028 0.0029718 -0.0248048 0.0101028 0 -0.0214539 0.00779645 0 -0.0357106 0.0150419 0.0029718 -0.0357106 0.0150419 1.02141e-17 -0.0319628 0.0137025 0 -0.0357106 0.0150419 1.02141e-17 -0.0385005 0.015855 0.0029718 -0.0385005 0.015855 1.11022e-17 -0.0357106 0.0150419 0.0029718 -0.0530521 0.0179669 0.0029718 -0.0524799 0.0180302 0.0029718 -0.0533217 0.0178631 0.0029718 -0.0357106 0.0150419 0.0029718 -0.0319628 0.0137025 0.0029718 -0.0356858 0.0128516 0.0029718 -0.0320448 0.0114429 0.0029718 -0.0535696 0.0177147 0.0029718 -0.0527687 0.0180231 0.0029718 -0.0537886 0.0175263 0.0029718 -0.0488744 0.0204088 0.0029718 -0.0524799 0.0206304 0.0029718 -0.0539722 0.0173032 0.0029718 -0.0488744 0.0177299 0.0029718 -0.0510915 0.0155612 0.0029718 -0.0542629 0.0164957 0.0029718 -0.0542129 0.0167802 0.0029718 -0.054115 0.0170521 0.0029718 -0.0541184 0.0156497 0.0029718 -0.0539768 0.0153978 0.0029718 -0.0542636 0.0162068 0.0029718 -0.054215 0.015922 0.0029718 -0.0535762 0.0149844 0.0029718 -0.0514429 0.0151052 0.0029718 -0.0516717 0.0149287 0.0029718 -0.0537943 0.0151739 0.0029718 -0.0512476 0.0153181 0.0029718 -0.0527768 0.0146722 0.0029718 -0.052202 0.0147047 0.0029718 -0.052488 0.0146637 0.0029718 -0.0519272 0.0147939 0.0029718 -0.0530599 0.0147298 0.0029718 -0.053329 0.0148349 0.0029718 -0.0285369 0.00969651 0.0029718 -0.0248048 0.0101028 0.0029718 -0.0251733 0.0076022 0.0029718 -0.0419526 0.0166613 0.0029718 -0.0385005 0.015855 0.0029718 -0.0432578 0.0147568 0.0029718 -0.0471459 0.015293 0.0029718 -0.0454105 0.0172863 0.0029718 -0.0394274 0.0139526 0.0029718 -0.0283203 0.0120617 0.0029718 -0.0214539 0.00779645 0.0029718 -0.0219727 0.00514255 0.0029718 -0.0182676 0.00514255 0.0029718 -0.0524799 0.0180302 0 -0.0527687 0.0180231 0 -0.0530521 0.0179669 0 -0.0488744 0.0204088 0 -0.0524799 0.0206304 0 -0.0419526 0.0166613 0 -0.0471459 0.015293 0 -0.0432578 0.0147568 0 -0.0385005 0.015855 1.11022e-17 -0.0394274 0.0139526 0 -0.0533217 0.0178631 0 -0.0488744 0.0177299 1.59872e-17 -0.0535696 0.0177147 0 -0.0537886 0.0175263 0 -0.0539722 0.0173032 0 -0.054115 0.0170521 0 -0.0510915 0.0155612 0 -0.0542636 0.0162068 0 -0.054215 0.015922 0 -0.0542129 0.0167802 0 -0.0542629 0.0164957 0 -0.0537943 0.0151739 0 -0.0514429 0.0151052 0 -0.0512476 0.0153181 0 -0.0539768 0.0153978 0 -0.0541184 0.0156497 0 -0.0530599 0.0147298 0 -0.0519272 0.0147939 0 -0.053329 0.0148349 0 -0.0516717 0.0149287 0 -0.0535762 0.0149844 0 -0.0527768 0.0146722 0 -0.052202 0.0147047 0 -0.052488 0.0146637 0 -0.0285369 0.00969651 0 -0.0251733 0.0076022 0 -0.0248048 0.0101028 0 -0.0357106 0.0150419 1.02141e-17 -0.0283203 0.0120617 0 -0.0320448 0.0114429 0 -0.0319628 0.0137025 0 -0.0356858 0.0128516 0 -0.0214539 0.00779645 0 -0.0219727 0.00514255 8.88178e-19 -0.0182676 0.00514255 0 -0.0454105 0.0172863 0 -0.0524799 0.0180302 0 -0.0524799 0.0206304 0.0029718 -0.0524799 0.0180302 0.0029718 -0.0524799 0.0206304 0 -0.0488744 0.0204088 0 -0.0488744 0.0177299 0.0029718 -0.0488744 0.0204088 0.0029718 -0.0488744 0.0177299 1.59872e-17 -0.0524799 0.0206304 0 -0.0488744 0.0204088 0.0029718 -0.0524799 0.0206304 0.0029718 -0.0488744 0.0204088 0</float_array>
          <technique_common>
            <accessor count="202" source="#ID12" stride="3">
              <param name="X" type="float"/>
              <param name="Y" type="float"/>
              <param name="Z" type="float"/>
            </accessor>
          </technique_common>
        </source>
        <source id="ID13">
          <float_array count="606" id="ID14">0.201425 0.979504 0 0.256056 0.966662 0 0.256056 0.966662 0 0.105239 0.994447 0 0.105239 0.994447 0 0.151194 0.988504 0 0.151194 0.988504 0 0.201425 0.979504 0 -0.826445 -0.563017 0 -0.910428 -0.413667 -0 -0.826445 -0.563017 0 -0.718199 -0.695838 0 -0.718199 -0.695838 0 -0.588866 -0.80823 0 -0.588866 -0.80823 0 -0.442246 -0.896894 0 -0.442246 -0.896894 0 -0.282642 -0.959226 0 -0.282642 -0.959226 0 -0.114739 -0.993396 0 -0.114739 -0.993396 0 0.0565318 -0.998401 0 0.0565318 -0.998401 0 0.226143 -0.974094 0 0.226143 -0.974094 0 0.389115 -0.921189 0 0.389115 -0.921189 0 0.540663 -0.841239 0 0.540663 -0.841239 0 0.676338 -0.736592 0 0.676338 -0.736592 0 0.792156 -0.610319 0 0.792156 -0.610319 0 0.884718 -0.466127 0 0.884718 -0.466127 0 -0.910428 -0.413667 -0 -0.967683 -0.252171 -0 -0.967683 -0.252171 -0 -0.996527 -0.0832723 -0 -0.996527 -0.0832723 -0 -0.996114 0.088071 0 -0.996114 0.088071 0 -0.966457 0.256829 0 -0.966457 0.256829 0 -0.908426 0.418047 0 -0.908426 0.418047 0 -0.823724 0.566991 0 -0.823724 0.566991 0 -0.714839 0.699289 0 -0.714839 0.699289 0 -0.584967 0.811057 0 -0.584967 0.811057 0 -0.437921 0.899013 0 -0.437921 0.899013 0 -0.278018 0.960576 0 -0.278018 0.960576 0 -0.109953 0.993937 0 -0.109953 0.993937 0 0.0613398 0.998117 0 0.0613398 0.998117 0 -0.402866 -0.915259 -0 -0.321039 -0.947066 -0 -0.321039 -0.947066 -0 -0.402866 -0.915259 -0 -0.48652 -0.873669 -0 -0.48652 -0.873669 -0 -0.569709 -0.821846 -0 -0.649781 -0.760121 -0 -0.569709 -0.821846 -0 -0.649781 -0.760121 -0 -0.242771 -0.970084 -0 -0.169185 -0.985584 -0 -0.242771 -0.970084 -0 -0.169185 -0.985584 -0 -0.10086 -0.994901 -0 -0.10086 -0.994901 -0 -0.0379474 -0.99928 -0 -0.0379474 -0.99928 -0 0 -1 0 0 -1 0 0 -1 0 0 -1 0 0.602799 0.797893 0 0.679339 0.733825 0 0.679339 0.733825 0 0.37358 0.927598 0 0.447624 0.894222 0 0.447624 0.894222 0 0.5247 0.851287 0 0.5247 0.851287 0 0.602799 0.797893 0 0.303925 0.952696 0 0.303925 0.952696 0 0.37358 0.927598 0 0.279794 0.96006 0 0.279794 0.96006 0 0.279794 0.96006 0 0.279794 0.96006 0 0 0 1 0 0 1 0 0 1 0 0 1 0 0 1 0 0 1 0 0 1 0 0 1 0 0 1 0 0 1 0 0 1 0 0 1 0 0 1 0 0 1 0 0 1 0 0 1 0 0 1 0 0 1 0 0 1 0 0 1 0 0 1 0 0 1 0 0 1 0 0 1 0 0 1 0 0 1 0 0 1 0 0 1 0 0 1 0 0 1 0 0 1 0 0 1 0 0 1 0 0 1 0 0 1 0 0 1 0 0 1 0 0 1 0 0 1 0 0 1 0 0 1 0 0 1 0 0 1 0 0 1 0 0 1 0 0 1 -0 -0 -1 -0 -0 -1 -0 -0 -1 -0 -0 -1 -0 -0 -1 -0 -0 -1 -0 -0 -1 -0 -0 -1 -0 -0 -1 -0 -0 -1 -0 -0 -1 -0 -0 -1 -0 -0 -1 -0 -0 -1 -0 -0 -1 -0 -0 -1 -0 -0 -1 -0 -0 -1 -0 -0 -1 -0 -0 -1 -0 -0 -1 -0 -0 -1 -0 -0 -1 -0 -0 -1 -0 -0 -1 -0 -0 -1 -0 -0 -1 -0 -0 -1 -0 -0 -1 -0 -0 -1 -0 -0 -1 -0 -0 -1 -0 -0 -1 -0 -0 -1 -0 -0 -1 -0 -0 -1 -0 -0 -1 -0 -0 -1 -0 -0 -1 -0 -0 -1 -0 -0 -1 -0 -0 -1 -0 -0 -1 -0 -0 -1 -0 -0 -1 -0 -0 -1 -1 0 0 -1 0 0 -1 0 0 -1 0 0 1 0 0 1 0 0 1 0 0 1 0 0 0.0613397 0.998117 0 0.0613397 0.998117 0 0.0613397 0.998117 0 0.0613397 0.998117 0</float_array>
          <technique_common>
            <accessor count="202" source="#ID14" stride="3">
              <param name="X" type="float"/>
              <param name="Y" type="float"/>
              <param name="Z" type="float"/>
            </accessor>
          </technique_common>
        </source>
        <vertices id="ID15">
          <input semantic="POSITION" source="#ID11"/>
          <input semantic="NORMAL" source="#ID13"/>
        </vertices>
        <triangles count="180" material="ID16">
          <input offset="0" semantic="VERTEX" source="#ID15"/>
          <p>0 2 1 3 5 4 6 7 5 0 7 6 3 6 5 1 7 0 8 10 9 10 12 11 12 10 8 13 11 14 12 14 11 15 16 13 13 14 15 16 18 17 18 16 15 19 17 20 18 20 17 21 22 19 19 20 21 22 24 23 24 22 21 25 23 26 24 26 23 27 28 25 25 26 27 28 30 29 30 28 27 31 29 32 30 32 29 33 34 31 31 32 33 8 9 35 36 37 35 35 9 36 37 39 38 39 37 36 40 38 41 39 41 38 42 43 40 40 41 42 43 45 44 45 43 42 46 44 47 45 47 44 48 49 46 46 47 48 49 51 50 51 49 48 52 50 53 51 53 50 54 55 52 52 53 54 55 57 56 57 55 54 57 58 56 56 58 59 60 62 61 60 64 63 63 62 60 65 64 66 64 65 63 67 68 66 65 66 68 69 68 67 70 61 62 71 72 70 61 70 72 71 74 73 73 72 71 75 74 76 74 75 73 75 76 77 78 80 79 79 81 78 82 84 83 85 87 86 88 90 89 91 93 92 93 91 85 86 87 89 93 85 86 88 82 90 87 88 89 83 90 82 94 96 95 95 97 94 98 100 99 101 103 102 102 103 104 99 100 105 99 106 98 107 99 105 108 109 99 99 107 110 108 99 111 99 110 112 113 112 114 115 112 110 116 117 112 118 119 112 120 122 121 121 124 123 125 127 126 128 130 129 128 129 126 125 126 129 122 120 130 128 122 130 117 123 124 120 121 123 131 133 132 124 112 117 134 136 135 137 134 138 137 138 111 112 119 116 137 111 112 113 118 112 112 111 99 114 112 115 134 137 136 101 139 103 135 136 139 104 140 102 132 133 141 142 141 133 132 140 131 142 143 141 140 104 131 101 135 139 144 146 145 147 144 148 149 151 150 152 153 151 144 154 146 147 155 144 144 156 154 157 144 158 157 156 144 158 160 159 160 158 144 160 162 161 160 164 163 165 167 166 168 169 160 170 172 171 173 174 166 170 176 175 177 175 176 172 173 171 170 171 176 178 180 179 173 172 174 167 165 168 165 166 174 169 162 160 167 168 160 160 155 150 164 160 161 160 144 155 163 159 160 152 181 153 178 183 182 184 183 185 180 186 179 186 187 179 188 187 186 180 178 182 181 184 185 183 184 182 185 153 181 149 150 189 152 151 149 150 155 189 190 192 191 190 191 193 194 196 195 194 195 197 198 200 199 198 199 201</p>
        </triangles>
      </mesh>
    </geometry>
    <geometry id="ID17">
      <mesh>
        <source id="ID18">
          <float_array count="606" id="ID19">0.0419526 0.0166613 -0.0029718 0.0385005 0.015855 -1.64313e-17 0.0385005 0.015855 -0.0029718 0.0488744 0.0177299 -0.0029718 0.0488744 0.0177299 -2.17604e-17 0.0454105 0.0172863 -5.56118e-18 0.0454105 0.0172863 -0.0029718 0.0419526 0.0166613 -5.13771e-18 0.0539768 0.0153978 -6.61025e-18 0.0541184 0.0156497 -0.0029718 0.0539768 0.0153978 -0.0029718 0.0537943 0.0151739 -0.0029718 0.0537943 0.0151739 -6.5879e-18 0.0535762 0.0149844 -0.0029718 0.0535762 0.0149844 -6.56119e-18 0.053329 0.0148349 -6.53092e-18 0.053329 0.0148349 -0.0029718 0.0530599 0.0147298 -0.0029718 0.0530599 0.0147298 -6.49796e-18 0.0527768 0.0146722 -0.0029718 0.0527768 0.0146722 -6.46329e-18 0.052488 0.0146637 -6.42792e-18 0.052488 0.0146637 -0.0029718 0.052202 0.0147047 -0.0029718 0.052202 0.0147047 -6.3929e-18 0.0519272 0.0147939 -0.0029718 0.0519272 0.0147939 -6.35925e-18 0.0516717 0.0149287 -6.32795e-18 0.0516717 0.0149287 -0.0029718 0.0514429 0.0151052 -0.0029718 0.0514429 0.0151052 -6.29994e-18 0.0512476 0.0153181 -0.0029718 0.0512476 0.0153181 -6.27602e-18 0.0510915 0.0155612 -6.66134e-18 0.0510915 0.0155612 -0.0029718 0.0541184 0.0156497 -6.6276e-18 0.054215 0.015922 -0.0029718 0.054215 0.015922 -6.63942e-18 0.0542636 0.0162068 -6.64537e-18 0.0542636 0.0162068 -0.0029718 0.0542629 0.0164957 -6.64529e-18 0.0542629 0.0164957 -0.0029718 0.0542129 0.0167802 -0.0029718 0.0542129 0.0167802 -6.63917e-18 0.054115 0.0170521 -6.62718e-18 0.054115 0.0170521 -0.0029718 0.0539722 0.0173032 -6.60969e-18 0.0539722 0.0173032 -0.0029718 0.0537886 0.0175263 -0.0029718 0.0537886 0.0175263 -6.58721e-18 0.0535696 0.0177147 -6.56039e-18 0.0535696 0.0177147 -0.0029718 0.0533217 0.0178631 -6.53003e-18 0.0533217 0.0178631 -0.0029718 0.0530521 0.0179669 -0.0029718 0.0530521 0.0179669 -6.49701e-18 0.0527687 0.0180231 -6.4623e-18 0.0527687 0.0180231 -0.0029718 0.0524799 0.0180302 -0.0029718 0.0524799 0.0180302 -6.66134e-18 0.0320448 0.0114429 -3.92435e-18 0.0356858 0.0128516 -4.37025e-18 0.0356858 0.0128516 -0.0029718 0.0320448 0.0114429 -0.0029718 0.0285369 0.00969651 -3.49477e-18 0.0285369 0.00969651 -0.0029718 0.0251733 0.0076022 -3.08284e-18 0.0219727 0.00514255 -3.55271e-18 0.0251733 0.0076022 -0.0029718 0.0219727 0.00514255 -0.0029718 0.0394274 0.0139526 -0.0029718 0.0432578 0.0147568 -0.0029718 0.0394274 0.0139526 -4.82846e-18 0.0432578 0.0147568 -5.29756e-18 0.0471459 0.015293 -0.0029718 0.0471459 0.015293 -5.7737e-18 0.0510915 0.0155612 -0.0029718 0.0510915 0.0155612 -6.66134e-18 0.0219727 0.00514255 -3.55271e-18 0.0182676 0.00514255 -0.0029718 0.0182676 0.00514255 -2.22045e-18 0.0219727 0.00514255 -0.0029718 0.0214539 0.00779645 -0.0029718 0.0182676 0.00514255 -2.22045e-18 0.0182676 0.00514255 -0.0029718 0.0319628 0.0137025 -0.0029718 0.0283203 0.0120617 -3.46824e-18 0.0283203 0.0120617 -0.0029718 0.0248048 0.0101028 -0.0029718 0.0248048 0.0101028 -3.03771e-18 0.0214539 0.00779645 -2.62735e-18 0.0357106 0.0150419 -0.0029718 0.0357106 0.0150419 -1.46549e-17 0.0319628 0.0137025 -3.91431e-18 0.0357106 0.0150419 -1.46549e-17 0.0385005 0.015855 -0.0029718 0.0385005 0.015855 -1.64313e-17 0.0357106 0.0150419 -0.0029718 0.0530521 0.0179669 -0.0029718 0.0524799 0.0180302 -0.0029718 0.0533217 0.0178631 -0.0029718 0.0357106 0.0150419 -0.0029718 0.0319628 0.0137025 -0.0029718 0.0356858 0.0128516 -0.0029718 0.0320448 0.0114429 -0.0029718 0.0535696 0.0177147 -0.0029718 0.0527687 0.0180231 -0.0029718 0.0537886 0.0175263 -0.0029718 0.0488744 0.0204088 -0.0029718 0.0524799 0.0206304 -0.0029718 0.0539722 0.0173032 -0.0029718 0.0488744 0.0177299 -0.0029718 0.0510915 0.0155612 -0.0029718 0.0542629 0.0164957 -0.0029718 0.0542129 0.0167802 -0.0029718 0.054115 0.0170521 -0.0029718 0.0541184 0.0156497 -0.0029718 0.0539768 0.0153978 -0.0029718 0.0542636 0.0162068 -0.0029718 0.054215 0.015922 -0.0029718 0.0535762 0.0149844 -0.0029718 0.0514429 0.0151052 -0.0029718 0.0516717 0.0149287 -0.0029718 0.0537943 0.0151739 -0.0029718 0.0512476 0.0153181 -0.0029718 0.0527768 0.0146722 -0.0029718 0.052202 0.0147047 -0.0029718 0.052488 0.0146637 -0.0029718 0.0519272 0.0147939 -0.0029718 0.0530599 0.0147298 -0.0029718 0.053329 0.0148349 -0.0029718 0.0285369 0.00969651 -0.0029718 0.0248048 0.0101028 -0.0029718 0.0251733 0.0076022 -0.0029718 0.0419526 0.0166613 -0.0029718 0.0385005 0.015855 -0.0029718 0.0432578 0.0147568 -0.0029718 0.0471459 0.015293 -0.0029718 0.0454105 0.0172863 -0.0029718 0.0394274 0.0139526 -0.0029718 0.0283203 0.0120617 -0.0029718 0.0214539 0.00779645 -0.0029718 0.0219727 0.00514255 -0.0029718 0.0182676 0.00514255 -0.0029718 0.0524799 0.0180302 -6.66134e-18 0.0527687 0.0180231 -6.4623e-18 0.0530521 0.0179669 -6.49701e-18 0.0488744 0.0204088 -5.98539e-18 0.0524799 0.0206304 -6.42693e-18 0.0419526 0.0166613 -5.13771e-18 0.0471459 0.015293 -5.7737e-18 0.0432578 0.0147568 -5.29756e-18 0.0385005 0.015855 -1.64313e-17 0.0394274 0.0139526 -4.82846e-18 0.0533217 0.0178631 -6.53003e-18 0.0488744 0.0177299 -2.17604e-17 0.0535696 0.0177147 -6.56039e-18 0.0537886 0.0175263 -6.58721e-18 0.0539722 0.0173032 -6.60969e-18 0.054115 0.0170521 -6.62718e-18 0.0510915 0.0155612 -6.66134e-18 0.0542636 0.0162068 -6.64537e-18 0.054215 0.015922 -6.63942e-18 0.0542129 0.0167802 -6.63917e-18 0.0542629 0.0164957 -6.64529e-18 0.0537943 0.0151739 -6.5879e-18 0.0514429 0.0151052 -6.29994e-18 0.0512476 0.0153181 -6.27602e-18 0.0539768 0.0153978 -6.61025e-18 0.0541184 0.0156497 -6.6276e-18 0.0530599 0.0147298 -6.49796e-18 0.0519272 0.0147939 -6.35925e-18 0.053329 0.0148349 -6.53092e-18 0.0516717 0.0149287 -6.32795e-18 0.0535762 0.0149844 -6.56119e-18 0.0527768 0.0146722 -6.46329e-18 0.052202 0.0147047 -6.3929e-18 0.052488 0.0146637 -6.42792e-18 0.0285369 0.00969651 -3.49477e-18 0.0251733 0.0076022 -3.08284e-18 0.0248048 0.0101028 -3.03771e-18 0.0357106 0.0150419 -1.46549e-17 0.0283203 0.0120617 -3.46824e-18 0.0320448 0.0114429 -3.92435e-18 0.0319628 0.0137025 -3.91431e-18 0.0356858 0.0128516 -4.37025e-18 0.0214539 0.00779645 -2.62735e-18 0.0219727 0.00514255 -3.55271e-18 0.0182676 0.00514255 -2.22045e-18 0.0454105 0.0172863 -5.56118e-18 0.0524799 0.0180302 -6.66134e-18 0.0524799 0.0206304 -0.0029718 0.0524799 0.0180302 -0.0029718 0.0524799 0.0206304 -6.42693e-18 0.0488744 0.0204088 -5.98539e-18 0.0488744 0.0177299 -0.0029718 0.0488744 0.0204088 -0.0029718 0.0488744 0.0177299 -2.17604e-17 0.0524799 0.0206304 -6.42693e-18 0.0488744 0.0204088 -0.0029718 0.0524799 0.0206304 -0.0029718 0.0488744 0.0204088 -5.98539e-18</float_array>
          <technique_common>
            <accessor count="202" source="#ID19" stride="3">
              <param name="X" type="float"/>
              <param name="Y" type="float"/>
              <param name="Z" type="float"/>
            </accessor>
          </technique_common>
        </source>
        <source id="ID20">
          <float_array count="606" id="ID21">-0.201425 0.979504 2.46675e-17 -0.256056 0.966662 3.13578e-17 -0.256056 0.966662 3.13578e-17 -0.105239 0.994447 1.2888e-17 -0.105239 0.994447 1.2888e-17 -0.151194 0.988504 1.8516e-17 -0.151194 0.988504 1.8516e-17 -0.201425 0.979504 2.46675e-17 0.826445 -0.563017 -1.0121e-16 0.910428 -0.413667 -1.11495e-16 0.826445 -0.563017 -1.0121e-16 0.718199 -0.695838 -8.7954e-17 0.718199 -0.695838 -8.7954e-17 0.588866 -0.80823 -7.21153e-17 0.588866 -0.80823 -7.21153e-17 0.442246 -0.896894 -5.41595e-17 0.442246 -0.896894 -5.41595e-17 0.282642 -0.959226 -3.46136e-17 0.282642 -0.959226 -3.46136e-17 0.114739 -0.993396 -1.40515e-17 0.114739 -0.993396 -1.40515e-17 -0.0565318 -0.998401 6.92315e-18 -0.0565318 -0.998401 6.92315e-18 -0.226143 -0.974094 2.76945e-17 -0.226143 -0.974094 2.76945e-17 -0.389115 -0.921189 4.76528e-17 -0.389115 -0.921189 4.76528e-17 -0.540663 -0.841239 6.62121e-17 -0.540663 -0.841239 6.62121e-17 -0.676338 -0.736592 8.28275e-17 -0.676338 -0.736592 8.28275e-17 -0.792156 -0.610319 9.70111e-17 -0.792156 -0.610319 9.70111e-17 -0.884718 -0.466127 1.08347e-16 -0.884718 -0.466127 1.08347e-16 0.910428 -0.413667 -1.11495e-16 0.967683 -0.252171 -1.18507e-16 0.967683 -0.252171 -1.18507e-16 0.996527 -0.0832723 -1.22039e-16 0.996527 -0.0832723 -1.22039e-16 0.996114 0.088071 -1.21989e-16 0.996114 0.088071 -1.21989e-16 0.966457 0.256829 -1.18357e-16 0.966457 0.256829 -1.18357e-16 0.908426 0.418047 -1.1125e-16 0.908426 0.418047 -1.1125e-16 0.823724 0.566991 -1.00877e-16 0.823724 0.566991 -1.00877e-16 0.714839 0.699289 -8.75425e-17 0.714839 0.699289 -8.75425e-17 0.584967 0.811057 -7.16378e-17 0.584967 0.811057 -7.16378e-17 0.437921 0.899013 -5.36299e-17 0.437921 0.899013 -5.36299e-17 0.278018 0.960576 -3.40474e-17 0.278018 0.960576 -3.40474e-17 0.109953 0.993937 -1.34654e-17 0.109953 0.993937 -1.34654e-17 -0.0613398 0.998117 7.51196e-18 -0.0613398 0.998117 7.51196e-18 0.402866 -0.915259 -4.93369e-17 0.321039 -0.947066 -3.9316e-17 0.321039 -0.947066 -3.9316e-17 0.402866 -0.915259 -4.93369e-17 0.48652 -0.873669 -5.95815e-17 0.48652 -0.873669 -5.95815e-17 0.569709 -0.821846 -6.97692e-17 0.649781 -0.760121 -7.95753e-17 0.569709 -0.821846 -6.97692e-17 0.649781 -0.760121 -7.95753e-17 0.242771 -0.970084 -2.97309e-17 0.169185 -0.985584 -2.07192e-17 0.242771 -0.970084 -2.97309e-17 0.169185 -0.985584 -2.07192e-17 0.10086 -0.994901 -1.23518e-17 0.10086 -0.994901 -1.23518e-17 0.0379474 -0.99928 -4.64722e-18 0.0379474 -0.99928 -4.64722e-18 -0 -1 -0 -0 -1 -0 -0 -1 -0 -0 -1 -0 -0.602799 0.797893 7.38215e-17 -0.679339 0.733825 8.3195e-17 -0.679339 0.733825 8.3195e-17 -0.37358 0.927598 4.57504e-17 -0.447624 0.894222 5.48181e-17 -0.447624 0.894222 5.48181e-17 -0.5247 0.851287 6.42572e-17 -0.5247 0.851287 6.42572e-17 -0.602799 0.797893 7.38215e-17 -0.303925 0.952696 3.72201e-17 -0.303925 0.952696 3.72201e-17 -0.37358 0.927598 4.57504e-17 -0.279794 0.96006 3.42649e-17 -0.279794 0.96006 3.42649e-17 -0.279794 0.96006 3.42649e-17 -0.279794 0.96006 3.42649e-17 -1.22465e-16 0 -1 -1.22465e-16 0 -1 -1.22465e-16 0 -1 -1.22465e-16 0 -1 -1.22465e-16 0 -1 -1.22465e-16 0 -1 -1.22465e-16 0 -1 -1.22465e-16 0 -1 -1.22465e-16 0 -1 -1.22465e-16 0 -1 -1.22465e-16 0 -1 -1.22465e-16 0 -1 -1.22465e-16 0 -1 -1.22465e-16 0 -1 -1.22465e-16 0 -1 -1.22465e-16 0 -1 -1.22465e-16 0 -1 -1.22465e-16 0 -1 -1.22465e-16 0 -1 -1.22465e-16 0 -1 -1.22465e-16 0 -1 -1.22465e-16 0 -1 -1.22465e-16 0 -1 -1.22465e-16 0 -1 -1.22465e-16 0 -1 -1.22465e-16 0 -1 -1.22465e-16 0 -1 -1.22465e-16 0 -1 -1.22465e-16 0 -1 -1.22465e-16 0 -1 -1.22465e-16 0 -1 -1.22465e-16 0 -1 -1.22465e-16 0 -1 -1.22465e-16 0 -1 -1.22465e-16 0 -1 -1.22465e-16 0 -1 -1.22465e-16 0 -1 -1.22465e-16 0 -1 -1.22465e-16 0 -1 -1.22465e-16 0 -1 -1.22465e-16 0 -1 -1.22465e-16 0 -1 -1.22465e-16 0 -1 -1.22465e-16 0 -1 -1.22465e-16 0 -1 -1.22465e-16 0 -1 1.22465e-16 0 1 1.22465e-16 0 1 1.22465e-16 0 1 1.22465e-16 0 1 1.22465e-16 0 1 1.22465e-16 0 1 1.22465e-16 0 1 1.22465e-16 0 1 1.22465e-16 0 1 1.22465e-16 0 1 1.22465e-16 0 1 1.22465e-16 0 1 1.22465e-16 0 1 1.22465e-16 0 1 1.22465e-16 0 1 1.22465e-16 0 1 1.22465e-16 0 1 1.22465e-16 0 1 1.22465e-16 0 1 1.22465e-16 0 1 1.22465e-16 0 1 1.22465e-16 0 1 1.22465e-16 0 1 1.22465e-16 0 1 1.22465e-16 0 1 1.22465e-16 0 1 1.22465e-16 0 1 1.22465e-16 0 1 1.22465e-16 0 1 1.22465e-16 0 1 1.22465e-16 0 1 1.22465e-16 0 1 1.22465e-16 0 1 1.22465e-16 0 1 1.22465e-16 0 1 1.22465e-16 0 1 1.22465e-16 0 1 1.22465e-16 0 1 1.22465e-16 0 1 1.22465e-16 0 1 1.22465e-16 0 1 1.22465e-16 0 1 1.22465e-16 0 1 1.22465e-16 0 1 1.22465e-16 0 1 1.22465e-16 0 1 1 0 -1.22465e-16 1 0 -1.22465e-16 1 0 -1.22465e-16 1 0 -1.22465e-16 -1 0 1.22465e-16 -1 0 1.22465e-16 -1 0 1.22465e-16 -1 0 1.22465e-16 -0.0613397 0.998117 7.51195e-18 -0.0613397 0.998117 7.51195e-18 -0.0613397 0.998117 7.51195e-18 -0.0613397 0.998117 7.51195e-18</float_array>
          <technique_common>
            <accessor count="202" source="#ID21" stride="3">
              <param name="X" type="float"/>
              <param name="Y" type="float"/>
              <param name="Z" type="float"/>
            </accessor>
          </technique_common>
        </source>
        <vertices id="ID22">
          <input semantic="POSITION" source="#ID18"/>
          <input semantic="NORMAL" source="#ID20"/>
        </vertices>
        <triangles count="180" material="ID16">
          <input offset="0" semantic="VERTEX" source="#ID22"/>
          <p>0 2 1 3 5 4 6 7 5 0 7 6 3 6 5 1 7 0 8 10 9 10 12 11 12 10 8 13 11 14 12 14 11 15 16 13 13 14 15 16 18 17 18 16 15 19 17 20 18 20 17 21 22 19 19 20 21 22 24 23 24 22 21 25 23 26 24 26 23 27 28 25 25 26 27 28 30 29 30 28 27 31 29 32 30 32 29 33 34 31 31 32 33 8 9 35 36 37 35 35 9 36 37 39 38 39 37 36 40 38 41 39 41 38 42 43 40 40 41 42 43 45 44 45 43 42 46 44 47 45 47 44 48 49 46 46 47 48 49 51 50 51 49 48 52 50 53 51 53 50 54 55 52 52 53 54 55 57 56 57 55 54 57 58 56 56 58 59 60 62 61 60 64 63 63 62 60 65 64 66 64 65 63 67 68 66 65 66 68 69 68 67 70 61 62 71 72 70 61 70 72 71 74 73 73 72 71 75 74 76 74 75 73 75 76 77 78 80 79 79 81 78 82 84 83 85 87 86 88 90 89 91 93 92 93 91 85 86 87 89 93 85 86 88 82 90 87 88 89 83 90 82 94 96 95 95 97 94 98 100 99 101 103 102 102 103 104 99 100 105 99 106 98 107 99 105 108 109 99 99 107 110 108 99 111 99 110 112 113 112 114 115 112 110 116 117 112 118 119 112 120 122 121 121 124 123 125 127 126 128 130 129 128 129 126 125 126 129 122 120 130 128 122 130 117 123 124 120 121 123 131 133 132 124 112 117 134 136 135 137 134 138 137 138 111 112 119 116 137 111 112 113 118 112 112 111 99 114 112 115 134 137 136 101 139 103 135 136 139 104 140 102 132 133 141 142 141 133 132 140 131 142 143 141 140 104 131 101 135 139 144 146 145 147 144 148 149 151 150 152 153 151 144 154 146 147 155 144 144 156 154 157 144 158 157 156 144 158 160 159 160 158 144 160 162 161 160 164 163 165 167 166 168 169 160 170 172 171 173 174 166 170 176 175 177 175 176 172 173 171 170 171 176 178 180 179 173 172 174 167 165 168 165 166 174 169 162 160 167 168 160 160 155 150 164 160 161 160 144 155 163 159 160 152 181 153 178 183 182 184 183 185 180 186 179 186 187 179 188 187 186 180 178 182 181 184 185 183 184 182 185 153 181 149 150 189 152 151 149 150 155 189 190 192 191 190 191 193 194 196 195 194 195 197 198 200 199 198 199 201</p>
        </triangles>
      </mesh>
    </geometry>
    <geometry id="ID23">
      <mesh>
        <source id="ID24">
          <float_array count="96" id="ID25">-0.0366372 0.0153287 0.0029718 -0.0375671 0.0155997 0.0029718 -0.0366372 0.0153287 0 -0.0357106 0.0150419 9.32587e-18 -0.0357106 0.0150419 0.0029718 -0.0375671 0.0155997 0 -0.0385005 0.015855 0.0029718 -0.0385005 0.015855 1.11022e-17 1.42109e-17 0.0576366 4.44089e-19 1.42109e-17 0.0576366 0.0029718 -0.0357106 0.0150419 0.0029718 -0.0357106 0.0150419 9.32587e-18 -0.0385005 0.015855 1.11022e-17 -0.0385005 0.015855 0.0029718 3.19744e-17 0.0617773 0.0029718 3.55271e-17 0.0617773 4.44089e-19 1.42109e-17 0.0576366 0.0029718 -0.0385005 0.015855 0.0029718 -0.0375671 0.0155997 0.0029718 3.19744e-17 0.0617773 0.0029718 -0.0366372 0.0153287 0.0029718 -0.0357106 0.0150419 0.0029718 1.42109e-17 0.0576366 4.44089e-19 -0.0385005 0.015855 1.11022e-17 3.55271e-17 0.0617773 4.44089e-19 -0.0375671 0.0155997 0 -0.0357106 0.0150419 9.32587e-18 -0.0366372 0.0153287 0 3.55271e-17 0.0617773 4.44089e-19 3.19744e-17 0.0617773 0.0029718 1.42109e-17 0.0576366 0.0029718 1.42109e-17 0.0576366 4.44089e-19</float_array>
          <technique_common>
            <accessor count="32" source="#ID25" stride="3">
              <param name="X" type="float"/>
              <param name="Y" type="float"/>
              <param name="Z" type="float"/>
            </accessor>
          </technique_common>
        </source>
        <source id="ID26">
          <float_array count="96" id="ID27">-0.28765 -0.957736 -0 -0.271692 -0.962384 -0 -0.28765 -0.957736 -0 -0.303925 -0.952696 -0 -0.303925 -0.952696 -0 -0.271692 -0.962384 -0 -0.256056 -0.966662 -0 -0.256056 -0.966662 -0 0.766315 -0.642465 0 0.766315 -0.642465 0 0.766315 -0.642465 0 0.766315 -0.642465 0 -0.766315 0.642465 0 -0.766315 0.642465 0 -0.766315 0.642465 0 -0.766315 0.642465 0 0 0 1 0 0 1 0 0 1 0 0 1 0 0 1 0 0 1 -0 -0 -1 -0 -0 -1 -0 -0 -1 -0 -0 -1 -0 -0 -1 -0 -0 -1 1 -8.37879e-16 0 1 -8.37879e-16 0 1 -8.37879e-16 0 1 -8.37879e-16 0</float_array>
          <technique_common>
            <accessor count="32" source="#ID27" stride="3">
              <param name="X" type="float"/>
              <param name="Y" type="float"/>
              <param name="Z" type="float"/>
            </accessor>
          </technique_common>
        </source>
        <vertices id="ID28">
          <input semantic="POSITION" source="#ID24"/>
          <input semantic="NORMAL" source="#ID26"/>
        </vertices>
        <triangles count="20" material="ID29">
          <input offset="0" semantic="VERTEX" source="#ID28"/>
          <p>0 1 2 3 4 0 0 2 3 2 1 5 1 6 5 5 6 7 8 9 10 8 10 11 12 13 14 12 14 15 16 17 18 17 16 19 18 20 16 20 21 16 22 23 24 22 25 23 26 27 22 22 27 25 28 29 30 28 30 31</p>
        </triangles>
      </mesh>
    </geometry>
    <geometry id="ID30">
      <mesh>
        <source id="ID31">
          <float_array count="606" id="ID32">-0.0235499 0.0166613 -0.0348461 -0.0192503 0.015855 -0.0333424 -0.0218239 0.015855 -0.0318565 -0.0270108 0.0177299 -0.0408406 -0.0244372 0.0177299 -0.0423265 -0.0227053 0.0172863 -0.0393267 -0.0252789 0.0172863 -0.0378408 -0.0209763 0.0166613 -0.036332 -0.0269884 0.0153978 -0.0467453 -0.0296329 0.0156497 -0.045382 -0.0295621 0.0153978 -0.0452594 -0.0294708 0.0151739 -0.0451013 -0.0268971 0.0151739 -0.0465872 -0.0293618 0.0149844 -0.0449125 -0.0267881 0.0149844 -0.0463984 -0.0266645 0.0148349 -0.0461843 -0.0292382 0.0148349 -0.0446984 -0.0291036 0.0147298 -0.0444653 -0.0265299 0.0147298 -0.0459512 -0.028962 0.0146722 -0.0442201 -0.0263884 0.0146722 -0.045706 -0.026244 0.0146637 -0.0454559 -0.0288176 0.0146637 -0.04397 -0.0286746 0.0147047 -0.0437223 -0.026101 0.0147047 -0.0452082 -0.0285372 0.0147939 -0.0434844 -0.0259636 0.0147939 -0.0449703 -0.0258358 0.0149287 -0.044749 -0.0284095 0.0149287 -0.0432631 -0.0282951 0.0151052 -0.0430649 -0.0257214 0.0151052 -0.0445508 -0.0281975 0.0153181 -0.0428958 -0.0256238 0.0153181 -0.0443817 -0.0255458 0.0155612 -0.0442466 -0.0281194 0.0155612 -0.0427607 -0.0270592 0.0156497 -0.0468679 -0.0296811 0.015922 -0.0454656 -0.0271075 0.015922 -0.0469515 -0.0271318 0.0162068 -0.0469937 -0.0297055 0.0162068 -0.0455078 -0.0271315 0.0164957 -0.0469931 -0.0297051 0.0164957 -0.0455072 -0.0296801 0.0167802 -0.0454638 -0.0271064 0.0167802 -0.0469497 -0.0270575 0.0170521 -0.046865 -0.0296312 0.0170521 -0.0453791 -0.0269861 0.0173032 -0.0467413 -0.0295598 0.0173032 -0.0452554 -0.029468 0.0175263 -0.0450964 -0.0268943 0.0175263 -0.0465823 -0.0267848 0.0177147 -0.0463927 -0.0293585 0.0177147 -0.0449068 -0.0266609 0.0178631 -0.0461779 -0.0292345 0.0178631 -0.0446921 -0.0290997 0.0179669 -0.0444585 -0.026526 0.0179669 -0.0459444 -0.0263843 0.0180231 -0.045699 -0.028958 0.0180231 -0.0442131 -0.0288136 0.0180302 -0.043963 -0.0262399 0.0180302 -0.0454489 -0.0178429 0.0128516 -0.0309048 -0.0204166 0.0128516 -0.0294189 -0.018596 0.0114429 -0.0262657 -0.0168421 0.00969651 -0.0232278 -0.0160224 0.0114429 -0.0277516 -0.0151603 0.0076022 -0.0203148 -0.0142685 0.00969651 -0.0247137 -0.0125866 0.0076022 -0.0218007 -0.01356 0.00514255 -0.017543 -0.0109863 0.00514255 -0.0190289 -0.0222873 0.0139526 -0.0326592 -0.0197137 0.0139526 -0.0341451 -0.0216289 0.0147568 -0.0374624 -0.0242026 0.0147568 -0.0359765 -0.0235729 0.015293 -0.0408295 -0.0261466 0.015293 -0.0393436 -0.0255458 0.0155612 -0.0442466 -0.0281194 0.0155612 -0.0427607 -0.0109863 0.00514255 -0.0190289 -0.0117074 0.00514255 -0.0143343 -0.00913379 0.00514255 -0.0158202 -0.01356 0.00514255 -0.017543 -0.0133006 0.00779645 -0.0170937 -0.00913379 0.00514255 -0.0158202 -0.0117074 0.00514255 -0.0143343 -0.018555 0.0137025 -0.0261947 -0.0141602 0.0120617 -0.0245261 -0.0167338 0.0120617 -0.0230402 -0.0149761 0.0101028 -0.0199957 -0.0124024 0.0101028 -0.0214816 -0.010727 0.00779645 -0.0185796 -0.020429 0.0150419 -0.0294404 -0.0178553 0.0150419 -0.0309263 -0.0159814 0.0137025 -0.0276806 -0.0178553 0.0150419 -0.0309263 -0.0218239 0.015855 -0.0318565 -0.0192503 0.015855 -0.0333424 -0.020429 0.0150419 -0.0294404 -0.0290997 0.0179669 -0.0444585 -0.0288136 0.0180302 -0.043963 -0.0292345 0.0178631 -0.0446921 -0.020429 0.0150419 -0.0294404 -0.018555 0.0137025 -0.0261947 -0.0204166 0.0128516 -0.0294189 -0.018596 0.0114429 -0.0262657 -0.0293585 0.0177147 -0.0449068 -0.028958 0.0180231 -0.0442131 -0.029468 0.0175263 -0.0450964 -0.0270108 0.0204088 -0.0408406 -0.0288136 0.0206304 -0.043963 -0.0295598 0.0173032 -0.0452554 -0.0270108 0.0177299 -0.0408406 -0.0281194 0.0155612 -0.0427607 -0.0297051 0.0164957 -0.0455072 -0.0296801 0.0167802 -0.0454638 -0.0296312 0.0170521 -0.0453791 -0.0296329 0.0156497 -0.045382 -0.0295621 0.0153978 -0.0452594 -0.0297055 0.0162068 -0.0455078 -0.0296811 0.015922 -0.0454656 -0.0293618 0.0149844 -0.0449125 -0.0282951 0.0151052 -0.0430649 -0.0284095 0.0149287 -0.0432631 -0.0294708 0.0151739 -0.0451013 -0.0281975 0.0153181 -0.0428958 -0.028962 0.0146722 -0.0442201 -0.0286746 0.0147047 -0.0437223 -0.0288176 0.0146637 -0.04397 -0.0285372 0.0147939 -0.0434844 -0.0291036 0.0147298 -0.0444653 -0.0292382 0.0148349 -0.0446984 -0.0168421 0.00969651 -0.0232278 -0.0149761 0.0101028 -0.0199957 -0.0151603 0.0076022 -0.0203148 -0.0235499 0.0166613 -0.0348461 -0.0218239 0.015855 -0.0318565 -0.0242026 0.0147568 -0.0359765 -0.0261466 0.015293 -0.0393436 -0.0252789 0.0172863 -0.0378408 -0.0222873 0.0139526 -0.0326592 -0.0167338 0.0120617 -0.0230402 -0.0133006 0.00779645 -0.0170937 -0.01356 0.00514255 -0.017543 -0.0117074 0.00514255 -0.0143343 -0.0262399 0.0180302 -0.0454489 -0.0263843 0.0180231 -0.045699 -0.026526 0.0179669 -0.0459444 -0.0244372 0.0204088 -0.0423265 -0.0262399 0.0206304 -0.0454489 -0.0209763 0.0166613 -0.036332 -0.0235729 0.015293 -0.0408295 -0.0216289 0.0147568 -0.0374624 -0.0192503 0.015855 -0.0333424 -0.0197137 0.0139526 -0.0341451 -0.0266609 0.0178631 -0.0461779 -0.0244372 0.0177299 -0.0423265 -0.0267848 0.0177147 -0.0463927 -0.0268943 0.0175263 -0.0465823 -0.0269861 0.0173032 -0.0467413 -0.0270575 0.0170521 -0.046865 -0.0255458 0.0155612 -0.0442466 -0.0271318 0.0162068 -0.0469937 -0.0271075 0.015922 -0.0469515 -0.0271064 0.0167802 -0.0469497 -0.0271315 0.0164957 -0.0469931 -0.0268971 0.0151739 -0.0465872 -0.0257214 0.0151052 -0.0445508 -0.0256238 0.0153181 -0.0443817 -0.0269884 0.0153978 -0.0467453 -0.0270592 0.0156497 -0.0468679 -0.0265299 0.0147298 -0.0459512 -0.0259636 0.0147939 -0.0449703 -0.0266645 0.0148349 -0.0461843 -0.0258358 0.0149287 -0.044749 -0.0267881 0.0149844 -0.0463984 -0.0263884 0.0146722 -0.045706 -0.026101 0.0147047 -0.0452082 -0.026244 0.0146637 -0.0454559 -0.0142685 0.00969651 -0.0247137 -0.0125866 0.0076022 -0.0218007 -0.0124024 0.0101028 -0.0214816 -0.0178553 0.0150419 -0.0309263 -0.0141602 0.0120617 -0.0245261 -0.0160224 0.0114429 -0.0277516 -0.0159814 0.0137025 -0.0276806 -0.0178429 0.0128516 -0.0309048 -0.010727 0.00779645 -0.0185796 -0.0109863 0.00514255 -0.0190289 -0.00913379 0.00514255 -0.0158202 -0.0227053 0.0172863 -0.0393267 -0.0262399 0.0180302 -0.0454489 -0.0288136 0.0206304 -0.043963 -0.0288136 0.0180302 -0.043963 -0.0262399 0.0206304 -0.0454489 -0.0244372 0.0204088 -0.0423265 -0.0270108 0.0177299 -0.0408406 -0.0270108 0.0204088 -0.0408406 -0.0244372 0.0177299 -0.0423265 -0.0262399 0.0206304 -0.0454489 -0.0270108 0.0204088 -0.0408406 -0.0288136 0.0206304 -0.043963 -0.0244372 0.0204088 -0.0423265</float_array>
          <technique_common>
            <accessor count="202" source="#ID32" stride="3">
              <param name="X" type="float"/>
              <param name="Y" type="float"/>
              <param name="Z" type="float"/>
            </accessor>
          </technique_common>
        </source>
        <source id="ID33">
          <float_array count="606" id="ID34">0.100713 0.979504 0.174439 0.128028 0.966662 0.221751 0.128028 0.966662 0.221751 0.0526193 0.994447 0.0911393 0.0526193 0.994447 0.0911393 0.0755972 0.988504 0.130938 0.0755972 0.988504 0.130938 0.100713 0.979504 0.174439 -0.413223 -0.563017 -0.715723 -0.455214 -0.413667 -0.788454 -0.413223 -0.563017 -0.715723 -0.359099 -0.695838 -0.621978 -0.359099 -0.695838 -0.621978 -0.294433 -0.80823 -0.509973 -0.294433 -0.80823 -0.509973 -0.221123 -0.896894 -0.382996 -0.221123 -0.896894 -0.382996 -0.141321 -0.959226 -0.244775 -0.141321 -0.959226 -0.244775 -0.0573697 -0.993396 -0.0993672 -0.0573696 -0.993396 -0.099367 0.0282659 -0.998401 0.048958 0.0282659 -0.998401 0.048958 0.113071 -0.974094 0.195845 0.113071 -0.974094 0.195845 0.194557 -0.921189 0.336983 0.194557 -0.921189 0.336983 0.270331 -0.841239 0.468228 0.270331 -0.841239 0.468228 0.338169 -0.736592 0.585726 0.338169 -0.736592 0.585726 0.396078 -0.610319 0.686027 0.396078 -0.610319 0.686027 0.442359 -0.466127 0.766188 0.442359 -0.466127 0.766188 -0.455214 -0.413667 -0.788454 -0.483841 -0.252171 -0.838038 -0.483841 -0.252171 -0.838038 -0.498263 -0.0832723 -0.863018 -0.498263 -0.0832723 -0.863018 -0.498057 0.088071 -0.86266 -0.498057 0.088071 -0.86266 -0.483228 0.256829 -0.836976 -0.483228 0.256829 -0.836976 -0.454213 0.418047 -0.78672 -0.454213 0.418047 -0.78672 -0.411862 0.566991 -0.713366 -0.411862 0.566991 -0.713366 -0.357419 0.699289 -0.619069 -0.357419 0.699289 -0.619069 -0.292483 0.811057 -0.506596 -0.292484 0.811057 -0.506596 -0.218961 0.899013 -0.379251 -0.218961 0.899013 -0.379251 -0.139009 0.960576 -0.240771 -0.139009 0.960576 -0.240771 -0.0549767 0.993937 -0.0952225 -0.0549767 0.993937 -0.0952225 0.0306699 0.998117 0.0531218 0.0306699 0.998117 0.0531218 -0.16052 -0.947066 -0.278028 -0.16052 -0.947066 -0.278028 -0.201433 -0.915259 -0.348892 -0.24326 -0.873669 -0.421339 -0.201433 -0.915259 -0.348892 -0.284855 -0.821846 -0.493383 -0.24326 -0.873669 -0.421339 -0.284855 -0.821846 -0.493383 -0.324891 -0.760121 -0.562727 -0.324891 -0.760121 -0.562727 -0.121386 -0.970084 -0.210246 -0.121386 -0.970084 -0.210246 -0.0845927 -0.985584 -0.146519 -0.0845927 -0.985584 -0.146519 -0.05043 -0.994901 -0.0873474 -0.05043 -0.994901 -0.0873474 -0.0189737 -0.99928 -0.0328634 -0.0189737 -0.99928 -0.0328634 0 -1 0 0 -1 0 0 -1 0 0 -1 0 0.301399 0.797893 0.522039 0.339669 0.733825 0.588325 0.339669 0.733825 0.588325 0.18679 0.927598 0.32353 0.223812 0.894222 0.387653 0.223812 0.894222 0.387653 0.26235 0.851287 0.454403 0.26235 0.851287 0.454403 0.301399 0.797893 0.522039 0.151962 0.952696 0.263207 0.151962 0.952696 0.263207 0.18679 0.927598 0.32353 0.139897 0.96006 0.242309 0.139897 0.96006 0.242309 0.139897 0.96006 0.242309 0.139897 0.96006 0.242309 -0.866025 0 0.5 -0.866025 0 0.5 -0.866025 0 0.5 -0.866025 0 0.5 -0.866025 0 0.5 -0.866025 0 0.5 -0.866025 0 0.5 -0.866025 0 0.5 -0.866025 0 0.5 -0.866025 0 0.5 -0.866025 0 0.5 -0.866025 0 0.5 -0.866025 0 0.5 -0.866025 0 0.5 -0.866025 0 0.5 -0.866025 0 0.5 -0.866025 0 0.5 -0.866025 0 0.5 -0.866025 0 0.5 -0.866025 0 0.5 -0.866025 0 0.5 -0.866025 0 0.5 -0.866025 0 0.5 -0.866025 0 0.5 -0.866025 0 0.5 -0.866025 0 0.5 -0.866025 0 0.5 -0.866025 0 0.5 -0.866025 0 0.5 -0.866025 0 0.5 -0.866025 0 0.5 -0.866025 0 0.5 -0.866025 0 0.5 -0.866025 0 0.5 -0.866025 0 0.5 -0.866025 0 0.5 -0.866025 0 0.5 -0.866025 0 0.5 -0.866025 0 0.5 -0.866025 0 0.5 -0.866025 0 0.5 -0.866025 0 0.5 -0.866025 0 0.5 -0.866025 0 0.5 -0.866025 0 0.5 -0.866025 0 0.5 0.866025 0 -0.5 0.866025 0 -0.5 0.866025 0 -0.5 0.866025 0 -0.5 0.866025 0 -0.5 0.866025 0 -0.5 0.866025 0 -0.5 0.866025 0 -0.5 0.866025 0 -0.5 0.866025 0 -0.5 0.866025 0 -0.5 0.866025 0 -0.5 0.866025 0 -0.5 0.866025 0 -0.5 0.866025 0 -0.5 0.866025 0 -0.5 0.866025 0 -0.5 0.866025 0 -0.5 0.866025 0 -0.5 0.866025 0 -0.5 0.866025 0 -0.5 0.866025 0 -0.5 0.866025 0 -0.5 0.866025 0 -0.5 0.866025 0 -0.5 0.866025 0 -0.5 0.866025 0 -0.5 0.866025 0 -0.5 0.866025 0 -0.5 0.866025 0 -0.5 0.866025 0 -0.5 0.866025 0 -0.5 0.866025 0 -0.5 0.866025 0 -0.5 0.866025 0 -0.5 0.866025 0 -0.5 0.866025 0 -0.5 0.866025 0 -0.5 0.866025 0 -0.5 0.866025 0 -0.5 0.866025 0 -0.5 0.866025 0 -0.5 0.866025 0 -0.5 0.866025 0 -0.5 0.866025 0 -0.5 0.866025 0 -0.5 -0.5 0 -0.866025 -0.5 0 -0.866025 -0.5 0 -0.866025 -0.5 0 -0.866025 0.5 0 0.866025 0.5 0 0.866025 0.5 0 0.866025 0.5 0 0.866025 0.0306698 0.998117 0.0531217 0.0306698 0.998117 0.0531217 0.0306698 0.998117 0.0531217 0.0306698 0.998117 0.0531217</float_array>
          <technique_common>
            <accessor count="202" source="#ID34" stride="3">
              <param name="X" type="float"/>
              <param name="Y" type="float"/>
              <param name="Z" type="float"/>
            </accessor>
          </technique_common>
        </source>
        <vertices id="ID35">
          <input semantic="POSITION" source="#ID31"/>
          <input semantic="NORMAL" source="#ID33"/>
        </vertices>
        <triangles count="180" material="ID16">
          <input offset="0" semantic="VERTEX" source="#ID35"/>
          <p>0 2 1 3 5 4 6 7 5 0 7 6 3 6 5 1 7 0 8 10 9 10 12 11 12 10 8 13 11 14 12 14 11 15 16 13 13 14 15 16 18 17 18 16 15 19 17 20 18 20 17 21 22 19 19 20 21 22 24 23 24 22 21 25 23 26 24 26 23 27 28 25 25 26 27 28 30 29 30 28 27 31 29 32 30 32 29 33 34 31 31 32 33 8 9 35 36 37 35 35 9 36 37 39 38 39 37 36 40 38 41 39 41 38 42 43 40 40 41 42 43 45 44 45 43 42 46 44 47 45 47 44 48 49 46 46 47 48 49 51 50 51 49 48 52 50 53 51 53 50 54 55 52 52 53 54 55 57 56 57 55 54 57 58 56 56 58 59 60 62 61 62 64 63 64 62 60 65 63 66 64 66 63 67 68 65 65 66 67 69 68 67 70 71 61 60 61 71 70 73 72 72 71 70 74 73 75 73 74 72 74 75 76 76 75 77 78 80 79 79 81 78 82 84 83 85 87 86 88 90 89 91 93 92 93 91 85 86 87 89 93 85 86 88 82 90 87 88 89 83 90 82 94 96 95 95 97 94 98 100 99 101 103 102 102 103 104 99 100 105 99 106 98 107 99 105 108 109 99 99 107 110 108 99 111 99 110 112 113 112 114 115 112 110 116 117 112 118 119 112 120 122 121 121 124 123 125 127 126 128 130 129 128 129 126 125 126 129 122 120 130 128 122 130 117 123 124 120 121 123 131 133 132 124 112 117 134 136 135 137 134 138 137 138 111 112 119 116 137 111 112 113 118 112 112 111 99 114 112 115 134 137 136 101 139 103 135 136 139 104 140 102 132 133 141 142 141 133 132 140 131 142 143 141 140 104 131 101 135 139 144 146 145 147 144 148 149 151 150 152 153 151 144 154 146 147 155 144 144 156 154 157 144 158 157 156 144 158 160 159 160 158 144 160 162 161 160 164 163 165 167 166 168 169 160 170 172 171 173 174 166 170 176 175 177 175 176 172 173 171 170 171 176 178 180 179 173 172 174 167 165 168 165 166 174 169 162 160 167 168 160 160 155 150 164 160 161 160 144 155 163 159 160 152 181 153 178 183 182 184 183 185 180 186 179 186 187 179 188 187 186 180 178 182 181 184 185 183 184 182 185 153 181 149 150 189 152 151 149 150 155 189 190 192 191 190 191 193 194 196 195 194 195 197 198 200 199 198 199 201</p>
        </triangles>
      </mesh>
    </geometry>
    <geometry id="ID36">
      <mesh>
        <source id="ID37">
          <float_array count="708" id="ID38">-0.000793082 0.0430081 0.00957107 0.000775113 0.0464409 0.00935422 -0.000775113 0.0464409 0.00935422 0.00960387 0.0430081 -5.44111e-18 0.00938628 0.0464409 1.13556e-17 0.00947289 0.0430081 0.00158075 -0.0023042 0.0464409 0.00909906 -0.00235761 0.0430081 0.00931 -0.00377043 0.0464409 0.00859571 -0.00385783 0.0430081 0.00879497 -0.00525282 0.0430081 0.00804004 -0.00513381 0.0464409 0.00785788 -0.00635716 0.0464409 0.00690571 -0.00650453 0.0430081 0.0070658 -0.00740709 0.0464409 0.00576517 -0.00757881 0.0430081 0.00589882 -0.00844636 0.0430081 0.00457094 -0.00825499 0.0464409 0.00446738 -0.00887771 0.0464409 0.00304772 -0.00908351 0.0430081 0.00311837 -0.00925826 0.0464409 0.00154493 -0.00947289 0.0430081 0.00158075 -0.00960387 0.0430081 2.35227e-18 -0.00938628 0.0464409 2.29898e-18 0.000793082 0.0430081 0.00957107 0.00235761 0.0430081 0.00931 0.0023042 0.0464409 0.00909906 0.00377043 0.0464409 0.00859571 0.00385783 0.0430081 0.00879497 0.00525282 0.0430081 0.00804004 0.00513381 0.0464409 0.00785788 0.00650453 0.0430081 0.0070658 0.00635716 0.0464409 0.00690571 0.00740709 0.0464409 0.00576517 0.00757881 0.0430081 0.00589882 0.00844636 0.0430081 0.00457094 0.00825499 0.0464409 0.00446738 0.00908351 0.0430081 0.00311837 0.00887771 0.0464409 0.00304772 0.00925826 0.0464409 0.00154493 0.00908351 0.0430081 -0.00311837 0.00825499 0.0464409 -0.00446738 0.00887771 0.0464409 -0.00304772 0.00947289 0.0430081 -0.00158075 0.00925826 0.0464409 -0.00154493 0.00513381 0.0464409 -0.00785788 0.00635716 0.0464409 -0.00690571 0.00650453 0.0430081 -0.0070658 0.00740709 0.0464409 -0.00576517 0.00844636 0.0430081 -0.00457094 0.00757881 0.0430081 -0.00589882 0.0023042 0.0464409 -0.00909906 0.00235761 0.0430081 -0.00931 0.000775113 0.0464409 -0.00935422 0.00525282 0.0430081 -0.00804004 0.00385783 0.0430081 -0.00879497 0.00377043 0.0464409 -0.00859571 -0.00235761 0.0430081 -0.00931 -0.00377043 0.0464409 -0.00859571 -0.0023042 0.0464409 -0.00909906 -0.000793082 0.0430081 -0.00957107 -0.000775113 0.0464409 -0.00935422 0.000793082 0.0430081 -0.00957107 -0.00740709 0.0464409 -0.00576517 -0.00635716 0.0464409 -0.00690571 -0.00650453 0.0430081 -0.0070658 -0.00513381 0.0464409 -0.00785788 -0.00385783 0.0430081 -0.00879497 -0.00525282 0.0430081 -0.00804004 -0.00757881 0.0430081 -0.00589882 -0.00825499 0.0464409 -0.00446738 -0.00844636 0.0430081 -0.00457094 -0.00887771 0.0464409 -0.00304772 -0.00925826 0.0464409 -0.00154493 -0.00908351 0.0430081 -0.00311837 -0.00947289 0.0430081 -0.00158075 0.000905669 0.0431682 -0.012096 0.000775113 0.0464409 -0.00935422 -0.000775113 0.0464409 -0.00935422 0.00938628 0.0464409 1.13556e-17 0.0119944 0.0431682 0.00180873 0.00925826 0.0464409 0.00154493 -0.000906908 0.0431682 -0.012096 -0.00270042 0.0431682 -0.0118256 -0.0023042 0.0464409 -0.00909906 -0.00443347 0.0431682 -0.0112907 -0.00606728 0.0431682 -0.0105034 -0.00377043 0.0464409 -0.00859571 -0.00513381 0.0464409 -0.00785788 -0.00756532 0.0431682 -0.0094815 -0.00635716 0.0464409 -0.00690571 -0.00889411 0.0431682 -0.0082478 -0.010024 0.0431682 -0.00683005 -0.00740709 0.0464409 -0.00576517 -0.00825499 0.0464409 -0.00446738 -0.0109299 0.0431682 -0.00526002 -0.00887771 0.0464409 -0.00304772 -0.0115916 0.0431682 -0.00357288 -0.0119944 0.0431682 -0.00180873 -0.00925826 0.0464409 -0.00154493 -0.00938628 0.0464409 2.29898e-18 -0.01213 0.0431682 0 0.0023042 0.0464409 -0.00909906 0.00269712 0.0431682 -0.0118261 0.00442878 0.0431682 -0.0112923 0.00377043 0.0464409 -0.00859571 0.00606194 0.0431682 -0.0105063 0.00513381 0.0464409 -0.00785788 0.00635716 0.0464409 -0.00690571 0.00756004 0.0431682 -0.00948561 0.00888949 0.0431682 -0.00825282 0.00740709 0.0464409 -0.00576517 0.0100205 0.0431682 -0.00683545 0.00825499 0.0464409 -0.00446738 0.00887771 0.0464409 -0.00304772 0.0109276 0.0431682 -0.00526513 0.0115906 0.0431682 -0.00357697 0.00925826 0.0464409 -0.00154493 0.0119944 0.0431682 -0.00180873 0.0109299 0.0431682 0.00526002 0.00887771 0.0464409 0.00304772 0.0115916 0.0431682 0.00357288 0.01213 0.0431682 -1.4855e-18 0.00756532 0.0431682 0.0094815 0.00635716 0.0464409 0.00690571 0.00889411 0.0431682 0.0082478 0.010024 0.0431682 0.00683005 0.00740709 0.0464409 0.00576517 0.00825499 0.0464409 0.00446738 0.0023042 0.0464409 0.00909906 0.00270042 0.0431682 0.0118256 0.000775113 0.0464409 0.00935422 0.00513381 0.0464409 0.00785788 0.00606728 0.0431682 0.0105034 0.00377043 0.0464409 0.00859571 -0.0023042 0.0464409 0.00909906 -0.00269712 0.0431682 0.0118261 -0.00442878 0.0431682 0.0112923 -0.000775113 0.0464409 0.00935422 -0.000905669 0.0431682 0.012096 -0.00888949 0.0431682 0.00825282 -0.00740709 0.0464409 0.00576517 -0.00635716 0.0464409 0.00690571 -0.00606194 0.0431682 0.0105063 -0.00513381 0.0464409 0.00785788 -0.00377043 0.0464409 0.00859571 -0.00825499 0.0464409 0.00446738 -0.0100205 0.0431682 0.00683545 -0.0109276 0.0431682 0.00526513 -0.00887771 0.0464409 0.00304772 -0.0115906 0.0431682 0.00357697 -0.00925826 0.0464409 0.00154493 -0.0119944 0.0431682 0.00180873 -0.00756004 0.0431682 0.00948561 0.000906908 0.0431682 0.012096 0.00443347 0.0431682 0.0112907 -0.00947289 0.0430081 0.00158075 -0.0119944 0.0431682 0.00180873 -0.0115906 0.0431682 0.00357697 0.01213 0.0431682 -1.4855e-18 0.0119944 0.0431682 -0.00180873 0.00960387 0.0430081 -5.44111e-18 -0.0109276 0.0431682 0.00526513 -0.00908351 0.0430081 0.00311837 -0.0100205 0.0431682 0.00683545 -0.00844636 0.0430081 0.00457094 -0.00757881 0.0430081 0.00589882 -0.00888949 0.0431682 0.00825282 -0.00756004 0.0431682 0.00948561 -0.00650453 0.0430081 0.0070658 -0.00606194 0.0431682 0.0105063 -0.00525282 0.0430081 0.00804004 -0.00385783 0.0430081 0.00879497 -0.00442878 0.0431682 0.0112923 -0.00269712 0.0431682 0.0118261 -0.00235761 0.0430081 0.00931 -0.000905669 0.0431682 0.012096 -0.000793082 0.0430081 0.00957107 0.000906908 0.0431682 0.012096 0.00270042 0.0431682 0.0118256 0.000793082 0.0430081 0.00957107 0.00443347 0.0431682 0.0112907 0.00235761 0.0430081 0.00931 0.00385783 0.0430081 0.00879497 0.00606728 0.0431682 0.0105034 0.00756532 0.0431682 0.0094815 0.00525282 0.0430081 0.00804004 0.00889411 0.0431682 0.0082478 0.00650453 0.0430081 0.0070658 0.00757881 0.0430081 0.00589882 0.010024 0.0431682 0.00683005 0.0109299 0.0431682 0.00526002 0.00844636 0.0430081 0.00457094 0.0115916 0.0431682 0.00357288 0.00908351 0.0430081 0.00311837 0.00947289 0.0430081 0.00158075 0.0119944 0.0431682 0.00180873 -0.00960387 0.0430081 2.35227e-18 -0.0119944 0.0431682 -0.00180873 -0.01213 0.0431682 0 -0.0115916 0.0431682 -0.00357288 -0.00947289 0.0430081 -0.00158075 -0.00908351 0.0430081 -0.00311837 -0.0109299 0.0431682 -0.00526002 -0.00844636 0.0430081 -0.00457094 -0.010024 0.0431682 -0.00683005 -0.00889411 0.0431682 -0.0082478 -0.00757881 0.0430081 -0.00589882 -0.00650453 0.0430081 -0.0070658 -0.00756532 0.0431682 -0.0094815 -0.00525282 0.0430081 -0.00804004 -0.00606728 0.0431682 -0.0105034 -0.00443347 0.0431682 -0.0112907 -0.00385783 0.0430081 -0.00879497 -0.00235761 0.0430081 -0.00931 -0.00270042 0.0431682 -0.0118256 -0.000793082 0.0430081 -0.00957107 0.000793082 0.0430081 -0.00957107 -0.000906908 0.0431682 -0.012096 0.00269712 0.0431682 -0.0118261 0.000905669 0.0431682 -0.012096 0.00235761 0.0430081 -0.00931 0.00442878 0.0431682 -0.0112923 0.00385783 0.0430081 -0.00879497 0.00606194 0.0431682 -0.0105063 0.00756004 0.0431682 -0.00948561 0.00525282 0.0430081 -0.00804004 0.00650453 0.0430081 -0.0070658 0.00888949 0.0431682 -0.00825282 0.00757881 0.0430081 -0.00589882 0.0100205 0.0431682 -0.00683545 0.0109276 0.0431682 -0.00526513 0.00844636 0.0430081 -0.00457094 0.00908351 0.0430081 -0.00311837 0.0115906 0.0431682 -0.00357697 0.00947289 0.0430081 -0.00158075</float_array>
          <technique_common>
            <accessor count="236" source="#ID38" stride="3">
              <param name="X" type="float"/>
              <param name="Y" type="float"/>
              <param name="Z" type="float"/>
            </accessor>
          </technique_common>
        </source>
        <source id="ID39">
          <float_array count="708" id="ID40">0.082414 -0.0632603 -0.994588 -0.082414 -0.0632603 -0.994588 0.082414 -0.0632603 -0.994588 -0.997997 -0.0632603 1.50693e-07 -0.997997 -0.0632603 -8.72477e-08 -0.984386 -0.0632603 -0.164265 0.244994 -0.0632603 -0.967459 0.244994 -0.0632603 -0.967459 0.400891 -0.0632603 -0.913939 0.400891 -0.0632603 -0.913939 0.545853 -0.0632603 -0.83549 0.545853 -0.0632603 -0.83549 0.675925 -0.0632603 -0.73425 0.675925 -0.0632603 -0.73425 0.78756 -0.0632603 -0.612983 0.78756 -0.0632603 -0.612983 0.877712 -0.0632603 -0.474994 0.877712 -0.0632603 -0.474994 0.943923 -0.0632603 -0.324049 0.943923 -0.0632603 -0.324049 0.984386 -0.0632603 -0.164265 0.984386 -0.0632603 -0.164265 0.997997 -0.0632603 1.74495e-07 0.997997 -0.0632603 1.74495e-07 -0.082414 -0.0632603 -0.994588 -0.244993 -0.0632603 -0.967459 -0.244994 -0.0632603 -0.967459 -0.400891 -0.0632603 -0.913939 -0.400891 -0.0632603 -0.913939 -0.545853 -0.0632603 -0.83549 -0.545853 -0.0632603 -0.83549 -0.675925 -0.0632603 -0.73425 -0.675925 -0.0632603 -0.73425 -0.78756 -0.0632603 -0.612983 -0.78756 -0.0632603 -0.612983 -0.877712 -0.0632603 -0.474994 -0.877712 -0.0632603 -0.474994 -0.943923 -0.0632603 -0.324049 -0.943923 -0.0632603 -0.324049 -0.984386 -0.0632603 -0.164265 -0.943923 -0.0632603 0.324049 -0.877712 -0.0632603 0.474994 -0.943923 -0.0632603 0.324049 -0.984386 -0.0632603 0.164265 -0.984386 -0.0632603 0.164265 -0.545853 -0.0632603 0.83549 -0.675925 -0.0632603 0.73425 -0.675925 -0.0632603 0.73425 -0.78756 -0.0632603 0.612982 -0.877712 -0.0632603 0.474994 -0.78756 -0.0632603 0.612982 -0.244994 -0.0632603 0.967459 -0.244994 -0.0632603 0.967459 -0.082414 -0.0632603 0.994588 -0.545853 -0.0632603 0.83549 -0.400891 -0.0632603 0.913939 -0.400891 -0.0632603 0.913939 0.244994 -0.0632603 0.967459 0.400891 -0.0632603 0.913939 0.244994 -0.0632603 0.967459 0.082414 -0.0632603 0.994588 0.082414 -0.0632603 0.994588 -0.0824139 -0.0632603 0.994588 0.78756 -0.0632603 0.612982 0.675925 -0.0632603 0.73425 0.675925 -0.0632603 0.73425 0.545853 -0.0632603 0.83549 0.400891 -0.0632603 0.913939 0.545853 -0.0632603 0.83549 0.78756 -0.0632603 0.612982 0.877712 -0.0632603 0.474994 0.877712 -0.0632603 0.474994 0.943923 -0.0632603 0.324049 0.984386 -0.0632603 0.164265 0.943923 -0.0632603 0.324049 0.984386 -0.0632603 0.164265 0.0572668 0.642465 -0.764172 0.0632819 0.642465 -0.763698 -0.0632818 0.642465 -0.763698 0.766315 0.642465 6.69934e-08 0.757756 0.642465 0.114213 0.755864 0.642465 0.126131 -0.0572667 0.642465 -0.764172 -0.170521 0.642465 -0.747102 -0.188119 0.642465 -0.742866 -0.279966 0.642465 -0.713343 -0.383158 0.642465 -0.663648 -0.307825 0.642465 -0.701771 -0.419135 0.642465 -0.641533 -0.47779 0.642465 -0.599129 -0.519011 0.642465 -0.563796 -0.561749 0.642465 -0.521227 -0.633159 0.642465 -0.431681 -0.60473 0.642465 -0.47068 -0.673954 0.642465 -0.364726 -0.690426 0.642465 -0.332492 -0.724794 0.642465 -0.248822 -0.73227 0.642465 -0.225875 -0.757756 0.642465 -0.114213 -0.755864 0.642465 -0.126131 -0.766315 0.642465 -7.48687e-15 -0.766315 0.642465 -5.6995e-13 0.188119 0.642465 -0.742866 0.170521 0.642465 -0.747102 0.279966 0.642465 -0.713343 0.307825 0.642465 -0.701771 0.383157 0.642465 -0.663648 0.419135 0.642465 -0.641533 0.519011 0.642465 -0.563796 0.47779 0.642465 -0.599129 0.561749 0.642465 -0.521227 0.60473 0.642465 -0.47068 0.633159 0.642465 -0.431681 0.673954 0.642465 -0.364726 0.724794 0.642465 -0.248822 0.690426 0.642465 -0.332492 0.73227 0.642465 -0.225875 0.755864 0.642465 -0.126131 0.757756 0.642465 -0.114213 0.690426 0.642465 0.332492 0.724794 0.642465 0.248822 0.73227 0.642465 0.225875 0.766315 0.642465 6.69934e-08 0.47779 0.642465 0.599129 0.519011 0.642465 0.563796 0.561749 0.642465 0.521227 0.633159 0.642465 0.431681 0.60473 0.642465 0.470681 0.673954 0.642465 0.364726 0.188119 0.642465 0.742866 0.170521 0.642465 0.747102 0.0632818 0.642465 0.763698 0.419135 0.642465 0.641533 0.383157 0.642465 0.663648 0.307825 0.642465 0.701771 -0.188119 0.642465 0.742866 -0.170521 0.642465 0.747102 -0.279966 0.642465 0.713343 -0.0632818 0.642465 0.763698 -0.057267 0.642465 0.764172 -0.561749 0.642465 0.521227 -0.60473 0.642465 0.470681 -0.519011 0.642465 0.563796 -0.383157 0.642465 0.663648 -0.419135 0.642465 0.641533 -0.307825 0.642465 0.701771 -0.673954 0.642465 0.364726 -0.633159 0.642465 0.431681 -0.690426 0.642465 0.332492 -0.724794 0.642465 0.248822 -0.73227 0.642465 0.225875 -0.755864 0.642465 0.126131 -0.757756 0.642465 0.114213 -0.47779 0.642465 0.599129 0.0572669 0.642465 0.764172 0.279966 0.642465 0.713343 -0.0623975 -0.997997 0.0104123 -0.0625538 -0.997997 0.00942846 -0.0604498 -0.997997 0.0186463 0.0632603 -0.997997 1.37675e-13 0.0625538 -0.997997 -0.00942846 0.0632603 -0.997997 5.54518e-25 -0.0569956 -0.997997 0.0274476 -0.0598327 -0.997997 0.0205406 -0.0522681 -0.997997 0.0356358 -0.0556358 -0.997997 0.0301086 -0.0499213 -0.997997 0.0388553 -0.0463731 -0.997997 0.0430279 -0.0394422 -0.997997 0.0494589 -0.0428451 -0.997997 0.0465421 -0.0316302 -0.997997 0.0547851 -0.0346001 -0.997997 0.0529594 -0.0254114 -0.997997 0.0579321 -0.0231116 -0.997997 0.0588874 -0.0140768 -0.997997 0.0616743 -0.0155295 -0.997997 0.0613246 -0.00472743 -0.997997 0.0630834 -0.005224 -0.997997 0.0630443 0.00472743 -0.997997 0.0630834 0.0140768 -0.997997 0.0616743 0.005224 -0.997997 0.0630443 0.0231116 -0.997997 0.0588874 0.0155295 -0.997997 0.0613246 0.0254114 -0.997997 0.0579321 0.0316302 -0.997997 0.0547851 0.0394422 -0.997997 0.0494589 0.0346001 -0.997997 0.0529594 0.0463731 -0.997997 0.0430279 0.0428451 -0.997997 0.0465421 0.0499213 -0.997997 0.0388553 0.0522681 -0.997997 0.0356358 0.0569956 -0.997997 0.0274476 0.0556358 -0.997997 0.0301086 0.0604499 -0.997997 0.0186463 0.0598327 -0.997997 0.0205406 0.0623975 -0.997997 0.0104123 0.0625538 -0.997997 0.00942848 -0.0632603 -0.997997 5.53039e-09 -0.0625538 -0.997997 -0.00942847 -0.0632603 -0.997997 5.53039e-09 -0.0604498 -0.997997 -0.0186463 -0.0623975 -0.997997 -0.0104123 -0.0598327 -0.997997 -0.0205406 -0.0569956 -0.997997 -0.0274476 -0.0556358 -0.997997 -0.0301086 -0.0522681 -0.997997 -0.0356358 -0.0463731 -0.997997 -0.0430279 -0.0499213 -0.997997 -0.0388553 -0.0428451 -0.997997 -0.0465421 -0.0394422 -0.997997 -0.0494589 -0.0346001 -0.997997 -0.0529594 -0.0316302 -0.997997 -0.0547851 -0.0231116 -0.997997 -0.0588874 -0.0254114 -0.997997 -0.0579321 -0.0155295 -0.997997 -0.0613246 -0.0140767 -0.997997 -0.0616743 -0.005224 -0.997997 -0.0630443 0.005224 -0.997997 -0.0630443 -0.00472746 -0.997997 -0.0630834 0.0140768 -0.997997 -0.0616743 0.00472745 -0.997997 -0.0630834 0.0155295 -0.997997 -0.0613246 0.0231116 -0.997997 -0.0588874 0.0254114 -0.997997 -0.0579321 0.0316302 -0.997997 -0.0547851 0.0394422 -0.997997 -0.0494589 0.0346001 -0.997997 -0.0529594 0.0428451 -0.997997 -0.0465421 0.0463731 -0.997997 -0.043028 0.0499213 -0.997997 -0.0388553 0.0522681 -0.997997 -0.0356358 0.0569956 -0.997997 -0.0274476 0.0556358 -0.997997 -0.0301086 0.0598327 -0.997997 -0.0205406 0.0604498 -0.997997 -0.0186463 0.0623975 -0.997997 -0.0104123</float_array>
          <technique_common>
            <accessor count="236" source="#ID40" stride="3">
              <param name="X" type="float"/>
              <param name="Y" type="float"/>
              <param name="Z" type="float"/>
            </accessor>
          </technique_common>
        </source>
        <vertices id="ID41">
          <input semantic="POSITION" source="#ID37"/>
          <input semantic="NORMAL" source="#ID39"/>
        </vertices>
        <triangles count="236" material="ID42">
          <input offset="0" semantic="VERTEX" source="#ID41"/>
          <p>0 2 1 3 5 4 6 2 7 0 7 2 6 9 8 9 6 7 10 11 8 8 9 10 12 11 13 10 13 11 12 15 14 15 12 13 16 17 14 14 15 16 18 17 19 16 19 17 18 21 20 21 18 19 20 21 22 22 23 20 24 0 1 24 26 25 26 24 1 27 28 25 25 26 27 29 28 30 27 30 28 29 32 31 32 29 30 33 34 31 31 32 33 35 34 36 33 36 34 35 38 37 38 35 36 39 5 37 37 38 39 39 4 5 40 42 41 3 44 43 45 47 46 48 50 49 51 53 52 54 56 55 57 59 58 60 62 61 63 65 64 66 68 67 69 63 70 63 69 65 70 72 71 71 69 70 73 74 72 71 72 74 75 73 23 73 75 74 22 75 23 64 68 66 64 65 68 67 57 58 66 67 58 60 61 59 57 60 59 52 53 62 62 53 61 56 51 55 55 51 52 45 54 47 45 56 54 46 50 48 46 47 50 49 40 41 48 49 41 43 44 42 40 43 42 3 4 44 76 78 77 79 81 80 82 83 78 82 78 76 84 83 85 83 84 78 86 87 85 84 85 87 86 89 88 88 87 86 90 89 91 89 90 88 92 93 91 90 91 93 92 95 94 94 93 92 96 95 97 95 96 94 98 99 97 96 97 99 98 101 100 100 99 98 102 103 77 76 77 103 102 105 104 104 103 102 106 105 107 105 106 104 108 109 107 106 107 109 108 111 110 110 109 108 112 111 113 111 112 110 114 115 113 112 113 115 114 117 116 116 115 114 118 117 79 117 118 116 119 121 120 118 79 122 123 125 124 126 128 127 129 131 130 132 134 133 135 137 136 138 139 131 140 142 141 143 145 144 146 147 141 140 141 147 146 149 148 148 147 146 150 149 151 149 150 148 100 152 151 150 151 152 101 152 100 153 142 140 144 153 143 153 144 142 145 137 135 143 137 145 138 136 139 135 136 138 131 154 130 131 139 154 134 129 155 129 130 155 123 132 133 133 134 155 125 127 124 123 124 132 126 119 128 125 126 127 120 121 81 128 119 120 79 80 122 81 121 80 156 158 157 159 161 160 158 163 162 163 158 156 164 162 165 163 165 162 166 167 164 164 165 166 167 169 168 169 167 166 170 168 171 169 171 168 172 173 170 170 171 172 173 175 174 175 173 172 176 174 177 175 177 174 178 176 177 178 180 179 180 178 177 181 179 182 180 182 179 183 184 181 181 182 183 184 186 185 186 184 183 187 185 188 186 188 185 189 190 187 187 188 189 190 192 191 192 190 189 193 191 194 192 194 191 195 196 193 193 194 195 161 196 195 196 161 159 157 197 156 197 199 198 157 199 197 200 201 198 197 198 201 200 203 202 202 201 200 204 203 205 203 204 202 206 207 205 204 205 207 206 209 208 208 207 206 210 209 211 209 210 208 212 213 211 210 211 213 212 215 214 214 213 212 215 216 214 217 216 218 215 218 216 219 217 220 217 218 220 219 222 221 221 217 219 223 222 224 222 223 221 225 226 224 223 224 226 225 228 227 227 226 225 229 228 230 228 229 227 231 232 230 229 230 232 231 234 233 233 232 231 235 234 160 234 235 233 235 160 161</p>
        </triangles>
      </mesh>
    </geometry>
    <geometry id="ID43">
      <mesh>
        <source id="ID44">
          <float_array count="96" id="ID45">0.0366372 0.0153287 -0.0029718 0.0375671 0.0155997 -0.0029718 0.0366372 0.0153287 -4.48676e-18 0.0357106 0.0150419 -1.37668e-17 0.0357106 0.0150419 -0.0029718 0.0375671 0.0155997 -4.60065e-18 0.0385005 0.015855 -0.0029718 0.0385005 0.015855 -1.59872e-17 -1.38469e-17 0.0576366 -4.44089e-19 -1.42109e-17 0.0576366 -0.0029718 0.0357106 0.0150419 -0.0029718 0.0357106 0.0150419 -1.37668e-17 0.0385005 0.015855 -1.59872e-17 0.0385005 0.015855 -0.0029718 -3.19744e-17 0.0617773 -0.0029718 -3.51632e-17 0.0617773 -8.88178e-19 -1.42109e-17 0.0576366 -0.0029718 0.0385005 0.015855 -0.0029718 0.0375671 0.0155997 -0.0029718 -3.19744e-17 0.0617773 -0.0029718 0.0366372 0.0153287 -0.0029718 0.0357106 0.0150419 -0.0029718 -1.38469e-17 0.0576366 -4.44089e-19 0.0385005 0.015855 -1.59872e-17 -3.51632e-17 0.0617773 -8.88178e-19 0.0375671 0.0155997 -4.60065e-18 0.0357106 0.0150419 -1.37668e-17 0.0366372 0.0153287 -4.48676e-18 -3.51632e-17 0.0617773 -8.88178e-19 -3.19744e-17 0.0617773 -0.0029718 -1.42109e-17 0.0576366 -0.0029718 -1.38469e-17 0.0576366 -4.44089e-19</float_array>
          <technique_common>
            <accessor count="32" source="#ID45" stride="3">
              <param name="X" type="float"/>
              <param name="Y" type="float"/>
              <param name="Z" type="float"/>
            </accessor>
          </technique_common>
        </source>
        <source id="ID46">
          <float_array count="96" id="ID47">0.28765 -0.957736 -3.5227e-17 0.271692 -0.962384 -3.32727e-17 0.28765 -0.957736 -3.5227e-17 0.303925 -0.952696 -3.72201e-17 0.303925 -0.952696 -3.72201e-17 0.271692 -0.962384 -3.32727e-17 0.256056 -0.966662 -3.13578e-17 0.256056 -0.966662 -3.13578e-17 -0.766315 -0.642465 9.38465e-17 -0.766315 -0.642465 9.38465e-17 -0.766315 -0.642465 9.38465e-17 -0.766315 -0.642465 9.38465e-17 0.766315 0.642465 -9.38465e-17 0.766315 0.642465 -9.38465e-17 0.766315 0.642465 -9.38465e-17 0.766315 0.642465 -9.38465e-17 -1.22465e-16 0 -1 -1.22465e-16 0 -1 -1.22465e-16 0 -1 -1.22465e-16 0 -1 -1.22465e-16 0 -1 -1.22465e-16 0 -1 1.22465e-16 0 1 1.22465e-16 0 1 1.22465e-16 0 1 1.22465e-16 0 1 1.22465e-16 0 1 1.22465e-16 0 1 -1 -8.37879e-16 1.22465e-16 -1 -8.37879e-16 1.22465e-16 -1 -8.37879e-16 1.22465e-16 -1 -8.37879e-16 1.22465e-16</float_array>
          <technique_common>
            <accessor count="32" source="#ID47" stride="3">
              <param name="X" type="float"/>
              <param name="Y" type="float"/>
              <param name="Z" type="float"/>
            </accessor>
          </technique_common>
        </source>
        <vertices id="ID48">
          <input semantic="POSITION" source="#ID44"/>
          <input semantic="NORMAL" source="#ID46"/>
        </vertices>
        <triangles count="20" material="ID29">
          <input offset="0" semantic="VERTEX" source="#ID48"/>
          <p>0 1 2 3 4 0 0 2 3 2 1 5 1 6 5 5 6 7 8 9 10 8 10 11 12 13 14 12 14 15 16 17 18 17 16 19 18 20 16 20 21 16 22 23 24 22 25 23 26 27 22 22 27 25 28 29 30 28 30 31</p>
        </triangles>
      </mesh>
    </geometry>
    <geometry id="ID49">
      <mesh>
        <source id="ID50">
          <float_array count="1428" id="ID51">0.00150977 0 0.0182202 -0.00150977 0.00508 0.0182202 -0.00150977 0 0.0182202 0.0182826 0.00508 -3.35846e-18 0.0182826 0 -3.35846e-18 0.0180333 0 -0.00300922 -0.00448812 0 0.0177232 -0.00448812 0.00508 0.0177232 -0.00734405 0.00508 0.0167427 -0.00734405 0 0.0167427 -0.00999965 0.00508 0.0153056 -0.00999965 0 0.0153056 -0.0123825 0 0.013451 -0.0123825 0.00508 0.013451 -0.0144276 0.00508 0.0112294 -0.0144276 0 0.0112294 -0.0160791 0.00508 0.00870157 -0.0160791 0 0.00870157 -0.017292 0 0.00593636 -0.017292 0.00508 0.00593636 -0.0180333 0.00508 0.00300922 -0.0180333 0 0.00300922 -0.0182826 0.00508 3.35846e-18 -0.0182826 0 3.35846e-18 0.00150977 0.00508 0.0182202 0.00448812 0 0.0177232 0.00448812 0.00508 0.0177232 0.00734405 0 0.0167427 0.00734405 0.00508 0.0167427 0.00999965 0.00508 0.0153056 0.00999965 0 0.0153056 0.0123825 0 0.013451 0.0123825 0.00508 0.013451 0.0144276 0 0.0112294 0.0144276 0.00508 0.0112294 0.0160791 0.00508 0.00870157 0.0160791 0 0.00870157 0.017292 0 0.00593636 0.017292 0.00508 0.00593636 0.0180333 0 0.00300922 0.0180333 0.00508 0.00300922 0.017292 0.00508 -0.00593636 0.0180333 0.00508 -0.00300922 0.017292 0 -0.00593636 0.0123825 0.00508 -0.013451 0.0144276 0.00508 -0.0112294 0.0123825 0 -0.013451 0.0160791 0.00508 -0.00870157 0.0160791 0 -0.00870157 0.0144276 0 -0.0112294 0.00734405 0.00508 -0.0167427 0.00448812 0 -0.0177232 0.00448812 0.00508 -0.0177232 0.00999965 0 -0.0153056 0.00734405 0 -0.0167427 0.00999965 0.00508 -0.0153056 -0.00448812 0 -0.0177232 -0.00448812 0.00508 -0.0177232 -0.00150977 0.00508 -0.0182202 -0.00150977 0 -0.0182202 0.00150977 0.00508 -0.0182202 0.00150977 0 -0.0182202 -0.0123825 0.00508 -0.013451 -0.00999965 0.00508 -0.0153056 -0.0123825 0 -0.013451 -0.00734405 0.00508 -0.0167427 -0.00734405 0 -0.0167427 -0.00999965 0 -0.0153056 -0.0160791 0 -0.00870157 -0.0144276 0.00508 -0.0112294 -0.0144276 0 -0.0112294 -0.017292 0 -0.00593636 -0.0160791 0.00508 -0.00870157 -0.017292 0.00508 -0.00593636 -0.0180333 0 -0.00300922 -0.0180333 0.00508 -0.00300922 -6.13704e-06 0.00508 0.0217955 -0.000345472 0 0.021793 -0.00341576 0.00508 0.0215261 0.0217959 0.00508 -4.00384e-18 0.0215608 0 -0.00318996 0.0217942 0 0.000233852 -0.00376242 0 0.0214684 -0.00674113 0.00508 0.0207267 -0.00990037 0.00508 0.019417 -0.0070858 0 0.0206115 -0.0102332 0 0.0192437 -0.0128157 0.00508 0.0176294 -0.0131266 0 0.0173991 -0.0154155 0.00508 0.0154079 -0.0176356 0.00508 0.0128072 -0.0156944 0 0.0151235 -0.017873 0 0.0124736 -0.0194217 0.00508 0.00989151 -0.0196088 0 0.00951509 -0.0207297 0.00508 0.00673255 -0.0215274 0.00508 0.00341043 -0.0208579 0 0.00632518 -0.0215923 0 0.0029718 -0.0217959 0.00508 4.00384e-18 -0.0217959 0 0 0.00340377 0.00508 0.0215281 0.00308027 0 0.021577 0.00642977 0 0.0208259 0.00672998 0.00508 0.0207306 0.00989054 0.00508 0.0194224 0.00961989 0 0.0195581 0.0128076 0.00508 0.0176357 0.0125714 0 0.0178051 0.0152081 0 0.0156128 0.0154092 0.00508 0.0154146 0.0176313 0.00508 0.0128138 0.0174688 0 0.0130338 0.0194191 0.00508 0.00989725 0.0192973 0 0.0101317 0.020648 0 0.00697826 0.0207286 0.00508 0.00673684 0.0215274 0.00508 0.00341043 0.0214873 0 0.0036515 0.0207297 0.00508 -0.00673255 0.0207928 0 -0.006535 0.0215274 0.00508 -0.00341043 0.0154155 0.00508 -0.0154079 0.0155338 0 -0.0152892 0.0176356 0.00508 -0.0128072 0.0194217 0.00508 -0.00989151 0.0177416 0 -0.0126607 0.0195092 0 -0.00971825 0.00990037 0.00508 -0.019417 0.00674113 0.00508 -0.0207267 0.00686692 0 -0.0206856 0.0129406 0 -0.0175386 0.0128157 0.00508 -0.0176294 0.0100264 0 -0.0193529 -0.00330222 0 -0.0215437 6.13704e-06 0.00508 -0.0217955 -0.00340377 0.00508 -0.0215281 0.000119125 0 -0.021795 0.00353705 0 -0.0215065 0.00341576 0.00508 -0.0215261 -0.0128076 0.00508 -0.0176357 -0.0127506 0 -0.0176767 -0.00989054 0.00508 -0.0194224 -0.00672998 0.00508 -0.0207306 -0.00981792 0 -0.0194589 -0.00664218 0 -0.0207586 -0.0176313 0.00508 -0.0128138 -0.0176034 0 -0.0128519 -0.0154092 0.00508 -0.0154146 -0.0153674 0 -0.015456 -0.0194029 0 -0.0099289 -0.0194191 0.00508 -0.00989725 -0.0207286 0.00508 -0.00673684 -0.0207212 0 -0.00675944 -0.0215274 0.00508 -0.00341043 -0.0215255 0 -0.0034222 -0.0123825 0.00508 -0.013451 -0.0154092 0.00508 -0.0154146 -0.0128076 0.00508 -0.0176357 6.13704e-06 0.00508 -0.0217955 0.00341576 0.00508 -0.0215261 0.00150977 0.00508 -0.0182202 0.00674113 0.00508 -0.0207267 0.00448812 0.00508 -0.0177232 -0.00150977 0.00508 -0.0182202 -0.00340377 0.00508 -0.0215281 0.00734405 0.00508 -0.0167427 0.00990037 0.00508 -0.019417 -0.00448812 0.00508 -0.0177232 -0.00672998 0.00508 -0.0207306 0.0128157 0.00508 -0.0176294 0.00999965 0.00508 -0.0153056 -0.00734405 0.00508 -0.0167427 -0.00989054 0.00508 -0.0194224 0.0144276 0.00508 -0.0112294 0.0123825 0.00508 -0.013451 0.0154155 0.00508 -0.0154079 -0.00999965 0.00508 -0.0153056 0.0176356 0.00508 -0.0128072 0.0194217 0.00508 -0.00989151 0.0160791 0.00508 -0.00870157 0.0180333 0.00508 0.00300922 0.0182826 0.00508 -3.35846e-18 0.0215274 0.00508 0.00341043 0.0180333 0.00508 -0.00300922 0.017292 0.00508 -0.00593636 0.0207297 0.00508 -0.00673255 -0.0207286 0.00508 -0.00673684 -0.0180333 0.00508 -0.00300922 -0.0215274 0.00508 -0.00341043 -0.0180333 0.00508 0.00300922 -0.017292 0.00508 0.00593636 -0.0207297 0.00508 0.00673255 -0.0154155 0.00508 0.0154079 -0.0176356 0.00508 0.0128072 -0.0144276 0.00508 0.0112294 0.0154092 0.00508 0.0154146 0.0128076 0.00508 0.0176357 0.0123825 0.00508 0.013451 0.00448812 0.00508 0.0177232 0.00672998 0.00508 0.0207306 0.00340377 0.00508 0.0215281 -0.00341576 0.00508 0.0215261 -0.00674113 0.00508 0.0207267 -0.00448812 0.00508 0.0177232 -0.00990037 0.00508 0.019417 -0.00734405 0.00508 0.0167427 0.00150977 0.00508 0.0182202 -6.13704e-06 0.00508 0.0217955 -0.00150977 0.00508 0.0182202 -0.0123825 0.00508 0.013451 -0.0128157 0.00508 0.0176294 -0.00999965 0.00508 0.0153056 0.00989054 0.00508 0.0194224 0.00734405 0.00508 0.0167427 -0.0160791 0.00508 0.00870157 -0.0194217 0.00508 0.00989151 0.00999965 0.00508 0.0153056 0.0144276 0.00508 0.0112294 0.0176313 0.00508 0.0128138 -0.0215274 0.00508 0.00341043 -0.0182826 0.00508 3.35846e-18 0.0160791 0.00508 0.00870157 0.0194191 0.00508 0.00989725 0.017292 0.00508 0.00593636 0.0207286 0.00508 0.00673684 -0.0217959 0.00508 4.00384e-18 -0.017292 0.00508 -0.00593636 -0.0194191 0.00508 -0.00989725 -0.0144276 0.00508 -0.0112294 -0.0176313 0.00508 -0.0128138 -0.0160791 0.00508 -0.00870157 0.0217959 0.00508 -4.00384e-18 0.0215274 0.00508 -0.00341043 -0.0206246 0 0.0029718 -0.0215923 0 0.0029718 -0.0208579 0 0.00632518 -0.0131266 0 0.0173991 -0.0123825 0 0.013451 -0.0156944 0 0.0151235 -0.00664218 0 -0.0207586 -0.00981792 0 -0.0194589 -0.00734405 0 -0.0167427 -0.0160791 0 0.00870157 -0.0196088 0 0.00951509 -0.017873 0 0.0124736 0.0207928 0 -0.006535 0.017292 0 -0.00593636 0.0180333 0 -0.00300922 -0.0102332 0 0.0192437 -0.0070858 0 0.0206115 -0.00734405 0 0.0167427 -0.00999965 0 0.0153056 -0.00376242 0 0.0214684 -0.00448812 0 0.0177232 0.00150977 0 0.0182202 -0.000345472 0 0.021793 0.00308027 0 0.021577 -0.00150977 0 0.0182202 0.00961989 0 0.0195581 0.00734405 0 0.0167427 0.00642977 0 0.0208259 0.00448812 0 0.0177232 0.0123825 0 0.013451 0.0125714 0 0.0178051 0.0152081 0 0.0156128 0.00999965 0 0.0153056 0.0174688 0 0.0130338 0.0192973 0 0.0101317 0.0160791 0 0.00870157 0.0144276 0 0.0112294 0.017292 0 0.00593636 0.020648 0 0.00697826 0.0180333 0 0.00300922 0.0214873 0 0.0036515 0.0217942 0 0.000233852 0.0182826 0 -3.35846e-18 0.0155338 0 -0.0152892 0.0123825 0 -0.013451 0.0144276 0 -0.0112294 0.0177416 0 -0.0126607 0.0160791 0 -0.00870157 0.0195092 0 -0.00971825 0.00686692 0 -0.0206856 0.00734405 0 -0.0167427 0.0100264 0 -0.0193529 0.00999965 0 -0.0153056 0.0129406 0 -0.0175386 0.00150977 0 -0.0182202 0.00353705 0 -0.0215065 0.000119125 0 -0.021795 0.00448812 0 -0.0177232 -0.00448812 0 -0.0177232 -0.00330222 0 -0.0215437 -0.00150977 0 -0.0182202 -0.0127506 0 -0.0176767 -0.00999965 0 -0.0153056 -0.0144276 0 -0.0112294 -0.0153674 0 -0.015456 -0.0176034 0 -0.0128519 -0.0123825 0 -0.013451 -0.017292 0 -0.00593636 -0.0194029 0 -0.0099289 -0.0207212 0 -0.00675944 -0.0160791 0 -0.00870157 -0.0180333 0 0.00300922 -0.0180333 0 -0.00300922 -0.0206246 0 0 -0.0182826 0 3.35846e-18 -0.0217959 0 0 -0.0215255 0 -0.0034222 -0.0144276 0 0.0112294 -0.017292 0 0.00593636 0.0215608 0 -0.00318996 -0.0217959 0 0 -0.0218525 3.74709e-33 0.0029718 -0.0218525 3.74709e-33 0 -0.0215923 0 0.0029718 -0.0220025 -0.000363693 0.0029718 -0.0218525 3.74709e-33 0 -0.0218525 3.74709e-33 0.0029718 -0.022767 -0.00124962 0.0029718 -0.0224657 -0.000996621 0 -0.0224657 -0.000996621 0.0029718 -0.0222087 -0.000698766 0.0029718 -0.0222087 -0.000698766 0 -0.0220025 -0.000363693 0 -0.0234705 -0.00159637 0 -0.0234705 -0.00159637 0.0029718 -0.0238547 -0.00168124 0.0029718 -0.022767 -0.00124962 0 -0.0231048 -0.00145126 0.0029718 -0.0231048 -0.00145126 0 -0.0242474 -0.00170368 0 -0.0238547 -0.00168124 0 -0.0242474 -0.00170368 0.0029718 -0.0246388 -0.00166312 0.0029718 -0.0246388 -0.00166312 0 -0.0254153 -0.00250668 0 -0.0254153 -0.00237799 0.0029718 -0.0254153 -0.00250668 0.0029718 -0.0253941 -0.00263362 0.0029718 -0.0253941 -0.00263362 0 -0.0253523 -0.00275534 0.0029718 -0.0253523 -0.00275534 0 -0.0252911 -0.00286853 0 -0.0252911 -0.00286853 0.0029718 -0.0252121 -0.00297008 0.0029718 -0.0252121 -0.00297008 0 -0.0251174 -0.00305724 0.0029718 -0.0251174 -0.00305724 0 -0.0250096 -0.00312763 0 -0.0250096 -0.00312763 0.0029718 -0.0248918 -0.00317933 0.0029718 -0.0248918 -0.00317933 0 -0.024767 -0.00321092 0.0029718 -0.024767 -0.00321092 0 -0.0246388 -0.00322155 0 -0.0246388 -0.00322155 0.0029718 -0.0254153 -0.00237799 0 -0.0253941 -0.00225105 0.0029718 -0.0253941 -0.00225105 0 -0.0253523 -0.00212933 0 -0.0253523 -0.00212933 0.0029718 -0.0252911 -0.00201615 0 -0.0252911 -0.00201615 0.0029718 -0.0252121 -0.00191459 0.0029718 -0.0252121 -0.00191459 0 -0.0251174 -0.00182743 0 -0.0251174 -0.00182743 0.0029718 -0.0250096 -0.00175704 0 -0.0250096 -0.00175704 0.0029718 -0.0248918 -0.00170534 0.0029718 -0.0248918 -0.00170534 0 -0.024767 -0.00167375 0 -0.024767 -0.00167375 0.0029718 -0.0246388 -0.00166312 0.0029718 -0.0246388 -0.00166312 0 -0.0217418 -0.00221503 0.0029718 -0.0217418 -0.00221503 0 -0.0222344 -0.0026104 0.0029718 -0.0213236 -0.00174161 0 -0.0213236 -0.00174161 0.0029718 -0.020992 -0.00120394 0.0029718 -0.020992 -0.00120394 0 -0.0207567 -0.000617712 0.0029718 -0.0207567 -0.000617712 0 -0.0206246 0 0 -0.0206246 0 0.0029718 -0.0222344 -0.0026104 0 -0.0227871 -0.0029162 0 -0.0227871 -0.0029162 0.0029718 -0.0233838 -0.00312352 0.0029718 -0.0233838 -0.00312352 0 -0.0240071 -0.0032263 0 -0.0240071 -0.0032263 0.0029718 -0.0246388 -0.00322155 0.0029718 -0.0246388 -0.00322155 0 -0.0207567 -0.000617712 0.0029718 -0.020992 -0.00120394 0.0029718 -0.0222087 -0.000698766 0.0029718 -0.0242474 -0.00170368 0.0029718 -0.0253941 -0.00225105 0.0029718 -0.0253523 -0.00212933 0.0029718 -0.0217418 -0.00221503 0.0029718 -0.0231048 -0.00145126 0.0029718 -0.022767 -0.00124962 0.0029718 -0.0224657 -0.000996621 0.0029718 -0.0213236 -0.00174161 0.0029718 -0.0238547 -0.00168124 0.0029718 -0.0233838 -0.00312352 0.0029718 -0.0222344 -0.0026104 0.0029718 -0.0234705 -0.00159637 0.0029718 -0.0252121 -0.00297008 0.0029718 -0.0252911 -0.00286853 0.0029718 -0.0246388 -0.00322155 0.0029718 -0.0253523 -0.00275534 0.0029718 -0.0246388 -0.00166312 0.0029718 -0.0248918 -0.00170534 0.0029718 -0.024767 -0.00167375 0.0029718 -0.0251174 -0.00182743 0.0029718 -0.0250096 -0.00175704 0.0029718 -0.0252121 -0.00191459 0.0029718 -0.0252911 -0.00201615 0.0029718 -0.0254153 -0.00237799 0.0029718 -0.0240071 -0.0032263 0.0029718 -0.0253941 -0.00263362 0.0029718 -0.0254153 -0.00250668 0.0029718 -0.0248918 -0.00317933 0.0029718 -0.024767 -0.00321092 0.0029718 -0.0250096 -0.00312763 0.0029718 -0.0251174 -0.00305724 0.0029718 -0.0227871 -0.0029162 0.0029718 -0.0220025 -0.000363693 0.0029718 -0.0215923 0 0.0029718 -0.0206246 0 0.0029718 -0.0218525 3.74709e-33 0.0029718 -0.0246388 -0.00166312 0 -0.024767 -0.00167375 0 -0.0248918 -0.00170534 0 -0.0233838 -0.00312352 0 -0.0238547 -0.00168124 0 -0.0242474 -0.00170368 0 -0.0217959 0 0 -0.0218525 3.74709e-33 0 -0.0220025 -0.000363693 0 -0.0250096 -0.00175704 0 -0.0251174 -0.00182743 0 -0.0222087 -0.000698766 0 -0.0207567 -0.000617712 0 -0.0252121 -0.00191459 0 -0.0252911 -0.00201615 0 -0.0253523 -0.00212933 0 -0.0254153 -0.00237799 0 -0.0254153 -0.00250668 0 -0.0253941 -0.00225105 0 -0.0246388 -0.00322155 0 -0.0253523 -0.00275534 0 -0.0252911 -0.00286853 0 -0.0240071 -0.0032263 0 -0.0253941 -0.00263362 0 -0.0248918 -0.00317933 0 -0.024767 -0.00321092 0 -0.0251174 -0.00305724 0 -0.0250096 -0.00312763 0 -0.0252121 -0.00297008 0 -0.0234705 -0.00159637 0 -0.0227871 -0.0029162 0 -0.0213236 -0.00174161 0 -0.022767 -0.00124962 0 -0.0217418 -0.00221503 0 -0.0231048 -0.00145126 0 -0.0222344 -0.0026104 0 -0.0224657 -0.000996621 0 -0.020992 -0.00120394 0 -0.0206246 0 0</float_array>
          <technique_common>
            <accessor count="476" source="#ID51" stride="3">
              <param name="X" type="float"/>
              <param name="Y" type="float"/>
              <param name="Z" type="float"/>
            </accessor>
          </technique_common>
        </source>
        <source id="ID52">
          <float_array count="1428" id="ID53">-0.0825794 -0 -0.996584 0.0825794 0 -0.996584 0.0825794 0 -0.996584 -1 -0 -8.74228e-08 -1 -0 -8.74228e-08 -0.986361 0 0.164595 0.245485 0 -0.9694 0.245486 0 -0.9694 0.401695 0 -0.915773 0.401695 0 -0.915773 0.546948 0 -0.837166 0.546948 0 -0.837166 0.677282 0 -0.735724 0.677282 0 -0.735724 0.78914 0 -0.614213 0.789141 0 -0.614213 0.879474 0 -0.475948 0.879474 0 -0.475947 0.945817 0 -0.324699 0.945817 0 -0.3247 0.986361 0 -0.164595 0.986361 0 -0.164595 1 0 1.74846e-07 1 0 -3.01992e-07 -0.0825794 -0 -0.996584 -0.245486 -0 -0.9694 -0.245486 -0 -0.9694 -0.401695 -0 -0.915773 -0.401695 -0 -0.915773 -0.546948 -0 -0.837167 -0.546948 -0 -0.837167 -0.677282 -0 -0.735724 -0.677282 -0 -0.735724 -0.78914 -0 -0.614213 -0.78914 -0 -0.614213 -0.879474 -0 -0.475947 -0.879474 -0 -0.475947 -0.945817 -0 -0.324699 -0.945817 -0 -0.324699 -0.986361 -0 -0.164595 -0.986361 -0 -0.164595 -0.945817 0 0.3247 -0.986361 0 0.164595 -0.945817 0 0.324699 -0.677282 0 0.735724 -0.789141 0 0.614213 -0.677282 0 0.735724 -0.879474 0 0.475947 -0.879474 0 0.475947 -0.78914 0 0.614213 -0.401695 0 0.915773 -0.245485 0 0.9694 -0.245485 0 0.9694 -0.546948 0 0.837166 -0.401695 0 0.915773 -0.546948 0 0.837166 0.245485 0 0.9694 0.245485 0 0.9694 0.0825794 0 0.996584 0.0825794 0 0.996584 -0.0825794 0 0.996584 -0.0825792 0 0.996584 0.677282 0 0.735724 0.546948 0 0.837166 0.677282 0 0.735724 0.401695 0 0.915773 0.401695 0 0.915773 0.546948 0 0.837166 0.879474 0 0.475947 0.789141 0 0.614213 0.789141 0 0.614213 0.945817 0 0.324699 0.879474 0 0.475947 0.945817 0 0.324699 0.986361 0 0.164595 0.986361 0 0.164595 -1.19249e-08 0 1 -0.0156201 0 0.999878 -0.156435 0 0.987688 1 0 8.74228e-08 0.989188 0 -0.146656 0.999946 0 0.0104133 -0.172356 0 0.985035 -0.309017 0 0.951056 -0.45399 0 0.891007 -0.32482 0 0.945776 -0.469232 0 0.883075 -0.587785 0 0.809017 -0.602015 0 0.798485 -0.707107 0 0.707107 -0.809017 0 0.587785 -0.719875 0 0.694104 -0.819892 0 0.572518 -0.891007 0 0.453991 -0.899587 0 0.436742 -0.951057 0 0.309017 -0.987688 0 0.156434 -0.956984 0 0.29014 -0.990661 0 0.136347 -1 0 -1.74846e-07 -1 0 3.01992e-07 0.156435 0 0.987688 0.141503 0 0.989938 0.295119 0 0.95546 0.309017 0 0.951056 0.45399 0 0.891007 0.44142 0 0.897301 0.587785 0 0.809017 0.576779 0 0.8169 0.697843 0 0.716251 0.707107 0 0.707107 0.809017 0 0.587785 0.801609 0 0.597849 0.891007 0 0.453991 0.885506 0 0.464628 0.947454 0 0.319891 0.951057 0 0.309017 0.987688 0 0.156434 0.985919 0 0.167225 0.951056 0 -0.309017 0.953911 0 -0.30009 0.987688 0 -0.156434 0.707107 0 -0.707107 0.712608 0 -0.701563 0.809017 0 -0.587785 0.891007 0 -0.45399 0.813886 0 -0.581025 0.89499 0 -0.446086 0.45399 0 -0.891007 0.309017 0 -0.951056 0.314953 0 -0.949107 0.593667 0 -0.804711 0.587785 0 -0.809017 0.460011 0 -0.887913 -0.151804 0 -0.988411 4.37114e-08 0 -1 -0.156434 0 -0.987688 0.00520684 0 -0.999986 0.162089 0 -0.986776 0.156434 0 -0.987688 -0.587785 0 -0.809017 -0.585255 0 -0.810849 -0.453991 0 -0.891007 -0.309017 0 -0.951057 -0.45074 0 -0.892655 -0.305053 0 -0.952335 -0.809017 0 -0.587785 -0.807791 0 -0.589469 -0.707107 0 -0.707107 -0.705263 0 -0.708945 -0.890296 0 -0.455382 -0.891007 0 -0.453991 -0.951057 0 -0.309017 -0.950734 0 -0.310007 -0.987688 0 -0.156434 -0.987607 0 -0.156949 0 1 0 0 1 0 0 1 0 0 1 0 0 1 0 0 1 0 0 1 0 0 1 0 0 1 0 0 1 0 0 1 0 0 1 0 0 1 0 0 1 0 0 1 0 0 1 0 0 1 0 0 1 0 0 1 0 0 1 0 0 1 0 0 1 0 0 1 0 0 1 0 0 1 0 0 1 0 0 1 0 0 1 0 0 1 0 0 1 0 0 1 0 0 1 0 0 1 0 0 1 0 0 1 0 0 1 0 0 1 0 0 1 0 0 1 0 0 1 0 0 1 0 0 1 0 0 1 0 0 1 0 0 1 0 0 1 0 0 1 0 0 1 0 0 1 0 0 1 0 0 1 0 0 1 0 0 1 0 0 1 0 0 1 0 0 1 0 0 1 0 0 1 0 0 1 0 0 1 0 0 1 0 0 1 0 0 1 0 0 1 0 0 1 0 0 1 0 0 1 0 0 1 0 0 1 0 0 1 0 0 1 0 0 1 0 0 1 0 0 1 0 0 1 0 0 1 0 0 1 0 0 1 0 0 -1 0 0 -1 0 0 -1 0 0 -1 0 0 -1 0 0 -1 0 0 -1 0 0 -1 0 0 -1 0 0 -1 0 0 -1 0 0 -1 0 0 -1 0 0 -1 0 0 -1 0 0 -1 0 0 -1 0 0 -1 0 0 -1 0 0 -1 0 0 -1 0 0 -1 0 0 -1 0 0 -1 0 0 -1 0 0 -1 0 0 -1 0 0 -1 0 0 -1 0 0 -1 0 0 -1 0 0 -1 0 0 -1 0 0 -1 0 0 -1 0 0 -1 0 0 -1 0 0 -1 0 0 -1 0 0 -1 0 0 -1 0 0 -1 0 0 -1 0 0 -1 0 0 -1 0 0 -1 0 0 -1 0 0 -1 0 0 -1 0 0 -1 0 0 -1 0 0 -1 0 0 -1 0 0 -1 0 0 -1 0 0 -1 0 0 -1 0 0 -1 0 0 -1 0 0 -1 0 0 -1 0 0 -1 0 0 -1 0 0 -1 0 0 -1 0 0 -1 0 0 -1 0 0 -1 0 0 -1 0 0 -1 0 0 -1 0 0 -1 0 0 -1 0 0 -1 0 0 -1 0 0 -1 0 0 -1 0 0 -1 0 0 -1 0 0 -1 0 -1.76601e-16 1 0 -1.76601e-16 1 0 -1.76601e-16 1 0 -1.76601e-16 1 0 -0.890924 0.454153 0 -0.952008 0.306074 0 -0.952008 0.306074 0 -0.579661 0.814858 0 -0.702331 0.711851 0 -0.702331 0.711851 0 -0.80698 0.590578 0 -0.80698 0.590578 0 -0.890924 0.454153 0 -0.29323 0.956042 0 -0.29323 0.956042 0 -0.136819 0.990596 0 -0.579661 0.814858 0 -0.442117 0.896957 0 -0.442117 0.896957 0 0.0231032 0.999733 0 -0.136819 0.990596 0 0.0231032 0.999733 0 0.182432 0.983218 0 0.182432 0.983218 0 -0.996584 -0.0825793 0 -0.996584 0.0825795 0 -0.996584 -0.0825793 0 -0.9694 -0.245486 0 -0.9694 -0.245486 0 -0.915773 -0.401695 0 -0.915773 -0.401695 0 -0.837166 -0.546948 0 -0.837166 -0.546948 0 -0.735724 -0.677282 0 -0.735724 -0.677282 0 -0.614213 -0.789141 0 -0.614213 -0.789141 0 -0.475947 -0.879474 0 -0.475947 -0.879474 0 -0.3247 -0.945817 0 -0.3247 -0.945817 0 -0.164595 -0.986361 0 -0.164595 -0.986361 0 -4.37114e-08 -1 0 -4.37114e-08 -1 0 -0.996584 0.0825795 0 -0.9694 0.245486 0 -0.9694 0.245486 0 -0.915773 0.401695 0 -0.915773 0.401695 0 -0.837166 0.546948 0 -0.837166 0.546948 0 -0.735724 0.677281 0 -0.735724 0.677281 0 -0.614213 0.789141 0 -0.614213 0.789141 0 -0.475947 0.879474 0 -0.475947 0.879474 0 -0.3247 0.945817 0 -0.3247 0.945817 0 -0.164595 0.986361 0 -0.164595 0.986361 0 1.19249e-08 1 0 1.19249e-08 1 0 0.690204 -0.723614 0 0.690204 -0.723614 0 0.557041 -0.830485 0 0.803246 -0.595648 0 0.803246 -0.595648 0 0.892869 -0.450316 0 0.892869 -0.450316 0 0.956462 -0.291856 0 0.956462 -0.291856 0 0.992171 -0.124887 0 0.992171 -0.124887 0 0.557041 -0.830485 0 0.407638 -0.913144 0 0.407638 -0.913144 0 0.246351 -0.969181 0 0.246351 -0.969181 0 0.0778819 -0.996963 0 0.0778819 -0.996963 0 -0.092858 -0.995679 -0 -0.092858 -0.995679 -0 0 0 1 0 0 1 0 0 1 0 0 1 0 0 1 0 0 1 0 0 1 0 0 1 0 0 1 0 0 1 0 0 1 0 0 1 0 0 1 0 0 1 0 0 1 0 0 1 0 0 1 0 0 1 0 0 1 0 0 1 0 0 1 0 0 1 0 0 1 0 0 1 0 0 1 0 0 1 0 0 1 0 0 1 0 0 1 0 0 1 0 0 1 0 0 1 0 0 1 0 0 1 0 0 1 0 0 1 0 0 1 0 0 1 0 0 1 -0 -0 -1 -0 -0 -1 -0 -0 -1 -0 -0 -1 -0 -0 -1 -0 -0 -1 -0 -0 -1 -0 -0 -1 -0 -0 -1 -0 -0 -1 -0 -0 -1 -0 -0 -1 -0 -0 -1 -0 -0 -1 -0 -0 -1 -0 -0 -1 -0 -0 -1 -0 -0 -1 -0 -0 -1 -0 -0 -1 -0 -0 -1 -0 -0 -1 -0 -0 -1 -0 -0 -1 -0 -0 -1 -0 -0 -1 -0 -0 -1 -0 -0 -1 -0 -0 -1 -0 -0 -1 -0 -0 -1 -0 -0 -1 -0 -0 -1 -0 -0 -1 -0 -0 -1 -0 -0 -1 -0 -0 -1 -0 -0 -1 -0 -0 -1</float_array>
          <technique_common>
            <accessor count="476" source="#ID53" stride="3">
              <param name="X" type="float"/>
              <param name="Y" type="float"/>
              <param name="Z" type="float"/>
            </accessor>
          </technique_common>
        </source>
        <vertices id="ID54">
          <input semantic="POSITION" source="#ID50"/>
          <input semantic="NORMAL" source="#ID52"/>
        </vertices>
        <triangles count="464" material="ID55">
          <input offset="0" semantic="VERTEX" source="#ID54"/>
          <p>0 2 1 3 5 4 6 7 2 1 2 7 8 6 9 6 8 7 9 11 10 10 8 9 12 13 11 10 11 13 14 12 15 12 14 13 15 17 16 16 14 15 18 19 17 16 17 19 20 18 21 18 20 19 22 20 21 22 21 23 1 24 0 25 24 26 24 25 0 26 28 27 27 25 26 29 30 28 27 28 30 31 29 32 29 31 30 32 34 33 33 31 32 35 36 34 33 34 36 37 35 38 35 37 36 38 40 39 39 37 38 39 40 4 41 43 42 40 3 4 44 46 45 47 49 48 50 52 51 53 55 54 56 58 57 59 61 60 62 64 63 65 67 66 68 70 69 62 69 70 68 72 71 72 68 69 73 74 71 71 72 73 23 74 75 73 75 74 22 23 75 63 64 67 62 70 64 65 66 57 63 67 65 56 59 58 66 56 57 61 52 60 59 60 58 54 50 51 51 52 61 44 55 53 55 50 54 45 46 49 44 53 46 47 48 41 45 49 47 43 5 42 48 43 41 3 42 5 76 78 77 79 81 80 82 78 83 78 82 77 84 85 83 82 83 85 84 87 86 86 85 84 88 87 89 87 88 86 90 91 89 88 89 91 90 93 92 92 91 90 94 93 95 93 94 92 96 97 95 94 95 97 96 99 98 98 97 96 99 100 98 101 76 102 77 102 76 103 104 101 101 102 103 104 106 105 106 104 103 107 105 108 106 108 105 109 110 107 107 108 109 110 112 111 112 110 109 113 111 114 112 114 111 115 116 113 113 114 115 116 118 117 118 116 115 79 117 81 118 81 117 119 121 120 122 124 123 125 127 126 128 130 129 131 133 132 134 136 135 137 139 138 140 142 141 143 145 144 146 148 147 149 147 148 150 151 146 146 147 150 151 153 152 153 151 150 154 152 155 153 155 152 100 99 154 154 155 100 140 141 149 140 149 148 142 143 144 142 144 141 145 136 134 143 136 145 137 135 139 134 135 137 130 138 129 138 139 129 132 133 128 133 130 128 122 123 131 122 131 132 124 125 126 124 126 123 127 119 120 125 119 127 80 121 79 120 121 80 156 158 157 159 161 160 160 163 162 159 165 164 166 167 162 165 169 168 170 167 171 169 173 172 174 176 175 177 173 158 178 180 179 181 183 182 184 186 185 187 189 188 190 192 191 175 176 170 193 195 194 196 198 197 199 201 200 202 204 203 205 203 206 207 208 201 202 208 209 193 211 210 212 211 205 213 214 200 215 216 194 197 217 213 218 196 219 192 216 191 220 190 221 219 223 222 224 225 181 189 226 221 227 228 187 183 181 225 157 230 229 230 228 231 183 232 182 182 232 233 224 222 223 224 223 225 222 218 219 218 198 196 198 217 197 217 214 213 214 199 200 199 207 201 207 209 208 209 204 202 204 206 203 206 212 205 212 210 211 210 195 193 195 215 194 215 191 216 190 220 192 221 226 220 221 188 189 188 227 187 227 231 228 231 229 230 229 156 157 156 177 158 177 172 173 172 168 169 168 164 165 164 161 159 161 163 160 163 166 162 166 171 167 171 175 170 174 178 176 180 185 179 174 180 178 186 184 233 179 185 186 182 233 184 234 236 235 237 239 238 240 242 241 243 245 244 246 248 247 249 251 250 237 252 249 250 254 253 255 257 256 256 253 258 259 261 260 257 262 261 263 265 264 264 259 266 267 269 268 270 267 265 271 273 272 268 271 272 273 275 274 272 273 274 273 276 275 277 279 278 280 282 281 283 285 284 285 287 286 288 290 289 283 291 289 240 293 292 293 290 294 295 241 296 297 299 298 300 298 295 301 303 302 299 304 302 305 236 234 306 308 307 309 310 307 239 245 311 234 307 308 244 236 312 275 276 313 287 277 278 271 268 269 269 267 270 270 265 263 263 264 266 266 259 260 260 261 262 262 257 255 255 256 258 258 253 254 254 250 251 251 249 252 252 237 238 238 239 311 312 243 244 311 245 243 312 236 305 303 306 310 307 310 306 305 234 308 306 303 301 301 302 304 304 299 297 297 298 300 300 295 296 296 241 242 242 240 292 292 293 294 294 290 288 288 289 291 291 283 284 284 285 286 286 287 278 279 277 280 281 282 247 279 280 281 246 313 248 282 246 247 276 248 313 314 316 315 315 317 314 318 320 319 321 323 322 324 326 325 327 329 328 330 332 331 333 335 334 329 334 335 336 333 337 333 336 335 327 328 332 327 334 329 330 331 321 332 328 331 322 323 325 330 321 322 324 318 326 323 324 325 319 326 318 338 340 339 340 342 341 342 340 338 343 341 344 342 344 341 345 346 343 343 344 345 346 348 347 348 346 345 349 347 350 348 350 347 351 352 349 349 350 351 352 354 353 354 352 351 355 353 356 354 356 353 357 358 355 355 356 357 338 339 359 360 361 359 359 339 360 361 363 362 363 361 360 364 362 365 363 365 362 366 367 364 364 365 366 367 369 368 369 367 366 370 368 371 369 371 368 372 373 370 370 371 372 373 375 374 375 373 372 375 376 374 374 376 377 378 380 379 381 382 378 378 379 381 382 384 383 384 382 381 385 383 386 384 386 383 387 388 385 385 386 387 379 380 389 390 389 391 380 391 389 392 393 390 390 391 392 393 395 394 395 393 392 395 396 394 394 396 397 398 400 399 401 403 402 404 406 405 407 406 408 409 401 410 405 412 411 413 415 414 414 415 416 417 419 418 420 401 417 421 417 418 401 420 422 417 421 420 423 401 422 401 402 424 403 401 423 425 426 415 401 424 427 428 429 415 430 428 415 431 415 413 430 415 431 426 425 427 415 426 416 401 427 425 410 432 409 425 410 401 411 412 432 409 432 412 405 411 404 406 404 408 407 408 399 433 400 398 400 407 399 434 398 435 434 433 398 433 434 436 437 439 438 440 442 441 443 445 444 446 437 447 446 439 437 448 445 449 450 447 442 451 442 452 451 450 442 442 454 453 455 452 442 456 458 457 459 460 454 461 456 462 456 464 463 465 456 463 461 464 456 456 465 458 456 460 459 457 460 456 440 459 442 454 442 459 466 467 441 468 470 469 471 470 472 445 443 449 473 474 468 448 449 474 449 443 475 473 468 469 448 474 473 469 470 471 471 472 466 467 440 441 472 467 466 455 442 453 447 437 442</p>
        </triangles>
      </mesh>
    </geometry>
    <geometry id="ID56">
      <mesh>
        <source id="ID57">
          <float_array count="96" id="ID58">-0.0208922 0.0153287 -0.0302428 -0.0213572 0.0155997 -0.0310482 -0.0183186 0.0153287 -0.0317287 -0.0178553 0.0150419 -0.0309263 -0.020429 0.0150419 -0.0294404 -0.0187836 0.0155997 -0.0325341 -0.0218239 0.015855 -0.0318565 -0.0192503 0.015855 -0.0333424 9.76996e-18 0.0576366 1.53211e-17 -0.00257365 0.0576366 0.0014859 -0.020429 0.0150419 -0.0294404 -0.0178553 0.0150419 -0.0309263 -0.0192503 0.015855 -0.0333424 -0.0218239 0.015855 -0.0318565 -0.00257365 0.0617773 0.0014859 8.88178e-18 0.0617773 4.17444e-17 -0.00257365 0.0576366 0.0014859 -0.0218239 0.015855 -0.0318565 -0.0213572 0.0155997 -0.0310482 -0.00257365 0.0617773 0.0014859 -0.0208922 0.0153287 -0.0302428 -0.020429 0.0150419 -0.0294404 9.76996e-18 0.0576366 1.53211e-17 -0.0192503 0.015855 -0.0333424 8.88178e-18 0.0617773 4.17444e-17 -0.0187836 0.0155997 -0.0325341 -0.0178553 0.0150419 -0.0309263 -0.0183186 0.0153287 -0.0317287 8.88178e-18 0.0617773 4.17444e-17 -0.00257365 0.0617773 0.0014859 -0.00257365 0.0576366 0.0014859 9.76996e-18 0.0576366 1.53211e-17</float_array>
          <technique_common>
            <accessor count="32" source="#ID58" stride="3">
              <param name="X" type="float"/>
              <param name="Y" type="float"/>
              <param name="Z" type="float"/>
            </accessor>
          </technique_common>
        </source>
        <source id="ID59">
          <float_array count="96" id="ID60">-0.143825 -0.957736 -0.249112 -0.135846 -0.962384 -0.235292 -0.143825 -0.957736 -0.249112 -0.151962 -0.952696 -0.263207 -0.151962 -0.952696 -0.263207 -0.135846 -0.962384 -0.235292 -0.128028 -0.966662 -0.221751 -0.128028 -0.966662 -0.221751 0.383158 -0.642465 0.663648 0.383158 -0.642465 0.663648 0.383158 -0.642465 0.663648 0.383158 -0.642465 0.663648 -0.383158 0.642465 -0.663648 -0.383158 0.642465 -0.663648 -0.383158 0.642465 -0.663648 -0.383158 0.642465 -0.663648 -0.866025 0 0.5 -0.866025 0 0.5 -0.866025 0 0.5 -0.866025 0 0.5 -0.866025 0 0.5 -0.866025 0 0.5 0.866025 0 -0.5 0.866025 0 -0.5 0.866025 0 -0.5 0.866025 0 -0.5 0.866025 0 -0.5 0.866025 0 -0.5 0.5 -8.37879e-16 0.866025 0.5 -8.37879e-16 0.866025 0.5 -8.37879e-16 0.866025 0.5 -8.37879e-16 0.866025</float_array>
          <technique_common>
            <accessor count="32" source="#ID60" stride="3">
              <param name="X" type="float"/>
              <param name="Y" type="float"/>
              <param name="Z" type="float"/>
            </accessor>
          </technique_common>
        </source>
        <vertices id="ID61">
          <input semantic="POSITION" source="#ID57"/>
          <input semantic="NORMAL" source="#ID59"/>
        </vertices>
        <triangles count="20" material="ID29">
          <input offset="0" semantic="VERTEX" source="#ID61"/>
          <p>0 1 2 3 4 0 0 2 3 2 1 5 1 6 5 5 6 7 8 9 10 8 10 11 12 13 14 12 14 15 16 17 18 17 16 19 18 20 16 20 21 16 22 23 24 22 25 23 26 27 22 22 27 25 28 29 30 28 30 31</p>
        </triangles>
      </mesh>
    </geometry>
    <geometry id="ID62">
      <mesh>
        <source id="ID63">
          <float_array count="606" id="ID64">0.0235499 0.0166613 0.0348461 0.0192503 0.015855 0.0333424 0.0218239 0.015855 0.0318565 0.0270108 0.0177299 0.0408406 0.0244372 0.0177299 0.0423265 0.0227053 0.0172863 0.0393267 0.0252789 0.0172863 0.0378408 0.0209763 0.0166613 0.036332 0.0269884 0.0153978 0.0467453 0.0296329 0.0156497 0.045382 0.0295621 0.0153978 0.0452594 0.0294708 0.0151739 0.0451013 0.0268971 0.0151739 0.0465872 0.0293618 0.0149844 0.0449125 0.0267881 0.0149844 0.0463984 0.0266645 0.0148349 0.0461843 0.0292382 0.0148349 0.0446984 0.0291036 0.0147298 0.0444653 0.0265299 0.0147298 0.0459512 0.028962 0.0146722 0.0442201 0.0263884 0.0146722 0.045706 0.026244 0.0146637 0.0454559 0.0288176 0.0146637 0.04397 0.0286746 0.0147047 0.0437223 0.026101 0.0147047 0.0452082 0.0285372 0.0147939 0.0434844 0.0259636 0.0147939 0.0449703 0.0258358 0.0149287 0.044749 0.0284095 0.0149287 0.0432631 0.0282951 0.0151052 0.0430649 0.0257214 0.0151052 0.0445508 0.0281975 0.0153181 0.0428958 0.0256238 0.0153181 0.0443817 0.0255458 0.0155612 0.0442466 0.0281194 0.0155612 0.0427607 0.0270592 0.0156497 0.0468679 0.0296811 0.015922 0.0454656 0.0271075 0.015922 0.0469515 0.0271318 0.0162068 0.0469937 0.0297055 0.0162068 0.0455078 0.0271315 0.0164957 0.0469931 0.0297051 0.0164957 0.0455072 0.0296801 0.0167802 0.0454638 0.0271064 0.0167802 0.0469497 0.0270575 0.0170521 0.046865 0.0296312 0.0170521 0.0453791 0.0269861 0.0173032 0.0467413 0.0295598 0.0173032 0.0452554 0.029468 0.0175263 0.0450964 0.0268943 0.0175263 0.0465823 0.0267848 0.0177147 0.0463927 0.0293585 0.0177147 0.0449068 0.0266609 0.0178631 0.0461779 0.0292345 0.0178631 0.0446921 0.0290997 0.0179669 0.0444585 0.026526 0.0179669 0.0459444 0.0263843 0.0180231 0.045699 0.028958 0.0180231 0.0442131 0.0288136 0.0180302 0.043963 0.0262399 0.0180302 0.0454489 0.0178429 0.0128516 0.0309048 0.0204166 0.0128516 0.0294189 0.018596 0.0114429 0.0262657 0.0168421 0.00969651 0.0232278 0.0160224 0.0114429 0.0277516 0.0151603 0.0076022 0.0203148 0.0142685 0.00969651 0.0247137 0.0125866 0.0076022 0.0218007 0.01356 0.00514255 0.017543 0.0109863 0.00514255 0.0190289 0.0222873 0.0139526 0.0326592 0.0197137 0.0139526 0.0341451 0.0216289 0.0147568 0.0374624 0.0242026 0.0147568 0.0359765 0.0235729 0.015293 0.0408295 0.0261466 0.015293 0.0393436 0.0255458 0.0155612 0.0442466 0.0281194 0.0155612 0.0427607 0.0109863 0.00514255 0.0190289 0.0117074 0.00514255 0.0143343 0.00913379 0.00514255 0.0158202 0.01356 0.00514255 0.017543 0.0133006 0.00779645 0.0170937 0.00913379 0.00514255 0.0158202 0.0117074 0.00514255 0.0143343 0.018555 0.0137025 0.0261947 0.0141602 0.0120617 0.0245261 0.0167338 0.0120617 0.0230402 0.0149761 0.0101028 0.0199957 0.0124024 0.0101028 0.0214816 0.010727 0.00779645 0.0185796 0.020429 0.0150419 0.0294404 0.0178553 0.0150419 0.0309263 0.0159814 0.0137025 0.0276806 0.0178553 0.0150419 0.0309263 0.0218239 0.015855 0.0318565 0.0192503 0.015855 0.0333424 0.020429 0.0150419 0.0294404 0.0290997 0.0179669 0.0444585 0.0288136 0.0180302 0.043963 0.0292345 0.0178631 0.0446921 0.020429 0.0150419 0.0294404 0.018555 0.0137025 0.0261947 0.0204166 0.0128516 0.0294189 0.018596 0.0114429 0.0262657 0.0293585 0.0177147 0.0449068 0.028958 0.0180231 0.0442131 0.029468 0.0175263 0.0450964 0.0270108 0.0204088 0.0408406 0.0288136 0.0206304 0.043963 0.0295598 0.0173032 0.0452554 0.0270108 0.0177299 0.0408406 0.0281194 0.0155612 0.0427607 0.0297051 0.0164957 0.0455072 0.0296801 0.0167802 0.0454638 0.0296312 0.0170521 0.0453791 0.0296329 0.0156497 0.045382 0.0295621 0.0153978 0.0452594 0.0297055 0.0162068 0.0455078 0.0296811 0.015922 0.0454656 0.0293618 0.0149844 0.0449125 0.0282951 0.0151052 0.0430649 0.0284095 0.0149287 0.0432631 0.0294708 0.0151739 0.0451013 0.0281975 0.0153181 0.0428958 0.028962 0.0146722 0.0442201 0.0286746 0.0147047 0.0437223 0.0288176 0.0146637 0.04397 0.0285372 0.0147939 0.0434844 0.0291036 0.0147298 0.0444653 0.0292382 0.0148349 0.0446984 0.0168421 0.00969651 0.0232278 0.0149761 0.0101028 0.0199957 0.0151603 0.0076022 0.0203148 0.0235499 0.0166613 0.0348461 0.0218239 0.015855 0.0318565 0.0242026 0.0147568 0.0359765 0.0261466 0.015293 0.0393436 0.0252789 0.0172863 0.0378408 0.0222873 0.0139526 0.0326592 0.0167338 0.0120617 0.0230402 0.0133006 0.00779645 0.0170937 0.01356 0.00514255 0.017543 0.0117074 0.00514255 0.0143343 0.0262399 0.0180302 0.0454489 0.0263843 0.0180231 0.045699 0.026526 0.0179669 0.0459444 0.0244372 0.0204088 0.0423265 0.0262399 0.0206304 0.0454489 0.0209763 0.0166613 0.036332 0.0235729 0.015293 0.0408295 0.0216289 0.0147568 0.0374624 0.0192503 0.015855 0.0333424 0.0197137 0.0139526 0.0341451 0.0266609 0.0178631 0.0461779 0.0244372 0.0177299 0.0423265 0.0267848 0.0177147 0.0463927 0.0268943 0.0175263 0.0465823 0.0269861 0.0173032 0.0467413 0.0270575 0.0170521 0.046865 0.0255458 0.0155612 0.0442466 0.0271318 0.0162068 0.0469937 0.0271075 0.015922 0.0469515 0.0271064 0.0167802 0.0469497 0.0271315 0.0164957 0.0469931 0.0268971 0.0151739 0.0465872 0.0257214 0.0151052 0.0445508 0.0256238 0.0153181 0.0443817 0.0269884 0.0153978 0.0467453 0.0270592 0.0156497 0.0468679 0.0265299 0.0147298 0.0459512 0.0259636 0.0147939 0.0449703 0.0266645 0.0148349 0.0461843 0.0258358 0.0149287 0.044749 0.0267881 0.0149844 0.0463984 0.0263884 0.0146722 0.045706 0.026101 0.0147047 0.0452082 0.026244 0.0146637 0.0454559 0.0142685 0.00969651 0.0247137 0.0125866 0.0076022 0.0218007 0.0124024 0.0101028 0.0214816 0.0178553 0.0150419 0.0309263 0.0141602 0.0120617 0.0245261 0.0160224 0.0114429 0.0277516 0.0159814 0.0137025 0.0276806 0.0178429 0.0128516 0.0309048 0.010727 0.00779645 0.0185796 0.0109863 0.00514255 0.0190289 0.00913379 0.00514255 0.0158202 0.0227053 0.0172863 0.0393267 0.0262399 0.0180302 0.0454489 0.0288136 0.0206304 0.043963 0.0288136 0.0180302 0.043963 0.0262399 0.0206304 0.0454489 0.0244372 0.0204088 0.0423265 0.0270108 0.0177299 0.0408406 0.0270108 0.0204088 0.0408406 0.0244372 0.0177299 0.0423265 0.0262399 0.0206304 0.0454489 0.0270108 0.0204088 0.0408406 0.0288136 0.0206304 0.043963 0.0244372 0.0204088 0.0423265</float_array>
          <technique_common>
            <accessor count="202" source="#ID64" stride="3">
              <param name="X" type="float"/>
              <param name="Y" type="float"/>
              <param name="Z" type="float"/>
            </accessor>
          </technique_common>
        </source>
        <source id="ID65">
          <float_array count="606" id="ID66">-0.100713 0.979504 -0.174439 -0.128028 0.966662 -0.221751 -0.128028 0.966662 -0.221751 -0.0526193 0.994447 -0.0911393 -0.0526193 0.994447 -0.0911393 -0.0755972 0.988504 -0.130938 -0.0755972 0.988504 -0.130938 -0.100713 0.979504 -0.174439 0.413223 -0.563017 0.715723 0.455214 -0.413667 0.788454 0.413223 -0.563017 0.715723 0.359099 -0.695838 0.621978 0.359099 -0.695838 0.621978 0.294433 -0.80823 0.509973 0.294433 -0.80823 0.509973 0.221123 -0.896894 0.382996 0.221123 -0.896894 0.382996 0.141321 -0.959226 0.244775 0.141321 -0.959226 0.244775 0.0573697 -0.993396 0.0993672 0.0573696 -0.993396 0.099367 -0.0282659 -0.998401 -0.048958 -0.0282659 -0.998401 -0.048958 -0.113071 -0.974094 -0.195845 -0.113071 -0.974094 -0.195845 -0.194557 -0.921189 -0.336983 -0.194557 -0.921189 -0.336983 -0.270331 -0.841239 -0.468228 -0.270331 -0.841239 -0.468228 -0.338169 -0.736592 -0.585726 -0.338169 -0.736592 -0.585726 -0.396078 -0.610319 -0.686027 -0.396078 -0.610319 -0.686027 -0.442359 -0.466127 -0.766188 -0.442359 -0.466127 -0.766188 0.455214 -0.413667 0.788454 0.483841 -0.252171 0.838038 0.483841 -0.252171 0.838038 0.498263 -0.0832723 0.863018 0.498263 -0.0832723 0.863018 0.498057 0.088071 0.86266 0.498057 0.088071 0.86266 0.483228 0.256829 0.836976 0.483228 0.256829 0.836976 0.454213 0.418047 0.78672 0.454213 0.418047 0.78672 0.411862 0.566991 0.713366 0.411862 0.566991 0.713366 0.357419 0.699289 0.619069 0.357419 0.699289 0.619069 0.292483 0.811057 0.506596 0.292484 0.811057 0.506596 0.218961 0.899013 0.379251 0.218961 0.899013 0.379251 0.139009 0.960576 0.240771 0.139009 0.960576 0.240771 0.0549767 0.993937 0.0952225 0.0549767 0.993937 0.0952225 -0.0306699 0.998117 -0.0531218 -0.0306699 0.998117 -0.0531218 0.16052 -0.947066 0.278028 0.16052 -0.947066 0.278028 0.201433 -0.915259 0.348892 0.24326 -0.873669 0.421339 0.201433 -0.915259 0.348892 0.284855 -0.821846 0.493383 0.24326 -0.873669 0.421339 0.284855 -0.821846 0.493383 0.324891 -0.760121 0.562727 0.324891 -0.760121 0.562727 0.121386 -0.970084 0.210246 0.121386 -0.970084 0.210246 0.0845927 -0.985584 0.146519 0.0845927 -0.985584 0.146519 0.05043 -0.994901 0.0873474 0.05043 -0.994901 0.0873474 0.0189737 -0.99928 0.0328634 0.0189737 -0.99928 0.0328634 -0 -1 -0 -0 -1 -0 -0 -1 -0 -0 -1 -0 -0.301399 0.797893 -0.522039 -0.339669 0.733825 -0.588325 -0.339669 0.733825 -0.588325 -0.18679 0.927598 -0.32353 -0.223812 0.894222 -0.387653 -0.223812 0.894222 -0.387653 -0.26235 0.851287 -0.454403 -0.26235 0.851287 -0.454403 -0.301399 0.797893 -0.522039 -0.151962 0.952696 -0.263207 -0.151962 0.952696 -0.263207 -0.18679 0.927598 -0.32353 -0.139897 0.96006 -0.242309 -0.139897 0.96006 -0.242309 -0.139897 0.96006 -0.242309 -0.139897 0.96006 -0.242309 0.866025 0 -0.5 0.866025 0 -0.5 0.866025 0 -0.5 0.866025 0 -0.5 0.866025 0 -0.5 0.866025 0 -0.5 0.866025 0 -0.5 0.866025 0 -0.5 0.866025 0 -0.5 0.866025 0 -0.5 0.866025 0 -0.5 0.866025 0 -0.5 0.866025 0 -0.5 0.866025 0 -0.5 0.866025 0 -0.5 0.866025 0 -0.5 0.866025 0 -0.5 0.866025 0 -0.5 0.866025 0 -0.5 0.866025 0 -0.5 0.866025 0 -0.5 0.866025 0 -0.5 0.866025 0 -0.5 0.866025 0 -0.5 0.866025 0 -0.5 0.866025 0 -0.5 0.866025 0 -0.5 0.866025 0 -0.5 0.866025 0 -0.5 0.866025 0 -0.5 0.866025 0 -0.5 0.866025 0 -0.5 0.866025 0 -0.5 0.866025 0 -0.5 0.866025 0 -0.5 0.866025 0 -0.5 0.866025 0 -0.5 0.866025 0 -0.5 0.866025 0 -0.5 0.866025 0 -0.5 0.866025 0 -0.5 0.866025 0 -0.5 0.866025 0 -0.5 0.866025 0 -0.5 0.866025 0 -0.5 0.866025 0 -0.5 -0.866025 0 0.5 -0.866025 0 0.5 -0.866025 0 0.5 -0.866025 0 0.5 -0.866025 0 0.5 -0.866025 0 0.5 -0.866025 0 0.5 -0.866025 0 0.5 -0.866025 0 0.5 -0.866025 0 0.5 -0.866025 0 0.5 -0.866025 0 0.5 -0.866025 0 0.5 -0.866025 0 0.5 -0.866025 0 0.5 -0.866025 0 0.5 -0.866025 0 0.5 -0.866025 0 0.5 -0.866025 0 0.5 -0.866025 0 0.5 -0.866025 0 0.5 -0.866025 0 0.5 -0.866025 0 0.5 -0.866025 0 0.5 -0.866025 0 0.5 -0.866025 0 0.5 -0.866025 0 0.5 -0.866025 0 0.5 -0.866025 0 0.5 -0.866025 0 0.5 -0.866025 0 0.5 -0.866025 0 0.5 -0.866025 0 0.5 -0.866025 0 0.5 -0.866025 0 0.5 -0.866025 0 0.5 -0.866025 0 0.5 -0.866025 0 0.5 -0.866025 0 0.5 -0.866025 0 0.5 -0.866025 0 0.5 -0.866025 0 0.5 -0.866025 0 0.5 -0.866025 0 0.5 -0.866025 0 0.5 -0.866025 0 0.5 0.5 0 0.866025 0.5 0 0.866025 0.5 0 0.866025 0.5 0 0.866025 -0.5 -0 -0.866025 -0.5 -0 -0.866025 -0.5 -0 -0.866025 -0.5 -0 -0.866025 -0.0306698 0.998117 -0.0531217 -0.0306698 0.998117 -0.0531217 -0.0306698 0.998117 -0.0531217 -0.0306698 0.998117 -0.0531217</float_array>
          <technique_common>
            <accessor count="202" source="#ID66" stride="3">
              <param name="X" type="float"/>
              <param name="Y" type="float"/>
              <param name="Z" type="float"/>
            </accessor>
          </technique_common>
        </source>
        <vertices id="ID67">
          <input semantic="POSITION" source="#ID63"/>
          <input semantic="NORMAL" source="#ID65"/>
        </vertices>
        <triangles count="180" material="ID16">
          <input offset="0" semantic="VERTEX" source="#ID67"/>
          <p>0 2 1 3 5 4 6 7 5 0 7 6 3 6 5 1 7 0 8 10 9 10 12 11 12 10 8 13 11 14 12 14 11 15 16 13 13 14 15 16 18 17 18 16 15 19 17 20 18 20 17 21 22 19 19 20 21 22 24 23 24 22 21 25 23 26 24 26 23 27 28 25 25 26 27 28 30 29 30 28 27 31 29 32 30 32 29 33 34 31 31 32 33 8 9 35 36 37 35 35 9 36 37 39 38 39 37 36 40 38 41 39 41 38 42 43 40 40 41 42 43 45 44 45 43 42 46 44 47 45 47 44 48 49 46 46 47 48 49 51 50 51 49 48 52 50 53 51 53 50 54 55 52 52 53 54 55 57 56 57 55 54 57 58 56 56 58 59 60 62 61 62 64 63 64 62 60 65 63 66 64 66 63 67 68 65 65 66 67 69 68 67 70 71 61 60 61 71 70 73 72 72 71 70 74 73 75 73 74 72 74 75 76 76 75 77 78 80 79 79 81 78 82 84 83 85 87 86 88 90 89 91 93 92 93 91 85 86 87 89 93 85 86 88 82 90 87 88 89 83 90 82 94 96 95 95 97 94 98 100 99 101 103 102 102 103 104 99 100 105 99 106 98 107 99 105 108 109 99 99 107 110 108 99 111 99 110 112 113 112 114 115 112 110 116 117 112 118 119 112 120 122 121 121 124 123 125 127 126 128 130 129 128 129 126 125 126 129 122 120 130 128 122 130 117 123 124 120 121 123 131 133 132 124 112 117 134 136 135 137 134 138 137 138 111 112 119 116 137 111 112 113 118 112 112 111 99 114 112 115 134 137 136 101 139 103 135 136 139 104 140 102 132 133 141 142 141 133 132 140 131 142 143 141 140 104 131 101 135 139 144 146 145 147 144 148 149 151 150 152 153 151 144 154 146 147 155 144 144 156 154 157 144 158 157 156 144 158 160 159 160 158 144 160 162 161 160 164 163 165 167 166 168 169 160 170 172 171 173 174 166 170 176 175 177 175 176 172 173 171 170 171 176 178 180 179 173 172 174 167 165 168 165 166 174 169 162 160 167 168 160 160 155 150 164 160 161 160 144 155 163 159 160 152 181 153 178 183 182 184 183 185 180 186 179 186 187 179 188 187 186 180 178 182 181 184 185 183 184 182 185 153 181 149 150 189 152 151 149 150 155 189 190 192 191 190 191 193 194 196 195 194 195 197 198 200 199 198 199 201</p>
        </triangles>
      </mesh>
    </geometry>
    <geometry id="ID68">
      <mesh>
        <source id="ID69">
          <float_array count="606" id="ID70">0.0184026 0.0166613 -0.0378179 0.0192503 0.015855 -0.0333424 0.0166766 0.015855 -0.0348283 0.0218635 0.0177299 -0.0438124 0.0244372 0.0177299 -0.0423265 0.0227053 0.0172863 -0.0393267 0.0201316 0.0172863 -0.0408126 0.0209763 0.0166613 -0.036332 0.0269884 0.0153978 -0.0467453 0.0244856 0.0156497 -0.0483538 0.0244148 0.0153978 -0.0482312 0.0243235 0.0151739 -0.0480731 0.0268971 0.0151739 -0.0465872 0.0242145 0.0149844 -0.0478843 0.0267881 0.0149844 -0.0463984 0.0266645 0.0148349 -0.0461843 0.0240908 0.0148349 -0.0476702 0.0239563 0.0147298 -0.0474371 0.0265299 0.0147298 -0.0459512 0.0238147 0.0146722 -0.0471919 0.0263884 0.0146722 -0.045706 0.026244 0.0146637 -0.0454559 0.0236703 0.0146637 -0.0469418 0.0235273 0.0147047 -0.0466941 0.026101 0.0147047 -0.0452082 0.0233899 0.0147939 -0.0464562 0.0259636 0.0147939 -0.0449703 0.0258358 0.0149287 -0.044749 0.0232622 0.0149287 -0.0462349 0.0231478 0.0151052 -0.0460367 0.0257214 0.0151052 -0.0445508 0.0230501 0.0153181 -0.0458676 0.0256238 0.0153181 -0.0443817 0.0255458 0.0155612 -0.0442466 0.0229721 0.0155612 -0.0457325 0.0270592 0.0156497 -0.0468679 0.0245338 0.015922 -0.0484374 0.0271075 0.015922 -0.0469515 0.0271318 0.0162068 -0.0469937 0.0245581 0.0162068 -0.0484796 0.0271315 0.0164957 -0.0469931 0.0245578 0.0164957 -0.048479 0.0245328 0.0167802 -0.0484356 0.0271064 0.0167802 -0.0469497 0.0270575 0.0170521 -0.046865 0.0244839 0.0170521 -0.0483509 0.0269861 0.0173032 -0.0467413 0.0244125 0.0173032 -0.0482272 0.0243207 0.0175263 -0.0480682 0.0268943 0.0175263 -0.0465823 0.0267848 0.0177147 -0.0463927 0.0242112 0.0177147 -0.0478786 0.0266609 0.0178631 -0.0461779 0.0240872 0.0178631 -0.0476638 0.0239524 0.0179669 -0.0474304 0.026526 0.0179669 -0.0459444 0.0263843 0.0180231 -0.045699 0.0238107 0.0180231 -0.0471849 0.0236663 0.0180302 -0.0469348 0.0262399 0.0180302 -0.0454489 0.0160224 0.0114429 -0.0277516 0.0178429 0.0128516 -0.0309048 0.0152692 0.0128516 -0.0323907 0.0134487 0.0114429 -0.0292375 0.0142685 0.00969651 -0.0247137 0.0116948 0.00969651 -0.0261996 0.0125866 0.0076022 -0.0218007 0.0109863 0.00514255 -0.0190289 0.010013 0.0076022 -0.0232866 0.00841269 0.00514255 -0.0205148 0.01714 0.0139526 -0.035631 0.0190553 0.0147568 -0.0389483 0.0197137 0.0139526 -0.0341451 0.0216289 0.0147568 -0.0374624 0.0209993 0.015293 -0.0423154 0.0235729 0.015293 -0.0408295 0.0229721 0.0155612 -0.0457325 0.0255458 0.0155612 -0.0442466 0.0109863 0.00514255 -0.0190289 0.00656013 0.00514255 -0.0173061 0.00913379 0.00514255 -0.0158202 0.00841269 0.00514255 -0.0205148 0.00656013 0.00514255 -0.0173061 0.0081533 0.00779645 -0.0200655 0.010727 0.00779645 -0.0185796 0.0141602 0.0120617 -0.0245261 0.0124024 0.0101028 -0.0214816 0.00982875 0.0101028 -0.0229675 0.0134077 0.0137025 -0.0291665 0.0178553 0.0150419 -0.0309263 0.0159814 0.0137025 -0.0276806 0.0115865 0.0120617 -0.026012 0.0152817 0.0150419 -0.0324122 0.00913379 0.00514255 -0.0158202 0.0178553 0.0150419 -0.0309263 0.0166766 0.015855 -0.0348283 0.0192503 0.015855 -0.0333424 0.0152817 0.0150419 -0.0324122 0.0239524 0.0179669 -0.0474304 0.0236663 0.0180302 -0.0469348 0.0240872 0.0178631 -0.0476638 0.0152817 0.0150419 -0.0324122 0.0134077 0.0137025 -0.0291665 0.0152692 0.0128516 -0.0323907 0.0134487 0.0114429 -0.0292375 0.0242112 0.0177147 -0.0478786 0.0238107 0.0180231 -0.0471849 0.0243207 0.0175263 -0.0480682 0.0218635 0.0204088 -0.0438124 0.0236663 0.0206304 -0.0469348 0.0244125 0.0173032 -0.0482272 0.0218635 0.0177299 -0.0438124 0.0229721 0.0155612 -0.0457325 0.0245578 0.0164957 -0.048479 0.0245328 0.0167802 -0.0484356 0.0244839 0.0170521 -0.0483509 0.0244856 0.0156497 -0.0483538 0.0244148 0.0153978 -0.0482312 0.0245581 0.0162068 -0.0484796 0.0245338 0.015922 -0.0484374 0.0242145 0.0149844 -0.0478843 0.0231478 0.0151052 -0.0460367 0.0232622 0.0149287 -0.0462349 0.0243235 0.0151739 -0.0480731 0.0230501 0.0153181 -0.0458676 0.0238147 0.0146722 -0.0471919 0.0235273 0.0147047 -0.0466941 0.0236703 0.0146637 -0.0469418 0.0233899 0.0147939 -0.0464562 0.0239563 0.0147298 -0.0474371 0.0240908 0.0148349 -0.0476702 0.0116948 0.00969651 -0.0261996 0.00982875 0.0101028 -0.0229675 0.010013 0.0076022 -0.0232866 0.0184026 0.0166613 -0.0378179 0.0166766 0.015855 -0.0348283 0.0190553 0.0147568 -0.0389483 0.0209993 0.015293 -0.0423154 0.0201316 0.0172863 -0.0408126 0.01714 0.0139526 -0.035631 0.0115865 0.0120617 -0.026012 0.0081533 0.00779645 -0.0200655 0.00841269 0.00514255 -0.0205148 0.00656013 0.00514255 -0.0173061 0.0262399 0.0180302 -0.0454489 0.0263843 0.0180231 -0.045699 0.026526 0.0179669 -0.0459444 0.0244372 0.0204088 -0.0423265 0.0262399 0.0206304 -0.0454489 0.0209763 0.0166613 -0.036332 0.0235729 0.015293 -0.0408295 0.0216289 0.0147568 -0.0374624 0.0192503 0.015855 -0.0333424 0.0197137 0.0139526 -0.0341451 0.0266609 0.0178631 -0.0461779 0.0244372 0.0177299 -0.0423265 0.0267848 0.0177147 -0.0463927 0.0268943 0.0175263 -0.0465823 0.0269861 0.0173032 -0.0467413 0.0270575 0.0170521 -0.046865 0.0255458 0.0155612 -0.0442466 0.0271318 0.0162068 -0.0469937 0.0271075 0.015922 -0.0469515 0.0271064 0.0167802 -0.0469497 0.0271315 0.0164957 -0.0469931 0.0268971 0.0151739 -0.0465872 0.0257214 0.0151052 -0.0445508 0.0256238 0.0153181 -0.0443817 0.0269884 0.0153978 -0.0467453 0.0270592 0.0156497 -0.0468679 0.0265299 0.0147298 -0.0459512 0.0259636 0.0147939 -0.0449703 0.0266645 0.0148349 -0.0461843 0.0258358 0.0149287 -0.044749 0.0267881 0.0149844 -0.0463984 0.0263884 0.0146722 -0.045706 0.026101 0.0147047 -0.0452082 0.026244 0.0146637 -0.0454559 0.0142685 0.00969651 -0.0247137 0.0125866 0.0076022 -0.0218007 0.0124024 0.0101028 -0.0214816 0.0178553 0.0150419 -0.0309263 0.0141602 0.0120617 -0.0245261 0.0160224 0.0114429 -0.0277516 0.0159814 0.0137025 -0.0276806 0.0178429 0.0128516 -0.0309048 0.010727 0.00779645 -0.0185796 0.0109863 0.00514255 -0.0190289 0.00913379 0.00514255 -0.0158202 0.0227053 0.0172863 -0.0393267 0.0262399 0.0180302 -0.0454489 0.0236663 0.0206304 -0.0469348 0.0236663 0.0180302 -0.0469348 0.0262399 0.0206304 -0.0454489 0.0244372 0.0204088 -0.0423265 0.0218635 0.0177299 -0.0438124 0.0218635 0.0204088 -0.0438124 0.0244372 0.0177299 -0.0423265 0.0262399 0.0206304 -0.0454489 0.0218635 0.0204088 -0.0438124 0.0236663 0.0206304 -0.0469348 0.0244372 0.0204088 -0.0423265</float_array>
          <technique_common>
            <accessor count="202" source="#ID70" stride="3">
              <param name="X" type="float"/>
              <param name="Y" type="float"/>
              <param name="Z" type="float"/>
            </accessor>
          </technique_common>
        </source>
        <source id="ID71">
          <float_array count="606" id="ID72">-0.100713 0.979504 0.174439 -0.128028 0.966662 0.221751 -0.128028 0.966662 0.221751 -0.0526193 0.994447 0.0911393 -0.0526193 0.994447 0.0911393 -0.0755972 0.988504 0.130938 -0.0755972 0.988504 0.130938 -0.100713 0.979504 0.174439 0.413223 -0.563017 -0.715723 0.455214 -0.413667 -0.788454 0.413223 -0.563017 -0.715723 0.359099 -0.695838 -0.621978 0.359099 -0.695838 -0.621978 0.294433 -0.80823 -0.509973 0.294433 -0.80823 -0.509973 0.221123 -0.896894 -0.382996 0.221123 -0.896894 -0.382996 0.141321 -0.959226 -0.244775 0.141321 -0.959226 -0.244775 0.0573697 -0.993396 -0.0993672 0.0573696 -0.993396 -0.099367 -0.0282659 -0.998401 0.048958 -0.0282659 -0.998401 0.048958 -0.113071 -0.974094 0.195845 -0.113071 -0.974094 0.195845 -0.194557 -0.921189 0.336983 -0.194557 -0.921189 0.336983 -0.270331 -0.841239 0.468228 -0.270331 -0.841239 0.468228 -0.338169 -0.736592 0.585726 -0.338169 -0.736592 0.585726 -0.396078 -0.610319 0.686027 -0.396078 -0.610319 0.686027 -0.442359 -0.466127 0.766188 -0.442359 -0.466127 0.766188 0.455214 -0.413667 -0.788454 0.483841 -0.252171 -0.838038 0.483841 -0.252171 -0.838038 0.498263 -0.0832723 -0.863018 0.498263 -0.0832723 -0.863018 0.498057 0.088071 -0.86266 0.498057 0.088071 -0.86266 0.483228 0.256829 -0.836976 0.483228 0.256829 -0.836976 0.454213 0.418047 -0.78672 0.454213 0.418047 -0.78672 0.411862 0.566991 -0.713366 0.411862 0.566991 -0.713366 0.357419 0.699289 -0.619069 0.357419 0.699289 -0.619069 0.292483 0.811057 -0.506596 0.292484 0.811057 -0.506596 0.218961 0.899013 -0.379251 0.218961 0.899013 -0.379251 0.139009 0.960576 -0.240771 0.139009 0.960576 -0.240771 0.0549767 0.993937 -0.0952225 0.0549767 0.993937 -0.0952225 -0.0306699 0.998117 0.0531218 -0.0306699 0.998117 0.0531218 0.201433 -0.915259 -0.348892 0.16052 -0.947066 -0.278028 0.16052 -0.947066 -0.278028 0.201433 -0.915259 -0.348892 0.24326 -0.873669 -0.421339 0.24326 -0.873669 -0.421339 0.284855 -0.821846 -0.493383 0.324891 -0.760121 -0.562727 0.284855 -0.821846 -0.493383 0.324891 -0.760121 -0.562727 0.121386 -0.970084 -0.210246 0.0845927 -0.985584 -0.146519 0.121386 -0.970084 -0.210246 0.0845927 -0.985584 -0.146519 0.05043 -0.994901 -0.0873474 0.05043 -0.994901 -0.0873474 0.0189737 -0.99928 -0.0328634 0.0189737 -0.99928 -0.0328634 -0 -1 -0 -0 -1 -0 -0 -1 -0 -0 -1 -0 -0.339669 0.733825 0.588325 -0.301399 0.797893 0.522039 -0.301399 0.797893 0.522039 -0.223812 0.894222 0.387653 -0.26235 0.851287 0.454403 -0.26235 0.851287 0.454403 -0.18679 0.927598 0.32353 -0.151962 0.952696 0.263207 -0.18679 0.927598 0.32353 -0.223812 0.894222 0.387653 -0.151962 0.952696 0.263207 -0.339669 0.733825 0.588325 -0.139897 0.96006 0.242309 -0.139897 0.96006 0.242309 -0.139897 0.96006 0.242309 -0.139897 0.96006 0.242309 -0.866025 0 -0.5 -0.866025 0 -0.5 -0.866025 0 -0.5 -0.866025 0 -0.5 -0.866025 0 -0.5 -0.866025 0 -0.5 -0.866025 0 -0.5 -0.866025 0 -0.5 -0.866025 0 -0.5 -0.866025 0 -0.5 -0.866025 0 -0.5 -0.866025 0 -0.5 -0.866025 0 -0.5 -0.866025 0 -0.5 -0.866025 0 -0.5 -0.866025 0 -0.5 -0.866025 0 -0.5 -0.866025 0 -0.5 -0.866025 0 -0.5 -0.866025 0 -0.5 -0.866025 0 -0.5 -0.866025 0 -0.5 -0.866025 0 -0.5 -0.866025 0 -0.5 -0.866025 0 -0.5 -0.866025 0 -0.5 -0.866025 0 -0.5 -0.866025 0 -0.5 -0.866025 0 -0.5 -0.866025 0 -0.5 -0.866025 0 -0.5 -0.866025 0 -0.5 -0.866025 0 -0.5 -0.866025 0 -0.5 -0.866025 0 -0.5 -0.866025 0 -0.5 -0.866025 0 -0.5 -0.866025 0 -0.5 -0.866025 0 -0.5 -0.866025 0 -0.5 -0.866025 0 -0.5 -0.866025 0 -0.5 -0.866025 0 -0.5 -0.866025 0 -0.5 -0.866025 0 -0.5 -0.866025 0 -0.5 0.866025 0 0.5 0.866025 0 0.5 0.866025 0 0.5 0.866025 0 0.5 0.866025 0 0.5 0.866025 0 0.5 0.866025 0 0.5 0.866025 0 0.5 0.866025 0 0.5 0.866025 0 0.5 0.866025 0 0.5 0.866025 0 0.5 0.866025 0 0.5 0.866025 0 0.5 0.866025 0 0.5 0.866025 0 0.5 0.866025 0 0.5 0.866025 0 0.5 0.866025 0 0.5 0.866025 0 0.5 0.866025 0 0.5 0.866025 0 0.5 0.866025 0 0.5 0.866025 0 0.5 0.866025 0 0.5 0.866025 0 0.5 0.866025 0 0.5 0.866025 0 0.5 0.866025 0 0.5 0.866025 0 0.5 0.866025 0 0.5 0.866025 0 0.5 0.866025 0 0.5 0.866025 0 0.5 0.866025 0 0.5 0.866025 0 0.5 0.866025 0 0.5 0.866025 0 0.5 0.866025 0 0.5 0.866025 0 0.5 0.866025 0 0.5 0.866025 0 0.5 0.866025 0 0.5 0.866025 0 0.5 0.866025 0 0.5 0.866025 0 0.5 0.5 0 -0.866025 0.5 0 -0.866025 0.5 0 -0.866025 0.5 0 -0.866025 -0.5 0 0.866025 -0.5 0 0.866025 -0.5 0 0.866025 -0.5 0 0.866025 -0.0306698 0.998117 0.0531217 -0.0306698 0.998117 0.0531217 -0.0306698 0.998117 0.0531217 -0.0306698 0.998117 0.0531217</float_array>
          <technique_common>
            <accessor count="202" source="#ID72" stride="3">
              <param name="X" type="float"/>
              <param name="Y" type="float"/>
              <param name="Z" type="float"/>
            </accessor>
          </technique_common>
        </source>
        <vertices id="ID73">
          <input semantic="POSITION" source="#ID69"/>
          <input semantic="NORMAL" source="#ID71"/>
        </vertices>
        <triangles count="180" material="ID16">
          <input offset="0" semantic="VERTEX" source="#ID73"/>
          <p>0 2 1 3 5 4 6 7 5 0 7 6 3 6 5 1 7 0 8 10 9 10 12 11 12 10 8 13 11 14 12 14 11 15 16 13 13 14 15 16 18 17 18 16 15 19 17 20 18 20 17 21 22 19 19 20 21 22 24 23 24 22 21 25 23 26 24 26 23 27 28 25 25 26 27 28 30 29 30 28 27 31 29 32 30 32 29 33 34 31 31 32 33 8 9 35 36 37 35 35 9 36 37 39 38 39 37 36 40 38 41 39 41 38 42 43 40 40 41 42 43 45 44 45 43 42 46 44 47 45 47 44 48 49 46 46 47 48 49 51 50 51 49 48 52 50 53 51 53 50 54 55 52 52 53 54 55 57 56 57 55 54 57 58 56 56 58 59 60 62 61 60 64 63 63 62 60 65 64 66 64 65 63 67 68 66 65 66 68 69 68 67 70 61 62 71 72 70 61 70 72 71 74 73 73 72 71 75 74 76 74 75 73 75 76 77 78 80 79 79 81 78 82 84 83 85 87 86 88 90 89 90 88 91 92 88 89 91 85 90 87 83 86 91 87 85 82 93 84 83 84 86 94 96 95 95 97 94 98 100 99 101 103 102 102 103 104 99 100 105 99 106 98 107 99 105 108 109 99 99 107 110 108 99 111 99 110 112 113 112 114 115 112 110 116 117 112 118 119 112 120 122 121 121 124 123 125 127 126 128 130 129 128 129 126 125 126 129 122 120 130 128 122 130 117 123 124 120 121 123 131 133 132 124 112 117 134 136 135 137 134 138 137 138 111 112 119 116 137 111 112 113 118 112 112 111 99 114 112 115 134 137 136 101 139 103 135 136 139 104 140 102 132 133 141 142 141 133 132 140 131 142 143 141 140 104 131 101 135 139 144 146 145 147 144 148 149 151 150 152 153 151 144 154 146 147 155 144 144 156 154 157 144 158 157 156 144 158 160 159 160 158 144 160 162 161 160 164 163 165 167 166 168 169 160 170 172 171 173 174 166 170 176 175 177 175 176 172 173 171 170 171 176 178 180 179 173 172 174 167 165 168 165 166 174 169 162 160 167 168 160 160 155 150 164 160 161 160 144 155 163 159 160 152 181 153 178 183 182 184 183 185 180 186 179 186 187 179 188 187 186 180 178 182 181 184 185 183 184 182 185 153 181 149 150 189 152 151 149 150 155 189 190 192 191 190 191 193 194 196 195 194 195 197 198 200 199 198 199 201</p>
        </triangles>
      </mesh>
    </geometry>
    <geometry id="ID74">
      <mesh>
        <source id="ID75">
          <float_array count="606" id="ID76">-0.0184026 0.0166613 0.0378179 -0.0192503 0.015855 0.0333424 -0.0166766 0.015855 0.0348283 -0.0218635 0.0177299 0.0438124 -0.0244372 0.0177299 0.0423265 -0.0227053 0.0172863 0.0393267 -0.0201316 0.0172863 0.0408126 -0.0209763 0.0166613 0.036332 -0.0269884 0.0153978 0.0467453 -0.0244856 0.0156497 0.0483538 -0.0244148 0.0153978 0.0482312 -0.0243235 0.0151739 0.0480731 -0.0268971 0.0151739 0.0465872 -0.0242145 0.0149844 0.0478843 -0.0267881 0.0149844 0.0463984 -0.0266645 0.0148349 0.0461843 -0.0240908 0.0148349 0.0476702 -0.0239563 0.0147298 0.0474371 -0.0265299 0.0147298 0.0459512 -0.0238147 0.0146722 0.0471919 -0.0263884 0.0146722 0.045706 -0.026244 0.0146637 0.0454559 -0.0236703 0.0146637 0.0469418 -0.0235273 0.0147047 0.0466941 -0.026101 0.0147047 0.0452082 -0.0233899 0.0147939 0.0464562 -0.0259636 0.0147939 0.0449703 -0.0258358 0.0149287 0.044749 -0.0232622 0.0149287 0.0462349 -0.0231478 0.0151052 0.0460367 -0.0257214 0.0151052 0.0445508 -0.0230501 0.0153181 0.0458676 -0.0256238 0.0153181 0.0443817 -0.0255458 0.0155612 0.0442466 -0.0229721 0.0155612 0.0457325 -0.0270592 0.0156497 0.0468679 -0.0245338 0.015922 0.0484374 -0.0271075 0.015922 0.0469515 -0.0271318 0.0162068 0.0469937 -0.0245581 0.0162068 0.0484796 -0.0271315 0.0164957 0.0469931 -0.0245578 0.0164957 0.048479 -0.0245328 0.0167802 0.0484356 -0.0271064 0.0167802 0.0469497 -0.0270575 0.0170521 0.046865 -0.0244839 0.0170521 0.0483509 -0.0269861 0.0173032 0.0467413 -0.0244125 0.0173032 0.0482272 -0.0243207 0.0175263 0.0480682 -0.0268943 0.0175263 0.0465823 -0.0267848 0.0177147 0.0463927 -0.0242112 0.0177147 0.0478786 -0.0266609 0.0178631 0.0461779 -0.0240872 0.0178631 0.0476638 -0.0239524 0.0179669 0.0474304 -0.026526 0.0179669 0.0459444 -0.0263843 0.0180231 0.045699 -0.0238107 0.0180231 0.0471849 -0.0236663 0.0180302 0.0469348 -0.0262399 0.0180302 0.0454489 -0.0160224 0.0114429 0.0277516 -0.0178429 0.0128516 0.0309048 -0.0152692 0.0128516 0.0323907 -0.0134487 0.0114429 0.0292375 -0.0142685 0.00969651 0.0247137 -0.0116948 0.00969651 0.0261996 -0.0125866 0.0076022 0.0218007 -0.0109863 0.00514255 0.0190289 -0.010013 0.0076022 0.0232866 -0.00841269 0.00514255 0.0205148 -0.01714 0.0139526 0.035631 -0.0190553 0.0147568 0.0389483 -0.0197137 0.0139526 0.0341451 -0.0216289 0.0147568 0.0374624 -0.0209993 0.015293 0.0423154 -0.0235729 0.015293 0.0408295 -0.0229721 0.0155612 0.0457325 -0.0255458 0.0155612 0.0442466 -0.0109863 0.00514255 0.0190289 -0.00656013 0.00514255 0.0173061 -0.00913379 0.00514255 0.0158202 -0.00841269 0.00514255 0.0205148 -0.0081533 0.00779645 0.0200655 -0.00913379 0.00514255 0.0158202 -0.00656013 0.00514255 0.0173061 -0.0134077 0.0137025 0.0291665 -0.0141602 0.0120617 0.0245261 -0.0115865 0.0120617 0.026012 -0.00982875 0.0101028 0.0229675 -0.0124024 0.0101028 0.0214816 -0.010727 0.00779645 0.0185796 -0.0152817 0.0150419 0.0324122 -0.0178553 0.0150419 0.0309263 -0.0159814 0.0137025 0.0276806 -0.0178553 0.0150419 0.0309263 -0.0166766 0.015855 0.0348283 -0.0192503 0.015855 0.0333424 -0.0152817 0.0150419 0.0324122 -0.0239524 0.0179669 0.0474304 -0.0236663 0.0180302 0.0469348 -0.0240872 0.0178631 0.0476638 -0.0152817 0.0150419 0.0324122 -0.0134077 0.0137025 0.0291665 -0.0152692 0.0128516 0.0323907 -0.0134487 0.0114429 0.0292375 -0.0242112 0.0177147 0.0478786 -0.0238107 0.0180231 0.0471849 -0.0243207 0.0175263 0.0480682 -0.0218635 0.0204088 0.0438124 -0.0236663 0.0206304 0.0469348 -0.0244125 0.0173032 0.0482272 -0.0218635 0.0177299 0.0438124 -0.0229721 0.0155612 0.0457325 -0.0245578 0.0164957 0.048479 -0.0245328 0.0167802 0.0484356 -0.0244839 0.0170521 0.0483509 -0.0244856 0.0156497 0.0483538 -0.0244148 0.0153978 0.0482312 -0.0245581 0.0162068 0.0484796 -0.0245338 0.015922 0.0484374 -0.0242145 0.0149844 0.0478843 -0.0231478 0.0151052 0.0460367 -0.0232622 0.0149287 0.0462349 -0.0243235 0.0151739 0.0480731 -0.0230501 0.0153181 0.0458676 -0.0238147 0.0146722 0.0471919 -0.0235273 0.0147047 0.0466941 -0.0236703 0.0146637 0.0469418 -0.0233899 0.0147939 0.0464562 -0.0239563 0.0147298 0.0474371 -0.0240908 0.0148349 0.0476702 -0.0116948 0.00969651 0.0261996 -0.00982875 0.0101028 0.0229675 -0.010013 0.0076022 0.0232866 -0.0184026 0.0166613 0.0378179 -0.0166766 0.015855 0.0348283 -0.0190553 0.0147568 0.0389483 -0.0209993 0.015293 0.0423154 -0.0201316 0.0172863 0.0408126 -0.01714 0.0139526 0.035631 -0.0115865 0.0120617 0.026012 -0.0081533 0.00779645 0.0200655 -0.00841269 0.00514255 0.0205148 -0.00656013 0.00514255 0.0173061 -0.0262399 0.0180302 0.0454489 -0.0263843 0.0180231 0.045699 -0.026526 0.0179669 0.0459444 -0.0244372 0.0204088 0.0423265 -0.0262399 0.0206304 0.0454489 -0.0209763 0.0166613 0.036332 -0.0235729 0.015293 0.0408295 -0.0216289 0.0147568 0.0374624 -0.0192503 0.015855 0.0333424 -0.0197137 0.0139526 0.0341451 -0.0266609 0.0178631 0.0461779 -0.0244372 0.0177299 0.0423265 -0.0267848 0.0177147 0.0463927 -0.0268943 0.0175263 0.0465823 -0.0269861 0.0173032 0.0467413 -0.0270575 0.0170521 0.046865 -0.0255458 0.0155612 0.0442466 -0.0271318 0.0162068 0.0469937 -0.0271075 0.015922 0.0469515 -0.0271064 0.0167802 0.0469497 -0.0271315 0.0164957 0.0469931 -0.0268971 0.0151739 0.0465872 -0.0257214 0.0151052 0.0445508 -0.0256238 0.0153181 0.0443817 -0.0269884 0.0153978 0.0467453 -0.0270592 0.0156497 0.0468679 -0.0265299 0.0147298 0.0459512 -0.0259636 0.0147939 0.0449703 -0.0266645 0.0148349 0.0461843 -0.0258358 0.0149287 0.044749 -0.0267881 0.0149844 0.0463984 -0.0263884 0.0146722 0.045706 -0.026101 0.0147047 0.0452082 -0.026244 0.0146637 0.0454559 -0.0142685 0.00969651 0.0247137 -0.0125866 0.0076022 0.0218007 -0.0124024 0.0101028 0.0214816 -0.0178553 0.0150419 0.0309263 -0.0141602 0.0120617 0.0245261 -0.0160224 0.0114429 0.0277516 -0.0159814 0.0137025 0.0276806 -0.0178429 0.0128516 0.0309048 -0.010727 0.00779645 0.0185796 -0.0109863 0.00514255 0.0190289 -0.00913379 0.00514255 0.0158202 -0.0227053 0.0172863 0.0393267 -0.0262399 0.0180302 0.0454489 -0.0236663 0.0206304 0.0469348 -0.0236663 0.0180302 0.0469348 -0.0262399 0.0206304 0.0454489 -0.0244372 0.0204088 0.0423265 -0.0218635 0.0177299 0.0438124 -0.0218635 0.0204088 0.0438124 -0.0244372 0.0177299 0.0423265 -0.0262399 0.0206304 0.0454489 -0.0218635 0.0204088 0.0438124 -0.0236663 0.0206304 0.0469348 -0.0244372 0.0204088 0.0423265</float_array>
          <technique_common>
            <accessor count="202" source="#ID76" stride="3">
              <param name="X" type="float"/>
              <param name="Y" type="float"/>
              <param name="Z" type="float"/>
            </accessor>
          </technique_common>
        </source>
        <source id="ID77">
          <float_array count="606" id="ID78">0.100713 0.979504 -0.174439 0.128028 0.966662 -0.221751 0.128028 0.966662 -0.221751 0.0526193 0.994447 -0.0911393 0.0526193 0.994447 -0.0911393 0.0755972 0.988504 -0.130938 0.0755972 0.988504 -0.130938 0.100713 0.979504 -0.174439 -0.413223 -0.563017 0.715723 -0.455214 -0.413667 0.788454 -0.413223 -0.563017 0.715723 -0.359099 -0.695838 0.621978 -0.359099 -0.695838 0.621978 -0.294433 -0.80823 0.509973 -0.294433 -0.80823 0.509973 -0.221123 -0.896894 0.382996 -0.221123 -0.896894 0.382996 -0.141321 -0.959226 0.244775 -0.141321 -0.959226 0.244775 -0.0573697 -0.993396 0.0993672 -0.0573696 -0.993396 0.099367 0.0282659 -0.998401 -0.048958 0.0282659 -0.998401 -0.048958 0.113071 -0.974094 -0.195845 0.113071 -0.974094 -0.195845 0.194557 -0.921189 -0.336983 0.194557 -0.921189 -0.336983 0.270331 -0.841239 -0.468228 0.270331 -0.841239 -0.468228 0.338169 -0.736592 -0.585726 0.338169 -0.736592 -0.585726 0.396078 -0.610319 -0.686027 0.396078 -0.610319 -0.686027 0.442359 -0.466127 -0.766188 0.442359 -0.466127 -0.766188 -0.455214 -0.413667 0.788454 -0.483841 -0.252171 0.838038 -0.483841 -0.252171 0.838038 -0.498263 -0.0832723 0.863018 -0.498263 -0.0832723 0.863018 -0.498057 0.088071 0.86266 -0.498057 0.088071 0.86266 -0.483228 0.256829 0.836976 -0.483228 0.256829 0.836976 -0.454213 0.418047 0.78672 -0.454213 0.418047 0.78672 -0.411862 0.566991 0.713366 -0.411862 0.566991 0.713366 -0.357419 0.699289 0.619069 -0.357419 0.699289 0.619069 -0.292483 0.811057 0.506596 -0.292484 0.811057 0.506596 -0.218961 0.899013 0.379251 -0.218961 0.899013 0.379251 -0.139009 0.960576 0.240771 -0.139009 0.960576 0.240771 -0.0549767 0.993937 0.0952225 -0.0549767 0.993937 0.0952225 0.0306699 0.998117 -0.0531218 0.0306699 0.998117 -0.0531218 -0.201433 -0.915259 0.348892 -0.16052 -0.947066 0.278028 -0.16052 -0.947066 0.278028 -0.201433 -0.915259 0.348892 -0.24326 -0.873669 0.421339 -0.24326 -0.873669 0.421339 -0.284855 -0.821846 0.493383 -0.324891 -0.760121 0.562727 -0.284855 -0.821846 0.493383 -0.324891 -0.760121 0.562727 -0.121386 -0.970084 0.210246 -0.0845927 -0.985584 0.146519 -0.121386 -0.970084 0.210246 -0.0845927 -0.985584 0.146519 -0.05043 -0.994901 0.0873474 -0.05043 -0.994901 0.0873474 -0.0189737 -0.99928 0.0328634 -0.0189737 -0.99928 0.0328634 -0 -1 -0 -0 -1 -0 -0 -1 -0 -0 -1 -0 0.301399 0.797893 -0.522039 0.339669 0.733825 -0.588325 0.339669 0.733825 -0.588325 0.18679 0.927598 -0.32353 0.223812 0.894222 -0.387653 0.223812 0.894222 -0.387653 0.26235 0.851287 -0.454403 0.26235 0.851287 -0.454403 0.301399 0.797893 -0.522039 0.151962 0.952696 -0.263207 0.151962 0.952696 -0.263207 0.18679 0.927598 -0.32353 0.139897 0.96006 -0.242309 0.139897 0.96006 -0.242309 0.139897 0.96006 -0.242309 0.139897 0.96006 -0.242309 0.866025 0 0.5 0.866025 0 0.5 0.866025 0 0.5 0.866025 0 0.5 0.866025 0 0.5 0.866025 0 0.5 0.866025 0 0.5 0.866025 0 0.5 0.866025 0 0.5 0.866025 0 0.5 0.866025 0 0.5 0.866025 0 0.5 0.866025 0 0.5 0.866025 0 0.5 0.866025 0 0.5 0.866025 0 0.5 0.866025 0 0.5 0.866025 0 0.5 0.866025 0 0.5 0.866025 0 0.5 0.866025 0 0.5 0.866025 0 0.5 0.866025 0 0.5 0.866025 0 0.5 0.866025 0 0.5 0.866025 0 0.5 0.866025 0 0.5 0.866025 0 0.5 0.866025 0 0.5 0.866025 0 0.5 0.866025 0 0.5 0.866025 0 0.5 0.866025 0 0.5 0.866025 0 0.5 0.866025 0 0.5 0.866025 0 0.5 0.866025 0 0.5 0.866025 0 0.5 0.866025 0 0.5 0.866025 0 0.5 0.866025 0 0.5 0.866025 0 0.5 0.866025 0 0.5 0.866025 0 0.5 0.866025 0 0.5 0.866025 0 0.5 -0.866025 -0 -0.5 -0.866025 -0 -0.5 -0.866025 -0 -0.5 -0.866025 -0 -0.5 -0.866025 -0 -0.5 -0.866025 -0 -0.5 -0.866025 -0 -0.5 -0.866025 -0 -0.5 -0.866025 -0 -0.5 -0.866025 -0 -0.5 -0.866025 -0 -0.5 -0.866025 -0 -0.5 -0.866025 -0 -0.5 -0.866025 -0 -0.5 -0.866025 -0 -0.5 -0.866025 -0 -0.5 -0.866025 -0 -0.5 -0.866025 -0 -0.5 -0.866025 -0 -0.5 -0.866025 -0 -0.5 -0.866025 -0 -0.5 -0.866025 -0 -0.5 -0.866025 -0 -0.5 -0.866025 -0 -0.5 -0.866025 -0 -0.5 -0.866025 -0 -0.5 -0.866025 -0 -0.5 -0.866025 -0 -0.5 -0.866025 -0 -0.5 -0.866025 -0 -0.5 -0.866025 -0 -0.5 -0.866025 -0 -0.5 -0.866025 -0 -0.5 -0.866025 -0 -0.5 -0.866025 -0 -0.5 -0.866025 -0 -0.5 -0.866025 -0 -0.5 -0.866025 -0 -0.5 -0.866025 -0 -0.5 -0.866025 -0 -0.5 -0.866025 -0 -0.5 -0.866025 -0 -0.5 -0.866025 -0 -0.5 -0.866025 -0 -0.5 -0.866025 -0 -0.5 -0.866025 -0 -0.5 -0.5 0 0.866025 -0.5 0 0.866025 -0.5 0 0.866025 -0.5 0 0.866025 0.5 0 -0.866025 0.5 0 -0.866025 0.5 0 -0.866025 0.5 0 -0.866025 0.0306698 0.998117 -0.0531217 0.0306698 0.998117 -0.0531217 0.0306698 0.998117 -0.0531217 0.0306698 0.998117 -0.0531217</float_array>
          <technique_common>
            <accessor count="202" source="#ID78" stride="3">
              <param name="X" type="float"/>
              <param name="Y" type="float"/>
              <param name="Z" type="float"/>
            </accessor>
          </technique_common>
        </source>
        <vertices id="ID79">
          <input semantic="POSITION" source="#ID75"/>
          <input semantic="NORMAL" source="#ID77"/>
        </vertices>
        <triangles count="180" material="ID16">
          <input offset="0" semantic="VERTEX" source="#ID79"/>
          <p>0 2 1 3 5 4 6 7 5 0 7 6 3 6 5 1 7 0 8 10 9 10 12 11 12 10 8 13 11 14 12 14 11 15 16 13 13 14 15 16 18 17 18 16 15 19 17 20 18 20 17 21 22 19 19 20 21 22 24 23 24 22 21 25 23 26 24 26 23 27 28 25 25 26 27 28 30 29 30 28 27 31 29 32 30 32 29 33 34 31 31 32 33 8 9 35 36 37 35 35 9 36 37 39 38 39 37 36 40 38 41 39 41 38 42 43 40 40 41 42 43 45 44 45 43 42 46 44 47 45 47 44 48 49 46 46 47 48 49 51 50 51 49 48 52 50 53 51 53 50 54 55 52 52 53 54 55 57 56 57 55 54 57 58 56 56 58 59 60 62 61 60 64 63 63 62 60 65 64 66 64 65 63 67 68 66 65 66 68 69 68 67 70 61 62 71 72 70 61 70 72 71 74 73 73 72 71 75 74 76 74 75 73 75 76 77 78 80 79 79 81 78 82 84 83 85 87 86 88 90 89 91 93 92 93 91 85 86 87 89 93 85 86 88 82 90 87 88 89 83 90 82 94 96 95 95 97 94 98 100 99 101 103 102 102 103 104 99 100 105 99 106 98 107 99 105 108 109 99 99 107 110 108 99 111 99 110 112 113 112 114 115 112 110 116 117 112 118 119 112 120 122 121 121 124 123 125 127 126 128 130 129 128 129 126 125 126 129 122 120 130 128 122 130 117 123 124 120 121 123 131 133 132 124 112 117 134 136 135 137 134 138 137 138 111 112 119 116 137 111 112 113 118 112 112 111 99 114 112 115 134 137 136 101 139 103 135 136 139 104 140 102 132 133 141 142 141 133 132 140 131 142 143 141 140 104 131 101 135 139 144 146 145 147 144 148 149 151 150 152 153 151 144 154 146 147 155 144 144 156 154 157 144 158 157 156 144 158 160 159 160 158 144 160 162 161 160 164 163 165 167 166 168 169 160 170 172 171 173 174 166 170 176 175 177 175 176 172 173 171 170 171 176 178 180 179 173 172 174 167 165 168 165 166 174 169 162 160 167 168 160 160 155 150 164 160 161 160 144 155 163 159 160 152 181 153 178 183 182 184 183 185 180 186 179 186 187 179 188 187 186 180 178 182 181 184 185 183 184 182 185 153 181 149 150 189 152 151 149 150 155 189 190 192 191 190 191 193 194 196 195 194 195 197 198 200 199 198 199 201</p>
        </triangles>
      </mesh>
    </geometry>
    <geometry id="ID80">
      <mesh>
        <source id="ID81">
          <float_array count="96" id="ID82">0.0208922 0.0153287 0.0302428 0.0213572 0.0155997 0.0310482 0.0183186 0.0153287 0.0317287 0.0178553 0.0150419 0.0309263 0.020429 0.0150419 0.0294404 0.0187836 0.0155997 0.0325341 0.0218239 0.015855 0.0318565 0.0192503 0.015855 0.0333424 -5.77316e-18 0.0576366 -7.99361e-18 0.00257365 0.0576366 -0.0014859 0.020429 0.0150419 0.0294404 0.0178553 0.0150419 0.0309263 0.0192503 0.015855 0.0333424 0.0218239 0.015855 0.0318565 0.00257365 0.0617773 -0.0014859 -2.30926e-17 0.0617773 -2.37588e-17 0.00257365 0.0576366 -0.0014859 0.0218239 0.015855 0.0318565 0.0213572 0.0155997 0.0310482 0.00257365 0.0617773 -0.0014859 0.0208922 0.0153287 0.0302428 0.020429 0.0150419 0.0294404 -5.77316e-18 0.0576366 -7.99361e-18 0.0192503 0.015855 0.0333424 -2.30926e-17 0.0617773 -2.37588e-17 0.0187836 0.0155997 0.0325341 0.0178553 0.0150419 0.0309263 0.0183186 0.0153287 0.0317287 -2.30926e-17 0.0617773 -2.37588e-17 0.00257365 0.0617773 -0.0014859 0.00257365 0.0576366 -0.0014859 -5.77316e-18 0.0576366 -7.99361e-18</float_array>
          <technique_common>
            <accessor count="32" source="#ID82" stride="3">
              <param name="X" type="float"/>
              <param name="Y" type="float"/>
              <param name="Z" type="float"/>
            </accessor>
          </technique_common>
        </source>
        <source id="ID83">
          <float_array count="96" id="ID84">0.143825 -0.957736 0.249112 0.135846 -0.962384 0.235292 0.143825 -0.957736 0.249112 0.151962 -0.952696 0.263207 0.151962 -0.952696 0.263207 0.135846 -0.962384 0.235292 0.128028 -0.966662 0.221751 0.128028 -0.966662 0.221751 -0.383158 -0.642465 -0.663648 -0.383158 -0.642465 -0.663648 -0.383158 -0.642465 -0.663648 -0.383158 -0.642465 -0.663648 0.383158 0.642465 0.663648 0.383158 0.642465 0.663648 0.383158 0.642465 0.663648 0.383158 0.642465 0.663648 0.866025 0 -0.5 0.866025 0 -0.5 0.866025 0 -0.5 0.866025 0 -0.5 0.866025 0 -0.5 0.866025 0 -0.5 -0.866025 0 0.5 -0.866025 0 0.5 -0.866025 0 0.5 -0.866025 0 0.5 -0.866025 0 0.5 -0.866025 0 0.5 -0.5 -8.37879e-16 -0.866025 -0.5 -8.37879e-16 -0.866025 -0.5 -8.37879e-16 -0.866025 -0.5 -8.37879e-16 -0.866025</float_array>
          <technique_common>
            <accessor count="32" source="#ID84" stride="3">
              <param name="X" type="float"/>
              <param name="Y" type="float"/>
              <param name="Z" type="float"/>
            </accessor>
          </technique_common>
        </source>
        <vertices id="ID85">
          <input semantic="POSITION" source="#ID81"/>
          <input semantic="NORMAL" source="#ID83"/>
        </vertices>
        <triangles count="20" material="ID29">
          <input offset="0" semantic="VERTEX" source="#ID85"/>
          <p>0 1 2 3 4 0 0 2 3 2 1 5 1 6 5 5 6 7 8 9 10 8 10 11 12 13 14 12 14 15 16 17 18 17 16 19 18 20 16 20 21 16 22 23 24 22 25 23 26 27 22 22 27 25 28 29 30 28 30 31</p>
        </triangles>
      </mesh>
    </geometry>
    <geometry id="ID86">
      <mesh>
        <source id="ID87">
          <float_array count="96" id="ID88">0.0157449 0.0153287 -0.0332146 0.0162099 0.0155997 -0.03402 0.0183186 0.0153287 -0.0317287 0.0178553 0.0150419 -0.0309263 0.0152817 0.0150419 -0.0324122 0.0187836 0.0155997 -0.0325341 0.0166766 0.015855 -0.0348283 0.0192503 0.015855 -0.0333424 -1.24345e-17 0.0576366 1.93179e-17 -0.00257365 0.0576366 -0.0014859 0.0152817 0.0150419 -0.0324122 0.0178553 0.0150419 -0.0309263 0.0192503 0.015855 -0.0333424 0.0166766 0.015855 -0.0348283 -0.00257365 0.0617773 -0.0014859 -6.21725e-18 0.0617773 4.39648e-17 -0.00257365 0.0576366 -0.0014859 0.0166766 0.015855 -0.0348283 0.0162099 0.0155997 -0.03402 -0.00257365 0.0617773 -0.0014859 0.0157449 0.0153287 -0.0332146 0.0152817 0.0150419 -0.0324122 -1.24345e-17 0.0576366 1.93179e-17 0.0192503 0.015855 -0.0333424 -6.21725e-18 0.0617773 4.39648e-17 0.0187836 0.0155997 -0.0325341 0.0178553 0.0150419 -0.0309263 0.0183186 0.0153287 -0.0317287 -6.21725e-18 0.0617773 4.39648e-17 -0.00257365 0.0617773 -0.0014859 -0.00257365 0.0576366 -0.0014859 -1.24345e-17 0.0576366 1.93179e-17</float_array>
          <technique_common>
            <accessor count="32" source="#ID88" stride="3">
              <param name="X" type="float"/>
              <param name="Y" type="float"/>
              <param name="Z" type="float"/>
            </accessor>
          </technique_common>
        </source>
        <source id="ID89">
          <float_array count="96" id="ID90">0.143825 -0.957736 -0.249112 0.135846 -0.962384 -0.235292 0.143825 -0.957736 -0.249112 0.151962 -0.952696 -0.263207 0.151962 -0.952696 -0.263207 0.135846 -0.962384 -0.235292 0.128028 -0.966662 -0.221751 0.128028 -0.966662 -0.221751 -0.383158 -0.642465 0.663648 -0.383158 -0.642465 0.663648 -0.383158 -0.642465 0.663648 -0.383158 -0.642465 0.663648 0.383158 0.642465 -0.663648 0.383158 0.642465 -0.663648 0.383158 0.642465 -0.663648 0.383158 0.642465 -0.663648 -0.866025 0 -0.5 -0.866025 0 -0.5 -0.866025 0 -0.5 -0.866025 0 -0.5 -0.866025 0 -0.5 -0.866025 0 -0.5 0.866025 0 0.5 0.866025 0 0.5 0.866025 0 0.5 0.866025 0 0.5 0.866025 0 0.5 0.866025 0 0.5 -0.5 -8.37879e-16 0.866025 -0.5 -8.37879e-16 0.866025 -0.5 -8.37879e-16 0.866025 -0.5 -8.37879e-16 0.866025</float_array>
          <technique_common>
            <accessor count="32" source="#ID90" stride="3">
              <param name="X" type="float"/>
              <param name="Y" type="float"/>
              <param name="Z" type="float"/>
            </accessor>
          </technique_common>
        </source>
        <vertices id="ID91">
          <input semantic="POSITION" source="#ID87"/>
          <input semantic="NORMAL" source="#ID89"/>
        </vertices>
        <triangles count="20" material="ID29">
          <input offset="0" semantic="VERTEX" source="#ID91"/>
          <p>0 1 2 3 4 0 0 2 3 2 1 5 1 6 5 5 6 7 8 9 10 8 10 11 12 13 14 12 14 15 16 17 18 17 16 19 18 20 16 20 21 16 22 23 24 22 25 23 26 27 22 22 27 25 28 29 30 28 30 31</p>
        </triangles>
      </mesh>
    </geometry>
    <geometry id="ID92">
      <mesh>
        <source id="ID93">
          <float_array count="96" id="ID94">-0.0157449 0.0153287 0.0332146 -0.0162099 0.0155997 0.03402 -0.0183186 0.0153287 0.0317287 -0.0178553 0.0150419 0.0309263 -0.0152817 0.0150419 0.0324122 -0.0187836 0.0155997 0.0325341 -0.0166766 0.015855 0.0348283 -0.0192503 0.015855 0.0333424 -4.88498e-18 0.0576366 9.76996e-18 0.00257365 0.0576366 0.0014859 -0.0152817 0.0150419 0.0324122 -0.0178553 0.0150419 0.0309263 -0.0192503 0.015855 0.0333424 -0.0166766 0.015855 0.0348283 0.00257365 0.0617773 0.0014859 1.55431e-17 0.0617773 -3.33067e-18 0.00257365 0.0576366 0.0014859 -0.0166766 0.015855 0.0348283 -0.0162099 0.0155997 0.03402 0.00257365 0.0617773 0.0014859 -0.0157449 0.0153287 0.0332146 -0.0152817 0.0150419 0.0324122 -4.88498e-18 0.0576366 9.76996e-18 -0.0192503 0.015855 0.0333424 1.55431e-17 0.0617773 -3.33067e-18 -0.0187836 0.0155997 0.0325341 -0.0178553 0.0150419 0.0309263 -0.0183186 0.0153287 0.0317287 1.55431e-17 0.0617773 -3.33067e-18 0.00257365 0.0617773 0.0014859 0.00257365 0.0576366 0.0014859 -4.88498e-18 0.0576366 9.76996e-18</float_array>
          <technique_common>
            <accessor count="32" source="#ID94" stride="3">
              <param name="X" type="float"/>
              <param name="Y" type="float"/>
              <param name="Z" type="float"/>
            </accessor>
          </technique_common>
        </source>
        <source id="ID95">
          <float_array count="96" id="ID96">-0.143825 -0.957736 0.249112 -0.135846 -0.962384 0.235292 -0.143825 -0.957736 0.249112 -0.151962 -0.952696 0.263207 -0.151962 -0.952696 0.263207 -0.135846 -0.962384 0.235292 -0.128028 -0.966662 0.221751 -0.128028 -0.966662 0.221751 0.383158 -0.642465 -0.663648 0.383158 -0.642465 -0.663648 0.383158 -0.642465 -0.663648 0.383158 -0.642465 -0.663648 -0.383158 0.642465 0.663648 -0.383158 0.642465 0.663648 -0.383158 0.642465 0.663648 -0.383158 0.642465 0.663648 0.866025 0 0.5 0.866025 0 0.5 0.866025 0 0.5 0.866025 0 0.5 0.866025 0 0.5 0.866025 0 0.5 -0.866025 -0 -0.5 -0.866025 -0 -0.5 -0.866025 -0 -0.5 -0.866025 -0 -0.5 -0.866025 -0 -0.5 -0.866025 -0 -0.5 0.5 -8.37879e-16 -0.866025 0.5 -8.37879e-16 -0.866025 0.5 -8.37879e-16 -0.866025 0.5 -8.37879e-16 -0.866025</float_array>
          <technique_common>
            <accessor count="32" source="#ID96" stride="3">
              <param name="X" type="float"/>
              <param name="Y" type="float"/>
              <param name="Z" type="float"/>
            </accessor>
          </technique_common>
        </source>
        <vertices id="ID97">
          <input semantic="POSITION" source="#ID93"/>
          <input semantic="NORMAL" source="#ID95"/>
        </vertices>
        <triangles count="20" material="ID29">
          <input offset="0" semantic="VERTEX" source="#ID97"/>
          <p>0 1 2 3 4 0 0 2 3 2 1 5 1 6 5 5 6 7 8 9 10 8 10 11 12 13 14 12 14 15 16 17 18 17 16 19 18 20 16 20 21 16 22 23 24 22 25 23 26 27 22 22 27 25 28 29 30 28 30 31</p>
        </triangles>
      </mesh>
    </geometry>
  </library_geometries>

  <library_visual_scenes>
    <visual_scene id="ID1">
      <node id="ID2" name="683ba7e0494fee3206e82baa">
        <instance_geometry url="#ID3">
          <bind_material>
            <technique_common>
              <instance_material symbol="ID9" target="#ID9"/>
            </technique_common>
          </bind_material>
        </instance_geometry>
        <instance_geometry url="#ID10">
          <bind_material>
            <technique_common>
              <instance_material symbol="ID16" target="#ID16"/>
            </technique_common>
          </bind_material>
        </instance_geometry>
        <instance_geometry url="#ID17">
          <bind_material>
            <technique_common>
              <instance_material symbol="ID16" target="#ID16"/>
            </technique_common>
          </bind_material>
        </instance_geometry>
        <instance_geometry url="#ID23">
          <bind_material>
            <technique_common>
              <instance_material symbol="ID29" target="#ID29"/>
            </technique_common>
          </bind_material>
        </instance_geometry>
        <instance_geometry url="#ID30">
          <bind_material>
            <technique_common>
              <instance_material symbol="ID16" target="#ID16"/>
            </technique_common>
          </bind_material>
        </instance_geometry>
        <instance_geometry url="#ID36">
          <bind_material>
            <technique_common>
              <instance_material symbol="ID42" target="#ID42"/>
            </technique_common>
          </bind_material>
        </instance_geometry>
        <instance_geometry url="#ID43">
          <bind_material>
            <technique_common>
              <instance_material symbol="ID29" target="#ID29"/>
            </technique_common>
          </bind_material>
        </instance_geometry>
        <instance_geometry url="#ID49">
          <bind_material>
            <technique_common>
              <instance_material symbol="ID55" target="#ID55"/>
            </technique_common>
          </bind_material>
        </instance_geometry>
        <instance_geometry url="#ID56">
          <bind_material>
            <technique_common>
              <instance_material symbol="ID29" target="#ID29"/>
            </technique_common>
          </bind_material>
        </instance_geometry>
        <instance_geometry url="#ID62">
          <bind_material>
            <technique_common>
              <instance_material symbol="ID16" target="#ID16"/>
            </technique_common>
          </bind_material>
        </instance_geometry>
        <instance_geometry url="#ID68">
          <bind_material>
            <technique_common>
              <instance_material symbol="ID16" target="#ID16"/>
            </technique_common>
          </bind_material>
        </instance_geometry>
        <instance_geometry url="#ID74">
          <bind_material>
            <technique_common>
              <instance_material symbol="ID16" target="#ID16"/>
            </technique_common>
          </bind_material>
        </instance_geometry>
        <instance_geometry url="#ID80">
          <bind_material>
            <technique_common>
              <instance_material symbol="ID29" target="#ID29"/>
            </technique_common>
          </bind_material>
        </instance_geometry>
        <instance_geometry url="#ID86">
          <bind_material>
            <technique_common>
              <instance_material symbol="ID29" target="#ID29"/>
            </technique_common>
          </bind_material>
        </instance_geometry>
        <instance_geometry url="#ID92">
          <bind_material>
            <technique_common>
              <instance_material symbol="ID29" target="#ID29"/>
            </technique_common>
          </bind_material>
        </instance_geometry>
      </node>
    </visual_scene>
  </library_visual_scenes>

  <scene>
    <instance_visual_scene url="#ID1"/>
  </scene>

  <library_nodes/>

</COLLADA>
