<?xml version="1.0" encoding="UTF-8" standalone="no" ?>
<COLLADA version="1.4.1" xmlns="http://www.collada.org/2005/11/COLLADASchema">

  <asset>
    <contributor>
      <authoring_tool>ONSHAPE BY PTC INC, 1.198</authoring_tool>
    </contributor>
    <created>2025-06-01T10:20:17</created>
    <modified>2025-06-01T10:20:17</modified>
    <unit meter="1" name="meters"/>
    <up_axis>Z_UP</up_axis>
  </asset>

  <library_materials>
    <material id="ID9" name="ID9">
      <instance_effect url="#ID9-fx"/>
    </material>
    <material id="ID16" name="ID16">
      <instance_effect url="#ID16-fx"/>
    </material>
    <material id="ID29" name="ID29">
      <instance_effect url="#ID29-fx"/>
    </material>
    <material id="ID42" name="ID42">
      <instance_effect url="#ID42-fx"/>
    </material>
    <material id="ID49" name="ID49">
      <instance_effect url="#ID49-fx"/>
    </material>
    <material id="ID56" name="ID56">
      <instance_effect url="#ID56-fx"/>
    </material>
    <material id="ID69" name="ID69">
      <instance_effect url="#ID69-fx"/>
    </material>
    <material id="ID82" name="ID82">
      <instance_effect url="#ID82-fx"/>
    </material>
  </library_materials>

  <library_effects>
    <effect id="ID9-fx" name="ID9">
      <profile_COMMON>
        <technique sid="COMMON">
          <lambert>
            <diffuse>
              <color sid="diffuse">0.968627 0.52549 0.00392157 1</color>
            </diffuse>
            <transparent opaque="A_ONE">
              <color sid="transparent">1 1 1 1</color>
            </transparent>
            <transparency>
              <float sid="transparency">1</float>
            </transparency>
          </lambert>
        </technique>
        <extra>
          <technique profile="OTHER">
            <double_sided>1</double_sided>
          </technique>
        </extra>
      </profile_COMMON>
    </effect>
    <effect id="ID16-fx" name="ID16">
      <profile_COMMON>
        <technique sid="COMMON">
          <lambert>
            <diffuse>
              <color sid="diffuse">0.498039 0.498039 0.498039 1</color>
            </diffuse>
            <transparent opaque="A_ONE">
              <color sid="transparent">1 1 1 1</color>
            </transparent>
            <transparency>
              <float sid="transparency">1</float>
            </transparency>
          </lambert>
        </technique>
        <extra>
          <technique profile="OTHER">
            <double_sided>1</double_sided>
          </technique>
        </extra>
      </profile_COMMON>
    </effect>
    <effect id="ID29-fx" name="ID29">
      <profile_COMMON>
        <technique sid="COMMON">
          <lambert>
            <diffuse>
              <color sid="diffuse">0.647059 0.647059 0.647059 1</color>
            </diffuse>
            <transparent opaque="A_ONE">
              <color sid="transparent">1 1 1 1</color>
            </transparent>
            <transparency>
              <float sid="transparency">1</float>
            </transparency>
          </lambert>
        </technique>
        <extra>
          <technique profile="OTHER">
            <double_sided>1</double_sided>
          </technique>
        </extra>
      </profile_COMMON>
    </effect>
    <effect id="ID42-fx" name="ID42">
      <profile_COMMON>
        <technique sid="COMMON">
          <lambert>
            <diffuse>
              <color sid="diffuse">0.976471 0.709804 0.00392157 1</color>
            </diffuse>
            <transparent opaque="A_ONE">
              <color sid="transparent">1 1 1 1</color>
            </transparent>
            <transparency>
              <float sid="transparency">1</float>
            </transparency>
          </lambert>
        </technique>
        <extra>
          <technique profile="OTHER">
            <double_sided>1</double_sided>
          </technique>
        </extra>
      </profile_COMMON>
    </effect>
    <effect id="ID49-fx" name="ID49">
      <profile_COMMON>
        <technique sid="COMMON">
          <lambert>
            <diffuse>
              <color sid="diffuse">0.615686 0.811765 0.92549 1</color>
            </diffuse>
            <transparent opaque="A_ONE">
              <color sid="transparent">1 1 1 1</color>
            </transparent>
            <transparency>
              <float sid="transparency">1</float>
            </transparency>
          </lambert>
        </technique>
        <extra>
          <technique profile="OTHER">
            <double_sided>1</double_sided>
          </technique>
        </extra>
      </profile_COMMON>
    </effect>
    <effect id="ID56-fx" name="ID56">
      <profile_COMMON>
        <technique sid="COMMON">
          <lambert>
            <diffuse>
              <color sid="diffuse">0.231373 0.376471 0.705882 1</color>
            </diffuse>
            <transparent opaque="A_ONE">
              <color sid="transparent">1 1 1 1</color>
            </transparent>
            <transparency>
              <float sid="transparency">1</float>
            </transparency>
          </lambert>
        </technique>
        <extra>
          <technique profile="OTHER">
            <double_sided>1</double_sided>
          </technique>
        </extra>
      </profile_COMMON>
    </effect>
    <effect id="ID69-fx" name="ID69">
      <profile_COMMON>
        <technique sid="COMMON">
          <lambert>
            <diffuse>
              <color sid="diffuse">0.913725 0.913725 0.913725 1</color>
            </diffuse>
            <transparent opaque="A_ONE">
              <color sid="transparent">1 1 1 1</color>
            </transparent>
            <transparency>
              <float sid="transparency">1</float>
            </transparency>
          </lambert>
        </technique>
        <extra>
          <technique profile="OTHER">
            <double_sided>1</double_sided>
          </technique>
        </extra>
      </profile_COMMON>
    </effect>
    <effect id="ID82-fx" name="ID82">
      <profile_COMMON>
        <technique sid="COMMON">
          <lambert>
            <diffuse>
              <color sid="diffuse">0.764706 0.886275 0.94902 1</color>
            </diffuse>
            <transparent opaque="A_ONE">
              <color sid="transparent">1 1 1 1</color>
            </transparent>
            <transparency>
              <float sid="transparency">1</float>
            </transparency>
          </lambert>
        </technique>
        <extra>
          <technique profile="OTHER">
            <double_sided>1</double_sided>
          </technique>
        </extra>
      </profile_COMMON>
    </effect>
  </library_effects>

  <library_geometries>
    <geometry id="ID3">
      <mesh>
        <source id="ID4">
          <float_array count="132" id="ID5">-0.0626457 0.0469007 0.00508 -0.0621968 0.0479419 0.00508 -0.0626457 0.0469007 0 -0.0630448 0.0458381 -5.32907e-18 -0.0630448 0.0458381 0.00508 -0.0621968 0.0479419 0 -0.0616981 0.0489616 0.00508 -0.0616981 0.0489616 -5.32907e-18 -0.0630448 0.0458381 -5.32907e-18 -0.0466579 0.0393549 -8.88178e-19 -0.0466579 0.0393549 0.00508 -0.0630448 0.0458381 0.00508 -0.0465834 0.0398763 0.00508 -0.0466579 0.0393549 0.00508 -0.0466579 0.0393549 -8.88178e-19 -0.0458781 0.0412749 0.00508 -0.0461883 0.0408492 0.00508 -0.0461883 0.0408492 0 -0.0464255 0.0403789 0.00508 -0.0465834 0.0398763 0 -0.0464255 0.0403789 0 -0.0458781 0.0412749 -5.32907e-18 -0.0458781 0.0412749 -5.32907e-18 -0.0616981 0.0489616 -5.32907e-18 -0.0616981 0.0489616 0.00508 -0.0458781 0.0412749 0.00508 -0.0626457 0.0469007 0.00508 -0.0630448 0.0458381 0.00508 -0.0466579 0.0393549 0.00508 -0.0616981 0.0489616 0.00508 -0.0464255 0.0403789 0.00508 -0.0461883 0.0408492 0.00508 -0.0465834 0.0398763 0.00508 -0.0621968 0.0479419 0.00508 -0.0458781 0.0412749 0.00508 -0.0465834 0.0398763 0 -0.0621968 0.0479419 0 -0.0616981 0.0489616 -5.32907e-18 -0.0464255 0.0403789 0 -0.0461883 0.0408492 0 -0.0458781 0.0412749 -5.32907e-18 -0.0466579 0.0393549 -8.88178e-19 -0.0630448 0.0458381 -5.32907e-18 -0.0626457 0.0469007 0</float_array>
          <technique_common>
            <accessor count="44" source="#ID5" stride="3">
              <param name="X" type="float"/>
              <param name="Y" type="float"/>
              <param name="Z" type="float"/>
            </accessor>
          </technique_common>
        </source>
        <source id="ID6">
          <float_array count="132" id="ID7">-0.92747 0.373898 0 -0.908559 0.417757 0 -0.92747 0.373898 0 -0.944265 0.329187 0 -0.944265 0.329187 0 -0.908559 0.417757 0 -0.887576 0.460662 0 -0.887576 0.460662 0 -0.367888 -0.92987 -0 -0.367888 -0.92987 -0 -0.367888 -0.92987 -0 -0.367888 -0.92987 -0 0.975203 -0.221314 0 0.998169 -0.0604806 0 0.998169 -0.0604806 0 0.75765 -0.652662 0 0.853334 -0.521364 0 0.853335 -0.521364 0 0.926496 -0.376305 0 0.975203 -0.221314 0 0.926496 -0.376305 0 0.75765 -0.652662 0 0.437029 0.899447 0 0.437029 0.899447 0 0.437029 0.899447 0 0.437029 0.899447 0 0 0 1 0 0 1 0 0 1 0 0 1 0 0 1 0 0 1 0 0 1 0 0 1 0 0 1 0 0 -1 0 0 -1 0 0 -1 0 0 -1 0 0 -1 0 0 -1 0 0 -1 0 0 -1 0 0 -1</float_array>
          <technique_common>
            <accessor count="44" source="#ID7" stride="3">
              <param name="X" type="float"/>
              <param name="Y" type="float"/>
              <param name="Z" type="float"/>
            </accessor>
          </technique_common>
        </source>
        <vertices id="ID8">
          <input semantic="POSITION" source="#ID4"/>
          <input semantic="NORMAL" source="#ID6"/>
        </vertices>
        <triangles count="32" material="ID9">
          <input offset="0" semantic="VERTEX" source="#ID8"/>
          <p>0 1 2 3 4 0 0 2 3 2 1 5 1 6 5 5 6 7 8 9 10 10 11 8 12 13 14 15 16 17 18 19 20 21 15 17 18 20 16 17 16 20 12 14 19 18 12 19 22 23 24 24 25 22 26 27 28 29 30 31 32 33 28 26 28 33 30 29 32 33 32 29 31 34 29 35 36 37 38 35 37 39 37 40 39 38 37 36 35 41 42 43 41 36 41 43</p>
        </triangles>
      </mesh>
    </geometry>
    <geometry id="ID10">
      <mesh>
        <source id="ID11">
          <float_array count="456" id="ID12">-0.0433139 0.0377936 0 -0.0433139 0.0382414 0.0254 -0.0433139 0.0382414 0 -0.0406117 0.0353061 0.0254 -0.0406117 0.0353061 0 -0.0401654 0.0353431 0 -0.0432402 0.0386831 0 -0.0432402 0.0386831 0.0254 -0.0430948 0.0391067 0.0254 -0.0430948 0.0391067 0 -0.0428816 0.0395005 0.0254 -0.0428816 0.0395005 0 -0.0426066 0.0398539 0 -0.0426066 0.0398539 0.0254 -0.0422771 0.0401572 0.0254 -0.0422771 0.0401572 0 -0.0419022 0.0404022 0.0254 -0.0419022 0.0404022 0 -0.0414921 0.0405821 0 -0.0414921 0.0405821 0.0254 -0.041058 0.040692 0.0254 -0.041058 0.040692 0 -0.0406117 0.040729 0.0254 -0.0406117 0.040729 0 -0.0433139 0.0377936 0.0254 -0.0432402 0.0373519 0 -0.0432402 0.0373519 0.0254 -0.0430948 0.0369284 0 -0.0430948 0.0369284 0.0254 -0.0428816 0.0365345 0.0254 -0.0428816 0.0365345 0 -0.0426066 0.0361811 0 -0.0426066 0.0361811 0.0254 -0.0422771 0.0358778 0 -0.0422771 0.0358778 0.0254 -0.0419022 0.0356329 0.0254 -0.0419022 0.0356329 0 -0.0414921 0.035453 0 -0.0414921 0.035453 0.0254 -0.041058 0.0353431 0 -0.041058 0.0353431 0.0254 -0.0397313 0.035453 0.0254 -0.0401654 0.0353431 0.0254 -0.0397313 0.035453 0 -0.0386168 0.0361811 0.0254 -0.0389463 0.0358778 0.0254 -0.0386168 0.0361811 0 -0.0393212 0.0356329 0.0254 -0.0393212 0.0356329 0 -0.0389463 0.0358778 0 -0.0381286 0.0369284 0.0254 -0.0379832 0.0373519 0 -0.0379832 0.0373519 0.0254 -0.0383418 0.0365345 0 -0.0381286 0.0369284 0 -0.0383418 0.0365345 0.0254 -0.0379832 0.0386831 0 -0.0379832 0.0386831 0.0254 -0.0379095 0.0382414 0.0254 -0.0379095 0.0382414 0 -0.0379095 0.0377936 0.0254 -0.0379095 0.0377936 0 -0.0386168 0.0398539 0.0254 -0.0383418 0.0395005 0.0254 -0.0386168 0.0398539 0 -0.0381286 0.0391067 0.0254 -0.0381286 0.0391067 0 -0.0383418 0.0395005 0 -0.0393212 0.0404022 0 -0.0389463 0.0401572 0.0254 -0.0389463 0.0401572 0 -0.0397313 0.0405821 0 -0.0393212 0.0404022 0.0254 -0.0397313 0.0405821 0.0254 -0.0401654 0.040692 0 -0.0401654 0.040692 0.0254 -0.0406117 0.040729 0.0254 -0.0381286 0.0369284 0.0254 -0.0379832 0.0373519 0.0254 -0.0397313 0.0405821 0.0254 -0.0379095 0.0377936 0.0254 -0.0379095 0.0382414 0.0254 -0.0379832 0.0386831 0.0254 -0.0393212 0.0404022 0.0254 -0.0401654 0.040692 0.0254 -0.0381286 0.0391067 0.0254 -0.0383418 0.0395005 0.0254 -0.0386168 0.0398539 0.0254 -0.0389463 0.0401572 0.0254 -0.041058 0.040692 0.0254 -0.0383418 0.0365345 0.0254 -0.0386168 0.0361811 0.0254 -0.0414921 0.0405821 0.0254 -0.0419022 0.0404022 0.0254 -0.0389463 0.0358778 0.0254 -0.0422771 0.0401572 0.0254 -0.0393212 0.0356329 0.0254 -0.0397313 0.035453 0.0254 -0.0426066 0.0398539 0.0254 -0.0428816 0.0395005 0.0254 -0.0401654 0.0353431 0.0254 -0.0430948 0.0391067 0.0254 -0.0432402 0.0386831 0.0254 -0.0406117 0.0353061 0.0254 -0.0414921 0.035453 0.0254 -0.0433139 0.0377936 0.0254 -0.0419022 0.0356329 0.0254 -0.0433139 0.0382414 0.0254 -0.041058 0.0353431 0.0254 -0.0426066 0.0361811 0.0254 -0.0430948 0.0369284 0.0254 -0.0428816 0.0365345 0.0254 -0.0422771 0.0358778 0.0254 -0.0432402 0.0373519 0.0254 -0.0406117 0.040729 0 -0.0379832 0.0373519 0 -0.0381286 0.0369284 0 -0.0397313 0.0405821 0 -0.0379095 0.0382414 0 -0.0379095 0.0377936 0 -0.0379832 0.0386831 0 -0.0393212 0.0404022 0 -0.0401654 0.040692 0 -0.0381286 0.0391067 0 -0.0386168 0.0398539 0 -0.0383418 0.0395005 0 -0.0389463 0.0401572 0 -0.0383418 0.0365345 0 -0.041058 0.040692 0 -0.0386168 0.0361811 0 -0.0414921 0.0405821 0 -0.0419022 0.0404022 0 -0.0389463 0.0358778 0 -0.0422771 0.0401572 0 -0.0393212 0.0356329 0 -0.0397313 0.035453 0 -0.0426066 0.0398539 0 -0.0428816 0.0395005 0 -0.0401654 0.0353431 0 -0.0430948 0.0391067 0 -0.0432402 0.0386831 0 -0.0406117 0.0353061 0 -0.0414921 0.035453 0 -0.0419022 0.0356329 0 -0.0433139 0.0377936 0 -0.041058 0.0353431 0 -0.0433139 0.0382414 0 -0.0426066 0.0361811 0 -0.0428816 0.0365345 0 -0.0430948 0.0369284 0 -0.0432402 0.0373519 0 -0.0422771 0.0358778 0</float_array>
          <technique_common>
            <accessor count="152" source="#ID12" stride="3">
              <param name="X" type="float"/>
              <param name="Y" type="float"/>
              <param name="Z" type="float"/>
            </accessor>
          </technique_common>
        </source>
        <source id="ID13">
          <float_array count="456" id="ID14">-0.996584 -0.0825794 -0 -0.996584 0.0825794 0 -0.996584 0.0825794 0 -8.74228e-08 -1 -0 -8.74228e-08 -1 -0 0.164595 -0.986361 0 -0.9694 0.245485 0 -0.9694 0.245486 0 -0.915773 0.401695 0 -0.915773 0.401695 0 -0.837166 0.546948 0 -0.837166 0.546948 0 -0.735724 0.677282 0 -0.735724 0.677282 0 -0.614213 0.78914 0 -0.614213 0.789141 0 -0.475948 0.879474 0 -0.475947 0.879474 0 -0.324699 0.945817 0 -0.3247 0.945817 0 -0.164595 0.986361 0 -0.164595 0.986361 0 1.74846e-07 1 0 -3.01992e-07 1 0 -0.996584 -0.0825794 -0 -0.9694 -0.245486 -0 -0.9694 -0.245486 -0 -0.915773 -0.401695 -0 -0.915773 -0.401695 -0 -0.837167 -0.546948 -0 -0.837167 -0.546948 -0 -0.735724 -0.677282 -0 -0.735724 -0.677282 -0 -0.614213 -0.78914 -0 -0.614213 -0.78914 -0 -0.475947 -0.879474 -0 -0.475947 -0.879474 -0 -0.324699 -0.945817 -0 -0.324699 -0.945817 -0 -0.164595 -0.986361 -0 -0.164595 -0.986361 -0 0.3247 -0.945817 0 0.164595 -0.986361 0 0.324699 -0.945817 0 0.735724 -0.677282 0 0.614213 -0.789141 0 0.735724 -0.677282 0 0.475947 -0.879474 0 0.475947 -0.879474 0 0.614213 -0.78914 0 0.915773 -0.401695 0 0.9694 -0.245485 0 0.9694 -0.245485 0 0.837166 -0.546948 0 0.915773 -0.401695 0 0.837166 -0.546948 0 0.9694 0.245485 0 0.9694 0.245485 0 0.996584 0.0825794 0 0.996584 0.0825794 0 0.996584 -0.0825794 0 0.996584 -0.0825792 0 0.735724 0.677282 0 0.837166 0.546948 0 0.735724 0.677282 0 0.915773 0.401695 0 0.915773 0.401695 0 0.837166 0.546948 0 0.475947 0.879474 0 0.614213 0.789141 0 0.614213 0.789141 0 0.324699 0.945817 0 0.475947 0.879474 0 0.324699 0.945817 0 0.164595 0.986361 0 0.164595 0.986361 0 0 0 1 0 0 1 0 0 1 0 0 1 0 0 1 0 0 1 0 0 1 0 0 1 0 0 1 0 0 1 0 0 1 0 0 1 0 0 1 0 0 1 0 0 1 0 0 1 0 0 1 0 0 1 0 0 1 0 0 1 0 0 1 0 0 1 0 0 1 0 0 1 0 0 1 0 0 1 0 0 1 0 0 1 0 0 1 0 0 1 0 0 1 0 0 1 0 0 1 0 0 1 0 0 1 0 0 1 0 0 1 0 0 1 -0 -0 -1 -0 -0 -1 -0 -0 -1 -0 -0 -1 -0 -0 -1 -0 -0 -1 -0 -0 -1 -0 -0 -1 -0 -0 -1 -0 -0 -1 -0 -0 -1 -0 -0 -1 -0 -0 -1 -0 -0 -1 -0 -0 -1 -0 -0 -1 -0 -0 -1 -0 -0 -1 -0 -0 -1 -0 -0 -1 -0 -0 -1 -0 -0 -1 -0 -0 -1 -0 -0 -1 -0 -0 -1 -0 -0 -1 -0 -0 -1 -0 -0 -1 -0 -0 -1 -0 -0 -1 -0 -0 -1 -0 -0 -1 -0 -0 -1 -0 -0 -1 -0 -0 -1 -0 -0 -1 -0 -0 -1 -0 -0 -1</float_array>
          <technique_common>
            <accessor count="152" source="#ID14" stride="3">
              <param name="X" type="float"/>
              <param name="Y" type="float"/>
              <param name="Z" type="float"/>
            </accessor>
          </technique_common>
        </source>
        <vertices id="ID15">
          <input semantic="POSITION" source="#ID11"/>
          <input semantic="NORMAL" source="#ID13"/>
        </vertices>
        <triangles count="148" material="ID16">
          <input offset="0" semantic="VERTEX" source="#ID15"/>
          <p>0 1 2 3 4 5 6 2 7 1 7 2 8 9 6 6 7 8 9 10 11 10 9 8 12 11 13 10 13 11 14 15 12 12 13 14 15 16 17 16 15 14 18 17 19 16 19 17 20 21 18 18 19 20 22 21 20 22 23 21 1 0 24 25 26 24 24 0 25 26 27 28 27 26 25 29 28 30 27 30 28 31 32 29 29 30 31 32 33 34 33 32 31 35 34 36 33 36 34 37 38 35 35 36 37 38 39 40 39 38 37 39 4 40 41 42 43 40 4 3 44 45 46 47 48 49 50 51 52 53 54 55 56 57 58 59 60 61 62 63 64 65 66 67 68 69 70 62 70 69 68 71 72 72 69 68 73 71 74 71 73 72 23 75 74 73 74 75 22 75 23 63 67 64 62 64 70 65 57 66 63 65 67 56 58 59 66 57 56 61 60 52 59 58 60 54 51 50 51 61 52 44 53 55 55 54 50 45 49 46 44 46 53 47 41 48 45 47 49 43 42 5 48 41 43 3 5 42 76 77 78 79 80 81 82 83 81 79 84 80 85 86 87 88 85 87 83 82 88 88 82 85 84 78 80 83 79 81 76 78 84 77 89 90 77 76 89 91 90 92 89 92 90 93 94 91 91 92 93 95 94 93 95 96 94 97 96 98 95 98 96 97 98 99 100 99 101 99 100 97 102 103 101 100 101 103 104 105 106 102 107 108 109 110 111 110 112 113 106 113 112 112 110 109 104 107 105 106 105 113 102 108 103 104 108 107 114 115 116 117 118 119 120 118 121 117 119 122 123 124 125 126 124 123 121 126 120 126 123 120 122 119 115 121 118 117 114 122 115 116 127 128 116 128 114 129 130 127 128 127 130 131 129 132 129 131 130 133 131 132 133 132 134 135 136 134 133 134 136 135 137 136 138 139 137 137 135 138 140 139 141 138 141 139 142 143 144 140 145 146 147 148 149 149 150 151 143 151 150 151 147 149 142 144 146 143 150 144 140 141 145 142 146 145</p>
        </triangles>
      </mesh>
    </geometry>
    <geometry id="ID17">
      <mesh>
        <source id="ID18">
          <float_array count="132" id="ID19">-0.0439356 0.0615411 0.00508 -0.0428095 0.0616729 0.00508 -0.0439356 0.0615411 0 -0.0450555 0.0613555 0 -0.0450555 0.0613555 0.00508 -0.0428095 0.0616729 0 -0.0416771 0.0617509 0.00508 -0.0416771 0.0617509 0 -0.0450555 0.0613555 0 -0.0424766 0.0439224 0 -0.0424766 0.0439224 0.00508 -0.0450555 0.0613555 0.00508 -0.0419878 0.0441186 0.00508 -0.0424766 0.0439224 0.00508 -0.0424766 0.0439224 0 -0.040424 0.044207 0.00508 -0.0409477 0.0442628 0.00508 -0.0409477 0.0442628 0 -0.0414736 0.0442331 0.00508 -0.0419878 0.0441186 0 -0.0414736 0.0442331 0 -0.040424 0.044207 8.88178e-19 -0.040424 0.044207 8.88178e-19 -0.0416771 0.0617509 0 -0.0416771 0.0617509 0.00508 -0.040424 0.044207 0.00508 -0.0439356 0.0615411 0.00508 -0.0450555 0.0613555 0.00508 -0.0424766 0.0439224 0.00508 -0.0416771 0.0617509 0.00508 -0.0414736 0.0442331 0.00508 -0.0409477 0.0442628 0.00508 -0.0419878 0.0441186 0.00508 -0.0428095 0.0616729 0.00508 -0.040424 0.044207 0.00508 -0.0419878 0.0441186 0 -0.0428095 0.0616729 0 -0.0416771 0.0617509 0 -0.0414736 0.0442331 0 -0.0409477 0.0442628 0 -0.040424 0.044207 8.88178e-19 -0.0424766 0.0439224 0 -0.0450555 0.0613555 0 -0.0439356 0.0615411 0</float_array>
          <technique_common>
            <accessor count="44" source="#ID19" stride="3">
              <param name="X" type="float"/>
              <param name="Y" type="float"/>
              <param name="Z" type="float"/>
            </accessor>
          </technique_common>
        </source>
        <source id="ID20">
          <float_array count="132" id="ID21">-0.139929 0.990161 0 -0.0924917 0.995713 0 -0.139929 0.990161 0 -0.187048 0.982351 0 -0.187048 0.982351 0 -0.0924917 0.995713 0 -0.044843 0.998994 0 -0.044843 0.998994 0 -0.989235 -0.146335 -0 -0.989235 -0.146335 -0 -0.989235 -0.146335 -0 -0.989235 -0.146335 -0 0.295938 -0.955207 0 0.446707 -0.89468 0 0.446707 -0.89468 0 -0.186397 -0.982475 -0 -0.0248472 -0.999691 -0 -0.024847 -0.999691 -0 0.137358 -0.990521 0 0.295938 -0.955207 0 0.137358 -0.990521 0 -0.186397 -0.982475 -0 0.997459 0.0712454 0 0.997459 0.0712454 0 0.997459 0.0712454 0 0.997459 0.0712454 0 0 0 1 0 0 1 0 0 1 0 0 1 0 0 1 0 0 1 0 0 1 0 0 1 0 0 1 -0 -0 -1 -0 -0 -1 -0 -0 -1 -0 -0 -1 -0 -0 -1 -0 -0 -1 -0 -0 -1 -0 -0 -1 -0 -0 -1</float_array>
          <technique_common>
            <accessor count="44" source="#ID21" stride="3">
              <param name="X" type="float"/>
              <param name="Y" type="float"/>
              <param name="Z" type="float"/>
            </accessor>
          </technique_common>
        </source>
        <vertices id="ID22">
          <input semantic="POSITION" source="#ID18"/>
          <input semantic="NORMAL" source="#ID20"/>
        </vertices>
        <triangles count="32" material="ID9">
          <input offset="0" semantic="VERTEX" source="#ID22"/>
          <p>0 1 2 3 4 0 0 2 3 2 1 5 1 6 5 5 6 7 8 9 10 10 11 8 12 13 14 15 16 17 18 19 20 21 15 17 18 20 16 17 16 20 12 14 19 18 12 19 22 23 24 24 25 22 26 27 28 29 30 31 32 33 28 26 28 33 30 29 32 33 32 29 31 34 29 35 36 37 38 35 37 39 37 40 39 38 37 36 35 41 42 43 41 36 41 43</p>
        </triangles>
      </mesh>
    </geometry>
    <geometry id="ID23">
      <mesh>
        <source id="ID24">
          <float_array count="1950" id="ID25">-0.0245948 0.0377998 -8.88178e-19 -0.0245948 0.0377998 0.00508 -0.023646 0.0213871 0.00508 -0.023646 0.0213871 -8.88178e-19 -0.0233203 0.0394761 0.00508 -0.0232792 0.0392588 0.00508 -0.0233203 0.0394761 0 -0.0233971 0.0396835 0 -0.0233971 0.0396835 0.00508 -0.0235073 0.0398752 0 -0.0235073 0.0398752 0.00508 -0.0236479 0.0400459 0.00508 -0.0236479 0.0400459 0 -0.023815 0.0401908 0 -0.023815 0.0401908 0.00508 -0.0240039 0.0403058 0 -0.0240039 0.0403058 0.00508 -0.0242094 0.0403877 0.00508 -0.0242094 0.0403877 0 -0.0244256 0.0404342 0 -0.0244256 0.0404342 0.00508 -0.0246465 0.0404441 0 -0.0246465 0.0404441 0.00508 -0.024866 0.040417 0.00508 -0.024866 0.040417 0 -0.0250779 0.0403537 8.88178e-19 -0.0250779 0.0403537 0.00508 -0.0232792 0.0392588 0 -0.0232749 0.0390377 0 -0.0232749 0.0390377 0.00508 -0.0233075 0.0388189 0.00508 -0.0233075 0.0388189 0 -0.023376 0.0386087 0.00508 -0.023376 0.0386087 0 -0.0234787 0.0384128 0 -0.0234787 0.0384128 0.00508 -0.0236125 0.0382367 0.00508 -0.0236125 0.0382367 0 -0.0237739 0.0380854 0.00508 -0.0237739 0.0380854 0 -0.0239581 0.0379632 0 -0.0239581 0.0379632 0.00508 -0.0241602 0.0378733 0.00508 -0.0241602 0.0378733 0 -0.0243744 0.0378183 0.00508 -0.0243744 0.0378183 0 -0.0245948 0.0377998 0.00508 -0.0245948 0.0377998 -8.88178e-19 -0.0349806 0.0405934 -8.88178e-19 -0.0349806 0.0405934 0.00508 -0.0250779 0.0403537 0.00508 -0.0250779 0.0403537 8.88178e-19 -0.0344232 0.0377998 0 -0.0275381 0.0377998 0 -0.0275381 0.0377998 0.00508 -0.0344232 0.0377998 0.00508 -0.0275381 0.0377998 0 -0.0265291 0.0188841 8.88178e-19 -0.0265291 0.0188841 0.00508 -0.0275381 0.0377998 0.00508 -0.0253275 0.0198296 0.00508 -0.0247509 0.0203302 0 -0.0247509 0.0203302 0.00508 -0.0241904 0.0208494 0.00508 -0.0241904 0.0208494 0 -0.023646 0.0213871 -8.88178e-19 -0.023646 0.0213871 0.00508 -0.0253275 0.0198296 0 -0.0259203 0.0193476 0.00508 -0.0259203 0.0193476 0 -0.0265291 0.0188841 0.00508 -0.0265291 0.0188841 8.88178e-19 -0.0433185 0.0381747 0.00508 -0.0467802 0.0385601 0.00508 -0.0468036 0.0380835 0.00508 -0.023815 0.0401908 0.00508 -0.0236125 0.0382367 0.00508 -0.0236479 0.0400459 0.00508 -0.0245948 0.0377998 0.00508 -0.024866 0.040417 0.00508 -0.0250779 0.0403537 0.00508 -0.0233075 0.0388189 0.00508 -0.0232749 0.0390377 0.00508 -0.0233203 0.0394761 0.00508 -0.0232792 0.0392588 0.00508 -0.0233971 0.0396835 0.00508 -0.023376 0.0386087 0.00508 -0.0235073 0.0398752 0.00508 -0.0234787 0.0384128 0.00508 -0.0237739 0.0380854 0.00508 -0.0240039 0.0403058 0.00508 -0.0239581 0.0379632 0.00508 -0.0241602 0.0378733 0.00508 -0.0242094 0.0403877 0.00508 -0.0244256 0.0404342 0.00508 -0.0243744 0.0378183 0.00508 -0.0246465 0.0404441 0.00508 -0.0391211 0.0357526 0.00508 -0.0376589 0.0325746 0.00508 -0.0372323 0.0328288 0.00508 -0.0384364 0.0363989 0.00508 -0.036098 0.0337783 0.00508 -0.0357735 0.034153 0.00508 -0.0352204 0.0349718 0.00508 -0.0382632 0.0366625 0.00508 -0.0354808 0.0345508 0.00508 -0.0349945 0.0354116 0.00508 -0.038122 0.0369437 0.00508 -0.0416634 0.0441199 0.00508 -0.0421316 0.0440203 0.00508 -0.0412378 0.0406556 0.00508 -0.040927 0.0407106 0.00508 -0.0411906 0.0441826 0.00508 -0.0418289 0.0404404 0.00508 -0.0434686 0.0435114 0.00508 -0.0421023 0.0402825 0.00508 -0.0415394 0.0405653 0.00508 -0.0425896 0.0438855 0.00508 -0.0430364 0.0437153 0.00508 -0.040927 0.0353245 0.00508 -0.0411584 0.0318932 0.00508 -0.0406422 0.0318722 0.00508 -0.0446525 0.0427097 0.00508 -0.0425841 0.0398781 0.00508 -0.042355 0.0400942 0.00508 -0.0412363 0.035379 0.00508 -0.0416693 0.0319542 0.00508 -0.0426714 0.0321943 0.00508 -0.0415389 0.0354695 0.00508 -0.0418281 0.0355943 0.00508 -0.0421766 0.032055 0.00508 -0.042101 0.0357518 0.00508 -0.0435868 0.0325868 0.00508 -0.0431575 0.0323727 0.00508 -0.0432818 0.037546 0.00508 -0.0467403 0.0371312 0.00508 -0.0466532 0.0366596 0.00508 -0.0433185 0.0378596 0.00508 -0.0467902 0.0376049 0.00508 -0.0456981 0.0344858 0.00508 -0.0429596 0.0366613 0.00508 -0.0459548 0.0348879 0.00508 -0.0447515 0.0334126 0.00508 -0.0425837 0.0361566 0.00508 -0.0450943 0.0337454 0.00508 -0.0427861 0.0363978 0.00508 -0.0431014 0.0369435 0.00508 -0.0461809 0.0353102 0.00508 -0.0463725 0.0357467 0.00508 -0.0454101 0.0341037 0.00508 -0.043209 0.0372392 0.00508 -0.046531 0.0361992 0.00508 -0.0443838 0.0331068 0.00508 -0.0423543 0.0359402 0.00508 -0.0439955 0.0328315 0.00508 -0.0467198 0.0390344 0.00508 -0.043282 0.0384876 0.00508 -0.0466233 0.0395025 0.00508 -0.0464909 0.0399612 0.00508 -0.0432094 0.0387947 0.00508 -0.0463234 0.0404095 0.00508 -0.0431014 0.0390913 0.00508 -0.0458874 0.0412597 0.00508 -0.0429602 0.0393726 0.00508 -0.0461222 0.040842 0.00508 -0.0456223 0.0416558 0.00508 -0.042787 0.0396361 0.00508 -0.0453259 0.0420327 0.00508 -0.0406117 0.0353061 0.00508 -0.0450033 0.0423831 0.00508 -0.0401274 0.0318911 0.00508 -0.0442796 0.0430065 0.00508 -0.0399857 0.0353794 0.00508 -0.0391087 0.0320489 0.00508 -0.039684 0.0354698 0.00508 -0.0381306 0.032361 0.00508 -0.0393945 0.0355947 0.00508 -0.0386138 0.0321858 0.00508 -0.0388684 0.0359409 0.00508 -0.0368302 0.0331139 0.00508 -0.0386394 0.0361569 0.00508 -0.0364499 0.0334326 0.00508 -0.0407121 0.044209 0.00508 -0.0406117 0.040729 0.00508 -0.0397584 0.0441508 0.00508 -0.0402357 0.0441983 0.00508 -0.0402964 0.0407106 0.00508 -0.0346514 0.0363387 0.00508 -0.0380141 0.0372404 0.00508 -0.0348046 0.035868 0.00508 -0.0399871 0.040656 0.00508 -0.0392897 0.044067 0.00508 -0.0388259 0.0439467 0.00508 -0.0275381 0.0377998 0.00508 -0.023646 0.0213871 0.00508 -0.0396846 0.0405655 0.00508 -0.038375 0.0437917 0.00508 -0.0345368 0.0368176 0.00508 -0.0379414 0.0375475 0.00508 -0.0393953 0.0404408 0.00508 -0.0379359 0.0436017 0.00508 -0.0379049 0.0378603 0.00508 -0.0344607 0.0373047 0.00508 -0.0344232 0.0377998 0.00508 -0.0391224 0.0402833 0.00508 -0.0379049 0.0381755 0.00508 -0.0349806 0.0405934 0.00508 -0.0379416 0.0384891 0.00508 -0.035197 0.0410216 0.00508 -0.0381221 0.0390915 0.00508 -0.0380144 0.0387958 0.00508 -0.0354439 0.0414291 0.00508 -0.0382639 0.0393738 0.00508 -0.0388692 0.0400949 0.00508 -0.0367256 0.0428386 0.00508 -0.0371093 0.043124 0.00508 -0.0384373 0.0396373 0.00508 -0.0357234 0.0418185 0.00508 -0.0386397 0.0398784 0.00508 -0.0259203 0.0193476 0.00508 -0.0253275 0.0198296 0.00508 -0.0265291 0.0188841 0.00508 -0.0247509 0.0203302 0.00508 -0.0241904 0.0208494 0.00508 -0.0396151 0.0319502 0.00508 -0.0402964 0.0353245 0.00508 -0.0438833 0.0432749 0.00508 -0.0375135 0.043379 0.00508 -0.0363659 0.0425249 0.00508 -0.0360302 0.0421834 0.00508 -0.0241904 0.0208494 0 -0.0275381 0.0377998 0 -0.023646 0.0213871 -8.88178e-19 -0.0233203 0.0394761 0 -0.0232792 0.0392588 0 -0.0232749 0.0390377 0 -0.023815 0.0401908 0 -0.0236479 0.0400459 0 -0.0236125 0.0382367 0 -0.0429596 0.0393738 0 -0.0456203 0.0416587 8.88178e-19 -0.0427861 0.0396373 0 -0.0376589 0.0325746 0 -0.0391224 0.0357518 0 -0.0372323 0.0328288 0 -0.0233971 0.0396835 0 -0.0233075 0.0388189 0 -0.0253275 0.0198296 0 -0.0247509 0.0203302 0 -0.023376 0.0386087 0 -0.0235073 0.0398752 0 -0.0245948 0.0377998 -8.88178e-19 -0.0234787 0.0384128 0 -0.0237739 0.0380854 0 -0.0240039 0.0403058 0 -0.0239581 0.0379632 0 -0.0242094 0.0403877 0 -0.0244256 0.0404342 0 -0.0241602 0.0378733 0 -0.0243744 0.0378183 0 -0.0246465 0.0404441 0 -0.024866 0.040417 0 -0.0250779 0.0403537 8.88178e-19 -0.0388684 0.0400942 0 -0.0371072 0.0431227 8.88178e-19 -0.0367236 0.0428368 8.88178e-19 -0.0461815 0.0353118 8.88178e-19 -0.0463738 0.0357499 8.88178e-19 -0.0431014 0.0369437 0 -0.0352217 0.0349693 0 -0.0354825 0.0345485 0 -0.0382639 0.0366613 0 -0.034996 0.0354085 0 -0.0381221 0.0369435 0 -0.0416612 0.0441201 8.88178e-19 -0.0411873 0.044183 8.88178e-19 -0.040927 0.0407106 0 -0.0384373 0.0363978 0 -0.0357755 0.0341503 0 -0.0360995 0.0337769 0 -0.0425869 0.0438862 8.88178e-19 -0.0415389 0.0405655 0 -0.0430343 0.0437163 8.88178e-19 -0.0412363 0.040656 0 -0.0421288 0.0440211 8.88178e-19 -0.0425837 0.0398784 0 -0.0446521 0.0427101 8.88178e-19 -0.0423543 0.0400949 0 -0.0418281 0.0404408 0 -0.042101 0.0402833 0 -0.0434657 0.0435128 8.88178e-19 -0.040927 0.0353245 0 -0.0411608 0.0318935 0 -0.0416731 0.0319547 0 -0.0406455 0.0318721 0 -0.0421766 0.032055 0 -0.0426714 0.0321943 0 -0.0415394 0.0354698 0 -0.0412378 0.0353794 0 -0.0435868 0.0325868 8.88178e-19 -0.0418289 0.0355947 0 -0.0431575 0.0323727 0 -0.0433185 0.0378603 0 -0.0467403 0.0371314 8.88178e-19 -0.0467904 0.0376085 8.88178e-19 -0.0421023 0.0357526 0 -0.0425841 0.0361569 0 -0.044753 0.0334138 8.88178e-19 -0.0450963 0.0337477 8.88178e-19 -0.043282 0.0375475 0 -0.046654 0.0366631 8.88178e-19 -0.0429602 0.0366625 0 -0.0459565 0.0348906 8.88178e-19 -0.0456994 0.0344879 8.88178e-19 -0.042787 0.0363989 0 -0.0454119 0.0341057 8.88178e-19 -0.0465312 0.0362 8.88178e-19 -0.0432094 0.0372404 0 -0.0443865 0.0331089 8.88178e-19 -0.042355 0.0359409 0 -0.0439955 0.0328315 8.88178e-19 -0.0468037 0.0380848 8.88178e-19 -0.0433185 0.0381755 0 -0.0467196 0.0390365 8.88178e-19 -0.0432818 0.0384891 0 -0.0467798 0.0385634 8.88178e-19 -0.0466225 0.0395053 8.88178e-19 -0.043209 0.0387958 0 -0.0464901 0.0399639 8.88178e-19 -0.0431014 0.0390915 0 -0.0463224 0.0404116 8.88178e-19 -0.0458865 0.041261 8.88178e-19 -0.0461208 0.040845 8.88178e-19 -0.0453255 0.0420331 8.88178e-19 -0.0406117 0.0353061 0 -0.0450007 0.0423856 8.88178e-19 -0.0401307 0.031891 0 -0.0442767 0.0430086 8.88178e-19 -0.0391124 0.0320481 0 -0.0399871 0.035379 0 -0.0396846 0.0354695 0 -0.0386138 0.0321858 0 -0.0393953 0.0355943 0 -0.0381306 0.032361 0 -0.0407108 0.044209 8.88178e-19 -0.0406117 0.040729 0 -0.0368302 0.0331139 0 -0.0388692 0.0359402 0 -0.0402321 0.0441981 8.88178e-19 -0.0386397 0.0361566 0 -0.0364526 0.03343 0 -0.0392861 0.0440662 8.88178e-19 -0.0399857 0.0406556 0 -0.0397582 0.0441507 8.88178e-19 -0.0402964 0.0407106 0 -0.0388251 0.0439465 8.88178e-19 -0.0346525 0.0363351 0 -0.0348052 0.035866 0 -0.0380144 0.0372392 0 -0.0265291 0.0188841 8.88178e-19 -0.0259203 0.0193476 0 -0.0379416 0.037546 0 -0.0345368 0.0368176 0 -0.0344232 0.0377998 0 -0.0344607 0.0373047 0 -0.0379049 0.0378596 0 -0.0383717 0.0437904 8.88178e-19 -0.039684 0.0405653 0 -0.0379049 0.0381747 0 -0.0379343 0.0436011 8.88178e-19 -0.0393945 0.0404404 0 -0.0379414 0.0384876 0 -0.0349806 0.0405934 -8.88178e-19 -0.0391211 0.0402825 0 -0.0380141 0.0387947 0 -0.038122 0.0390913 0 -0.035197 0.0410216 8.88178e-19 -0.0357212 0.0418158 8.88178e-19 -0.0382632 0.0393726 0 -0.0384364 0.0396361 0 -0.0354439 0.0414291 8.88178e-19 -0.0386394 0.0398781 0 -0.0396175 0.0319497 0 -0.0402964 0.0353245 0 -0.0438821 0.0432758 8.88178e-19 -0.0375108 0.0433773 8.88178e-19 -0.0363636 0.0425229 8.88178e-19 -0.036029 0.0421819 8.88178e-19 -0.0450033 0.0423831 0.00508 -0.0446525 0.0427097 0.00508 -0.0450007 0.0423856 8.88178e-19 -0.0446521 0.0427101 8.88178e-19 -0.0442796 0.0430065 0.00508 -0.0438833 0.0432749 0.00508 -0.0442767 0.0430086 8.88178e-19 -0.0434686 0.0435114 0.00508 -0.0438821 0.0432758 8.88178e-19 -0.0434657 0.0435128 8.88178e-19 -0.0430364 0.0437153 0.00508 -0.0425896 0.0438855 0.00508 -0.0430343 0.0437163 8.88178e-19 -0.0421316 0.0440203 0.00508 -0.0425869 0.0438862 8.88178e-19 -0.0421288 0.0440211 8.88178e-19 -0.0416634 0.0441199 0.00508 -0.0411906 0.0441826 0.00508 -0.0416612 0.0441201 8.88178e-19 -0.0407121 0.044209 0.00508 -0.0411873 0.044183 8.88178e-19 -0.0407108 0.044209 8.88178e-19 -0.0402357 0.0441983 0.00508 -0.0397584 0.0441508 0.00508 -0.0402321 0.0441981 8.88178e-19 -0.0392897 0.044067 0.00508 -0.0397582 0.0441507 8.88178e-19 -0.0392861 0.0440662 8.88178e-19 -0.0388259 0.0439467 0.00508 -0.038375 0.0437917 0.00508 -0.0388251 0.0439465 8.88178e-19 -0.0379359 0.0436017 0.00508 -0.0383717 0.0437904 8.88178e-19 -0.0379343 0.0436011 8.88178e-19 -0.0375135 0.043379 0.00508 -0.0371093 0.043124 0.00508 -0.0375108 0.0433773 8.88178e-19 -0.0367256 0.0428386 0.00508 -0.0371072 0.0431227 8.88178e-19 -0.0367236 0.0428368 8.88178e-19 -0.0363659 0.0425249 0.00508 -0.0360302 0.0421834 0.00508 -0.0363636 0.0425229 8.88178e-19 -0.0357234 0.0418185 0.00508 -0.036029 0.0421819 8.88178e-19 -0.0357212 0.0418158 8.88178e-19 -0.0354439 0.0414291 0.00508 -0.035197 0.0410216 0.00508 -0.0354439 0.0414291 8.88178e-19 -0.0349806 0.0405934 0.00508 -0.035197 0.0410216 8.88178e-19 -0.0349806 0.0405934 -8.88178e-19 -0.0453255 0.0420331 8.88178e-19 -0.0456203 0.0416587 8.88178e-19 -0.0453259 0.0420327 0.00508 -0.0458865 0.041261 8.88178e-19 -0.0456223 0.0416558 0.00508 -0.0458874 0.0412597 0.00508 -0.0461208 0.040845 8.88178e-19 -0.0463224 0.0404116 8.88178e-19 -0.0461222 0.040842 0.00508 -0.0464901 0.0399639 8.88178e-19 -0.0463234 0.0404095 0.00508 -0.0464909 0.0399612 0.00508 -0.0466225 0.0395053 8.88178e-19 -0.0467196 0.0390365 8.88178e-19 -0.0466233 0.0395025 0.00508 -0.0467798 0.0385634 8.88178e-19 -0.0467198 0.0390344 0.00508 -0.0467802 0.0385601 0.00508 -0.0468037 0.0380848 8.88178e-19 -0.0467904 0.0376085 8.88178e-19 -0.0468036 0.0380835 0.00508 -0.0467403 0.0371314 8.88178e-19 -0.0467902 0.0376049 0.00508 -0.0467403 0.0371312 0.00508 -0.046654 0.0366631 8.88178e-19 -0.0465312 0.0362 8.88178e-19 -0.0466532 0.0366596 0.00508 -0.0463738 0.0357499 8.88178e-19 -0.046531 0.0361992 0.00508 -0.0463725 0.0357467 0.00508 -0.0461815 0.0353118 8.88178e-19 -0.0459565 0.0348906 8.88178e-19 -0.0461809 0.0353102 0.00508 -0.0456994 0.0344879 8.88178e-19 -0.0459548 0.0348879 0.00508 -0.0456981 0.0344858 0.00508 -0.0454119 0.0341057 8.88178e-19 -0.0450963 0.0337477 8.88178e-19 -0.0454101 0.0341037 0.00508 -0.044753 0.0334138 8.88178e-19 -0.0450943 0.0337454 0.00508 -0.0447515 0.0334126 0.00508 -0.0443865 0.0331089 8.88178e-19 -0.0439955 0.0328315 8.88178e-19 -0.0443838 0.0331068 0.00508 -0.0435868 0.0325868 8.88178e-19 -0.0439955 0.0328315 0.00508 -0.0435868 0.0325868 0.00508 -0.0431575 0.0323727 0 -0.0431575 0.0323727 0.00508 -0.0344607 0.0373047 0.00508 -0.0344232 0.0377998 0 -0.0344232 0.0377998 0.00508 -0.0348046 0.035868 0.00508 -0.0346525 0.0363351 0 -0.0346514 0.0363387 0.00508 -0.0345368 0.0368176 0.00508 -0.0345368 0.0368176 0 -0.0344607 0.0373047 0 -0.0352217 0.0349693 0 -0.0352204 0.0349718 0.00508 -0.0354808 0.0345508 0.00508 -0.0348052 0.035866 0 -0.0349945 0.0354116 0.00508 -0.034996 0.0354085 0 -0.036098 0.0337783 0.00508 -0.0364499 0.0334326 0.00508 -0.0360995 0.0337769 0 -0.0357735 0.034153 0.00508 -0.0357755 0.0341503 0 -0.0354825 0.0345485 0 -0.0364526 0.03343 0 -0.0368302 0.0331139 0.00508 -0.0368302 0.0331139 0 -0.0372323 0.0328288 0 -0.0372323 0.0328288 0.00508 -0.0376589 0.0325746 0.00508 -0.0376589 0.0325746 0 -0.0433185 0.0381747 0.00508 -0.0433185 0.0378603 0 -0.0433185 0.0381755 0 -0.0406117 0.0353061 0.00508 -0.0402964 0.0353245 0 -0.0406117 0.0353061 0 -0.0432818 0.0384891 0 -0.043282 0.0384876 0.00508 -0.043209 0.0387958 0 -0.0432094 0.0387947 0.00508 -0.0431014 0.0390913 0.00508 -0.0431014 0.0390915 0 -0.0429596 0.0393738 0 -0.0429602 0.0393726 0.00508 -0.0427861 0.0396373 0 -0.042787 0.0396361 0.00508 -0.0425841 0.0398781 0.00508 -0.0425837 0.0398784 0 -0.0423543 0.0400949 0 -0.042355 0.0400942 0.00508 -0.042101 0.0402833 0 -0.0421023 0.0402825 0.00508 -0.0418289 0.0404404 0.00508 -0.0418281 0.0404408 0 -0.0415389 0.0405655 0 -0.0415394 0.0405653 0.00508 -0.0412363 0.040656 0 -0.0412378 0.0406556 0.00508 -0.040927 0.0407106 0.00508 -0.040927 0.0407106 0 -0.0406117 0.040729 0.00508 -0.0406117 0.040729 0 -0.0433185 0.0378596 0.00508 -0.0432818 0.037546 0.00508 -0.043282 0.0375475 0 -0.0432094 0.0372404 0 -0.043209 0.0372392 0.00508 -0.0431014 0.0369435 0.00508 -0.0431014 0.0369437 0 -0.0429596 0.0366613 0.00508 -0.0429602 0.0366625 0 -0.042787 0.0363989 0 -0.0427861 0.0363978 0.00508 -0.0425837 0.0361566 0.00508 -0.0425841 0.0361569 0 -0.0423543 0.0359402 0.00508 -0.042355 0.0359409 0 -0.0421023 0.0357526 0 -0.042101 0.0357518 0.00508 -0.0418281 0.0355943 0.00508 -0.0418289 0.0355947 0 -0.0415389 0.0354695 0.00508 -0.0415394 0.0354698 0 -0.0412378 0.0353794 0 -0.0412363 0.035379 0.00508 -0.040927 0.0353245 0.00508 -0.040927 0.0353245 0 -0.0399857 0.0353794 0.00508 -0.0399871 0.035379 0 -0.0402964 0.0353245 0.00508 -0.0391211 0.0357526 0.00508 -0.0391224 0.0357518 0 -0.0393945 0.0355947 0.00508 -0.039684 0.0354698 0.00508 -0.0393953 0.0355943 0 -0.0396846 0.0354695 0 -0.0386394 0.0361569 0.00508 -0.0384364 0.0363989 0.00508 -0.0384373 0.0363978 0 -0.0388692 0.0359402 0 -0.0388684 0.0359409 0.00508 -0.0386397 0.0361566 0 -0.0380144 0.0372392 0 -0.038122 0.0369437 0.00508 -0.0380141 0.0372404 0.00508 -0.0381221 0.0369435 0 -0.0382639 0.0366613 0 -0.0382632 0.0366625 0.00508 -0.0379049 0.0381755 0.00508 -0.0379049 0.0381747 0 -0.0379049 0.0378603 0.00508 -0.0379414 0.0375475 0.00508 -0.0379049 0.0378596 0 -0.0379416 0.037546 0 -0.0380144 0.0387958 0.00508 -0.0381221 0.0390915 0.00508 -0.038122 0.0390913 0 -0.0379414 0.0384876 0 -0.0379416 0.0384891 0.00508 -0.0380141 0.0387947 0 -0.0386394 0.0398781 0 -0.0384373 0.0396373 0.00508 -0.0386397 0.0398784 0.00508 -0.0384364 0.0396361 0 -0.0382632 0.0393726 0 -0.0382639 0.0393738 0.00508 -0.0388684 0.0400942 0 -0.0388692 0.0400949 0.00508 -0.0391211 0.0402825 0 -0.0391224 0.0402833 0.00508 -0.0393945 0.0404404 0 -0.039684 0.0405653 0 -0.0393953 0.0404408 0.00508 -0.0396846 0.0405655 0.00508 -0.0399857 0.0406556 0 -0.0399871 0.040656 0.00508 -0.0402964 0.0407106 0 -0.0402964 0.0407106 0.00508 -0.0406422 0.0318722 0.00508 -0.0401307 0.031891 0 -0.0401274 0.0318911 0.00508 -0.0396151 0.0319502 0.00508 -0.0396175 0.0319497 0 -0.0391124 0.0320481 0 -0.0391087 0.0320489 0.00508 -0.0386138 0.0321858 0 -0.0386138 0.0321858 0.00508 -0.0381306 0.032361 0.00508 -0.0381306 0.032361 0 -0.0376589 0.0325746 0 -0.0376589 0.0325746 0.00508 -0.0406455 0.0318721 0 -0.0411584 0.0318932 0.00508 -0.0411608 0.0318935 0 -0.0416731 0.0319547 0 -0.0416693 0.0319542 0.00508 -0.0421766 0.032055 0.00508 -0.0421766 0.032055 0 -0.0426714 0.0321943 0.00508 -0.0426714 0.0321943 0 -0.0431575 0.0323727 0.00508 -0.0431575 0.0323727 0</float_array>
          <technique_common>
            <accessor count="650" source="#ID25" stride="3">
              <param name="X" type="float"/>
              <param name="Y" type="float"/>
              <param name="Z" type="float"/>
            </accessor>
          </technique_common>
        </source>
        <source id="ID26">
          <float_array count="1950" id="ID27">0.998333 0.0577119 0 0.998333 0.0577119 0 0.998333 0.0577119 0 0.998333 0.0577119 0 0.963594 0.267371 0 0.994674 0.103074 0 0.963594 0.267371 0 0.905573 0.424191 0 0.905573 0.424191 0 0.822232 0.569152 0 0.822232 0.569152 0 0.715903 0.6982 0 0.715903 0.6982 0 0.589558 0.807726 0 0.589558 0.807726 0 0.446729 0.894669 0 0.446729 0.894669 0 0.29141 0.956598 0 0.29141 0.956598 0 0.127943 0.991781 0 0.127943 0.991781 0 -0.0391003 0.999235 0 -0.0391003 0.999235 0 -0.205051 0.978751 0 -0.205051 0.978751 0 -0.365268 0.930902 0 -0.365268 0.930902 0 0.994674 0.103075 0 0.997943 -0.0641035 0 0.997943 -0.0641037 0 0.973311 -0.229489 0 0.973311 -0.229489 0 0.921466 -0.388459 0 0.921466 -0.388459 0 0.843858 -0.536567 0 0.843858 -0.536567 0 0.742655 -0.669674 0 0.742655 -0.669674 0 0.62069 -0.784056 0 0.62069 -0.784056 0 0.481369 -0.876518 0 0.481369 -0.876518 0 0.32859 -0.944473 0 0.32859 -0.944473 0 0.166625 -0.98602 0 0.166625 -0.98602 0 -1.46711e-07 -1 0 -1.46711e-07 -1 0 0.0242016 0.999707 0 0.0242016 0.999707 0 0.0242016 0.999707 0 0.0242016 0.999707 0 0 -1 0 0 -1 0 0 -1 0 0 -1 0 -0.99858 -0.0532675 -0 -0.99858 -0.0532675 -0 -0.99858 -0.0532675 -0 -0.99858 -0.0532675 -0 0.643336 -0.765584 0 0.667632 -0.744491 0 0.667632 -0.744491 0 0.691238 -0.722627 0 0.691238 -0.722627 0 0.714128 -0.700015 0 0.714128 -0.700015 0 0.643336 -0.765584 0 0.618373 -0.785885 0 0.618373 -0.785885 0 0.59277 -0.805372 0 0.59277 -0.805372 0 0 0 1 0 0 1 0 0 1 0 0 1 0 0 1 0 0 1 0 0 1 0 0 1 0 0 1 0 0 1 0 0 1 0 0 1 0 0 1 0 0 1 0 0 1 0 0 1 0 0 1 0 0 1 0 0 1 0 0 1 0 0 1 0 0 1 0 0 1 0 0 1 0 0 1 0 0 1 0 0 1 0 0 1 0 0 1 0 0 1 0 0 1 0 0 1 0 0 1 0 0 1 0 0 1 0 0 1 0 0 1 0 0 1 0 0 1 0 0 1 0 0 1 0 0 1 0 0 1 0 0 1 0 0 1 0 0 1 0 0 1 0 0 1 0 0 1 0 0 1 0 0 1 0 0 1 0 0 1 0 0 1 0 0 1 0 0 1 0 0 1 0 0 1 0 0 1 0 0 1 0 0 1 0 0 1 0 0 1 0 0 1 0 0 1 0 0 1 0 0 1 0 0 1 0 0 1 0 0 1 0 0 1 0 0 1 0 0 1 0 0 1 0 0 1 0 0 1 0 0 1 0 0 1 0 0 1 0 0 1 0 0 1 0 0 1 0 0 1 0 0 1 0 0 1 0 0 1 0 0 1 0 0 1 0 0 1 0 0 1 0 0 1 0 0 1 0 0 1 0 0 1 0 0 1 0 0 1 0 0 1 0 0 1 0 0 1 0 0 1 0 0 1 0 0 1 0 0 1 0 0 1 0 0 1 0 0 1 0 0 1 0 0 1 0 0 1 0 0 1 0 0 1 0 0 1 0 0 1 0 0 1 0 0 1 0 0 1 0 0 1 0 0 1 0 0 1 0 0 1 0 0 1 0 0 1 0 0 1 0 0 1 0 0 1 0 0 1 0 0 1 0 0 1 0 0 1 0 0 1 0 0 1 0 0 1 0 0 1 0 0 1 0 0 1 0 0 1 0 0 1 0 0 1 0 0 1 0 0 1 0 0 1 0 0 1 0 0 1 0 0 1 0 0 1 0 0 1 0 0 1 0 0 1 0 0 1 0 0 1 0 0 1 0 0 1 0 0 1 0 0 1 0 0 1 0 0 1 0 0 1 0 0 1 -0 -0 -1 -0 -0 -1 -0 -0 -1 -0 -0 -1 -0 -0 -1 -0 -0 -1 -0 -0 -1 -0 -0 -1 -0 -0 -1 -0 -0 -1 -0 -0 -1 -0 -0 -1 -0 -0 -1 -0 -0 -1 -0 -0 -1 -0 -0 -1 -0 -0 -1 -0 -0 -1 -0 -0 -1 -0 -0 -1 -0 -0 -1 -0 -0 -1 -0 -0 -1 -0 -0 -1 -0 -0 -1 -0 -0 -1 -0 -0 -1 -0 -0 -1 -0 -0 -1 -0 -0 -1 -0 -0 -1 -0 -0 -1 -0 -0 -1 -0 -0 -1 -0 -0 -1 -0 -0 -1 -0 -0 -1 -0 -0 -1 -0 -0 -1 -0 -0 -1 -0 -0 -1 -0 -0 -1 -0 -0 -1 -0 -0 -1 -0 -0 -1 -0 -0 -1 -0 -0 -1 -0 -0 -1 -0 -0 -1 -0 -0 -1 -0 -0 -1 -0 -0 -1 -0 -0 -1 -0 -0 -1 -0 -0 -1 -0 -0 -1 -0 -0 -1 -0 -0 -1 -0 -0 -1 -0 -0 -1 -0 -0 -1 -0 -0 -1 -0 -0 -1 -0 -0 -1 -0 -0 -1 -0 -0 -1 -0 -0 -1 -0 -0 -1 -0 -0 -1 -0 -0 -1 -0 -0 -1 -0 -0 -1 -0 -0 -1 -0 -0 -1 -0 -0 -1 -0 -0 -1 -0 -0 -1 -0 -0 -1 -0 -0 -1 -0 -0 -1 -0 -0 -1 -0 -0 -1 -0 -0 -1 -0 -0 -1 -0 -0 -1 -0 -0 -1 -0 -0 -1 -0 -0 -1 -0 -0 -1 -0 -0 -1 -0 -0 -1 -0 -0 -1 -0 -0 -1 -0 -0 -1 -0 -0 -1 -0 -0 -1 -0 -0 -1 -0 -0 -1 -0 -0 -1 -0 -0 -1 -0 -0 -1 -0 -0 -1 -0 -0 -1 -0 -0 -1 -0 -0 -1 -0 -0 -1 -0 -0 -1 -0 -0 -1 -0 -0 -1 -0 -0 -1 -0 -0 -1 -0 -0 -1 -0 -0 -1 -0 -0 -1 -0 -0 -1 -0 -0 -1 -0 -0 -1 -0 -0 -1 -0 -0 -1 -0 -0 -1 -0 -0 -1 -0 -0 -1 -0 -0 -1 -0 -0 -1 -0 -0 -1 -0 -0 -1 -0 -0 -1 -0 -0 -1 -0 -0 -1 -0 -0 -1 -0 -0 -1 -0 -0 -1 -0 -0 -1 -0 -0 -1 -0 -0 -1 -0 -0 -1 -0 -0 -1 -0 -0 -1 -0 -0 -1 -0 -0 -1 -0 -0 -1 -0 -0 -1 -0 -0 -1 -0 -0 -1 -0 -0 -1 -0 -0 -1 -0 -0 -1 -0 -0 -1 -0 -0 -1 -0 -0 -1 -0 -0 -1 -0 -0 -1 -0 -0 -1 -0 -0 -1 -0 -0 -1 -0 -0 -1 -0 -0 -1 -0 -0 -1 -0.708997 0.705212 0 -0.652501 0.757788 0 -0.708997 0.705212 0 -0.652501 0.757788 0 -0.59212 0.80585 0 -0.528211 0.849113 0 -0.59212 0.80585 0 -0.461158 0.887318 0 -0.528211 0.849113 0 -0.461157 0.887318 0 -0.391357 0.920239 0 -0.319225 0.947679 0 -0.391357 0.920239 0 -0.245192 0.969474 0 -0.319225 0.947679 0 -0.245192 0.969474 0 -0.169699 0.985496 0 -0.0931948 0.995648 0 -0.169699 0.985496 0 -0.0161358 0.99987 0 -0.0931948 0.995648 0 -0.0161358 0.99987 0 0.0610196 0.998137 0 0.137811 0.990458 0 0.0610193 0.998137 0 0.213782 0.976881 0 0.137811 0.990458 0 0.213782 0.976881 0 0.28848 0.957486 0 0.36146 0.932388 0 0.28848 0.957486 0 0.432286 0.901736 0 0.36146 0.932388 0 0.432286 0.901736 0 0.500538 0.865714 0 0.565809 0.824536 0 0.500538 0.865714 0 0.62771 0.778447 0 0.565809 0.824536 0 0.62771 0.778447 0 0.685872 0.727722 0 0.73995 0.672662 0 0.685872 0.727722 0 0.78962 0.613596 0 0.73995 0.672662 0 0.78962 0.613596 0 0.834587 0.550876 0 0.874584 0.484874 0 0.834587 0.550876 0 0.909372 0.415985 0 0.874584 0.484874 0 0.909371 0.415985 0 -0.761269 0.648436 0 -0.809008 0.587798 0 -0.761269 0.648436 0 -0.851928 0.523659 0 -0.809008 0.587798 0 -0.851928 0.523659 0 -0.889774 0.456401 0 -0.922321 0.386425 0 -0.889774 0.456401 0 -0.949374 0.314148 0 -0.922321 0.386425 0 -0.949374 0.314148 0 -0.970773 0.24 0 -0.98639 0.164422 0 -0.970773 0.24 0 -0.996132 0.0878642 0 -0.98639 0.164421 0 -0.996132 0.0878642 0 -0.999942 0.0107837 0 -0.997796 -0.066361 -0 -0.999942 0.0107837 0 -0.989707 -0.143111 -0 -0.997796 -0.066361 -0 -0.989707 -0.143111 -0 -0.975723 -0.219008 -0 -0.955928 -0.293601 -0 -0.975723 -0.219008 -0 -0.93044 -0.366445 -0 -0.955928 -0.293601 -0 -0.93044 -0.366445 -0 -0.89941 -0.437106 -0 -0.863023 -0.505165 -0 -0.89941 -0.437106 -0 -0.821496 -0.570214 -0 -0.863023 -0.505165 -0 -0.821496 -0.570214 -0 -0.775076 -0.631868 -0 -0.72404 -0.689758 -0 -0.775076 -0.631868 -0 -0.668692 -0.743539 0 -0.72404 -0.689758 -0 -0.668692 -0.743539 0 -0.609361 -0.792893 0 -0.546401 -0.837524 0 -0.609361 -0.792893 0 -0.480186 -0.877167 0 -0.546401 -0.837524 0 -0.480186 -0.877167 0 -0.411112 -0.911585 0 -0.411112 -0.911585 0 0.993389 -0.114798 0 0.999382 -0.0351548 0 0.999382 -0.0351548 0 0.937743 -0.347329 0 0.962471 -0.271385 0 0.962471 -0.271385 0 0.981059 -0.193709 0 0.981059 -0.193709 0 0.993389 -0.114798 0 0.870538 -0.492101 0 0.870538 -0.492101 0 0.82849 -0.560004 0 0.937743 -0.347329 0 0.907034 -0.421058 0 0.907034 -0.421058 0 0.728839 -0.684685 0 0.671874 -0.740666 0 0.728839 -0.684685 0 0.781156 -0.624336 0 0.781156 -0.624336 0 0.82849 -0.560004 0 0.671874 -0.740666 0 0.610622 -0.791922 0 0.610622 -0.791922 0 0.545475 -0.838127 0 0.545475 -0.838127 0 0.476849 -0.878985 0 0.476849 -0.878985 0 0.998308 -0.0581451 0 0.998308 0.0581451 0 0.998308 -0.0581447 0 8.74228e-08 1 0 -0.116093 0.993238 0 8.74228e-08 1 0 0.984808 -0.173648 0 0.984808 -0.173648 0 0.957989 -0.286803 0 0.957989 -0.286803 0 0.918216 -0.39608 0 0.918216 -0.39608 0 0.866025 -0.5 0 0.866025 -0.5 0 0.802123 -0.597159 0 0.802123 -0.597159 0 0.727374 -0.686242 0 0.727374 -0.686242 0 0.642787 -0.766045 0 0.642788 -0.766044 0 0.549509 -0.835488 0 0.549509 -0.835488 0 0.448799 -0.893633 0 0.448799 -0.893633 0 0.34202 -0.939693 0 0.34202 -0.939693 0 0.230615 -0.973045 0 0.230616 -0.973045 0 0.116093 -0.993238 0 0.116093 -0.993238 0 -1.74846e-07 -1 -0 3.01992e-07 -1 0 0.998308 0.0581451 0 0.984808 0.173648 0 0.984808 0.173648 0 0.95799 0.286803 0 0.95799 0.286803 0 0.918216 0.39608 0 0.918216 0.39608 0 0.866025 0.5 0 0.866025 0.5 0 0.802123 0.597159 0 0.802123 0.597159 0 0.727374 0.686242 0 0.727374 0.686242 0 0.642788 0.766044 0 0.642788 0.766044 0 0.549509 0.835488 0 0.549509 0.835488 0 0.448799 0.893633 0 0.448799 0.893633 0 0.34202 0.939693 0 0.34202 0.939693 0 0.230616 0.973045 0 0.230616 0.973045 0 0.116093 0.993238 0 0.116093 0.993238 0 -0.230616 0.973045 0 -0.230616 0.973045 0 -0.116093 0.993238 0 -0.549509 0.835488 0 -0.549509 0.835488 0 -0.448799 0.893633 0 -0.34202 0.939693 0 -0.448799 0.893633 0 -0.34202 0.939693 0 -0.727374 0.686242 0 -0.802123 0.597159 0 -0.802123 0.597159 0 -0.642788 0.766044 0 -0.642788 0.766044 0 -0.727374 0.686242 0 -0.95799 0.286803 0 -0.918216 0.39608 0 -0.95799 0.286803 0 -0.918216 0.39608 0 -0.866026 0.5 0 -0.866025 0.5 0 -0.998308 -0.0581449 -0 -0.998308 -0.0581449 -0 -0.998308 0.0581448 0 -0.984808 0.173648 0 -0.998308 0.0581448 0 -0.984808 0.173648 0 -0.95799 -0.286803 -0 -0.918216 -0.39608 -0 -0.918216 -0.39608 -0 -0.984808 -0.173648 -0 -0.984808 -0.173648 -0 -0.95799 -0.286803 -0 -0.727374 -0.686242 -0 -0.802123 -0.597159 -0 -0.727374 -0.686242 -0 -0.802123 -0.597159 -0 -0.866025 -0.5 -0 -0.866025 -0.5 -0 -0.642788 -0.766044 -0 -0.642788 -0.766044 -0 -0.549509 -0.835488 -0 -0.549509 -0.835488 -0 -0.448799 -0.893633 -0 -0.34202 -0.939693 -0 -0.448799 -0.893633 -0 -0.34202 -0.939693 -0 -0.230616 -0.973045 -0 -0.230616 -0.973045 -0 -0.116093 -0.993238 -0 -0.116093 -0.993238 -0 -0.0021895 -0.999998 -0 0.0755105 -0.997145 0 0.0755105 -0.997145 0 0.152754 -0.988264 0 0.152754 -0.988264 0 0.229074 -0.973409 0 0.229074 -0.973409 0 0.304009 -0.952669 0 0.304009 -0.952669 0 0.377106 -0.92617 0 0.377106 -0.92617 0 0.447924 -0.894072 0 0.447924 -0.894072 0 -0.0021895 -0.999998 -0 -0.0798762 -0.996805 -0 -0.0798762 -0.996805 -0 -0.15708 -0.987586 -0 -0.15708 -0.987586 -0 -0.233334 -0.972397 -0 -0.233334 -0.972397 -0 -0.308178 -0.951329 -0 -0.308178 -0.951329 -0 -0.381159 -0.92451 -0 -0.381158 -0.92451 -0</float_array>
          <technique_common>
            <accessor count="650" source="#ID27" stride="3">
              <param name="X" type="float"/>
              <param name="Y" type="float"/>
              <param name="Z" type="float"/>
            </accessor>
          </technique_common>
        </source>
        <vertices id="ID28">
          <input semantic="POSITION" source="#ID24"/>
          <input semantic="NORMAL" source="#ID26"/>
        </vertices>
        <triangles count="632" material="ID29">
          <input offset="0" semantic="VERTEX" source="#ID28"/>
          <p>0 1 2 0 2 3 4 5 6 7 8 4 4 6 7 8 9 10 9 8 7 11 10 12 9 12 10 13 14 11 11 12 13 14 15 16 15 14 13 17 16 18 15 18 16 19 20 17 17 18 19 20 21 22 21 20 19 23 22 24 21 24 22 25 26 23 23 24 25 6 5 27 28 27 29 5 29 27 30 31 28 28 29 30 31 32 33 32 31 30 34 33 35 32 35 33 36 37 34 34 35 36 37 38 39 38 37 36 40 39 41 38 41 39 42 43 40 40 41 42 43 44 45 44 43 42 44 46 45 45 46 47 48 49 50 48 50 51 52 53 54 54 55 52 56 57 58 58 59 56 60 61 62 63 62 64 61 64 62 65 66 63 63 64 65 61 60 67 67 68 69 68 67 60 68 70 69 69 70 71 72 73 74 75 76 77 78 79 80 81 82 83 82 84 83 85 86 81 81 83 85 86 87 88 87 86 85 76 88 77 87 77 88 76 75 89 89 90 91 90 89 75 92 91 93 90 93 91 94 95 92 92 93 94 95 96 78 96 95 94 96 79 78 97 98 99 100 101 102 103 104 105 106 107 103 108 109 110 108 111 112 113 114 115 116 117 118 119 120 121 122 123 124 119 125 126 120 119 126 127 128 129 127 130 128 131 132 129 129 132 133 134 135 136 135 137 138 139 140 141 142 143 144 145 144 143 140 146 141 147 146 148 145 139 149 150 151 148 151 150 136 152 153 142 131 153 154 154 153 152 154 132 131 137 74 138 155 72 156 155 156 157 129 133 127 125 128 130 158 157 159 160 159 161 125 130 126 162 161 163 160 161 164 165 166 167 166 165 163 119 121 168 166 123 169 121 170 168 122 124 171 172 173 174 114 113 118 110 109 116 175 176 177 178 99 179 180 181 101 182 112 183 184 185 186 183 185 182 187 188 189 190 191 184 190 192 191 193 194 78 195 196 192 187 197 198 199 200 196 201 202 203 204 200 199 201 203 205 206 207 203 206 208 209 209 210 206 193 80 206 208 211 212 213 214 215 216 212 217 206 203 193 213 218 214 78 80 193 193 219 220 219 193 221 193 222 223 220 222 193 193 223 194 224 172 225 226 124 115 202 198 197 143 142 153 149 144 145 140 139 145 147 141 146 150 148 146 134 136 150 137 135 134 72 74 137 72 155 73 159 157 156 159 160 158 161 162 164 163 165 162 166 169 167 123 122 169 124 226 171 115 114 226 116 118 113 116 109 117 111 108 110 183 112 111 186 185 183 190 184 186 195 192 190 199 196 195 227 200 204 213 215 204 215 227 204 228 218 229 228 214 218 229 216 217 218 216 229 217 212 211 208 212 209 210 207 206 207 205 203 198 202 201 188 187 198 188 106 189 107 104 103 188 107 106 105 104 102 101 100 180 102 104 100 181 180 178 97 99 178 179 181 178 176 98 97 176 174 177 176 175 98 173 172 224 177 174 173 224 225 170 168 170 225 230 231 232 233 234 235 236 237 238 239 240 241 242 243 244 245 233 246 235 246 233 247 231 248 248 231 230 245 249 250 249 245 246 231 251 232 252 237 250 250 249 252 252 238 237 236 253 254 253 236 238 255 256 254 254 253 255 257 256 258 255 258 256 257 259 260 259 257 258 251 261 260 260 259 251 261 251 262 263 264 265 266 267 268 269 270 271 272 269 273 274 275 276 277 278 279 280 281 282 274 283 284 285 286 287 288 289 290 291 292 293 291 294 292 295 296 297 291 293 298 299 300 301 296 300 297 302 303 304 305 300 299 306 307 308 309 310 303 268 311 312 313 312 311 313 314 315 314 306 308 316 317 267 316 310 317 318 307 319 305 320 319 320 318 319 320 305 299 302 304 321 322 323 324 322 321 325 326 324 323 296 301 300 295 297 298 327 326 328 329 327 330 293 295 298 239 329 331 332 329 330 241 240 333 291 334 294 241 335 285 294 334 336 286 337 287 290 282 288 338 339 340 281 284 283 341 342 343 275 344 345 346 244 347 348 345 344 349 279 350 351 352 353 353 354 348 355 352 351 356 357 358 359 231 360 361 362 356 231 247 360 363 364 365 366 367 355 368 363 365 369 370 366 363 371 372 369 373 370 372 374 375 231 262 251 376 372 375 377 378 379 380 376 378 265 381 263 372 231 363 372 262 231 382 383 339 384 289 287 364 362 361 306 319 307 315 314 308 311 314 313 266 268 312 317 268 267 309 317 310 302 309 303 322 302 321 322 325 323 327 324 326 327 328 330 329 332 331 239 331 240 241 333 335 285 335 286 287 337 384 289 384 290 281 288 282 281 280 284 276 283 274 345 276 275 354 345 348 352 354 353 367 352 355 370 367 366 385 373 369 263 373 264 264 373 385 386 387 381 386 381 265 387 377 379 381 387 379 377 380 378 376 375 378 374 372 371 371 363 368 361 365 364 358 361 356 358 357 272 273 269 271 358 272 273 270 278 271 279 349 277 278 277 271 350 347 349 243 347 244 346 347 350 342 243 242 342 341 340 342 242 343 338 382 339 341 338 340 382 336 383 334 383 336 388 389 390 391 389 392 389 391 390 393 394 392 391 392 394 393 395 396 396 394 393 397 395 398 395 397 396 399 400 398 397 398 400 399 401 402 402 400 399 403 401 404 401 403 402 405 406 404 403 404 406 405 407 408 408 406 405 409 407 410 407 409 408 411 412 410 409 410 412 411 413 414 414 412 411 415 413 416 413 415 414 417 418 416 415 416 418 417 419 420 420 418 417 421 419 422 419 421 420 423 424 422 421 422 424 423 425 426 426 424 423 427 425 428 425 427 426 429 430 428 427 428 430 429 431 432 432 430 429 433 431 434 431 433 432 435 436 434 433 434 436 435 437 438 438 436 435 437 439 438 440 388 390 441 442 440 388 440 442 441 443 444 444 442 441 445 443 446 443 445 444 447 448 446 445 446 448 447 449 450 450 448 447 451 449 452 449 451 450 453 454 452 451 452 454 453 455 456 456 454 453 457 455 458 455 457 456 459 460 458 457 458 460 459 461 462 462 460 459 463 461 464 461 463 462 465 466 464 463 464 466 465 467 468 468 466 465 469 467 470 467 469 468 471 472 470 469 470 472 471 473 474 474 472 471 475 473 476 473 475 474 477 478 476 475 476 478 477 479 480 480 478 477 481 479 482 479 481 480 483 484 482 481 482 484 483 485 486 486 484 483 487 485 488 485 487 486 487 488 489 490 491 492 493 494 495 496 497 498 499 500 501 502 503 504 505 506 507 508 509 510 511 512 513 512 511 506 514 513 515 512 515 513 516 517 514 514 515 516 507 509 505 506 511 507 501 508 510 508 505 509 504 500 499 499 501 510 502 493 503 504 503 500 494 497 495 502 494 493 496 498 490 495 497 496 491 490 498 518 519 520 521 522 523 520 524 525 525 518 520 526 527 524 525 524 527 528 526 529 526 528 527 529 530 531 531 528 529 532 533 530 531 530 533 534 532 535 532 534 533 535 536 537 537 534 535 538 539 536 537 536 539 540 538 541 538 540 539 541 542 543 543 540 541 544 545 542 543 542 545 546 544 547 544 546 545 548 546 547 548 547 549 518 550 519 551 552 550 519 550 552 553 551 554 551 553 552 554 555 556 556 553 554 557 558 555 556 555 558 559 557 560 557 559 558 560 561 562 562 559 560 563 564 561 562 561 564 565 563 566 563 565 564 566 567 568 568 565 566 569 570 567 568 567 570 571 569 572 569 571 570 572 573 574 574 571 572 574 573 523 575 576 577 573 521 523 578 579 580 581 582 583 584 585 586 587 588 589 590 591 592 593 594 595 596 597 598 599 600 601 602 603 604 605 606 607 608 609 610 611 612 613 614 615 616 615 614 610 617 618 616 616 615 617 619 618 620 617 620 618 619 621 622 621 619 620 623 624 622 622 621 623 549 624 625 623 625 624 548 549 625 609 608 611 614 608 610 612 603 613 611 613 609 607 602 604 604 603 612 596 606 605 606 602 607 598 597 600 596 605 597 599 601 592 598 600 599 590 593 591 601 590 592 594 585 595 593 595 591 589 584 586 586 585 594 578 588 587 588 584 589 580 579 582 578 587 579 581 583 575 580 582 581 576 522 577 583 576 575 521 577 522 626 627 628 629 628 630 627 630 628 631 632 629 629 630 631 632 633 634 633 632 631 635 634 636 633 636 634 637 638 635 635 636 637 627 626 639 639 640 641 640 639 626 642 641 643 640 643 641 644 645 642 642 643 644 645 646 647 646 645 644 646 648 647 647 648 649</p>
        </triangles>
      </mesh>
    </geometry>
    <geometry id="ID30">
      <mesh>
        <source id="ID31">
          <float_array count="132" id="ID32">-0.0593218 0.0233772 0.00508 -0.059999 0.0242865 0.00508 -0.0593218 0.0233772 0 -0.0586011 0.0225002 -5.32907e-18 -0.0586011 0.0225002 0.00508 -0.059999 0.0242865 0 -0.0606327 0.0252282 0.00508 -0.0606327 0.0252282 -5.32907e-18 -0.0586011 0.0225002 -5.32907e-18 -0.044793 0.0334501 8.88178e-19 -0.044793 0.0334501 0.00508 -0.0586011 0.0225002 0.00508 -0.0452074 0.0337753 0.00508 -0.044793 0.0334501 0.00508 -0.044793 0.0334501 8.88178e-19 -0.0460658 0.0350854 0.00508 -0.0458523 0.0346039 0.00508 -0.0458523 0.0346039 0 -0.0455636 0.0341633 0.00508 -0.0452074 0.0337753 0 -0.0455636 0.0341633 0 -0.0460658 0.0350854 -5.32907e-18 -0.0460658 0.0350854 -5.32907e-18 -0.0606327 0.0252282 -5.32907e-18 -0.0606327 0.0252282 0.00508 -0.0460658 0.0350854 0.00508 -0.0593218 0.0233772 0.00508 -0.0586011 0.0225002 0.00508 -0.044793 0.0334501 0.00508 -0.0606327 0.0252282 0.00508 -0.0455636 0.0341633 0.00508 -0.0458523 0.0346039 0.00508 -0.0452074 0.0337753 0.00508 -0.059999 0.0242865 0.00508 -0.0460658 0.0350854 0.00508 -0.0452074 0.0337753 0 -0.059999 0.0242865 0 -0.0606327 0.0252282 -5.32907e-18 -0.0455636 0.0341633 0 -0.0458523 0.0346039 0 -0.0460658 0.0350854 -5.32907e-18 -0.044793 0.0334501 8.88178e-19 -0.0586011 0.0225002 -5.32907e-18 -0.0593218 0.0233772 0</float_array>
          <technique_common>
            <accessor count="44" source="#ID32" stride="3">
              <param name="X" type="float"/>
              <param name="Y" type="float"/>
              <param name="Z" type="float"/>
            </accessor>
          </technique_common>
        </source>
        <source id="ID33">
          <float_array count="132" id="ID34">-0.78754 -0.616263 0 -0.816067 -0.577957 -0 -0.78754 -0.616263 0 -0.757217 -0.653163 0 -0.757217 -0.653163 0 -0.816067 -0.577957 -0 -0.842733 -0.538332 -0 -0.842733 -0.538332 -0 0.621347 -0.783535 0 0.621347 -0.783535 0 0.621347 -0.783535 0 0.621347 -0.783535 0 0.679264 0.733894 0 0.551462 0.8342 0 0.551462 0.8342 0 0.944046 0.329813 0 0.878182 0.478327 0 0.878182 0.478328 0 0.789138 0.614217 0 0.679264 0.733894 0 0.789138 0.614217 0 0.944046 0.329813 0 -0.56043 0.828202 0 -0.56043 0.828202 0 -0.56043 0.828202 0 -0.56043 0.828202 0 0 0 1 0 0 1 0 0 1 0 0 1 0 0 1 0 0 1 0 0 1 0 0 1 0 0 1 -0 -0 -1 -0 -0 -1 -0 -0 -1 -0 -0 -1 -0 -0 -1 -0 -0 -1 -0 -0 -1 -0 -0 -1 -0 -0 -1</float_array>
          <technique_common>
            <accessor count="44" source="#ID34" stride="3">
              <param name="X" type="float"/>
              <param name="Y" type="float"/>
              <param name="Z" type="float"/>
            </accessor>
          </technique_common>
        </source>
        <vertices id="ID35">
          <input semantic="POSITION" source="#ID31"/>
          <input semantic="NORMAL" source="#ID33"/>
        </vertices>
        <triangles count="32" material="ID9">
          <input offset="0" semantic="VERTEX" source="#ID35"/>
          <p>0 1 2 3 4 0 0 2 3 2 1 5 1 6 5 5 6 7 8 9 10 10 11 8 12 13 14 15 16 17 18 19 20 21 15 17 18 20 16 17 16 20 12 14 19 18 12 19 22 23 24 24 25 22 26 27 28 29 30 31 32 33 28 26 28 33 30 29 32 33 32 29 31 34 29 35 36 37 38 35 37 39 37 40 39 38 37 36 35 41 42 43 41 36 41 43</p>
        </triangles>
      </mesh>
    </geometry>
    <geometry id="ID36">
      <mesh>
        <source id="ID37">
          <float_array count="216" id="ID38">0.0327509 0.0206944 0 0.0327509 0.0206944 0.0254 0.0326539 0.0177135 0.0254 0.0323833 0.0236541 0 0.0323833 0.0236541 0.0254 0.03156 0.0265207 0.0254 0.03156 0.0265207 0 0.0303011 0.0292244 0 0.0303011 0.0292244 0.0254 0.0326539 0.0177135 0 0.0320947 0.0147839 0.0254 0.0320947 0.0147839 0 0.0310868 0.0119769 0.0254 0.0310868 0.0119769 0 0.0296548 0.00936072 0.0254 0.0296548 0.00936072 0 0.0303011 0.0292244 0 0.0164284 0.0292244 0 0.0164284 0.0292244 0.0254 0.0303011 0.0292244 0.0254 0.0136794 0.017583 0 0.0136794 0.017583 0.0254 0.0136793 0.0206186 0.0254 0.014147 0.0145837 0 0.014147 0.0145837 0.0254 0.0150709 0.0116921 0.0254 0.0150709 0.0116921 0 0.0164291 0.00897737 0 0.0164291 0.00897737 0.0254 0.0136793 0.0206186 0 0.0141467 0.0236179 0.0254 0.0141467 0.0236179 0 0.0150704 0.0265096 0.0254 0.0150704 0.0265096 0 0.0164284 0.0292244 0.0254 0.0164284 0.0292244 0 0.0164291 0.00897737 0 0.0296548 0.00936072 0 0.0296548 0.00936072 0.0254 0.0164291 0.00897737 0.0254 0.014147 0.0145837 0.0254 0.0310868 0.0119769 0.0254 0.0320947 0.0147839 0.0254 0.0164284 0.0292244 0.0254 0.0150704 0.0265096 0.0254 0.03156 0.0265207 0.0254 0.0323833 0.0236541 0.0254 0.0303011 0.0292244 0.0254 0.0141467 0.0236179 0.0254 0.0327509 0.0206944 0.0254 0.0136793 0.0206186 0.0254 0.0326539 0.0177135 0.0254 0.0136794 0.017583 0.0254 0.0150709 0.0116921 0.0254 0.0296548 0.00936072 0.0254 0.0164291 0.00897737 0.0254 0.0164284 0.0292244 0 0.03156 0.0265207 0 0.0150704 0.0265096 0 0.0327509 0.0206944 0 0.0326539 0.0177135 0 0.0136793 0.0206186 0 0.0320947 0.0147839 0 0.0136794 0.017583 0 0.0141467 0.0236179 0 0.0150709 0.0116921 0 0.014147 0.0145837 0 0.0310868 0.0119769 0 0.0296548 0.00936072 0 0.0164291 0.00897737 0 0.0323833 0.0236541 0 0.0303011 0.0292244 0</float_array>
          <technique_common>
            <accessor count="72" source="#ID38" stride="3">
              <param name="X" type="float"/>
              <param name="Y" type="float"/>
              <param name="Z" type="float"/>
            </accessor>
          </technique_common>
        </source>
        <source id="ID39">
          <float_array count="216" id="ID40">0.998964 0.0455083 0 0.998964 0.0455083 0 0.993893 -0.110347 0 0.979743 0.200257 0 0.979743 0.200257 0 0.936699 0.350135 0 0.936699 0.350135 0 0.870878 0.4915 0 0.870878 0.4915 0 0.993893 -0.110347 0 0.964654 -0.263518 0 0.964654 -0.263518 0 0.911959 -0.410282 0 0.911959 -0.410282 0 0.837088 -0.547069 0 0.837088 -0.547069 0 0 1 0 0 1 0 0 1 0 0 1 0 -0.99701 -0.0772681 0 -0.99701 -0.0772681 0 -0.997016 0.0771962 0 -0.973217 -0.229889 0 -0.973217 -0.229889 0 -0.926203 -0.377025 0 -0.926203 -0.377025 0 -0.857091 -0.515165 0 -0.857091 -0.515165 0 -0.997016 0.0771962 0 -0.973234 0.229818 0 -0.973234 0.229818 0 -0.926231 0.376958 0 -0.926231 0.376958 0 -0.857128 0.515103 0 -0.857128 0.515103 0 0.0289733 -0.99958 0 0.0289733 -0.99958 0 0.0289733 -0.99958 0 0.0289733 -0.99958 0 0 0 1 0 0 1 0 0 1 0 0 1 0 0 1 0 0 1 0 0 1 0 0 1 0 0 1 0 0 1 0 0 1 0 0 1 0 0 1 0 0 1 0 0 1 0 0 1 -0 -0 -1 -0 -0 -1 -0 -0 -1 -0 -0 -1 -0 -0 -1 -0 -0 -1 -0 -0 -1 -0 -0 -1 -0 -0 -1 -0 -0 -1 -0 -0 -1 -0 -0 -1 -0 -0 -1 -0 -0 -1 -0 -0 -1 -0 -0 -1</float_array>
          <technique_common>
            <accessor count="72" source="#ID40" stride="3">
              <param name="X" type="float"/>
              <param name="Y" type="float"/>
              <param name="Z" type="float"/>
            </accessor>
          </technique_common>
        </source>
        <vertices id="ID41">
          <input semantic="POSITION" source="#ID37"/>
          <input semantic="NORMAL" source="#ID39"/>
        </vertices>
        <triangles count="60" material="ID42">
          <input offset="0" semantic="VERTEX" source="#ID41"/>
          <p>0 1 2 1 3 4 3 1 0 5 4 6 3 6 4 7 8 5 5 6 7 0 2 9 10 11 9 9 2 10 11 12 13 12 11 10 12 14 13 13 14 15 16 17 18 18 19 16 20 21 22 21 23 24 23 21 20 25 24 26 23 26 24 27 28 25 25 26 27 20 22 29 30 31 29 29 22 30 31 32 33 32 31 30 32 34 33 33 34 35 36 37 38 38 39 36 40 41 42 43 44 45 45 44 46 45 47 43 48 46 44 46 48 49 50 49 48 50 51 49 51 50 52 52 40 42 42 51 52 53 41 40 54 53 55 53 54 41 56 57 58 59 60 61 62 63 60 59 61 64 65 66 67 62 67 66 65 68 69 68 65 67 61 60 63 63 62 66 59 64 70 58 70 64 56 71 57 70 58 57</p>
        </triangles>
      </mesh>
    </geometry>
    <geometry id="ID43">
      <mesh>
        <source id="ID44">
          <float_array count="2100" id="ID45">-0.0439364 0.0615478 0.00508 -0.0450555 0.0613555 8.88178e-19 -0.0450555 0.0613555 0.00508 -0.0416771 0.0617509 0.00508 -0.0416771 0.0617509 0 -0.0428103 0.0616796 0 -0.0428103 0.0616796 0.00508 -0.0439364 0.0615478 0 -0.0684136 0.0389939 0.00508 -0.0684136 0.037054 0 -0.0684136 0.0389939 0 -0.0406117 0.0101983 0.00508 -0.0386632 0.0102672 0 -0.0406117 0.0101983 0 -0.0682776 0.0409298 0 -0.0682776 0.0409298 0.00508 -0.0680066 0.0428555 0 -0.0680066 0.0428555 0.00508 -0.0676044 0.044748 0.00508 -0.0676044 0.044748 0 -0.0670663 0.0466216 0 -0.0670663 0.0466216 0.00508 -0.0664038 0.0484421 0 -0.0664038 0.0484421 0.00508 -0.0656119 0.0502185 0.00508 -0.0656119 0.0502185 0 -0.0647005 0.0519324 0 -0.0647005 0.0519324 0.00508 -0.0636728 0.0535763 0 -0.0636728 0.0535763 0.00508 -0.0625284 0.0551506 0.00508 -0.0625284 0.0551506 0 -0.0612845 0.0566332 0 -0.0612845 0.0566332 0.00508 -0.0599305 0.058034 0 -0.0599305 0.058034 0.00508 -0.0584901 0.059331 0.00508 -0.0584901 0.059331 0 -0.0569582 0.0605268 0 -0.0569582 0.0605268 0.00508 -0.0553477 0.0616129 0 -0.0553477 0.0616129 0.00508 -0.0536704 0.062581 0.00508 -0.0536704 0.062581 0 -0.0519193 0.0634344 0 -0.0519193 0.0634344 0.00508 -0.0501243 0.0641598 0 -0.0501243 0.0641598 0.00508 -0.0482723 0.0647605 0.00508 -0.0482723 0.0647605 0 -0.0463905 0.0652297 0 -0.0463905 0.0652297 0.00508 -0.0444865 0.0655655 0 -0.0444865 0.0655655 0.00508 -0.0425603 0.0657678 0.00508 -0.0425603 0.0657678 0 -0.0406117 0.0658367 0.00508 -0.0406117 0.0658367 0 -0.0684136 0.037054 0.00508 -0.0682788 0.0351124 0.00508 -0.0682788 0.0351124 0 -0.0680091 0.0331948 0 -0.0680091 0.0331948 0.00508 -0.0676047 0.0312883 0.00508 -0.0676047 0.0312883 0 -0.0670712 0.0294277 0.00508 -0.0670712 0.0294277 0 -0.0664068 0.0276016 0 -0.0664068 0.0276016 0.00508 -0.0656174 0.0258268 0.00508 -0.0656174 0.0258268 0 -0.0647072 0.0241149 0.00508 -0.0647072 0.0241149 0 -0.0636759 0.0224628 0 -0.0636759 0.0224628 0.00508 -0.062538 0.0208968 0.00508 -0.062538 0.0208968 0 -0.0612869 0.0194049 0.00508 -0.0612869 0.0194049 0 -0.059941 0.0180108 0 -0.059941 0.0180108 0.00508 -0.0584981 0.0167114 0.00508 -0.0584981 0.0167114 0 -0.0569666 0.0155138 0.00508 -0.0569666 0.0155138 0 -0.0553601 0.0144302 0 -0.0553601 0.0144302 0.00508 -0.0536729 0.0134551 0.00508 -0.0536729 0.0134551 0 -0.0519336 0.0126069 0.00508 -0.0519336 0.0126069 0 -0.0501299 0.0118778 0 -0.0501299 0.0118778 0.00508 -0.0482853 0.0112778 0.00508 -0.0482853 0.0112778 0 -0.0464024 0.0108083 0.00508 -0.0464024 0.0108083 0 -0.0444865 0.0104696 0 -0.0444865 0.0104696 0.00508 -0.0425603 0.0102672 0.00508 -0.0425603 0.0102672 0 -0.0367369 0.0104696 0.00508 -0.0367369 0.0104696 0 -0.0386632 0.0102672 0.00508 -0.0310992 0.0118753 0.00508 -0.0310992 0.0118753 0 -0.0329511 0.0112745 0.00508 -0.0348329 0.0108053 0.00508 -0.0329511 0.0112745 0 -0.0348329 0.0108053 0 -0.027553 0.013454 0.00508 -0.0258757 0.0144222 0.00508 -0.0258757 0.0144222 0 -0.0293041 0.0126007 0 -0.0293041 0.0126007 0.00508 -0.027553 0.013454 0 -0.021293 0.0180011 0 -0.0227333 0.016704 0.00508 -0.021293 0.0180011 0.00508 -0.0227333 0.016704 0 -0.0242652 0.0155083 0 -0.0242652 0.0155083 0.00508 -0.0175507 0.0224588 0.00508 -0.0175507 0.0224588 0 -0.018695 0.0208845 0.00508 -0.019939 0.0194018 0.00508 -0.018695 0.0208845 0 -0.019939 0.0194018 0 -0.0156115 0.0258166 0.00508 -0.0148196 0.027593 0.00508 -0.0148196 0.027593 0 -0.0165229 0.0241027 0 -0.0165229 0.0241027 0.00508 -0.0156115 0.0258166 0 -0.0132169 0.0331795 0 -0.013619 0.031287 0.00508 -0.0132169 0.0331795 0.00508 -0.013619 0.031287 0 -0.0141571 0.0294135 0 -0.0141571 0.0294135 0.00508 -0.0128099 0.0389811 0.00508 -0.0128099 0.0389811 0 -0.0128099 0.0370411 0.00508 -0.0129459 0.0351052 0.00508 -0.0128099 0.0370411 0 -0.0129459 0.0351052 0 -0.0132143 0.0428403 0.00508 -0.0136188 0.0447467 0.00508 -0.0136188 0.0447467 0 -0.0129447 0.0409227 0 -0.0129447 0.0409227 0.00508 -0.0132143 0.0428403 0 -0.015606 0.0502083 0 -0.0148167 0.0484334 0.00508 -0.015606 0.0502083 0.00508 -0.0148167 0.0484334 0 -0.0141522 0.0466073 0 -0.0141522 0.0466073 0.00508 -0.0186854 0.0551382 0.00508 -0.0186854 0.0551382 0 -0.0175475 0.0535723 0.00508 -0.0165163 0.0519201 0.00508 -0.0175475 0.0535723 0 -0.0165163 0.0519201 0 -0.0212824 0.0580243 0.00508 -0.0227254 0.0593237 0 -0.0212824 0.0580243 0 -0.0199366 0.0566301 0 -0.0199366 0.0566301 0.00508 -0.0242568 0.0605213 0 -0.0227254 0.0593237 0.00508 -0.0242568 0.0605213 0.00508 -0.0258634 0.0616048 0 -0.0258634 0.0616048 0.00508 -0.0275506 0.06258 0 -0.0292898 0.0634281 0 -0.0275506 0.06258 0.00508 -0.0292898 0.0634281 0.00508 -0.0310935 0.0641573 0 -0.0310935 0.0641573 0.00508 -0.0329381 0.0647572 0 -0.034821 0.0652267 0 -0.0329381 0.0647572 0.00508 -0.034821 0.0652267 0.00508 -0.0367369 0.0655655 0 -0.0367369 0.0655655 0.00508 -0.0386632 0.0657678 0 -0.0386632 0.0657678 0.00508 -0.0398692 0.0617626 0.00508 -0.0416771 0.0617509 0 -0.0416771 0.0617509 0.00508 -0.0345481 0.0609873 0.00508 -0.0363047 0.0613809 0 -0.0363047 0.0613809 0.00508 -0.0380784 0.0616393 0.00508 -0.0380784 0.0616393 0 -0.0398692 0.0617626 0 -0.0311499 0.0598086 0 -0.0311499 0.0598086 0.00508 -0.0295221 0.0590276 0.00508 -0.0345481 0.0609873 0 -0.0328241 0.060462 0.00508 -0.0328241 0.060462 0 -0.0264745 0.0571106 0.00508 -0.0250748 0.0559895 0.00508 -0.0264745 0.0571106 0 -0.0279676 0.0581299 0.00508 -0.0279676 0.0581299 0 -0.0295221 0.0590276 0 -0.0214226 0.0520231 0.00508 -0.0225379 0.0534361 0 -0.0225379 0.0534361 0.00508 -0.023756 0.0547589 0 -0.0250748 0.0559895 0 -0.023756 0.0547589 0.00508 -0.0195281 0.0489656 0 -0.0195281 0.0489656 0.00508 -0.018757 0.0473331 0.00508 -0.0214226 0.0520231 0 -0.0204157 0.0505284 0.00508 -0.0204157 0.0505284 0 -0.0176003 0.0439236 0.00508 -0.0172207 0.0421708 0.00508 -0.0176003 0.0439236 0 -0.0181165 0.0456562 0.00508 -0.0181165 0.0456562 0 -0.018757 0.0473331 0 -0.0168868 0.0367895 0.00508 -0.0168616 0.0385894 0 -0.0168616 0.0385894 0.00508 -0.0169731 0.0403842 0 -0.0172207 0.0421708 0 -0.0169731 0.0403842 0.00508 -0.0173442 0.0332218 0 -0.0173442 0.0332218 0.00508 -0.017775 0.0314685 0.00508 -0.0168868 0.0367895 0 -0.0170477 0.0349944 0.00508 -0.0170477 0.0349944 0 -0.0190268 0.0280928 0.00508 -0.0198374 0.026493 0.00508 -0.0190268 0.0280928 0 -0.0183351 0.0297631 0.00508 -0.0183351 0.0297631 0 -0.017775 0.0314685 0 -0.0229712 0.0221055 0.00508 -0.0218167 0.0234868 0 -0.0218167 0.0234868 0.00508 -0.0207716 0.0249501 0 -0.0198374 0.026493 0 -0.0207716 0.0249501 0.00508 -0.0255756 0.0196247 0 -0.0255756 0.0196247 0.00508 -0.0270155 0.0185355 0.00508 -0.0229712 0.0221055 0 -0.0242279 0.0208137 0.00508 -0.0242279 0.0208137 0 -0.0301156 0.0167047 0.00508 -0.0317534 0.015974 0.00508 -0.0301156 0.0167047 0 -0.0285255 0.017565 0.00508 -0.0285255 0.017565 0 -0.0270155 0.0185355 0 -0.0369521 0.0145444 0.00508 -0.0351852 0.0148886 0 -0.0351852 0.0148886 0.00508 -0.0334514 0.0153654 0 -0.0317534 0.015974 0 -0.0334514 0.0153654 0.00508 -0.0405378 0.014261 0 -0.0405378 0.014261 0.00508 -0.0423422 0.0143234 0.00508 -0.0369521 0.0145444 0 -0.038742 0.0143341 0.00508 -0.038742 0.0143341 0 -0.0459028 0.014857 0.00508 -0.0476347 0.0153225 0.00508 -0.0459028 0.014857 0 -0.0441262 0.0145222 0.00508 -0.0441262 0.0145222 0 -0.0423422 0.0143234 0 -0.0525712 0.0174908 0.00508 -0.0509828 0.0166438 0 -0.0509828 0.0166438 0.00508 -0.0493363 0.0159207 0 -0.0476347 0.0153225 0 -0.0493363 0.0159207 0.00508 -0.0555331 0.0195316 0 -0.0555331 0.0195316 0.00508 -0.0568943 0.0207177 0.00508 -0.0525712 0.0174908 0 -0.0540932 0.018456 0.00508 -0.0540932 0.018456 0 -0.0593215 0.0233768 0.00508 -0.0603723 0.0248301 0.00508 -0.0593215 0.0233768 0 -0.0581536 0.0219968 0.00508 -0.0581536 0.0219968 0 -0.0568943 0.0207177 0 -0.0628368 0.0296256 0.00508 -0.0621379 0.0279667 0 -0.0621379 0.0279667 0.00508 -0.0613158 0.0263674 0 -0.0603723 0.0248301 0 -0.0613158 0.0263674 0.00508 -0.063849 0.0330771 0 -0.063849 0.0330771 0.00508 -0.0641576 0.034856 0.00508 -0.0628368 0.0296256 0 -0.0634095 0.0313344 0.00508 -0.0634095 0.0313344 0 -0.0643286 0.0366429 0 -0.0641576 0.034856 0 -0.0643286 0.0366429 0.00508 -0.064365 0.0384504 0.00508 -0.064365 0.0384504 0 -0.0642643 0.040241 0.00508 -0.0642643 0.040241 0 -0.0640274 0.042029 0 -0.0640274 0.042029 0.00508 -0.0636571 0.0437887 0.00508 -0.0636571 0.0437887 0 -0.0631536 0.045517 0.00508 -0.0631536 0.045517 0 -0.0625207 0.0472044 0 -0.0625207 0.0472044 0.00508 -0.061763 0.0488342 0.00508 -0.061763 0.0488342 0 -0.060881 0.0504096 0.00508 -0.060881 0.0504096 0 -0.0598871 0.0519043 0 -0.0598871 0.0519043 0.00508 -0.0587757 0.0533302 0.00508 -0.0587757 0.0533302 0 -0.0575685 0.0546565 0.00508 -0.0575685 0.0546565 0 -0.0562572 0.055895 0 -0.0562572 0.055895 0.00508 -0.0548603 0.0570273 0.00508 -0.0548603 0.0570273 0 -0.0533798 0.0580514 0.00508 -0.0533798 0.0580514 0 -0.0518246 0.058962 0 -0.0518246 0.058962 0.00508 -0.0502089 0.0597493 0.00508 -0.0502089 0.0597493 0 -0.0485311 0.060416 0.00508 -0.0485311 0.060416 0 -0.0468172 0.0609495 0 -0.0468172 0.0609495 0.00508 -0.0450555 0.0613555 0.00508 -0.0450555 0.0613555 8.88178e-19 -0.0485311 0.060416 0.00508 -0.0502089 0.0597493 0.00508 -0.0501243 0.0641598 0.00508 -0.0175475 0.0535723 0.00508 -0.0214226 0.0520231 0.00508 -0.0186854 0.0551382 0.00508 -0.0425603 0.0657678 0.00508 -0.0416771 0.0617509 0.00508 -0.0428103 0.0616796 0.00508 -0.0444865 0.0655655 0.00508 -0.0439364 0.0615478 0.00508 -0.0450555 0.0613555 0.00508 -0.0176003 0.0439236 0.00508 -0.0141522 0.0466073 0.00508 -0.0136188 0.0447467 0.00508 -0.0128099 0.0370411 0.00508 -0.0129459 0.0351052 0.00508 -0.0168868 0.0367895 0.00508 -0.0310935 0.0641573 0.00508 -0.0328241 0.060462 0.00508 -0.0329381 0.0647572 0.00508 -0.0380784 0.0616393 0.00508 -0.0367369 0.0655655 0.00508 -0.0363047 0.0613809 0.00508 -0.0386632 0.0657678 0.00508 -0.0398692 0.0617626 0.00508 -0.0258634 0.0616048 0.00508 -0.0242568 0.0605213 0.00508 -0.0279676 0.0581299 0.00508 -0.034821 0.0652267 0.00508 -0.0345481 0.0609873 0.00508 -0.0204157 0.0505284 0.00508 -0.0165163 0.0519201 0.00508 -0.0225379 0.0534361 0.00508 -0.0199366 0.0566301 0.00508 -0.0275506 0.06258 0.00508 -0.0295221 0.0590276 0.00508 -0.0292898 0.0634281 0.00508 -0.0311499 0.0598086 0.00508 -0.0212824 0.0580243 0.00508 -0.0250748 0.0559895 0.00508 -0.0227254 0.0593237 0.00508 -0.023756 0.0547589 0.00508 -0.0148167 0.0484334 0.00508 -0.018757 0.0473331 0.00508 -0.015606 0.0502083 0.00508 -0.0264745 0.0571106 0.00508 -0.0406117 0.0658367 0.00508 -0.0195281 0.0489656 0.00508 -0.0181165 0.0456562 0.00508 -0.0172207 0.0421708 0.00508 -0.0132143 0.0428403 0.00508 -0.0129447 0.0409227 0.00508 -0.0128099 0.0389811 0.00508 -0.0169731 0.0403842 0.00508 -0.0168616 0.0385894 0.00508 -0.0132169 0.0331795 0.00508 -0.0170477 0.0349944 0.00508 -0.0463905 0.0652297 0.00508 -0.0183351 0.0297631 0.00508 -0.0141571 0.0294135 0.00508 -0.0148196 0.027593 0.00508 -0.013619 0.031287 0.00508 -0.0173442 0.0332218 0.00508 -0.0518246 0.058962 0.00508 -0.0533798 0.0580514 0.00508 -0.0553477 0.0616129 0.00508 -0.0536704 0.062581 0.00508 -0.0156115 0.0258166 0.00508 -0.0165229 0.0241027 0.00508 -0.0198374 0.026493 0.00508 -0.0190268 0.0280928 0.00508 -0.0575685 0.0546565 0.00508 -0.0599305 0.058034 0.00508 -0.0562572 0.055895 0.00508 -0.0569582 0.0605268 0.00508 -0.0548603 0.0570273 0.00508 -0.0584901 0.059331 0.00508 -0.0175507 0.0224588 0.00508 -0.018695 0.0208845 0.00508 -0.0218167 0.0234868 0.00508 -0.0207716 0.0249501 0.00508 -0.0612845 0.0566332 0.00508 -0.0587757 0.0533302 0.00508 -0.0625284 0.0551506 0.00508 -0.019939 0.0194018 0.00508 -0.0229712 0.0221055 0.00508 -0.061763 0.0488342 0.00508 -0.0656119 0.0502185 0.00508 -0.0647005 0.0519324 0.00508 -0.060881 0.0504096 0.00508 -0.0636728 0.0535763 0.00508 -0.0598871 0.0519043 0.00508 -0.0227333 0.016704 0.00508 -0.0242279 0.0208137 0.00508 -0.021293 0.0180011 0.00508 -0.0631536 0.045517 0.00508 -0.0670663 0.0466216 0.00508 -0.0664038 0.0484421 0.00508 -0.0625207 0.0472044 0.00508 -0.0242652 0.0155083 0.00508 -0.0258757 0.0144222 0.00508 -0.0270155 0.0185355 0.00508 -0.0255756 0.0196247 0.00508 -0.0676044 0.044748 0.00508 -0.0636571 0.0437887 0.00508 -0.0680066 0.0428555 0.00508 -0.027553 0.013454 0.00508 -0.0285255 0.017565 0.00508 -0.0293041 0.0126007 0.00508 -0.0301156 0.0167047 0.00508 -0.0640274 0.042029 0.00508 -0.0682776 0.0409298 0.00508 -0.0684136 0.0389939 0.00508 -0.0642643 0.040241 0.00508 -0.0310992 0.0118753 0.00508 -0.0317534 0.015974 0.00508 -0.0329511 0.0112745 0.00508 -0.0334514 0.0153654 0.00508 -0.064365 0.0384504 0.00508 -0.0684136 0.037054 0.00508 -0.038742 0.0143341 0.00508 -0.0367369 0.0104696 0.00508 -0.0386632 0.0102672 0.00508 -0.0641576 0.034856 0.00508 -0.0680091 0.0331948 0.00508 -0.0682788 0.0351124 0.00508 -0.0425603 0.0102672 0.00508 -0.0444865 0.0104696 0.00508 -0.0423422 0.0143234 0.00508 -0.0634095 0.0313344 0.00508 -0.0670712 0.0294277 0.00508 -0.0676047 0.0312883 0.00508 -0.0656174 0.0258268 0.00508 -0.0664068 0.0276016 0.00508 -0.0621379 0.0279667 0.00508 -0.0482853 0.0112778 0.00508 -0.0459028 0.014857 0.00508 -0.0464024 0.0108083 0.00508 -0.0647072 0.0241149 0.00508 -0.0603723 0.0248301 0.00508 -0.0636759 0.0224628 0.00508 -0.0501299 0.0118778 0.00508 -0.0519336 0.0126069 0.00508 -0.0493363 0.0159207 0.00508 -0.0509828 0.0166438 0.00508 -0.0536729 0.0134551 0.00508 -0.0553601 0.0144302 0.00508 -0.0525712 0.0174908 0.00508 -0.0555331 0.0195316 0.00508 -0.0569666 0.0155138 0.00508 -0.0584981 0.0167114 0.00508 -0.059941 0.0180108 0.00508 -0.0612869 0.0194049 0.00508 -0.0581536 0.0219968 0.00508 -0.0568943 0.0207177 0.00508 -0.0540932 0.018456 0.00508 -0.0476347 0.0153225 0.00508 -0.062538 0.0208968 0.00508 -0.0593215 0.0233768 0.00508 -0.0441262 0.0145222 0.00508 -0.0405378 0.014261 0.00508 -0.0406117 0.0101983 0.00508 -0.0613158 0.0263674 0.00508 -0.0628368 0.0296256 0.00508 -0.0369521 0.0145444 0.00508 -0.0348329 0.0108053 0.00508 -0.063849 0.0330771 0.00508 -0.0351852 0.0148886 0.00508 -0.0643286 0.0366429 0.00508 -0.017775 0.0314685 0.00508 -0.0482723 0.0647605 0.00508 -0.0468172 0.0609495 0.00508 -0.0519193 0.0634344 0.00508 -0.0502089 0.0597493 0 -0.0519193 0.0634344 0 -0.0536704 0.062581 0 -0.0175475 0.0535723 0 -0.0186854 0.0551382 0 -0.0214226 0.0520231 0 -0.0398692 0.0617626 0 -0.0386632 0.0657678 0 -0.0406117 0.0658367 0 -0.0463905 0.0652297 0 -0.0468172 0.0609495 0 -0.0450555 0.0613555 8.88178e-19 -0.0176003 0.0439236 0 -0.0136188 0.0447467 0 -0.0141522 0.0466073 0 -0.0128099 0.0370411 0 -0.0168868 0.0367895 0 -0.0129459 0.0351052 0 -0.0310935 0.0641573 0 -0.0329381 0.0647572 0 -0.0328241 0.060462 0 -0.034821 0.0652267 0 -0.0363047 0.0613809 0 -0.0345481 0.0609873 0 -0.0367369 0.0655655 0 -0.0258634 0.0616048 0 -0.0279676 0.0581299 0 -0.0242568 0.0605213 0 -0.0204157 0.0505284 0 -0.0165163 0.0519201 0 -0.0199366 0.0566301 0 -0.0225379 0.0534361 0 -0.0275506 0.06258 0 -0.0295221 0.0590276 0 -0.0311499 0.0598086 0 -0.0292898 0.0634281 0 -0.0212824 0.0580243 0 -0.0227254 0.0593237 0 -0.0250748 0.0559895 0 -0.023756 0.0547589 0 -0.0148167 0.0484334 0 -0.015606 0.0502083 0 -0.018757 0.0473331 0 -0.0264745 0.0571106 0 -0.0380784 0.0616393 0 -0.0195281 0.0489656 0 -0.0181165 0.0456562 0 -0.0172207 0.0421708 0 -0.0132143 0.0428403 0 -0.0129447 0.0409227 0 -0.0416771 0.0617509 0 -0.0169731 0.0403842 0 -0.0128099 0.0389811 0 -0.0168616 0.0385894 0 -0.0425603 0.0657678 0 -0.013619 0.031287 0 -0.0132169 0.0331795 0 -0.0173442 0.0332218 0 -0.0482723 0.0647605 0 -0.0501243 0.0641598 0 -0.0485311 0.060416 0 -0.0183351 0.0297631 0 -0.0148196 0.027593 0 -0.0141571 0.0294135 0 -0.017775 0.0314685 0 -0.0569582 0.0605268 0 -0.0548603 0.0570273 0 -0.0533798 0.0580514 0 -0.0518246 0.058962 0 -0.0553477 0.0616129 0 -0.0156115 0.0258166 0 -0.0198374 0.026493 0 -0.0165229 0.0241027 0 -0.0190268 0.0280928 0 -0.0575685 0.0546565 0 -0.0612845 0.0566332 0 -0.0587757 0.0533302 0 -0.0599305 0.058034 0 -0.0562572 0.055895 0 -0.0584901 0.059331 0 -0.0175507 0.0224588 0 -0.0218167 0.0234868 0 -0.018695 0.0208845 0 -0.0207716 0.0249501 0 -0.0625284 0.0551506 0 -0.0636728 0.0535763 0 -0.0598871 0.0519043 0 -0.019939 0.0194018 0 -0.0229712 0.0221055 0 -0.0656119 0.0502185 0 -0.061763 0.0488342 0 -0.0647005 0.0519324 0 -0.060881 0.0504096 0 -0.0227333 0.016704 0 -0.021293 0.0180011 0 -0.0242279 0.0208137 0 -0.0670663 0.0466216 0 -0.0631536 0.045517 0 -0.0664038 0.0484421 0 -0.0625207 0.0472044 0 -0.0258757 0.0144222 0 -0.0242652 0.0155083 0 -0.0270155 0.0185355 0 -0.0255756 0.0196247 0 -0.0676044 0.044748 0 -0.0636571 0.0437887 0 -0.0680066 0.0428555 0 -0.027553 0.013454 0 -0.0285255 0.017565 0 -0.0293041 0.0126007 0 -0.0301156 0.0167047 0 -0.0640274 0.042029 0 -0.0682776 0.0409298 0 -0.0684136 0.0389939 0 -0.0642643 0.040241 0 -0.0317534 0.015974 0 -0.0310992 0.0118753 0 -0.0334514 0.0153654 0 -0.0329511 0.0112745 0 -0.064365 0.0384504 0 -0.0684136 0.037054 0 -0.0367369 0.0104696 0 -0.038742 0.0143341 0 -0.0386632 0.0102672 0 -0.0641576 0.034856 0 -0.0682788 0.0351124 0 -0.0680091 0.0331948 0 -0.0423422 0.0143234 0 -0.0444865 0.0104696 0 -0.0425603 0.0102672 0 -0.0634095 0.0313344 0 -0.0676047 0.0312883 0 -0.0670712 0.0294277 0 -0.0656174 0.0258268 0 -0.0621379 0.0279667 0 -0.0664068 0.0276016 0 -0.0459028 0.014857 0 -0.0482853 0.0112778 0 -0.0464024 0.0108083 0 -0.0603723 0.0248301 0 -0.0647072 0.0241149 0 -0.0636759 0.0224628 0 -0.0493363 0.0159207 0 -0.0519336 0.0126069 0 -0.0501299 0.0118778 0 -0.0509828 0.0166438 0 -0.0536729 0.0134551 0 -0.0553601 0.0144302 0 -0.0525712 0.0174908 0 -0.0569666 0.0155138 0 -0.0555331 0.0195316 0 -0.0584981 0.0167114 0 -0.0612869 0.0194049 0 -0.059941 0.0180108 0 -0.0581536 0.0219968 0 -0.0568943 0.0207177 0 -0.0540932 0.018456 0 -0.0476347 0.0153225 0 -0.0593215 0.0233768 0 -0.062538 0.0208968 0 -0.0441262 0.0145222 0 -0.0406117 0.0101983 0 -0.0405378 0.014261 0 -0.0613158 0.0263674 0 -0.0628368 0.0296256 0 -0.0348329 0.0108053 0 -0.0369521 0.0145444 0 -0.063849 0.0330771 0 -0.0351852 0.0148886 0 -0.0643286 0.0366429 0 -0.0170477 0.0349944 0 -0.0439364 0.0615478 0 -0.0428103 0.0616796 0 -0.0444865 0.0655655 0</float_array>
          <technique_common>
            <accessor count="700" source="#ID45" stride="3">
              <param name="X" type="float"/>
              <param name="Y" type="float"/>
              <param name="Z" type="float"/>
            </accessor>
          </technique_common>
        </source>
        <source id="ID46">
          <float_array count="2100" id="ID47">0.142882 -0.98974 0 0.195832 -0.980637 0 0.195831 -0.980638 0 0.0359008 -0.999355 0 0.0359008 -0.999355 0 0.089521 -0.995985 0 0.089521 -0.995985 0 0.142882 -0.98974 0 -0.999391 0.0348998 0 -0.999391 -0.0348998 -0 -0.999391 0.0348998 0 -8.74228e-08 -1 -0 0.0697565 -0.997564 0 -8.74228e-08 -1 -0 -0.994522 0.104528 0 -0.994522 0.104528 0 -0.984808 0.173648 0 -0.984808 0.173648 0 -0.970296 0.241922 0 -0.970296 0.241922 0 -0.951056 0.309017 0 -0.951056 0.309017 0 -0.927184 0.374606 0 -0.927184 0.374606 0 -0.898794 0.438371 0 -0.898794 0.438371 0 -0.866025 0.5 0 -0.866025 0.5 0 -0.829038 0.559193 0 -0.829038 0.559193 0 -0.788011 0.615662 0 -0.788011 0.615662 0 -0.743145 0.669131 0 -0.743145 0.669131 0 -0.694659 0.71934 0 -0.694659 0.71934 0 -0.642788 0.766044 0 -0.642787 0.766045 0 -0.587785 0.809017 0 -0.587785 0.809017 0 -0.529919 0.848048 0 -0.529919 0.848048 0 -0.469472 0.882947 0 -0.469471 0.882948 0 -0.406736 0.913546 0 -0.406736 0.913546 0 -0.34202 0.939693 0 -0.34202 0.939693 0 -0.275638 0.961262 0 -0.275638 0.961262 0 -0.207912 0.978148 0 -0.207912 0.978148 0 -0.139173 0.990268 0 -0.139173 0.990268 0 -0.0697569 0.997564 0 -0.0697564 0.997564 0 1.74846e-07 1 0 -3.01992e-07 1 0 -0.999391 -0.0348998 -0 -0.994522 -0.104528 -0 -0.994522 -0.104528 -0 -0.984808 -0.173648 -0 -0.984808 -0.173648 -0 -0.970296 -0.241922 -0 -0.970296 -0.241922 -0 -0.951056 -0.309017 -0 -0.951056 -0.309017 -0 -0.927184 -0.374606 -0 -0.927184 -0.374606 -0 -0.898794 -0.438371 -0 -0.898794 -0.438371 -0 -0.866025 -0.5 -0 -0.866025 -0.5 -0 -0.829038 -0.559193 -0 -0.829038 -0.559193 -0 -0.788011 -0.615662 -0 -0.788011 -0.615662 -0 -0.743145 -0.669131 -0 -0.743145 -0.669131 -0 -0.694658 -0.71934 -0 -0.694658 -0.71934 -0 -0.642788 -0.766044 -0 -0.642788 -0.766044 -0 -0.587785 -0.809017 -0 -0.587785 -0.809017 -0 -0.529919 -0.848048 -0 -0.529919 -0.848048 -0 -0.469472 -0.882948 -0 -0.469472 -0.882948 -0 -0.406737 -0.913545 -0 -0.406737 -0.913545 -0 -0.34202 -0.939693 -0 -0.34202 -0.939693 -0 -0.275637 -0.961262 -0 -0.275637 -0.961262 -0 -0.207912 -0.978148 -0 -0.207912 -0.978148 -0 -0.139173 -0.990268 -0 -0.139173 -0.990268 -0 -0.0697566 -0.997564 -0 -0.0697564 -0.997564 -0 0.139173 -0.990268 0 0.139173 -0.990268 0 0.0697565 -0.997564 0 0.34202 -0.939693 0 0.34202 -0.939693 0 0.275637 -0.961262 0 0.207912 -0.978148 0 0.275637 -0.961262 0 0.207912 -0.978148 0 0.469472 -0.882948 0 0.529919 -0.848048 0 0.529919 -0.848048 0 0.406737 -0.913545 0 0.406737 -0.913545 0 0.469472 -0.882948 0 0.694658 -0.71934 0 0.642788 -0.766044 0 0.694658 -0.71934 0 0.642788 -0.766044 0 0.587785 -0.809017 0 0.587785 -0.809017 0 0.829037 -0.559193 0 0.829038 -0.559193 0 0.788011 -0.615661 0 0.743145 -0.669131 0 0.788011 -0.615661 0 0.743145 -0.669131 0 0.898794 -0.438371 0 0.927184 -0.374607 0 0.927184 -0.374606 0 0.866026 -0.5 0 0.866025 -0.5 0 0.898794 -0.438371 0 0.984808 -0.173648 0 0.970296 -0.241922 0 0.984808 -0.173648 0 0.970296 -0.241922 0 0.951057 -0.309017 0 0.951056 -0.309017 0 0.999391 0.0348995 0 0.999391 0.0348995 0 0.999391 -0.0348996 0 0.994522 -0.104529 0 0.999391 -0.0348995 0 0.994522 -0.104528 0 0.984808 0.173648 0 0.970296 0.241922 0 0.970296 0.241922 0 0.994522 0.104529 0 0.994522 0.104528 0 0.984808 0.173648 0 0.898794 0.438371 0 0.927184 0.374607 0 0.898794 0.438371 0 0.927184 0.374607 0 0.951056 0.309017 0 0.951057 0.309017 0 0.788011 0.615661 0 0.788011 0.615662 0 0.829038 0.559193 0 0.866025 0.5 0 0.829038 0.559193 0 0.866025 0.5 0 0.694658 0.71934 0 0.642788 0.766044 0 0.694658 0.71934 0 0.743145 0.669131 0 0.743145 0.669131 0 0.587785 0.809017 0 0.642788 0.766044 0 0.587785 0.809017 0 0.529919 0.848048 0 0.529919 0.848048 0 0.469472 0.882948 0 0.406737 0.913545 0 0.469472 0.882948 0 0.406737 0.913545 0 0.34202 0.939693 0 0.34202 0.939693 0 0.275637 0.961262 0 0.207912 0.978148 0 0.275637 0.961262 0 0.207912 0.978148 0 0.139173 0.990268 0 0.139173 0.990268 0 0.0697565 0.997564 0 0.0697565 0.997564 0 -0.030938 -0.999521 -0 0.0448431 -0.998994 0 0.0448431 -0.998994 0 -0.255482 -0.966814 -0 -0.181533 -0.983385 -0 -0.181533 -0.983385 -0 -0.106541 -0.994308 -0 -0.106541 -0.994308 -0 -0.030938 -0.999521 -0 -0.398562 -0.917141 -0 -0.398562 -0.917141 -0 -0.466871 -0.884325 -0 -0.255482 -0.966814 -0 -0.327964 -0.94469 -0 -0.327964 -0.94469 -0 -0.595069 -0.803675 -0 -0.654221 -0.756303 -0 -0.595069 -0.803675 -0 -0.532499 -0.84643 -0 -0.532499 -0.84643 -0 -0.466871 -0.884325 -0 -0.807886 -0.589339 -0 -0.760936 -0.648827 -0 -0.760936 -0.648827 -0 -0.709617 -0.704588 -0 -0.654221 -0.756303 -0 -0.709616 -0.704588 -0 -0.887623 -0.460571 -0 -0.887623 -0.460571 -0 -0.919952 -0.39203 -0 -0.807886 -0.589339 -0 -0.850196 -0.526467 -0 -0.850196 -0.526467 -0 -0.968606 -0.2486 -0 -0.984651 -0.174535 -0 -0.968606 -0.2486 -0 -0.946999 -0.321238 -0 -0.946999 -0.321238 -0 -0.919952 -0.39203 -0 -0.99865 0.0519459 0 -0.999716 -0.0238295 -0 -0.999716 -0.0238295 -0 -0.995041 -0.0994681 -0 -0.984651 -0.174535 -0 -0.995041 -0.099468 -0 -0.979351 0.202168 0 -0.979351 0.202168 0 -0.961229 0.275753 0 -0.99865 0.051946 0 -0.991848 0.127423 0 -0.991848 0.127423 0 -0.908559 0.417757 0 -0.874314 0.485361 0 -0.908559 0.417757 0 -0.937586 0.347753 0 -0.937586 0.347753 0 -0.961229 0.275753 0 -0.742381 0.669978 0 -0.790986 0.611835 0 -0.790986 0.611835 0 -0.835048 0.550178 0 -0.874314 0.485361 0 -0.835048 0.550178 0 -0.632685 0.77441 0 -0.632685 0.77441 0 -0.572223 0.820098 0 -0.742381 0.669978 0 -0.689513 0.724273 0 -0.689513 0.724273 0 -0.441807 0.89711 0 -0.372601 0.927991 0 -0.441807 0.89711 0 -0.508475 0.861077 0 -0.508475 0.861077 0 -0.572223 0.820098 0 -0.153795 0.988103 0 -0.228181 0.973619 0 -0.228181 0.973619 0 -0.301256 0.953543 0 -0.372601 0.927991 0 -0.301256 0.953543 0 -0.00280557 0.999996 0 -0.00280533 0.999996 0 0.0729308 0.997337 0 -0.153795 0.988103 0 -0.0785255 0.996912 0 -0.0785255 0.996912 0 0.222715 0.974884 0 0.295901 0.955218 0 0.222715 0.974884 0 0.148248 0.98895 0 0.148248 0.98895 0 0.0729308 0.997337 0 0.503636 0.863916 0 0.436766 0.899575 0 0.436767 0.899575 0 0.367389 0.930067 0 0.295901 0.955218 0 0.367389 0.930067 0 0.62833 0.777947 0 0.62833 0.777947 0 0.685438 0.728131 0 0.503636 0.863916 0 0.567613 0.823296 0 0.567613 0.823296 0 0.78754 0.616263 0 0.831948 0.554854 0 0.78754 0.616263 0 0.738611 0.674132 0 0.73861 0.674133 0 0.685438 0.728131 0 0.93562 0.353008 0 0.906201 0.422848 0 0.906201 0.422848 0 0.871577 0.490259 0 0.831948 0.554854 0 0.871577 0.490259 0 0.978201 0.20766 0 0.978201 0.20766 0 0.991118 0.132986 0 0.93562 0.353008 0 0.959666 0.281142 0 0.959666 0.281142 0 0.998343 0.0575481 0 0.991118 0.132986 0 0.998343 0.0575481 0 0.999834 -0.01822 0 0.999834 -0.01822 0 0.995583 -0.0938834 0 0.995583 -0.0938834 0 0.985615 -0.169008 0 0.985615 -0.169008 0 0.969986 -0.243162 0 0.969986 -0.243162 0 0.948786 -0.315919 0 0.948786 -0.315919 0 0.922138 -0.386862 0 0.922138 -0.386862 0 0.890193 -0.455584 0 0.890193 -0.455584 0 0.853136 -0.521688 0 0.853136 -0.521688 0 0.81118 -0.584797 0 0.81118 -0.584797 0 0.764565 -0.644547 0 0.764565 -0.644547 0 0.713559 -0.700596 0 0.713559 -0.700596 0 0.658455 -0.75262 0 0.658455 -0.75262 0 0.599569 -0.800323 0 0.599569 -0.800323 0 0.53724 -0.843429 0 0.53724 -0.843429 0 0.471825 -0.881692 0 0.471825 -0.881692 0 0.403701 -0.914891 0 0.403701 -0.914891 0 0.333259 -0.942835 0 0.333259 -0.942835 0 0.260902 -0.965365 0 0.260902 -0.965365 0 0.187048 -0.982351 0 0.187048 -0.982351 0 0 0 1 0 0 1 0 0 1 0 0 1 0 0 1 0 0 1 0 0 1 0 0 1 0 0 1 0 0 1 0 0 1 0 0 1 0 0 1 0 0 1 0 0 1 0 0 1 0 0 1 0 0 1 0 0 1 0 0 1 0 0 1 0 0 1 0 0 1 0 0 1 0 0 1 0 0 1 0 0 1 0 0 1 0 0 1 0 0 1 0 0 1 0 0 1 0 0 1 0 0 1 0 0 1 0 0 1 0 0 1 0 0 1 0 0 1 0 0 1 0 0 1 0 0 1 0 0 1 0 0 1 0 0 1 0 0 1 0 0 1 0 0 1 0 0 1 0 0 1 0 0 1 0 0 1 0 0 1 0 0 1 0 0 1 0 0 1 0 0 1 0 0 1 0 0 1 0 0 1 0 0 1 0 0 1 0 0 1 0 0 1 0 0 1 0 0 1 0 0 1 0 0 1 0 0 1 0 0 1 0 0 1 0 0 1 0 0 1 0 0 1 0 0 1 0 0 1 0 0 1 0 0 1 0 0 1 0 0 1 0 0 1 0 0 1 0 0 1 0 0 1 0 0 1 0 0 1 0 0 1 0 0 1 0 0 1 0 0 1 0 0 1 0 0 1 0 0 1 0 0 1 0 0 1 0 0 1 0 0 1 0 0 1 0 0 1 0 0 1 0 0 1 0 0 1 0 0 1 0 0 1 0 0 1 0 0 1 0 0 1 0 0 1 0 0 1 0 0 1 0 0 1 0 0 1 0 0 1 0 0 1 0 0 1 0 0 1 0 0 1 0 0 1 0 0 1 0 0 1 0 0 1 0 0 1 0 0 1 0 0 1 0 0 1 0 0 1 0 0 1 0 0 1 0 0 1 0 0 1 0 0 1 0 0 1 0 0 1 0 0 1 0 0 1 0 0 1 0 0 1 0 0 1 0 0 1 0 0 1 0 0 1 0 0 1 0 0 1 0 0 1 0 0 1 0 0 1 0 0 1 0 0 1 0 0 1 0 0 1 0 0 1 0 0 1 0 0 1 0 0 1 0 0 1 0 0 1 0 0 1 0 0 1 0 0 1 0 0 1 0 0 1 0 0 1 0 0 1 0 0 1 0 0 1 0 0 1 0 0 1 0 0 1 0 0 1 0 0 1 0 0 1 0 0 1 0 0 1 0 0 1 -0 -0 -1 -0 -0 -1 -0 -0 -1 -0 -0 -1 -0 -0 -1 -0 -0 -1 -0 -0 -1 -0 -0 -1 -0 -0 -1 -0 -0 -1 -0 -0 -1 -0 -0 -1 -0 -0 -1 -0 -0 -1 -0 -0 -1 -0 -0 -1 -0 -0 -1 -0 -0 -1 -0 -0 -1 -0 -0 -1 -0 -0 -1 -0 -0 -1 -0 -0 -1 -0 -0 -1 -0 -0 -1 -0 -0 -1 -0 -0 -1 -0 -0 -1 -0 -0 -1 -0 -0 -1 -0 -0 -1 -0 -0 -1 -0 -0 -1 -0 -0 -1 -0 -0 -1 -0 -0 -1 -0 -0 -1 -0 -0 -1 -0 -0 -1 -0 -0 -1 -0 -0 -1 -0 -0 -1 -0 -0 -1 -0 -0 -1 -0 -0 -1 -0 -0 -1 -0 -0 -1 -0 -0 -1 -0 -0 -1 -0 -0 -1 -0 -0 -1 -0 -0 -1 -0 -0 -1 -0 -0 -1 -0 -0 -1 -0 -0 -1 -0 -0 -1 -0 -0 -1 -0 -0 -1 -0 -0 -1 -0 -0 -1 -0 -0 -1 -0 -0 -1 -0 -0 -1 -0 -0 -1 -0 -0 -1 -0 -0 -1 -0 -0 -1 -0 -0 -1 -0 -0 -1 -0 -0 -1 -0 -0 -1 -0 -0 -1 -0 -0 -1 -0 -0 -1 -0 -0 -1 -0 -0 -1 -0 -0 -1 -0 -0 -1 -0 -0 -1 -0 -0 -1 -0 -0 -1 -0 -0 -1 -0 -0 -1 -0 -0 -1 -0 -0 -1 -0 -0 -1 -0 -0 -1 -0 -0 -1 -0 -0 -1 -0 -0 -1 -0 -0 -1 -0 -0 -1 -0 -0 -1 -0 -0 -1 -0 -0 -1 -0 -0 -1 -0 -0 -1 -0 -0 -1 -0 -0 -1 -0 -0 -1 -0 -0 -1 -0 -0 -1 -0 -0 -1 -0 -0 -1 -0 -0 -1 -0 -0 -1 -0 -0 -1 -0 -0 -1 -0 -0 -1 -0 -0 -1 -0 -0 -1 -0 -0 -1 -0 -0 -1 -0 -0 -1 -0 -0 -1 -0 -0 -1 -0 -0 -1 -0 -0 -1 -0 -0 -1 -0 -0 -1 -0 -0 -1 -0 -0 -1 -0 -0 -1 -0 -0 -1 -0 -0 -1 -0 -0 -1 -0 -0 -1 -0 -0 -1 -0 -0 -1 -0 -0 -1 -0 -0 -1 -0 -0 -1 -0 -0 -1 -0 -0 -1 -0 -0 -1 -0 -0 -1 -0 -0 -1 -0 -0 -1 -0 -0 -1 -0 -0 -1 -0 -0 -1 -0 -0 -1 -0 -0 -1 -0 -0 -1 -0 -0 -1 -0 -0 -1 -0 -0 -1 -0 -0 -1 -0 -0 -1 -0 -0 -1 -0 -0 -1 -0 -0 -1 -0 -0 -1 -0 -0 -1 -0 -0 -1 -0 -0 -1 -0 -0 -1 -0 -0 -1 -0 -0 -1 -0 -0 -1 -0 -0 -1 -0 -0 -1 -0 -0 -1 -0 -0 -1 -0 -0 -1 -0 -0 -1 -0 -0 -1 -0 -0 -1 -0 -0 -1 -0 -0 -1 -0 -0 -1 -0 -0 -1 -0 -0 -1</float_array>
          <technique_common>
            <accessor count="700" source="#ID47" stride="3">
              <param name="X" type="float"/>
              <param name="Y" type="float"/>
              <param name="Z" type="float"/>
            </accessor>
          </technique_common>
        </source>
        <vertices id="ID48">
          <input semantic="POSITION" source="#ID44"/>
          <input semantic="NORMAL" source="#ID46"/>
        </vertices>
        <triangles count="696" material="ID49">
          <input offset="0" semantic="VERTEX" source="#ID48"/>
          <p>0 2 1 3 5 4 6 7 5 0 7 6 3 6 5 1 7 0 8 10 9 11 13 12 10 15 14 15 10 8 16 14 17 15 17 14 18 19 16 16 17 18 19 21 20 21 19 18 22 20 23 21 23 20 24 25 22 22 23 24 25 27 26 27 25 24 28 26 29 27 29 26 30 31 28 28 29 30 31 33 32 33 31 30 34 32 35 33 35 32 36 37 34 34 35 36 37 39 38 39 37 36 40 38 41 39 41 38 42 43 40 40 41 42 43 45 44 45 43 42 46 44 47 45 47 44 48 49 46 46 47 48 49 51 50 51 49 48 52 50 53 51 53 50 54 55 52 52 53 54 56 55 54 56 57 55 8 9 58 59 58 60 9 60 58 61 62 59 59 60 61 62 64 63 64 62 61 65 63 66 64 66 63 67 68 65 65 66 67 68 70 69 70 68 67 71 69 72 70 72 69 73 74 71 71 72 73 74 76 75 76 74 73 77 75 78 76 78 75 79 80 77 77 78 79 80 82 81 82 80 79 83 81 84 82 84 81 85 86 83 83 84 85 86 88 87 88 86 85 89 87 90 88 90 87 91 92 89 89 90 91 92 94 93 94 92 91 95 93 96 94 96 93 97 98 95 95 96 97 98 100 99 100 98 97 100 13 99 101 103 102 99 13 11 104 106 105 107 109 108 110 112 111 113 115 114 116 118 117 119 121 120 122 124 123 125 127 126 128 130 129 131 133 132 134 136 135 137 139 138 140 142 141 143 145 144 146 148 147 149 151 150 152 154 153 155 157 156 158 160 159 161 163 162 164 166 165 167 166 168 169 170 165 164 165 170 169 172 171 171 170 169 173 172 174 172 173 171 175 176 174 173 174 176 175 178 177 177 176 175 179 178 180 178 179 177 181 182 180 179 180 182 181 184 183 183 182 181 185 184 186 184 185 183 57 187 186 185 186 187 56 187 57 167 168 158 168 166 164 160 162 159 158 159 167 161 154 163 160 161 162 152 153 155 163 154 152 156 157 147 155 153 157 151 148 146 148 156 147 140 149 150 150 151 146 142 144 141 140 141 149 143 136 145 142 143 144 134 135 137 145 136 134 138 139 129 137 135 139 133 130 128 130 138 129 122 131 132 132 133 128 124 126 123 122 123 131 125 118 127 124 125 126 116 117 119 127 118 116 120 121 111 119 117 121 115 112 110 112 120 111 104 113 114 114 115 110 106 108 105 104 105 113 107 101 109 106 107 108 102 103 12 109 101 102 11 12 103 188 190 189 191 193 192 194 196 195 197 199 198 200 202 201 203 205 204 206 208 207 209 211 210 212 214 213 215 217 216 218 220 219 221 223 222 224 226 225 227 229 228 230 232 231 233 235 234 236 238 237 239 241 240 242 244 243 245 247 246 248 250 249 251 253 252 254 256 255 257 259 258 260 262 261 263 265 264 266 268 267 269 271 270 272 274 273 275 277 276 278 280 279 281 283 282 284 286 285 287 289 288 290 292 291 293 295 294 296 298 297 299 301 300 302 304 303 305 307 306 308 310 309 311 313 312 307 312 313 314 311 315 311 314 313 315 317 316 316 314 315 318 319 317 316 317 319 320 318 321 318 320 319 321 323 322 322 320 321 324 325 323 322 323 325 326 324 327 324 326 325 327 329 328 328 326 327 330 331 329 328 329 331 332 330 333 330 332 331 333 335 334 334 332 333 336 337 335 334 335 337 338 336 339 336 338 337 339 341 340 340 338 339 342 343 341 340 341 343 344 342 345 342 344 343 345 347 346 346 344 345 348 349 347 346 347 349 350 348 351 348 350 349 305 306 310 305 312 307 308 309 299 310 306 309 300 301 302 308 299 300 304 294 303 301 304 302 293 297 295 294 295 303 289 298 296 296 297 293 292 287 288 287 298 289 290 291 281 292 288 291 282 283 284 290 281 282 286 276 285 283 286 284 275 279 277 276 277 285 271 280 278 278 279 275 274 269 270 269 280 271 272 273 263 274 270 273 264 265 266 272 263 264 268 258 267 265 268 266 257 261 259 258 259 267 253 262 260 260 261 257 256 251 252 251 262 253 254 255 245 256 252 255 246 247 248 254 245 246 250 240 249 247 250 248 239 243 241 240 241 249 235 244 242 242 243 239 238 233 234 233 244 235 236 237 227 238 234 237 228 229 230 236 227 228 232 222 231 229 232 230 221 225 223 222 223 231 217 226 224 224 225 221 220 215 216 215 226 217 218 219 209 220 216 219 210 211 212 218 209 210 214 204 213 211 214 212 203 207 205 204 205 213 199 208 206 206 207 203 202 197 198 197 208 199 200 201 191 202 198 201 192 193 195 200 191 192 194 188 196 193 194 195 189 196 188 352 354 353 355 357 356 358 360 359 361 363 362 364 366 365 367 369 368 370 372 371 373 375 374 376 377 373 378 380 379 381 382 372 383 384 355 357 386 385 387 388 380 370 390 389 391 393 392 391 394 386 395 397 396 379 398 393 388 387 389 376 399 377 384 400 397 395 401 365 402 403 366 359 377 399 404 403 402 359 399 358 360 358 361 404 406 405 407 367 405 360 361 362 368 409 408 363 361 410 411 413 412 414 408 415 416 418 417 416 353 419 420 422 421 423 420 413 424 426 425 427 429 428 430 432 431 433 430 421 434 436 435 437 431 438 439 441 440 442 444 443 445 447 446 437 438 447 448 450 449 440 450 451 452 454 453 452 445 455 456 457 449 457 456 458 453 460 459 459 462 461 463 458 464 465 466 464 467 461 468 469 467 470 471 465 472 473 475 474 476 478 477 479 481 480 482 484 483 485 487 486 488 490 489 491 493 492 494 496 495 497 498 495 498 500 499 501 503 502 504 506 505 504 503 507 499 508 502 488 509 494 510 505 511 480 512 490 510 511 493 513 481 514 491 515 485 514 475 513 516 483 486 474 518 517 484 519 477 518 469 520 478 521 472 414 522 412 523 524 410 443 441 442 376 373 374 381 374 375 381 375 382 372 382 371 370 371 390 389 390 388 387 380 378 379 380 398 393 398 392 391 392 394 386 394 385 357 385 356 355 356 383 384 383 400 397 400 396 395 396 401 365 401 364 366 364 402 404 402 406 405 406 407 367 407 369 368 369 409 408 409 415 414 415 522 412 522 411 413 411 423 420 423 422 421 422 433 430 433 432 431 432 438 447 438 446 445 446 455 452 455 454 453 454 460 459 460 462 461 462 468 467 468 470 469 470 520 518 520 517 474 517 473 475 473 513 514 481 479 480 481 512 490 512 489 488 489 509 494 509 496 495 496 497 498 497 500 499 500 508 502 508 501 503 501 507 504 507 506 505 506 511 493 511 492 491 492 515 485 515 487 486 487 516 483 516 482 484 482 519 477 519 476 478 476 521 472 521 471 465 471 466 464 466 463 458 463 457 449 457 448 450 448 451 440 451 439 441 439 442 443 444 436 434 435 424 436 444 435 429 425 426 425 434 424 417 427 428 428 429 426 416 419 418 417 418 427 353 525 419 354 352 523 525 353 354 410 524 363 523 352 524 526 528 527 529 531 530 532 534 533 535 537 536 538 540 539 541 543 542 544 546 545 547 549 548 547 548 550 551 553 552 547 545 549 554 529 555 530 557 556 558 552 559 544 561 560 562 564 563 562 556 565 566 568 567 553 563 569 559 561 558 570 550 548 555 567 571 566 540 572 573 539 574 550 570 533 575 573 574 533 570 532 534 532 576 575 578 577 579 578 541 580 534 576 581 583 582 584 586 585 587 589 588 581 589 590 591 593 592 594 593 595 596 598 597 599 588 596 600 602 601 603 605 604 606 608 607 609 598 606 610 612 611 613 614 608 615 617 616 618 617 611 619 621 620 613 620 614 622 624 623 625 624 615 626 628 627 619 627 629 622 631 630 631 632 630 633 634 626 635 636 633 637 638 632 639 638 640 641 635 642 643 642 644 645 646 639 647 649 648 650 652 651 653 655 654 656 658 657 659 661 660 662 664 663 665 667 666 668 670 669 669 672 671 673 674 672 675 677 676 678 680 679 681 677 679 675 682 673 670 683 663 684 678 685 664 686 654 667 684 685 687 653 688 659 689 666 649 687 688 690 661 658 691 647 692 652 693 657 694 644 691 651 646 695 696 543 582 697 699 698 602 610 601 545 546 549 544 560 546 561 559 560 558 551 552 553 569 552 563 564 569 562 565 564 556 557 565 530 531 557 529 554 531 555 571 554 567 568 571 566 572 568 540 538 572 539 573 538 575 577 573 578 579 577 541 542 579 543 696 542 582 583 696 581 590 583 589 587 590 588 599 587 596 597 599 598 609 597 606 607 609 608 614 607 620 621 614 619 629 621 627 628 629 626 634 628 633 636 634 635 641 636 642 643 641 644 694 643 691 692 694 647 648 692 649 688 648 687 655 653 654 686 653 664 662 686 663 683 662 670 668 683 669 671 668 672 674 671 673 682 674 675 676 682 677 681 676 679 680 681 678 684 680 667 665 684 666 689 665 659 660 689 661 690 660 658 656 690 657 693 656 652 650 693 651 695 650 646 645 695 639 640 645 638 637 640 632 631 637 622 623 631 624 625 623 615 616 625 617 618 616 611 612 618 610 602 612 601 603 600 605 592 604 603 604 600 595 593 591 591 592 605 528 594 595 526 527 585 526 594 528 586 584 536 526 585 586 535 699 537 584 535 536 699 580 698 699 697 537 576 698 580</p>
        </triangles>
      </mesh>
    </geometry>
    <geometry id="ID50">
      <mesh>
        <source id="ID51">
          <float_array count="156" id="ID52">-0.0378623 0.0144199 0.00508 -0.041477 0.014276 0.00508 -0.0378623 0.0144199 0 -0.0343112 0.015111 0 -0.0343112 0.015111 0.00508 -0.041477 0.014276 0 -0.0450717 0.0146827 0.00508 -0.0450717 0.0146827 0 -0.0343112 0.015111 0 -0.0376589 0.0325746 -8.88178e-19 -0.0376589 0.0325746 0.00508 -0.0343112 0.015111 0.00508 -0.0385256 0.0321872 0.00508 -0.0376589 0.0325746 0.00508 -0.0376589 0.0325746 -8.88178e-19 -0.0413331 0.0318674 0.00508 -0.0403845 0.0318294 0.00508 -0.0403845 0.0318294 0 -0.0394413 0.0319368 0.00508 -0.0385256 0.0321872 0 -0.0394413 0.0319368 0 -0.0431575 0.0323727 0.00508 -0.0422647 0.0320499 0.00508 -0.0422647 0.0320499 0 -0.0413331 0.0318674 0 -0.0431575 0.0323727 0 -0.0431575 0.0323727 0 -0.0450717 0.0146827 0 -0.0450717 0.0146827 0.00508 -0.0431575 0.0323727 0.00508 -0.0385256 0.0321872 0.00508 -0.0343112 0.015111 0.00508 -0.0376589 0.0325746 0.00508 -0.0403845 0.0318294 0.00508 -0.0378623 0.0144199 0.00508 -0.0394413 0.0319368 0.00508 -0.041477 0.014276 0.00508 -0.0413331 0.0318674 0.00508 -0.0422647 0.0320499 0.00508 -0.0450717 0.0146827 0.00508 -0.0431575 0.0323727 0.00508 -0.0378623 0.0144199 0 -0.0403845 0.0318294 0 -0.0394413 0.0319368 0 -0.0343112 0.015111 0 -0.0385256 0.0321872 0 -0.0376589 0.0325746 -8.88178e-19 -0.041477 0.014276 0 -0.0422647 0.0320499 0 -0.0450717 0.0146827 0 -0.0413331 0.0318674 0 -0.0431575 0.0323727 0</float_array>
          <technique_common>
            <accessor count="52" source="#ID52" stride="3">
              <param name="X" type="float"/>
              <param name="Y" type="float"/>
              <param name="Z" type="float"/>
            </accessor>
          </technique_common>
        </source>
        <source id="ID53">
          <float_array count="156" id="ID54">0.115731 -0.993281 0 -0.0364226 -0.999336 -0 0.115731 -0.993281 0 0.265202 -0.964193 0 0.265202 -0.964193 0 -0.0364226 -0.999336 -0 -0.187732 -0.98222 -0 -0.187732 -0.98222 -0 0.982118 0.188266 0 0.982118 0.188266 0 0.982118 0.188266 0 0.982118 0.188266 0 -0.336888 0.941545 0 -0.476849 0.878985 0 -0.476849 0.878985 0 0.116495 0.993191 0 -0.0366881 0.999327 0 -0.0366881 0.999327 0 -0.189009 0.981975 0 -0.336888 0.941545 0 -0.189009 0.981975 0 0.411112 0.911585 0 0.26694 0.963713 0 0.26694 0.963713 0 0.116495 0.993191 0 0.411112 0.911585 0 -0.994196 0.107583 0 -0.994196 0.107583 0 -0.994196 0.107583 0 -0.994196 0.107583 0 0 0 1 0 0 1 0 0 1 0 0 1 0 0 1 0 0 1 0 0 1 0 0 1 0 0 1 0 0 1 0 0 1 -0 -0 -1 -0 -0 -1 -0 -0 -1 -0 -0 -1 -0 -0 -1 -0 -0 -1 -0 -0 -1 -0 -0 -1 -0 -0 -1 -0 -0 -1 -0 -0 -1</float_array>
          <technique_common>
            <accessor count="52" source="#ID54" stride="3">
              <param name="X" type="float"/>
              <param name="Y" type="float"/>
              <param name="Z" type="float"/>
            </accessor>
          </technique_common>
        </source>
        <vertices id="ID55">
          <input semantic="POSITION" source="#ID51"/>
          <input semantic="NORMAL" source="#ID53"/>
        </vertices>
        <triangles count="40" material="ID56">
          <input offset="0" semantic="VERTEX" source="#ID55"/>
          <p>0 1 2 3 4 0 0 2 3 2 1 5 1 6 5 5 6 7 8 9 10 10 11 8 12 13 14 15 16 17 18 19 20 21 22 23 24 23 22 25 21 23 24 15 17 24 22 15 16 18 20 17 16 20 12 14 19 18 12 19 26 27 28 28 29 26 30 31 32 33 34 35 31 30 34 35 34 30 36 34 33 37 38 36 37 36 33 39 38 40 38 39 36 41 42 43 44 45 46 42 41 47 43 45 41 48 47 49 47 48 50 51 48 49 50 42 47 41 45 44</p>
        </triangles>
      </mesh>
    </geometry>
    <geometry id="ID57">
      <mesh>
        <source id="ID58">
          <float_array count="132" id="ID59">-0.0372878 0.014494 0.00508 -0.0384139 0.0143622 0.00508 -0.0372878 0.014494 0 -0.036168 0.0146796 0 -0.036168 0.0146796 0.00508 -0.0384139 0.0143622 0 -0.0395464 0.0142842 0.00508 -0.0395464 0.0142842 0 -0.036168 0.0146796 0 -0.0387468 0.0321127 0 -0.0387468 0.0321127 0.00508 -0.036168 0.0146796 0.00508 -0.0392356 0.0319165 0.00508 -0.0387468 0.0321127 0.00508 -0.0387468 0.0321127 0 -0.0407995 0.031828 0.00508 -0.0402757 0.0317722 0.00508 -0.0402757 0.0317722 0 -0.0397498 0.031802 0.00508 -0.0392356 0.0319165 0 -0.0397498 0.031802 0 -0.0407995 0.031828 0 -0.0407995 0.031828 0 -0.0395464 0.0142842 0 -0.0395464 0.0142842 0.00508 -0.0407995 0.031828 0.00508 -0.0372878 0.014494 0.00508 -0.036168 0.0146796 0.00508 -0.0387468 0.0321127 0.00508 -0.0395464 0.0142842 0.00508 -0.0397498 0.031802 0.00508 -0.0402757 0.0317722 0.00508 -0.0392356 0.0319165 0.00508 -0.0384139 0.0143622 0.00508 -0.0407995 0.031828 0.00508 -0.0392356 0.0319165 0 -0.0384139 0.0143622 0 -0.0395464 0.0142842 0 -0.0397498 0.031802 0 -0.0402757 0.0317722 0 -0.0407995 0.031828 0 -0.0387468 0.0321127 0 -0.036168 0.0146796 0 -0.0372878 0.014494 0</float_array>
          <technique_common>
            <accessor count="44" source="#ID59" stride="3">
              <param name="X" type="float"/>
              <param name="Y" type="float"/>
              <param name="Z" type="float"/>
            </accessor>
          </technique_common>
        </source>
        <source id="ID60">
          <float_array count="132" id="ID61">0.139929 -0.990161 0 0.0924917 -0.995713 0 0.139929 -0.990161 0 0.187048 -0.982351 0 0.187048 -0.982351 0 0.0924917 -0.995713 0 0.044843 -0.998994 0 0.044843 -0.998994 0 0.989235 0.146335 0 0.989235 0.146335 0 0.989235 0.146335 0 0.989235 0.146335 0 -0.295938 0.955207 0 -0.446707 0.89468 0 -0.446707 0.89468 0 0.186397 0.982475 0 0.0248472 0.999691 0 0.024847 0.999691 0 -0.137358 0.990521 0 -0.295938 0.955207 0 -0.137358 0.990521 0 0.186397 0.982475 0 -0.997459 -0.0712454 -0 -0.997459 -0.0712454 -0 -0.997459 -0.0712454 -0 -0.997459 -0.0712454 -0 0 0 1 0 0 1 0 0 1 0 0 1 0 0 1 0 0 1 0 0 1 0 0 1 0 0 1 -0 -0 -1 -0 -0 -1 -0 -0 -1 -0 -0 -1 -0 -0 -1 -0 -0 -1 -0 -0 -1 -0 -0 -1 -0 -0 -1</float_array>
          <technique_common>
            <accessor count="44" source="#ID61" stride="3">
              <param name="X" type="float"/>
              <param name="Y" type="float"/>
              <param name="Z" type="float"/>
            </accessor>
          </technique_common>
        </source>
        <vertices id="ID62">
          <input semantic="POSITION" source="#ID58"/>
          <input semantic="NORMAL" source="#ID60"/>
        </vertices>
        <triangles count="32" material="ID9">
          <input offset="0" semantic="VERTEX" source="#ID62"/>
          <p>0 1 2 3 4 0 0 2 3 2 1 5 1 6 5 5 6 7 8 9 10 10 11 8 12 13 14 15 16 17 18 19 20 21 15 17 18 20 16 17 16 20 12 14 19 18 12 19 22 23 24 24 25 22 26 27 28 29 30 31 32 33 28 26 28 33 30 29 32 33 32 29 31 34 29 35 36 37 38 35 37 39 37 40 39 38 37 36 35 41 42 43 41 36 41 43</p>
        </triangles>
      </mesh>
    </geometry>
    <geometry id="ID63">
      <mesh>
        <source id="ID64">
          <float_array count="954" id="ID65">-0.0374959 0.0103734 0.00508 -0.0335445 0.011111 8.88178e-19 -0.0335445 0.011111 0.00508 -0.0455099 0.0106329 0.00508 -0.0455099 0.0106329 0 -0.0415123 0.0102129 0 -0.0415123 0.0102129 0.00508 -0.0374959 0.0103734 0 -0.0455099 0.0106329 0 -0.0474243 -0.00705771 0.00508 -0.0474243 -0.00705771 0 -0.0455099 0.0106329 0.00508 -0.0474243 -0.00705771 0 -0.0607214 -0.00705771 0.00508 -0.0607214 -0.00705771 0 -0.0474243 -0.00705771 0.00508 -0.0607214 -0.00705771 0 -0.0607214 -0.0151063 0.00508 -0.0607214 -0.0151063 0 -0.0607214 -0.00705771 0.00508 -0.0607214 -0.0151063 0 -0.054599 -0.0149288 0.00508 -0.054599 -0.0149288 -8.88178e-19 -0.0607214 -0.0151063 0.00508 -0.054599 -0.0149288 -8.88178e-19 -0.0641743 -0.0331385 0.00508 -0.0641743 -0.0331385 -1.77636e-18 -0.054599 -0.0149288 0.00508 -0.0641743 -0.0331385 -1.77636e-18 -0.0515241 -0.0327718 0.00508 -0.0515241 -0.0327718 -8.88178e-19 -0.0641743 -0.0331385 0.00508 -0.0515241 -0.0327718 -8.88178e-19 -0.0474243 -0.0147209 0.00508 -0.0474243 -0.0147209 -1.77636e-18 -0.0515241 -0.0327718 0.00508 -0.0474243 -0.0147209 -1.77636e-18 -0.0384543 -0.0144609 0.00508 -0.0384543 -0.0144609 -8.88178e-19 -0.0474243 -0.0147209 0.00508 -0.0384543 -0.0144609 -8.88178e-19 -0.0300616 -0.0327718 0.00508 -0.0300616 -0.0327718 8.88178e-19 -0.0384543 -0.0144609 0.00508 -0.0300616 -0.0327718 8.88178e-19 -0.0181109 -0.0324254 0.00508 -0.0181109 -0.0324254 -8.88178e-19 -0.0300616 -0.0327718 0.00508 -0.0181109 -0.0324254 -8.88178e-19 -0.0309812 -0.0142443 0.00508 -0.0309812 -0.0142443 -2.66454e-18 -0.0181109 -0.0324254 0.00508 -0.0309812 -0.0142443 -2.66454e-18 -0.0247715 -0.0140643 0.00508 -0.0247715 -0.0140643 -8.88178e-19 -0.0309812 -0.0142443 0.00508 -0.0247715 -0.0140643 -8.88178e-19 -0.0245948 -0.0173777 0.00508 -0.0245948 -0.0173777 8.88178e-19 -0.0247715 -0.0140643 0.00508 -0.0230813 -0.0192273 0 -0.0233469 -0.0191896 0.00508 -0.0230813 -0.0192273 0.00508 -0.0228131 -0.0192207 0.00508 -0.0228131 -0.0192207 0 -0.0225497 -0.0191701 0.00508 -0.0225497 -0.0191701 0 -0.0222982 -0.0190768 0 -0.0222982 -0.0190768 0.00508 -0.0220655 -0.0189435 0.00508 -0.0220655 -0.0189435 0 -0.0218579 -0.0187736 0.00508 -0.0218579 -0.0187736 0 -0.0216811 -0.0185718 0 -0.0216811 -0.0185718 0.00508 -0.0215399 -0.0183438 0.00508 -0.0215399 -0.0183438 0 -0.0214382 -0.0180956 0.00508 -0.0214382 -0.0180956 0 -0.0213787 -0.017834 0 -0.0213787 -0.017834 0.00508 -0.0233469 -0.0191896 0 -0.0236026 -0.0191087 0.00508 -0.0236026 -0.0191087 0 -0.0238416 -0.0189868 0 -0.0238416 -0.0189868 0.00508 -0.0240572 -0.0188273 0 -0.0240572 -0.0188273 0.00508 -0.0242437 -0.0186344 0.00508 -0.0242437 -0.0186344 0 -0.0243958 -0.0184135 0 -0.0243958 -0.0184135 0.00508 -0.0245096 -0.0181706 0 -0.0245096 -0.0181706 0.00508 -0.0245817 -0.0179122 0.00508 -0.0245817 -0.0179122 0 -0.0246104 -0.0176455 0 -0.0246104 -0.0176455 0.00508 -0.0245948 -0.0173777 0.00508 -0.0245948 -0.0173777 8.88178e-19 -0.0213787 -0.017834 0 0.0321435 -0.0284673 0.00508 0.0321435 -0.0284673 1.77636e-18 -0.0213787 -0.017834 0.00508 0.0306263 -0.0324254 0 0.0321435 -0.0284673 0.00508 0.0306263 -0.0324254 0.00508 0.0321435 -0.0284673 1.77636e-18 0.046596 -0.0324254 0 0.0306263 -0.0324254 0.00508 0.046596 -0.0324254 0.00508 0.0306263 -0.0324254 0 0.0414327 -0.0121453 1.77636e-18 0.046596 -0.0324254 0.00508 0.0414327 -0.0121453 0.00508 0.046596 -0.0324254 0 0.0414327 -0.0121453 1.77636e-18 0.0451697 -0.012037 0.00508 0.0451697 -0.012037 -8.88178e-19 0.0414327 -0.0121453 0.00508 0.0451697 -0.012037 -8.88178e-19 0.0451697 -0.00705771 0.00508 0.0451697 -0.00705771 0 0.0451697 -0.012037 0.00508 0.0451697 -0.00705771 0 0.0276996 -0.00705771 0.00508 0.0276996 -0.00705771 0 0.0451697 -0.00705771 0.00508 0.0276996 0.0042581 0 0.0276996 -0.00705771 0.00508 0.0276996 0.0042581 0.00508 0.0276996 -0.00705771 0 0.0331027 0.00385335 0 0.0276996 0.0042581 0.00508 0.0331027 0.00385335 0.00508 0.0276996 0.0042581 0 0.0331027 0.00946066 0 0.0331027 0.00385335 0.00508 0.0331027 0.00946066 0.00508 0.0331027 0.00385335 0 0.0137357 0.0088993 -8.88178e-19 0.0331027 0.00946066 0.00508 0.0137357 0.0088993 0.00508 0.0331027 0.00946066 0 0.0137357 0.00385335 0 0.0137357 0.0088993 0.00508 0.0137357 0.00385335 0.00508 0.0137357 0.0088993 -8.88178e-19 0.0224229 0.00410515 -8.88178e-19 0.0137357 0.00385335 0.00508 0.0224229 0.00410515 0.00508 0.0137357 0.00385335 0 0.0227464 -0.00705771 -8.88178e-19 0.0224229 0.00410515 0.00508 0.0227464 -0.00705771 0.00508 0.0224229 0.00410515 -8.88178e-19 0.0227464 -0.00705771 -8.88178e-19 -0.0220017 -0.00705771 0.00508 -0.0220017 -0.00705771 0 0.0227464 -0.00705771 0.00508 -0.0233464 0.0162043 -8.88178e-19 -0.0220017 -0.00705771 0.00508 -0.0233464 0.0162043 0.00508 -0.0220017 -0.00705771 0 -0.0247796 0.0151428 0.00508 -0.0233464 0.0162043 -8.88178e-19 -0.0233464 0.0162043 0.00508 -0.0262779 0.0141753 0.00508 -0.0262779 0.0141753 0 -0.0247796 0.0151428 0 -0.0262779 0.0141753 0 -0.0251453 -0.00705771 0.00508 -0.0251453 -0.00705771 8.88178e-19 -0.0262779 0.0141753 0.00508 -0.0251453 -0.00705771 8.88178e-19 -0.0300616 -0.00705771 0.00508 -0.0300616 -0.00705771 0 -0.0251453 -0.00705771 0.00508 0.0329958 -0.0262437 0 0.0383657 -0.0122342 0.00508 0.0329958 -0.0262437 0.00508 0.0383657 -0.0122342 0 -0.0215186 -0.0154133 1.77636e-18 0.0329958 -0.0262437 0.00508 -0.0215186 -0.0154133 0.00508 0.0329958 -0.0262437 0 -0.0216019 -0.0139724 0 -0.0215186 -0.0154133 0.00508 -0.0216019 -0.0139724 0.00508 -0.0215186 -0.0154133 1.77636e-18 -0.0216019 -0.0139724 0 0.0383657 -0.0122342 0.00508 0.0383657 -0.0122342 0 -0.0216019 -0.0139724 0.00508 -0.0300616 -0.00705771 0 -0.0335445 0.011111 0.00508 -0.0335445 0.011111 8.88178e-19 -0.0300616 -0.00705771 0.00508 -0.0220017 -0.00705771 0.00508 -0.0251453 -0.00705771 0.00508 -0.0262779 0.0141753 0.00508 -0.0300616 -0.0327718 0.00508 -0.0384543 -0.0144609 0.00508 -0.0309812 -0.0142443 0.00508 -0.0415123 0.0102129 0.00508 -0.0474243 -0.00705771 0.00508 -0.0455099 0.0106329 0.00508 -0.0300616 -0.00705771 0.00508 -0.0607214 -0.00705771 0.00508 -0.054599 -0.0149288 0.00508 -0.0607214 -0.0151063 0.00508 -0.0515241 -0.0327718 0.00508 -0.0474243 -0.0147209 0.00508 -0.0641743 -0.0331385 0.00508 -0.0181109 -0.0324254 0.00508 -0.0247715 -0.0140643 0.00508 -0.0214382 -0.0180956 0.00508 -0.0245096 -0.0181706 0.00508 -0.0245817 -0.0179122 0.00508 -0.0243958 -0.0184135 0.00508 -0.0215399 -0.0183438 0.00508 -0.0216019 -0.0139724 0.00508 -0.0216811 -0.0185718 0.00508 -0.0242437 -0.0186344 0.00508 -0.0222982 -0.0190768 0.00508 -0.0225497 -0.0191701 0.00508 -0.0236026 -0.0191087 0.00508 -0.0233469 -0.0191896 0.00508 -0.0228131 -0.0192207 0.00508 -0.0230813 -0.0192273 0.00508 -0.0238416 -0.0189868 0.00508 -0.0240572 -0.0188273 0.00508 -0.0220655 -0.0189435 0.00508 -0.0218579 -0.0187736 0.00508 -0.0246104 -0.0176455 0.00508 -0.0213787 -0.017834 0.00508 -0.0215186 -0.0154133 0.00508 -0.0245948 -0.0173777 0.00508 0.046596 -0.0324254 0.00508 0.0306263 -0.0324254 0.00508 0.0321435 -0.0284673 0.00508 0.0383657 -0.0122342 0.00508 0.0227464 -0.00705771 0.00508 0.0276996 -0.00705771 0.00508 0.0414327 -0.0121453 0.00508 0.0451697 -0.00705771 0.00508 0.0329958 -0.0262437 0.00508 0.0451697 -0.012037 0.00508 0.0137357 0.0088993 0.00508 0.0224229 0.00410515 0.00508 0.0137357 0.00385335 0.00508 0.0276996 0.0042581 0.00508 0.0331027 0.00946066 0.00508 0.0331027 0.00385335 0.00508 -0.0374959 0.0103734 0.00508 -0.0335445 0.011111 0.00508 -0.0233464 0.0162043 0.00508 -0.0247796 0.0151428 0.00508 -0.0300616 -0.0327718 8.88178e-19 -0.0181109 -0.0324254 -8.88178e-19 -0.0309812 -0.0142443 -2.66454e-18 -0.0607214 -0.00705771 0 -0.0607214 -0.0151063 0 -0.054599 -0.0149288 -8.88178e-19 -0.0474243 -0.00705771 0 -0.0474243 -0.0147209 -1.77636e-18 -0.0384543 -0.0144609 -8.88178e-19 -0.0641743 -0.0331385 -1.77636e-18 -0.0515241 -0.0327718 -8.88178e-19 -0.0300616 -0.00705771 0 -0.0247715 -0.0140643 -8.88178e-19 -0.0243958 -0.0184135 0 -0.0216811 -0.0185718 0 -0.0215399 -0.0183438 0 0.0329958 -0.0262437 0 -0.0215186 -0.0154133 1.77636e-18 -0.0213787 -0.017834 0 -0.0236026 -0.0191087 0 -0.0225497 -0.0191701 0 -0.0222982 -0.0190768 0 -0.0251453 -0.00705771 8.88178e-19 -0.0216019 -0.0139724 0 -0.0242437 -0.0186344 0 0.0276996 -0.00705771 0 0.0227464 -0.00705771 -8.88178e-19 0.0383657 -0.0122342 0 -0.0233469 -0.0191896 0 -0.0228131 -0.0192207 0 -0.0230813 -0.0192273 0 -0.0238416 -0.0189868 0 -0.0220655 -0.0189435 0 -0.0240572 -0.0188273 0 -0.0218579 -0.0187736 0 -0.0245096 -0.0181706 0 -0.0214382 -0.0180956 0 -0.0245817 -0.0179122 0 -0.0246104 -0.0176455 0 -0.0245948 -0.0173777 8.88178e-19 0.046596 -0.0324254 0 0.0321435 -0.0284673 1.77636e-18 0.0306263 -0.0324254 0 0.0414327 -0.0121453 1.77636e-18 0.0451697 -0.00705771 0 0.0451697 -0.012037 -8.88178e-19 0.0137357 0.0088993 -8.88178e-19 0.0137357 0.00385335 0 0.0224229 0.00410515 -8.88178e-19 0.0276996 0.0042581 0 0.0331027 0.00385335 0 0.0331027 0.00946066 0 -0.0220017 -0.00705771 0 -0.0262779 0.0141753 0 -0.0247796 0.0151428 0 -0.0233464 0.0162043 -8.88178e-19 -0.0374959 0.0103734 0 -0.0415123 0.0102129 0 -0.0335445 0.011111 8.88178e-19 -0.0455099 0.0106329 0</float_array>
          <technique_common>
            <accessor count="318" source="#ID65" stride="3">
              <param name="X" type="float"/>
              <param name="Y" type="float"/>
              <param name="Z" type="float"/>
            </accessor>
          </technique_common>
        </source>
        <source id="ID66">
          <float_array count="954" id="ID67">-0.112004 0.993708 0 -0.254042 0.967193 0 -0.254042 0.967193 0 0.176073 0.984377 0 0.176073 0.984377 0 0.0323728 0.999476 0 0.0323728 0.999476 0 -0.112004 0.993708 0 -0.994196 0.107583 0 -0.994196 0.107583 0 -0.994196 0.107583 0 -0.994196 0.107583 0 0 1 0 0 1 0 0 1 0 0 1 0 -1 -0 -0 -1 -0 -0 -1 -0 -0 -1 -0 -0 0.0289733 -0.99958 0 0.0289733 -0.99958 0 0.0289733 -0.99958 0 0.0289733 -0.99958 0 -0.885092 0.465415 0 -0.885092 0.465415 0 -0.885092 0.465415 0 -0.885092 0.465415 0 0.0289733 -0.99958 0 0.0289733 -0.99958 0 0.0289733 -0.99958 0 0.0289733 -0.99958 0 0.975164 -0.221485 0 0.975164 -0.221485 0 0.975164 -0.221485 0 0.975164 -0.221485 0 0.0289733 -0.99958 0 0.0289733 -0.99958 0 0.0289733 -0.99958 0 0.0289733 -0.99958 0 -0.909063 -0.416659 -0 -0.909063 -0.416659 -0 -0.909063 -0.416659 -0 -0.909063 -0.416659 -0 0.0289733 -0.99958 0 0.0289733 -0.99958 0 0.0289733 -0.99958 0 0.0289733 -0.99958 0 0.816195 0.577777 0 0.816195 0.577777 0 0.816195 0.577777 0 0.816195 0.577777 0 0.0289733 -0.99958 0 0.0289733 -0.99958 0 0.0289733 -0.99958 0 0.0289733 -0.99958 0 -0.99858 -0.0532675 -0 -0.99858 -0.0532675 -0 -0.99858 -0.0532675 -0 -0.99858 -0.0532675 -0 -0.0582194 -0.998304 0 -0.221741 -0.975106 -0 -0.0582194 -0.998304 0 0.10689 -0.994271 0 0.10689 -0.994271 0 0.269084 -0.963117 0 0.269084 -0.963117 0 0.423938 -0.905691 0 0.423938 -0.905691 0 0.567228 -0.823561 0 0.567228 -0.823561 0 0.695045 -0.718966 0 0.695045 -0.718966 0 0.803904 -0.59476 0 0.803904 -0.59476 0 0.890834 -0.45433 0 0.890834 -0.45433 0 0.953464 -0.301507 0 0.953464 -0.301507 0 0.990086 -0.14046 0 0.990086 -0.14046 0 -0.221741 -0.975106 -0 -0.379214 -0.925309 -0 -0.379214 -0.925309 -0 -0.526342 -0.850273 -0 -0.526342 -0.850273 -0 -0.659114 -0.752043 -0 -0.659114 -0.752043 -0 -0.773907 -0.633299 -0 -0.773907 -0.633299 -0 -0.867589 -0.497281 -0 -0.867589 -0.497281 -0 -0.937607 -0.347698 -0 -0.937607 -0.347698 -0 -0.982048 -0.188631 -0 -0.982048 -0.188631 -0 -0.999702 -0.0244189 -0 -0.999702 -0.0244189 -0 -0.990086 0.14046 0 -0.990086 0.14046 0 -0.194863 -0.980831 -0 -0.194863 -0.980831 -0 -0.194863 -0.980831 -0 -0.194863 -0.980831 -0 -0.933755 0.357913 0 -0.933755 0.357913 0 -0.933755 0.357913 0 -0.933755 0.357913 0 0 -1 0 0 -1 0 0 -1 0 0 -1 0 0.969084 0.246731 0 0.969084 0.246731 0 0.969084 0.246731 0 0.969084 0.246731 0 0.0289733 -0.99958 0 0.0289733 -0.99958 0 0.0289733 -0.99958 0 0.0289733 -0.99958 0 1 0 0 1 0 0 1 0 0 1 0 0 -4.96484e-17 1 0 -4.96484e-17 1 0 -4.96484e-17 1 0 -4.96484e-17 1 0 1 0 0 1 0 0 1 0 0 1 0 0 -0.0747006 -0.997206 0 -0.0747006 -0.997206 0 -0.0747006 -0.997206 0 -0.0747006 -0.997206 0 1 0 0 1 0 0 1 0 0 1 0 0 -0.0289733 0.99958 0 -0.0289733 0.99958 0 -0.0289733 0.99958 0 -0.0289733 0.99958 0 -1 0 0 -1 0 0 -1 0 0 -1 0 0 0.0289733 -0.99958 0 0.0289733 -0.99958 0 0.0289733 -0.99958 0 0.0289733 -0.99958 0 -0.99958 -0.0289733 0 -0.99958 -0.0289733 0 -0.99958 -0.0289733 0 -0.99958 -0.0289733 0 -5.81496e-17 1 0 -5.81496e-17 1 0 -5.81496e-17 1 0 -5.81496e-17 1 0 0.998333 0.0577119 0 0.998333 0.0577119 0 0.998333 0.0577119 0 0.998333 0.0577119 0 -0.569106 0.822264 0 -0.620626 0.784107 0 -0.620626 0.784107 0 -0.515248 0.857041 0 -0.515248 0.857041 0 -0.569106 0.822264 0 -0.99858 -0.0532675 -0 -0.99858 -0.0532675 -0 -0.99858 -0.0532675 -0 -0.99858 -0.0532675 -0 0 1 0 0 1 0 0 1 0 0 1 0 -0.933755 0.357913 0 -0.933755 0.357913 0 -0.933755 0.357913 0 -0.933755 0.357913 0 0.194863 0.980831 0 0.194863 0.980831 0 0.194863 0.980831 0 0.194863 0.980831 0 0.998333 0.0577119 0 0.998333 0.0577119 0 0.998333 0.0577119 0 0.998333 0.0577119 0 0.0289733 -0.99958 0 0.0289733 -0.99958 0 0.0289733 -0.99958 0 0.0289733 -0.99958 0 0.982118 0.188266 0 0.982118 0.188266 0 0.982118 0.188266 0 0.982118 0.188266 0 0 0 1 0 0 1 0 0 1 0 0 1 0 0 1 0 0 1 0 0 1 0 0 1 0 0 1 0 0 1 0 0 1 0 0 1 0 0 1 0 0 1 0 0 1 0 0 1 0 0 1 0 0 1 0 0 1 0 0 1 0 0 1 0 0 1 0 0 1 0 0 1 0 0 1 0 0 1 0 0 1 0 0 1 0 0 1 0 0 1 0 0 1 0 0 1 0 0 1 0 0 1 0 0 1 0 0 1 0 0 1 0 0 1 0 0 1 0 0 1 0 0 1 0 0 1 0 0 1 0 0 1 0 0 1 0 0 1 0 0 1 0 0 1 0 0 1 0 0 1 0 0 1 0 0 1 0 0 1 0 0 1 0 0 1 0 0 1 0 0 1 0 0 1 0 0 1 0 0 1 -0 -0 -1 -0 -0 -1 -0 -0 -1 -0 -0 -1 -0 -0 -1 -0 -0 -1 -0 -0 -1 -0 -0 -1 -0 -0 -1 -0 -0 -1 -0 -0 -1 -0 -0 -1 -0 -0 -1 -0 -0 -1 -0 -0 -1 -0 -0 -1 -0 -0 -1 -0 -0 -1 -0 -0 -1 -0 -0 -1 -0 -0 -1 -0 -0 -1 -0 -0 -1 -0 -0 -1 -0 -0 -1 -0 -0 -1 -0 -0 -1 -0 -0 -1 -0 -0 -1 -0 -0 -1 -0 -0 -1 -0 -0 -1 -0 -0 -1 -0 -0 -1 -0 -0 -1 -0 -0 -1 -0 -0 -1 -0 -0 -1 -0 -0 -1 -0 -0 -1 -0 -0 -1 -0 -0 -1 -0 -0 -1 -0 -0 -1 -0 -0 -1 -0 -0 -1 -0 -0 -1 -0 -0 -1 -0 -0 -1 -0 -0 -1 -0 -0 -1 -0 -0 -1 -0 -0 -1 -0 -0 -1 -0 -0 -1 -0 -0 -1 -0 -0 -1 -0 -0 -1 -0 -0 -1 -0 -0 -1</float_array>
          <technique_common>
            <accessor count="318" source="#ID67" stride="3">
              <param name="X" type="float"/>
              <param name="Y" type="float"/>
              <param name="Z" type="float"/>
            </accessor>
          </technique_common>
        </source>
        <vertices id="ID68">
          <input semantic="POSITION" source="#ID64"/>
          <input semantic="NORMAL" source="#ID66"/>
        </vertices>
        <triangles count="240" material="ID69">
          <input offset="0" semantic="VERTEX" source="#ID68"/>
          <p>0 2 1 3 5 4 6 7 5 0 7 6 3 6 5 1 7 0 8 10 9 9 11 8 12 14 13 13 15 12 16 18 17 17 19 16 20 22 21 21 23 20 24 26 25 25 27 24 28 30 29 29 31 28 32 34 33 33 35 32 36 38 37 37 39 36 40 42 41 41 43 40 44 46 45 45 47 44 48 50 49 49 51 48 52 54 53 53 55 52 56 58 57 57 59 56 60 62 61 62 64 63 64 62 60 65 63 66 64 66 63 67 68 65 65 66 67 68 70 69 70 68 67 71 69 72 70 72 69 73 74 71 71 72 73 74 76 75 76 74 73 77 75 78 76 78 75 79 80 77 77 78 79 60 61 81 82 83 81 81 61 82 83 85 84 85 83 82 86 84 87 85 87 84 88 89 86 86 87 88 89 91 90 91 89 88 92 90 93 91 93 90 94 95 92 92 93 94 95 97 96 97 95 94 97 98 96 96 98 99 100 102 101 101 103 100 104 106 105 104 105 107 108 110 109 108 109 111 112 114 113 112 113 115 116 118 117 117 119 116 120 122 121 121 123 120 124 126 125 125 127 124 128 130 129 128 129 131 132 134 133 132 133 135 136 138 137 136 137 139 140 142 141 140 141 143 144 146 145 144 145 147 148 150 149 148 149 151 152 154 153 152 153 155 156 158 157 157 159 156 160 162 161 160 161 163 164 166 165 167 169 168 169 164 165 167 164 169 170 172 171 171 173 170 174 176 175 175 177 174 178 180 179 178 179 181 182 184 183 182 183 185 186 188 187 186 187 189 190 192 191 191 193 190 194 196 195 195 197 194 198 200 199 201 203 202 204 206 205 205 207 204 208 210 209 211 212 209 208 209 205 209 213 211 205 212 202 209 212 205 201 214 203 203 215 207 216 218 217 219 220 217 199 215 221 222 219 223 207 215 199 224 226 225 227 228 225 227 229 228 226 227 225 230 226 224 230 232 231 232 230 224 223 231 233 232 233 231 223 233 222 220 219 222 216 217 220 218 235 234 235 218 216 236 237 235 234 235 237 238 240 239 241 243 242 244 245 241 244 246 238 241 245 243 244 247 245 248 250 249 240 246 235 251 253 252 252 249 251 246 236 235 252 248 249 243 249 242 243 251 249 198 221 242 254 207 255 256 257 198 200 198 257 203 207 202 205 202 207 204 207 254 238 246 240 244 241 246 241 242 221 215 236 221 237 236 215 221 198 199 258 260 259 261 263 262 264 266 265 261 264 263 263 268 267 268 263 265 263 264 265 266 260 258 269 270 260 271 273 272 274 276 275 277 279 278 280 281 270 271 272 282 283 285 284 286 278 287 286 287 288 277 278 286 289 279 277 289 291 290 290 279 289 282 292 291 290 291 292 282 272 292 293 273 271 293 295 294 294 273 293 296 276 295 294 295 276 276 297 275 297 276 296 298 300 299 298 299 274 301 298 274 285 283 302 301 302 303 304 306 305 299 276 274 307 309 308 309 307 306 310 280 311 309 306 304 283 284 306 283 306 307 310 284 281 280 270 269 312 313 310 311 312 310 260 266 269 264 269 266 269 315 314 269 314 316 269 264 315 317 315 264 285 302 301 270 281 275 297 270 275 281 280 310 281 284 285 274 285 301</p>
        </triangles>
      </mesh>
    </geometry>
    <geometry id="ID70">
      <mesh>
        <source id="ID71">
          <float_array count="132" id="ID72">-0.0185778 0.0291343 0.00508 -0.0190267 0.0280932 0.00508 -0.0185778 0.0291343 0 -0.0181786 0.0301969 0 -0.0181786 0.0301969 0.00508 -0.0190267 0.0280932 0 -0.0195254 0.0270735 0.00508 -0.0195254 0.0270735 0 -0.0181786 0.0301969 0 -0.0345655 0.0366802 -8.88178e-19 -0.0345655 0.0366802 0.00508 -0.0181786 0.0301969 0.00508 -0.03464 0.0361587 0.00508 -0.0345655 0.0366802 0.00508 -0.0345655 0.0366802 -8.88178e-19 -0.0353453 0.0347602 0.00508 -0.0350351 0.0351859 0.00508 -0.0350351 0.0351859 0 -0.0347979 0.0356562 0.00508 -0.03464 0.0361587 0 -0.0347979 0.0356562 0 -0.0353453 0.0347602 0 -0.0353453 0.0347602 0 -0.0195254 0.0270735 0 -0.0195254 0.0270735 0.00508 -0.0353453 0.0347602 0.00508 -0.0185778 0.0291343 0.00508 -0.0181786 0.0301969 0.00508 -0.0345655 0.0366802 0.00508 -0.0195254 0.0270735 0.00508 -0.0347979 0.0356562 0.00508 -0.0350351 0.0351859 0.00508 -0.03464 0.0361587 0.00508 -0.0190267 0.0280932 0.00508 -0.0353453 0.0347602 0.00508 -0.03464 0.0361587 0 -0.0190267 0.0280932 0 -0.0195254 0.0270735 0 -0.0347979 0.0356562 0 -0.0350351 0.0351859 0 -0.0353453 0.0347602 0 -0.0345655 0.0366802 -8.88178e-19 -0.0181786 0.0301969 0 -0.0185778 0.0291343 0</float_array>
          <technique_common>
            <accessor count="44" source="#ID72" stride="3">
              <param name="X" type="float"/>
              <param name="Y" type="float"/>
              <param name="Z" type="float"/>
            </accessor>
          </technique_common>
        </source>
        <source id="ID73">
          <float_array count="132" id="ID74">0.92747 -0.373898 0 0.908559 -0.417757 0 0.92747 -0.373898 0 0.944265 -0.329187 0 0.944265 -0.329187 0 0.908559 -0.417757 0 0.887576 -0.460662 0 0.887576 -0.460662 0 0.367888 0.92987 0 0.367888 0.92987 0 0.367888 0.92987 0 0.367888 0.92987 0 -0.975203 0.221314 0 -0.998169 0.0604806 0 -0.998169 0.0604806 0 -0.75765 0.652662 0 -0.853334 0.521364 0 -0.853335 0.521364 0 -0.926496 0.376305 0 -0.975203 0.221314 0 -0.926496 0.376305 0 -0.75765 0.652662 0 -0.437029 -0.899447 -0 -0.437029 -0.899447 -0 -0.437029 -0.899447 -0 -0.437029 -0.899447 -0 0 0 1 0 0 1 0 0 1 0 0 1 0 0 1 0 0 1 0 0 1 0 0 1 0 0 1 -0 -0 -1 -0 -0 -1 -0 -0 -1 -0 -0 -1 -0 -0 -1 -0 -0 -1 -0 -0 -1 -0 -0 -1 -0 -0 -1</float_array>
          <technique_common>
            <accessor count="44" source="#ID74" stride="3">
              <param name="X" type="float"/>
              <param name="Y" type="float"/>
              <param name="Z" type="float"/>
            </accessor>
          </technique_common>
        </source>
        <vertices id="ID75">
          <input semantic="POSITION" source="#ID71"/>
          <input semantic="NORMAL" source="#ID73"/>
        </vertices>
        <triangles count="32" material="ID9">
          <input offset="0" semantic="VERTEX" source="#ID75"/>
          <p>0 1 2 3 4 0 0 2 3 2 1 5 1 6 5 5 6 7 8 9 10 10 11 8 12 13 14 15 16 17 18 19 20 21 15 17 18 20 16 17 16 20 12 14 19 18 12 19 22 23 24 24 25 22 26 27 28 29 30 31 32 33 28 26 28 33 30 29 32 33 32 29 31 34 29 35 36 37 38 35 37 39 37 40 39 38 37 36 35 41 42 43 41 36 41 43</p>
        </triangles>
      </mesh>
    </geometry>
    <geometry id="ID76">
      <mesh>
        <source id="ID77">
          <float_array count="126" id="ID78">0.0244576 0.0326267 -8.88178e-19 0.0244576 0.0326267 0.00508 0.0331027 0.0328773 0.00508 0.0331027 0.0328773 -8.88178e-19 0.0234192 0.0450941 -2.66454e-18 0.0234192 0.0450941 0.00508 0.0244576 0.0326267 0.00508 0.0244576 0.0326267 -8.88178e-19 0.0224229 0.0325677 0 0.0224229 0.0325677 0.00508 0.0234192 0.0450941 0.00508 0.0234192 0.0450941 -2.66454e-18 0.0136462 0.0323133 -8.88178e-19 0.0136462 0.0323133 0.00508 0.0224229 0.0325677 0.00508 0.0224229 0.0325677 0 0.0137357 0.0292244 -8.88178e-19 0.0137357 0.0292244 0.00508 0.0136462 0.0323133 0.00508 0.0136462 0.0323133 -8.88178e-19 0.0331027 0.0292244 0 0.0331027 0.0292244 0.00508 0.0137357 0.0292244 0.00508 0.0137357 0.0292244 -8.88178e-19 0.0331027 0.0328773 -8.88178e-19 0.0331027 0.0328773 0.00508 0.0331027 0.0292244 0.00508 0.0331027 0.0292244 0 0.0137357 0.0292244 0.00508 0.0331027 0.0292244 0.00508 0.0224229 0.0325677 0.00508 0.0234192 0.0450941 0.00508 0.0244576 0.0326267 0.00508 0.0136462 0.0323133 0.00508 0.0331027 0.0328773 0.00508 0.0224229 0.0325677 0 0.0137357 0.0292244 -8.88178e-19 0.0136462 0.0323133 -8.88178e-19 0.0234192 0.0450941 -2.66454e-18 0.0244576 0.0326267 -8.88178e-19 0.0331027 0.0292244 0 0.0331027 0.0328773 -8.88178e-19</float_array>
          <technique_common>
            <accessor count="42" source="#ID78" stride="3">
              <param name="X" type="float"/>
              <param name="Y" type="float"/>
              <param name="Z" type="float"/>
            </accessor>
          </technique_common>
        </source>
        <source id="ID79">
          <float_array count="126" id="ID80">-0.0289733 0.99958 0 -0.0289733 0.99958 0 -0.0289733 0.99958 0 -0.0289733 0.99958 0 0.99655 0.0829969 0 0.99655 0.0829969 0 0.99655 0.0829969 0 0.99655 0.0829969 0 -0.996852 0.0792886 0 -0.996852 0.0792886 0 -0.996852 0.0792886 0 -0.996852 0.0792886 0 -0.0289733 0.99958 0 -0.0289733 0.99958 0 -0.0289733 0.99958 0 -0.0289733 0.99958 0 -0.99958 -0.0289733 0 -0.99958 -0.0289733 0 -0.99958 -0.0289733 0 -0.99958 -0.0289733 0 0 -1 0 0 -1 0 0 -1 0 0 -1 0 1 0 0 1 0 0 1 0 0 1 0 0 0 0 1 0 0 1 0 0 1 0 0 1 0 0 1 0 0 1 0 0 1 -0 -0 -1 -0 -0 -1 -0 -0 -1 -0 -0 -1 -0 -0 -1 -0 -0 -1 -0 -0 -1</float_array>
          <technique_common>
            <accessor count="42" source="#ID80" stride="3">
              <param name="X" type="float"/>
              <param name="Y" type="float"/>
              <param name="Z" type="float"/>
            </accessor>
          </technique_common>
        </source>
        <vertices id="ID81">
          <input semantic="POSITION" source="#ID77"/>
          <input semantic="NORMAL" source="#ID79"/>
        </vertices>
        <triangles count="24" material="ID82">
          <input offset="0" semantic="VERTEX" source="#ID81"/>
          <p>0 1 2 0 2 3 4 5 6 4 6 7 8 9 10 8 10 11 12 13 14 12 14 15 16 17 18 16 18 19 20 21 22 20 22 23 24 25 26 24 26 27 28 29 30 31 30 32 33 28 30 29 32 30 32 29 34 35 36 37 35 38 39 39 40 35 35 40 36 39 41 40</p>
        </triangles>
      </mesh>
    </geometry>
    <geometry id="ID83">
      <mesh>
        <source id="ID84">
          <float_array count="132" id="ID85">-0.0219017 0.0526579 0.00508 -0.0212245 0.0517485 0.00508 -0.0219017 0.0526579 0 -0.0226223 0.0535349 -5.32907e-18 -0.0226223 0.0535349 0.00508 -0.0212245 0.0517485 0 -0.0205907 0.0508068 0.00508 -0.0205907 0.0508068 -5.32907e-18 -0.0226223 0.0535349 -5.32907e-18 -0.0364304 0.042585 8.88178e-19 -0.0364304 0.042585 0.00508 -0.0226223 0.0535349 0.00508 -0.0360161 0.0422598 0.00508 -0.0364304 0.042585 0.00508 -0.0364304 0.042585 8.88178e-19 -0.0351576 0.0409497 0.00508 -0.0353711 0.0414312 0.00508 -0.0353711 0.0414312 0 -0.0356598 0.0418718 0.00508 -0.0360161 0.0422598 0 -0.0356598 0.0418718 0 -0.0351576 0.0409497 -5.32907e-18 -0.0351576 0.0409497 -5.32907e-18 -0.0205907 0.0508068 -5.32907e-18 -0.0205907 0.0508068 0.00508 -0.0351576 0.0409497 0.00508 -0.0219017 0.0526579 0.00508 -0.0226223 0.0535349 0.00508 -0.0364304 0.042585 0.00508 -0.0205907 0.0508068 0.00508 -0.0356598 0.0418718 0.00508 -0.0353711 0.0414312 0.00508 -0.0360161 0.0422598 0.00508 -0.0212245 0.0517485 0.00508 -0.0351576 0.0409497 0.00508 -0.0360161 0.0422598 0 -0.0212245 0.0517485 0 -0.0205907 0.0508068 -5.32907e-18 -0.0356598 0.0418718 0 -0.0353711 0.0414312 0 -0.0351576 0.0409497 -5.32907e-18 -0.0364304 0.042585 8.88178e-19 -0.0226223 0.0535349 -5.32907e-18 -0.0219017 0.0526579 0</float_array>
          <technique_common>
            <accessor count="44" source="#ID85" stride="3">
              <param name="X" type="float"/>
              <param name="Y" type="float"/>
              <param name="Z" type="float"/>
            </accessor>
          </technique_common>
        </source>
        <source id="ID86">
          <float_array count="132" id="ID87">0.78754 0.616263 0 0.816067 0.577957 0 0.78754 0.616263 0 0.757217 0.653163 0 0.757217 0.653163 0 0.816067 0.577957 0 0.842733 0.538332 0 0.842733 0.538332 0 -0.621347 0.783535 0 -0.621347 0.783535 0 -0.621347 0.783535 0 -0.621347 0.783535 0 -0.679264 -0.733894 -0 -0.551462 -0.8342 -0 -0.551462 -0.8342 -0 -0.944046 -0.329813 0 -0.878182 -0.478327 0 -0.878182 -0.478328 0 -0.789138 -0.614217 0 -0.679264 -0.733894 -0 -0.789138 -0.614217 0 -0.944046 -0.329813 0 0.56043 -0.828202 0 0.56043 -0.828202 0 0.56043 -0.828202 0 0.56043 -0.828202 0 0 0 1 0 0 1 0 0 1 0 0 1 0 0 1 0 0 1 0 0 1 0 0 1 0 0 1 -0 -0 -1 -0 -0 -1 -0 -0 -1 -0 -0 -1 -0 -0 -1 -0 -0 -1 -0 -0 -1 -0 -0 -1 -0 -0 -1</float_array>
          <technique_common>
            <accessor count="44" source="#ID87" stride="3">
              <param name="X" type="float"/>
              <param name="Y" type="float"/>
              <param name="Z" type="float"/>
            </accessor>
          </technique_common>
        </source>
        <vertices id="ID88">
          <input semantic="POSITION" source="#ID84"/>
          <input semantic="NORMAL" source="#ID86"/>
        </vertices>
        <triangles count="32" material="ID9">
          <input offset="0" semantic="VERTEX" source="#ID88"/>
          <p>0 1 2 3 4 0 0 2 3 2 1 5 1 6 5 5 6 7 8 9 10 10 11 8 12 13 14 15 16 17 18 19 20 21 15 17 18 20 16 17 16 20 12 14 19 18 12 19 22 23 24 24 25 22 26 27 28 29 30 31 32 33 28 26 28 33 30 29 32 33 32 29 31 34 29 35 36 37 38 35 37 39 37 40 39 38 37 36 35 41 42 43 41 36 41 43</p>
        </triangles>
      </mesh>
    </geometry>
  </library_geometries>

  <library_visual_scenes>
    <visual_scene id="ID1">
      <node id="ID2" name="683c2961e829063e4b126da0">
        <instance_geometry url="#ID3">
          <bind_material>
            <technique_common>
              <instance_material symbol="ID9" target="#ID9"/>
            </technique_common>
          </bind_material>
        </instance_geometry>
        <instance_geometry url="#ID10">
          <bind_material>
            <technique_common>
              <instance_material symbol="ID16" target="#ID16"/>
            </technique_common>
          </bind_material>
        </instance_geometry>
        <instance_geometry url="#ID17">
          <bind_material>
            <technique_common>
              <instance_material symbol="ID9" target="#ID9"/>
            </technique_common>
          </bind_material>
        </instance_geometry>
        <instance_geometry url="#ID23">
          <bind_material>
            <technique_common>
              <instance_material symbol="ID29" target="#ID29"/>
            </technique_common>
          </bind_material>
        </instance_geometry>
        <instance_geometry url="#ID30">
          <bind_material>
            <technique_common>
              <instance_material symbol="ID9" target="#ID9"/>
            </technique_common>
          </bind_material>
        </instance_geometry>
        <instance_geometry url="#ID36">
          <bind_material>
            <technique_common>
              <instance_material symbol="ID42" target="#ID42"/>
            </technique_common>
          </bind_material>
        </instance_geometry>
        <instance_geometry url="#ID43">
          <bind_material>
            <technique_common>
              <instance_material symbol="ID49" target="#ID49"/>
            </technique_common>
          </bind_material>
        </instance_geometry>
        <instance_geometry url="#ID50">
          <bind_material>
            <technique_common>
              <instance_material symbol="ID56" target="#ID56"/>
            </technique_common>
          </bind_material>
        </instance_geometry>
        <instance_geometry url="#ID57">
          <bind_material>
            <technique_common>
              <instance_material symbol="ID9" target="#ID9"/>
            </technique_common>
          </bind_material>
        </instance_geometry>
        <instance_geometry url="#ID63">
          <bind_material>
            <technique_common>
              <instance_material symbol="ID69" target="#ID69"/>
            </technique_common>
          </bind_material>
        </instance_geometry>
        <instance_geometry url="#ID70">
          <bind_material>
            <technique_common>
              <instance_material symbol="ID9" target="#ID9"/>
            </technique_common>
          </bind_material>
        </instance_geometry>
        <instance_geometry url="#ID76">
          <bind_material>
            <technique_common>
              <instance_material symbol="ID82" target="#ID82"/>
            </technique_common>
          </bind_material>
        </instance_geometry>
        <instance_geometry url="#ID83">
          <bind_material>
            <technique_common>
              <instance_material symbol="ID9" target="#ID9"/>
            </technique_common>
          </bind_material>
        </instance_geometry>
      </node>
    </visual_scene>
  </library_visual_scenes>

  <scene>
    <instance_visual_scene url="#ID1"/>
  </scene>

  <library_nodes/>

</COLLADA>
