<?xml version="1.0" encoding="UTF-8" standalone="no" ?>
<COLLADA version="1.4.1" xmlns="http://www.collada.org/2005/11/COLLADASchema">

  <asset>
    <contributor>
      <authoring_tool>ONSHAPE BY PTC INC, 1.198</authoring_tool>
    </contributor>
    <created>2025-06-01T20:44:20</created>
    <modified>2025-06-01T20:44:20</modified>
    <unit meter="1" name="meters"/>
    <up_axis>Z_UP</up_axis>
  </asset>

  <library_materials>
    <material id="ID9" name="ID9">
      <instance_effect url="#ID9-fx"/>
    </material>
  </library_materials>

  <library_effects>
    <effect id="ID9-fx" name="ID9">
      <profile_COMMON>
        <technique sid="COMMON">
          <lambert>
            <diffuse>
              <color sid="diffuse">0.615686 0.811765 0.92549 1</color>
            </diffuse>
            <transparent opaque="A_ONE">
              <color sid="transparent">1 1 1 1</color>
            </transparent>
            <transparency>
              <float sid="transparency">1</float>
            </transparency>
          </lambert>
        </technique>
        <extra>
          <technique profile="OTHER">
            <double_sided>1</double_sided>
          </technique>
        </extra>
      </profile_COMMON>
    </effect>
  </library_effects>

  <library_geometries>
    <geometry id="ID3">
      <mesh>
        <source id="ID4">
          <float_array count="6420" id="ID5">-0.0262936 0.00254 0.002539 -0.0262936 0.0121009 0.009652 -0.0262936 0.0121009 0.00254 -0.0262936 0.00254 0.009652 0.0350453 0 0.00254 0.0350453 0 0.009652 -0.0237536 0 0.009652 -0.0237536 0 0.00254 0.0375853 0.013547 0.00254 0.0375854 0.00254 0.009653 0.0375853 0.00254 0.00254 0.0375853 0.013547 0.009652 0.0162924 0.0116144 0.00254 0.0344469 0.0160155 0.009652 0.0344469 0.0160155 0.00254 0.0162924 0.0116144 0.009652 -0.0235617 0.0146336 0.00253894 0.0162924 0.0116144 0.009652 0.0162924 0.0116144 0.00254 -0.0235617 0.0146336 0.009652 0.0165007 0.00905129 0.012192 0.0350453 0.00254 0.012192 0.0350453 0.013547 0.012192 -0.0237546 0.00254 0.012192 -0.0237536 0.0121009 0.012192 0.0165007 0.00905129 0 -0.0237536 0.00254 0 -0.0237536 0.0121009 0 0.0350453 0.013547 0 0.0350463 0.00254 -2.2678e-08 0.016345 0.010967 0.000628509 0.0346246 0.0152827 0.000526042 0.016363 0.01074 0.00043799 0.0346872 0.0150243 0.000338627 0.0347568 0.0147373 0.000193225 0.0163836 0.0104866 0.000284707 0.0348301 0.0144349 9.08753e-05 0.0164059 0.0102156 0.000165927 0.0164294 0.00993195 8.17322e-05 0.0349038 0.0141307 2.99908e-05 0.0349757 0.0138341 4.16842e-06 0.0164533 0.00964091 3.00238e-05 0.0164771 0.0093467 4.51965e-06 0.0350453 0.013547 0 0.0165007 0.00905129 0 0.0345709 0.0155042 0.000753956 0.0163285 0.0111608 0.000851905 0.0345267 0.0156864 0.00101989 0.0163142 0.011319 0.00110222 0.0344924 0.0158277 0.00131515 0.0344683 0.0159271 0.00162629 0.016303 0.0114415 0.0013724 0.0162954 0.0115295 0.00165584 0.034454 0.0159863 0.0019394 0.0162917 0.0115849 0.00194751 0.0344479 0.0160114 0.00224451 0.0162914 0.0116104 0.00224331 0.0162924 0.0116144 0.00254 0.0344469 0.0160155 0.00254 0.016345 0.010967 0.000628524 0.0163637 0.0107403 0.000439342 -0.0236246 0.0138059 0.000465668 -0.0235617 0.0146336 0.00253894 0.0162924 0.0116144 0.00254 -0.0235615 0.0146295 0.00228188 -0.023641 0.0135908 0.000324385 0.0163844 0.0104878 0.000285267 0.0164062 0.0102167 0.000166041 -0.0236583 0.0133603 0.000210093 0.0164289 0.00993308 8.06511e-05 -0.0236765 0.0131189 0.000121737 -0.0236956 0.0128692 5.79822e-05 0.0164522 0.00964192 2.73322e-05 -0.0237336 0.0123586 7.96351e-06 0.0164762 0.00934683 1.76004e-06 0.0165007 0.00905129 0 -0.0237143 0.0126147 2.56309e-05 -0.0237536 0.0121009 0 -0.0236097 0.0140004 0.000634935 0.01633 0.0111613 0.000852556 -0.023597 0.0141687 0.000829063 -0.0235864 0.0143104 0.00104432 0.0163187 0.0113194 0.00110351 -0.0235778 0.0144246 0.00127586 0.01631 0.0114417 0.00137364 0.0163031 0.0115293 0.00165684 -0.023571 0.0145124 0.00151874 -0.0235662 0.0145755 0.00176839 0.0162977 0.0115839 0.00194814 -0.0235631 0.0146136 0.0020237 0.016294 0.0116107 0.00224331 0.016345 0.010967 0.0115635 0.0163631 0.0107402 0.0117527 0.0346379 0.0152278 0.0117112 0.0345602 0.0155481 0.0113822 0.0345966 0.0153981 0.0115571 0.0345289 0.0156773 0.0111879 0.0163284 0.0111612 0.0113394 0.016314 0.011319 0.0110885 0.0345028 0.0157851 0.0109785 0.0344819 0.0158713 0.0107577 0.0163029 0.0114411 0.0108184 0.0344663 0.0159357 0.010531 0.0162955 0.0115287 0.0105352 0.0344557 0.0159792 0.0103049 0.016292 0.0115834 0.0102439 0.0162913 0.0116105 0.00994869 0.0344496 0.0160045 0.0100821 0.0344471 0.0160146 0.00986444 0.0162924 0.0116144 0.009652 0.0344469 0.0160155 0.009652 0.0346835 0.0150394 0.0118441 0.0347332 0.0148347 0.0119551 0.0163835 0.0104878 0.0119067 0.0164058 0.0102167 0.012026 0.0347852 0.01462 0.0120435 0.0164292 0.00993311 0.0121113 0.0348384 0.0144008 0.0121096 0.0164532 0.00964199 0.0121647 0.0348917 0.0141808 0.0121543 0.0164771 0.00934691 0.0121902 0.0349441 0.0139648 0.012179 0.0349953 0.0137534 0.0121912 0.0165007 0.00905129 0.012192 0.0350453 0.013547 0.012192 0.0368006 0.0157788 0.009652 0.0368784 0.0157136 0.00254 0.0367192 0.0158388 0.00254 0.0365446 0.0159439 0.00254 0.0366254 0.0158986 0.009652 0.0363557 0.016029 0.00254 0.0364342 0.0159966 0.009652 0.0362284 0.0160726 0.009652 0.0361544 0.0160941 0.00254 0.0359442 0.0161396 0.00254 0.0360112 0.016127 0.009652 0.035728 0.0161661 0.00254 0.0357865 0.0161604 0.009652 0.035558 0.0161738 0.009652 0.0355087 0.0161745 0.00254 0.0352894 0.0161662 0.00254 0.035329 0.0161687 0.009652 0.0350731 0.0161435 0.00254 0.0351021 0.0161468 0.009652 0.0348798 0.0161111 0.009652 0.0348605 0.0161087 0.00254 0.034652 0.0160646 0.00254 0.0346614 0.0160667 0.009652 0.0344469 0.0160155 0.00254 0.0344469 0.0160155 0.009652 0.0369585 0.015637 0.009652 0.0370217 0.0155683 0.00254 0.0370988 0.015474 0.009652 0.0372211 0.0152923 0.009652 0.0371489 0.0154044 0.00254 0.0373252 0.0150944 0.009652 0.0372595 0.0152245 0.00254 0.0373532 0.0150308 0.00254 0.0374107 0.0148839 0.009652 0.0374776 0.0146645 0.009652 0.0374298 0.0148265 0.00254 0.0375266 0.0144406 0.009652 0.0374895 0.0146156 0.00254 0.0375332 0.0144011 0.00254 0.0375592 0.0142152 0.009652 0.0375775 0.0139903 0.009652 0.0375618 0.0141853 0.00254 0.0375846 0.0137675 0.009652 0.0375774 0.0139707 0.00254 0.0375848 0.0137579 0.00254 0.0375853 0.013547 0.009652 0.0375853 0.013547 0.00254 0.0369505 0.00254 0.000635039 0.0367748 0.013547 0.000480764 0.0369501 0.013547 0.000634937 0.0371198 0.00253979 0.000830191 0.0371045 0.013547 0.000809766 0.0372374 0.013547 0.00100412 0.0372611 0.00253966 0.00104591 0.0373483 0.013547 0.00121347 0.0373754 0.0025398 0.00127698 0.0374637 0.00253999 0.00151912 0.037437 0.013547 0.00143427 0.0375033 0.013547 0.00166098 0.0375274 0.00253981 0.00176962 0.0375481 0.013547 0.00188708 0.0375598 0.00254043 0.0020248 0.0375774 0.00254053 0.00228163 0.037574 0.013547 0.00210989 0.0375845 0.013547 0.00232756 0.0375853 0.00254 0.00254 0.0375853 0.013547 0.00254 0.0367563 0.0025399 0.000466277 0.036581 0.013547 0.000347937 0.0363704 0.013547 0.000236909 0.036541 0.00253975 0.000324176 0.0363095 0.00253974 0.000209562 0.0361494 0.013547 0.000148495 0.0360666 0.00253996 0.000121579 0.0359239 0.013547 8.23789e-05 0.0356976 0.013547 3.77033e-05 0.0358169 0.00253996 5.82534e-05 0.0355616 0.00254017 1.99727e-05 0.0354752 0.013547 1.29717e-05 0.0353035 0.00254052 3.89248e-06 0.0352578 0.013547 8.38454e-07 0.0350463 0.00254 -2.2678e-08 0.0350453 0.013547 0 -0.0237536 0.000539977 0.000737579 -0.0237536 0.000737502 0.000540054 0.0350453 0.000753956 0.000526042 -0.0237536 0 0.00254 -0.0237536 2.36152e-06 0.00228447 0.0350453 0 0.00254 -0.0237536 0.00096366 0.000372871 0.0350453 0.00101989 0.000338627 0.0350453 0.00131515 0.000193225 -0.0237536 0.00121347 0.000237025 -0.0237536 0.00147912 0.000133281 0.0350453 0.00162629 9.08753e-05 -0.0237536 0.0017513 6.15456e-05 0.0350453 0.0019394 2.99908e-05 0.0350453 0.00224451 4.16842e-06 -0.0237536 0.00202154 1.96765e-05 -0.0237536 0.00228447 2.36152e-06 0.0350463 0.00254 -2.2678e-08 -0.0237536 0.00254 0 0.0350453 0.000526042 0.000753956 0.0350453 0.000338627 0.00101989 -0.0237536 0.000372749 0.000964355 0.0350453 0.000193225 0.00131515 -0.0237536 0.000236909 0.00121497 -0.0237536 0.000133478 0.00148085 0.0350453 9.08753e-05 0.00162629 0.0350453 2.99908e-05 0.0019394 -0.0237536 6.2314e-05 0.00175249 0.0350453 4.16842e-06 0.00224451 -0.0237536 2.09875e-05 0.0020217 -0.0256587 0.0121009 0.000635247 -0.0254606 0.0121009 0.000463125 -0.0254634 0.00253979 0.000465579 -0.0262936 0.00254 0.002539 -0.0262936 0.0121009 0.00254 -0.0262897 0.00254052 0.00228187 -0.0256586 0.00254 0.000634888 -0.0250166 0.0025398 0.000209958 -0.0252477 0.00253966 0.000324239 -0.0252384 0.0121009 0.000318155 -0.0249978 0.0121009 0.000201082 -0.0247745 0.00253999 0.000121651 -0.024524 0.00253981 5.79193e-05 -0.0247466 0.0121009 0.000112427 -0.0244914 0.0121009 5.15256e-05 -0.024012 0.00254053 7.89794e-06 -0.0242688 0.00254043 2.55395e-05 -0.0242389 0.0121009 1.61985e-05 -0.023993 0.0121009 1.73743e-06 -0.0237536 0.00254 0 -0.0237536 0.0121009 0 -0.0258306 0.0121009 0.000833908 -0.0259755 0.0121009 0.00105593 -0.0258273 0.0025399 0.000829036 -0.0259694 0.00253975 0.0010443 -0.0260926 0.0121009 0.00129623 -0.026084 0.00253974 0.00127584 -0.026181 0.0121009 0.00154832 -0.026172 0.00253996 0.00151873 -0.0262354 0.00253996 0.00176841 -0.0262736 0.00254017 0.00202372 -0.0262413 0.0121009 0.0018034 -0.0262758 0.0121009 0.00205495 -0.0262919 0.0121009 0.00230065 -0.0255139 0.0141874 0.009652 -0.0257012 0.0140137 0.00254 -0.0257013 0.0140132 0.009652 -0.0258634 0.0138128 0.009652 -0.0258633 0.0138137 0.00254 -0.0259994 0.0135902 0.00254 -0.0259994 0.0135899 0.009652 -0.0261086 0.01335 0.00254 -0.0261086 0.0133493 0.009652 -0.0261905 0.0130981 0.009652 -0.0261907 0.0130993 0.00254 -0.0262467 0.0128445 0.00254 -0.0262459 0.0128435 0.009652 -0.0262789 0.0125915 0.00254 -0.0262775 0.0125913 0.009652 -0.026292 0.0123436 0.009652 -0.026292 0.0123436 0.00254 -0.0262936 0.0121009 0.00254 -0.0262936 0.0121009 0.009652 -0.0255134 0.0141875 0.00254 -0.0253022 0.0143339 0.009652 -0.0253013 0.0143339 0.00254 -0.0250688 0.0144527 0.00254 -0.0250691 0.0144527 0.009652 -0.0248212 0.0145434 0.009652 -0.0248206 0.0145434 0.00254 -0.0245651 0.0146064 0.009652 -0.0245639 0.0146061 0.00254 -0.0243059 0.0146422 0.00254 -0.0243068 0.014643 0.009652 -0.024052 0.014656 0.009652 -0.024052 0.0146546 0.00254 -0.0238039 0.0146503 0.009652 -0.0238039 0.0146503 0.00254 -0.0235617 0.0146336 0.009652 -0.0235617 0.0146336 0.00253894 0.01633 0.0111609 0.0113401 -0.0235858 0.0143164 0.0111361 -0.0235967 0.014172 0.0113581 0.0163185 0.0113194 0.0110898 -0.0235769 0.0144331 0.0108958 0.0163098 0.011442 0.0108196 0.016345 0.010967 0.0115635 0.0163031 0.0115301 0.0105362 -0.0235702 0.0145214 0.0106437 0.0162978 0.0115854 0.0102445 -0.0235657 0.0145814 0.0103886 -0.0235631 0.0146159 0.0101371 0.016294 0.0116106 0.0099487 0.0162924 0.0116144 0.009652 -0.0235619 0.0146319 0.00989135 -0.0235617 0.0146336 0.009652 -0.0236097 0.0140005 0.0115568 0.0163638 0.0107401 0.011754 -0.0236247 0.013803 0.0117289 -0.0236414 0.0135814 0.0118738 0.0163844 0.0104867 0.0119073 -0.0236596 0.0133415 0.0119909 0.0164062 0.0102156 0.0120261 0.0164289 0.00993191 0.0121103 -0.0236786 0.013091 0.0120796 -0.0236979 0.0128366 0.0121405 0.0164523 0.00964083 0.012162 -0.023717 0.0125847 0.0121758 0.0164763 0.00934664 0.0121875 0.0165007 0.00905129 0.012192 -0.0237355 0.0123395 0.0121903 -0.0237536 0.0121009 0.012192 0.0367524 0.013547 0.0117289 0.0369503 0.00254 0.0115571 0.0369504 0.013547 0.0115568 0.0365302 0.013547 0.0118738 0.0367552 0.00253979 0.0117264 0.0365394 0.00253966 0.0118678 0.0362895 0.013547 0.0119909 0.0360383 0.013547 0.0120796 0.0363084 0.0025398 0.011982 0.0357832 0.013547 0.0121405 0.0360662 0.00253999 0.0120703 0.0358157 0.00253981 0.0121341 0.0355306 0.013547 0.0121758 0.0353037 0.00254053 0.0121841 0.0355605 0.00254043 0.0121665 0.0352847 0.013547 0.0121903 0.0350453 0.00254 0.012192 0.0350453 0.013547 0.012192 0.0371191 0.0025399 0.011363 0.0371224 0.013547 0.0113581 0.0372612 0.00253975 0.0111477 0.0373758 0.00253974 0.0109162 0.0372672 0.013547 0.0111361 0.0374638 0.00253996 0.0106733 0.0373843 0.013547 0.0108958 0.0374728 0.013547 0.0106437 0.0375271 0.00253996 0.0104236 0.0375654 0.00254017 0.0101683 0.037533 0.013547 0.0103886 0.0375815 0.00254052 0.00991013 0.0375676 0.013547 0.0101371 0.0375836 0.013547 0.00989135 0.0375854 0.00254 0.009653 0.0375853 0.013547 0.009652 0.0370453 0.000737502 0.00254 0.0368314 0.000526042 0.009652 0.0368478 0.000539977 0.00254 0.0372125 0.00096366 0.00254 0.0370593 0.000753956 0.009652 0.0372467 0.00101989 0.009652 0.0373483 0.00121347 0.00254 0.0374521 0.00147912 0.00254 0.0373921 0.00131515 0.009652 0.0375238 0.0017513 0.00254 0.0374945 0.00162629 0.009652 0.0375554 0.0019394 0.009652 0.0375657 0.00202154 0.00254 0.037583 0.00228447 0.00254 0.0375812 0.00224451 0.009652 0.0375853 0.00254 0.00254 0.0375854 0.00254 0.009653 0.036621 0.000372749 0.00254 0.0365655 0.000338627 0.009652 0.0363704 0.000236909 0.00254 0.0362702 0.000193225 0.009652 0.0361045 0.000133478 0.00254 0.0358329 6.2314e-05 0.00254 0.0359591 9.08753e-05 0.009652 0.0356459 2.99908e-05 0.009652 0.0355636 2.09875e-05 0.00254 0.0353408 4.16842e-06 0.009652 0.0353009 2.36152e-06 0.00254 0.0350453 0 0.009652 0.0350453 0 0.00254 -0.0255397 0.000526042 0.00254 -0.0253293 0.000372749 0.009652 -0.025556 0.000539977 0.009652 -0.0252737 0.000338627 0.00254 -0.0250786 0.000236909 0.009652 -0.0248128 0.000133478 0.009652 -0.0249785 0.000193225 0.00254 -0.0246673 9.08753e-05 0.00254 -0.0245411 6.2314e-05 0.009652 -0.0243542 2.99908e-05 0.00254 -0.0242719 2.09875e-05 0.009652 -0.0240091 2.36152e-06 0.009652 -0.0240491 4.16842e-06 0.00254 -0.0237536 0 0.00254 -0.0237536 0 0.009652 -0.0257536 0.000737502 0.009652 -0.0259207 0.00096366 0.009652 -0.0257676 0.000753956 0.00254 -0.0260566 0.00121347 0.009652 -0.025955 0.00101989 0.00254 -0.0261004 0.00131515 0.00254 -0.0261603 0.00147912 0.009652 -0.0262321 0.0017513 0.009652 -0.0262027 0.00162629 0.00254 -0.0262739 0.00202154 0.009652 -0.0262636 0.0019394 0.00254 -0.0262894 0.00224451 0.00254 -0.0262912 0.00228447 0.009652 -0.0262936 0.00254 0.002539 -0.0262936 0.00254 0.009652 -0.025955 0.0121009 0.0111721 -0.025828 0.00253979 0.0113618 -0.0257676 0.0121009 0.011438 -0.0261004 0.0121009 0.0108768 -0.0259694 0.00253966 0.0111461 -0.026172 0.00253999 0.0106729 -0.0260837 0.0025398 0.010915 -0.0262027 0.0121009 0.0105657 -0.0262357 0.00253981 0.0104224 -0.0262636 0.0121009 0.0102526 -0.0262681 0.00254043 0.0101672 -0.0262857 0.00254053 0.00991037 -0.0262894 0.0121009 0.00994749 -0.0262936 0.0121009 0.009652 -0.0262936 0.00254 0.009652 -0.0255397 0.0121009 0.011666 -0.0256587 0.00254 0.011557 -0.0254646 0.0025399 0.0117257 -0.0252737 0.0121009 0.0118534 -0.0252493 0.00253975 0.0118678 -0.0249785 0.0121009 0.0119988 -0.0250178 0.00253974 0.0119824 -0.0247749 0.00253996 0.0120704 -0.0245252 0.00253996 0.0121337 -0.0246673 0.0121009 0.0121011 -0.0242699 0.00254017 0.012172 -0.0243542 0.0121009 0.012162 -0.0240491 0.0121009 0.0121878 -0.0240117 0.00254052 0.0121881 -0.0237536 0.0121009 0.012192 -0.0237546 0.00254 0.012192 0.0350453 0.000737502 0.0116519 -0.0237536 0.000753956 0.011666 -0.0237536 0.000526042 0.011438 0.0350453 0.00096366 0.0118191 -0.0237536 0.00101989 0.0118534 -0.0237536 0.00131515 0.0119988 0.0350453 0.00121347 0.011955 0.0350453 0.00147912 0.0120587 -0.0237536 0.00162629 0.0121011 0.0350453 0.0017513 0.0121305 -0.0237536 0.0019394 0.012162 -0.0237536 0.00224451 0.0121878 0.0350453 0.00202154 0.0121723 0.0350453 0.00228447 0.0121896 -0.0237546 0.00254 0.012192 0.0350453 0.00254 0.012192 0.0350453 0.000539977 0.0114544 0.0350453 0.000372749 0.0112276 -0.0237536 0.000338627 0.0111721 0.0350453 0.000236909 0.010977 -0.0237536 0.000193225 0.0108768 0.0350453 0.000133478 0.0107112 0.0350453 6.2314e-05 0.0104395 -0.0237536 9.08753e-05 0.0105657 -0.0237536 2.99908e-05 0.0102526 0.0350453 2.09875e-05 0.0101703 -0.0237536 4.16842e-06 0.00994749 0.0350453 2.36152e-06 0.00990753 -0.0237536 0 0.009652 0.0350453 0 0.009652 0.0352626 0.0148918 0.000228377 0.0354945 0.0148766 0.000234566 0.0352215 0.0146332 0.000129545 0.0355267 0.0153604 0.000537059 0.0352869 0.0151391 0.000360315 0.0352904 0.0153688 0.000525797 0.0361948 0.0147832 0.000366639 0.0362296 0.0150246 0.000506743 0.0364574 0.0149612 0.000590901 0.0356802 0.0145953 0.000153331 0.0357283 0.0148554 0.000259316 0.0359626 0.0148254 0.000303237 0.0366353 0.0146511 0.000553174 0.0363643 0.0144821 0.000332656 0.0364207 0.0147258 0.000449844 0.0354501 0.0146153 0.000132249 0.035911 0.0145693 0.000193636 0.0349842 0.0137972 3.52337e-06 0.0353259 0.0140762 2.08278e-05 0.0352563 0.0138059 3.73201e-06 0.0362916 0.0142304 0.000242511 0.0365776 0.0144145 0.000431596 0.036503 0.014169 0.000334728 0.0361403 0.0145329 0.000253386 0.0352578 0.013547 8.38454e-07 0.0350453 0.013547 0 0.036673 0.0148799 0.000694943 0.035995 0.0150719 0.000442227 0.0370647 0.0148732 0.00111203 0.0372134 0.014932 0.00142434 0.0372148 0.0147367 0.00126481 0.0357578 0.0151051 0.000396756 0.0370076 0.0144498 0.000816248 0.0368325 0.0145586 0.00067613 0.0370462 0.0146652 0.000958576 0.0368708 0.0147808 0.000818175 0.0355213 0.0151269 0.000369671 0.0371958 0.014535 0.00111336 0.0373366 0.0145882 0.00143012 0.0373175 0.0143925 0.00127967 0.0374314 0.0144301 0.00160536 0.0374127 0.0142403 0.00145456 0.0371569 0.0143267 0.000969765 0.0375009 0.0142648 0.00178795 0.0374835 0.0140806 0.00163513 0.0350325 0.0149023 0.000239259 0.0349943 0.0146502 0.000142567 0.0375474 0.0140942 0.00197572 0.0375734 0.0139201 0.00216676 0.0375325 0.0139146 0.00181901 0.0375848 0.0137579 0.00254 0.0375853 0.013547 0.00254 0.0375835 0.0137432 0.0023599 0.0350548 0.0151427 0.000367513 0.0351673 0.0143679 6.15737e-05 0.0349238 0.0140482 1.96924e-05 0.0348637 0.0142965 5.80715e-05 0.0348047 0.0145397 0.000120973 0.035057 0.0153652 0.000529111 0.034823 0.0151376 0.000388189 0.0348247 0.0153499 0.000544846 0.034693 0.0149999 0.000323969 0.0347476 0.0147752 0.000209328 0.0346423 0.0152097 0.000465973 0.0345965 0.0153987 0.00063572 0.0348047 0.0155374 0.000732895 0.0345222 0.0157004 0.00104599 0.0347647 0.0156949 0.000949028 0.034557 0.0155631 0.000830514 0.0347097 0.0158194 0.0011863 0.0344925 0.0158107 0.00127741 0.0349957 0.0157303 0.000946065 0.0350368 0.0155631 0.000723435 0.0344766 0.015898 0.00151961 0.0346445 0.0159111 0.00143848 0.0345729 0.0159707 0.00170121 0.0344671 0.0159601 0.00176982 0.0344502 0.0160138 0.00228198 0.0344469 0.0160155 0.00254 0.0346463 0.0160595 0.00226344 0.0347194 0.0160551 0.00198658 0.0344577 0.0159967 0.00202484 0.0352712 0.0155744 0.000723108 0.0349385 0.0158629 0.00118958 0.0348704 0.0159599 0.00144693 0.0347961 0.0160224 0.0017134 0.0367741 0.0143289 0.000550638 0.0351039 0.0140983 2.12209e-05 0.0352304 0.0157497 0.000947534 0.0351721 0.0158905 0.00119225 0.0351016 0.0159949 0.0014506 0.0350241 0.0160638 0.00171767 0.0349456 0.0161005 0.00199005 0.0348728 0.0161075 0.00226512 0.034652 0.0160646 0.00254 0.0354776 0.0137898 1.40393e-05 0.0353922 0.0143473 6.1772e-05 0.0357504 0.0155528 0.000758741 0.0355092 0.015571 0.000734201 0.0357657 0.0153395 0.000564194 0.0354695 0.0157529 0.000956553 0.0354111 0.0159014 0.00119824 0.0353389 0.0160143 0.0014536 0.0352587 0.0160911 0.00171807 0.035178 0.0161333 0.00198851 0.0351042 0.0161444 0.00226414 0.0348605 0.0161087 0.00254 0.0350731 0.0161435 0.00254 0.0354752 0.013547 1.29717e-05 0.0356996 0.0137701 3.93259e-05 0.0355484 0.0140596 3.4324e-05 0.0356183 0.0143287 7.89499e-05 0.0362426 0.0152542 0.000670893 0.0360055 0.0153046 0.000608414 0.0357126 0.0157397 0.000976246 0.0356548 0.0158953 0.00121194 0.0355815 0.0160165 0.00146146 0.035499 0.0161014 0.00172149 0.0354153 0.0161502 0.0019901 0.0353392 0.0161665 0.0022669 0.0352894 0.0161662 0.00254 0.0356976 0.013547 3.77033e-05 0.0359181 0.0137408 8.17123e-05 0.0357713 0.0140404 6.44459e-05 0.0358449 0.0143069 0.000114387 0.0359928 0.0155189 0.000798757 0.0361456 0.0158281 0.00127883 0.0362 0.0156609 0.00105961 0.0359573 0.0157094 0.00100968 0.0359008 0.0158713 0.00123758 0.0358271 0.0160001 0.00147956 0.0357423 0.016093 0.00173397 0.0356551 0.016149 0.00200026 0.035575 0.0161711 0.00227714 0.0355087 0.0161745 0.00254 0.0359239 0.013547 8.23789e-05 0.0361308 0.0137004 0.000142418 0.0359929 0.0140118 0.000112815 0.0360705 0.0142756 0.000168861 0.0362327 0.0154679 0.000856139 0.0363118 0.0159076 0.0015632 0.0363841 0.0157644 0.0013385 0.0360721 0.0159641 0.00151233 0.0359849 0.0160645 0.00175998 0.0358934 0.0161278 0.00202279 0.0358073 0.0161565 0.00229987 0.035728 0.0161661 0.00254 0.0361494 0.013547 0.000148495 0.0368705 0.0139958 0.000574782 0.0366975 0.0140904 0.000446215 0.0369488 0.0142267 0.000687174 0.03621 0.0139702 0.000180189 0.0364724 0.0151864 0.000752586 0.0364652 0.0153982 0.000932337 0.0364356 0.0155925 0.00112812 0.0364492 0.0159454 0.00186687 0.0365393 0.0158286 0.00163443 0.0362224 0.0160154 0.0018033 0.0361248 0.0160852 0.00206082 0.0360315 0.0161215 0.00233675 0.0359442 0.0161396 0.00254 0.0363704 0.013547 0.000236909 0.036332 0.0136467 0.000219564 0.0364173 0.0139127 0.00026542 0.0366896 0.0151 0.000853877 0.0366847 0.0153088 0.00102806 0.0366581 0.0155031 0.00121635 0.0366095 0.0156784 0.00141832 0.0365477 0.0159377 0.0021966 0.0363454 0.0160227 0.00211862 0.036244 0.0160673 0.00239058 0.0361544 0.0160941 0.00254 0.036581 0.013547 0.000347937 0.0367791 0.0137539 0.000485087 0.0367748 0.013547 0.000480764 0.0366083 0.0138402 0.000367715 0.0368884 0.0149951 0.000974258 0.0368853 0.0151999 0.0011431 0.036861 0.0153927 0.00132434 0.0368148 0.0155694 0.0015185 0.0367462 0.0157246 0.00172684 0.0369948 0.0154405 0.00163777 0.0366556 0.0158502 0.00195175 0.0363557 0.016029 0.00254 0.0369288 0.0136543 0.000614235 0.0369501 0.013547 0.000634937 0.0370978 0.0141111 0.000835995 0.0372783 0.0141917 0.00113317 0.0370626 0.0150733 0.00127594 0.0370397 0.0152636 0.00145076 0.0369267 0.0155985 0.00183916 0.037146 0.0152966 0.00177418 0.0370776 0.0154579 0.00196881 0.0368354 0.0157315 0.00205668 0.0367265 0.0158318 0.00229333 0.0365446 0.0159439 0.00254 0.0371429 0.0137685 0.000863575 0.0372194 0.0139844 0.000992807 0.0370192 0.0138879 0.000715262 0.0374474 0.0138931 0.00147847 0.0371908 0.0151196 0.0015935 0.0373126 0.0149644 0.00175039 0.0372667 0.0151427 0.00192557 0.0369866 0.0155981 0.00217917 0.0368806 0.0157111 0.00240748 0.0367192 0.0158388 0.00254 0.0371045 0.013547 0.000809766 0.0372456 0.0136378 0.00101834 0.0372374 0.013547 0.00100412 0.0373742 0.0140466 0.00130362 0.0373355 0.014779 0.00158601 0.0374062 0.0148021 0.00191912 0.0374299 0.0146173 0.00175869 0.0371096 0.015457 0.00231683 0.037198 0.0153092 0.00211337 0.0370217 0.0155683 0.00254 0.0368784 0.0157136 0.00254 0.037317 0.013847 0.0011556 0.0373483 0.013547 0.00121347 0.0373947 0.0136995 0.00132275 0.037437 0.013547 0.00143427 0.0374978 0.0144497 0.00194019 0.0373597 0.0149833 0.00208935 0.0372923 0.0151558 0.00227072 0.0372595 0.0152245 0.00254 0.0371489 0.0154044 0.00254 0.0375012 0.0137321 0.00165579 0.0374735 0.0146364 0.0020974 0.0374284 0.0148222 0.00226291 0.0373532 0.0150308 0.00254 0.0375033 0.013547 0.00166098 0.037519 0.0144694 0.00228322 0.0375426 0.0142785 0.00212869 0.0374784 0.0146604 0.00244411 0.0375332 0.0144011 0.00254 0.0374298 0.0148265 0.00254 0.0375481 0.013547 0.00188708 0.0375629 0.0137424 0.0020041 0.037568 0.0141061 0.00232253 0.0375618 0.0141853 0.00254 0.0374895 0.0146156 0.00254 0.037574 0.013547 0.00210989 0.0375845 0.013547 0.00232756 0.0375774 0.0139707 0.00254 -0.0255 0.0130569 0.000686659 -0.0257213 0.0131466 0.000985106 -0.0255311 0.0132728 0.000844221 -0.0262483 0.0128302 0.00240966 -0.0262293 0.0128397 0.00204042 -0.0262698 0.0126446 0.00224494 -0.0258882 0.0130035 0.00114565 -0.0256952 0.0129371 0.000826543 -0.0261403 0.012673 0.00151422 -0.0260302 0.0128454 0.00132444 -0.0260008 0.0126492 0.00116323 -0.0258643 0.0128005 0.000985924 -0.0254524 0.0128315 0.00054561 -0.02538 0.0125961 0.000432598 -0.0256474 0.012719 0.000683183 -0.0255428 0.0136728 0.00120311 -0.0257298 0.0135391 0.00133876 -0.0257183 0.0137191 0.00153042 -0.0261551 0.0130302 0.00184475 -0.0260403 0.0132144 0.00166125 -0.0260405 0.0130326 0.00149043 -0.0250756 0.0124328 0.000244563 -0.0251609 0.0126844 0.000323459 -0.0248443 0.0124986 0.000157862 -0.0252336 0.0129257 0.000432248 -0.0237336 0.0123586 7.96351e-06 -0.0240258 0.0123496 5.79157e-06 -0.0238623 0.012657 2.41571e-05 -0.0258876 0.0135642 0.00167754 -0.0258947 0.013386 0.00149201 -0.0260275 0.0133913 0.00183927 -0.0251221 0.0143817 0.00196743 -0.0250278 0.0144609 0.0022169 -0.0248831 0.0144627 0.00189567 -0.0237143 0.0126147 2.56309e-05 -0.0237536 0.0121009 0 -0.0258563 0.0137312 0.0018723 -0.0256857 0.013885 0.00173166 -0.0253303 0.0137876 0.00108631 -0.0255237 0.0138541 0.00140023 -0.0254861 0.0140188 0.00160834 -0.0259902 0.0135602 0.00202829 -0.0254295 0.0141655 0.00182724 -0.025205 0.0142702 0.00173056 -0.0252669 0.0141314 0.00150419 -0.0249663 0.0143558 0.00165183 -0.0247913 0.0145376 0.00215045 -0.0246358 0.0145226 0.00183988 -0.0261569 0.0128526 0.00167884 -0.0262322 0.0126628 0.00187507 -0.0244578 0.0146231 0.0023678 -0.0242062 0.0146483 0.00232934 -0.024294 0.0146227 0.00206067 -0.0261338 0.0132076 0.00201605 -0.024052 0.0146546 0.00254 -0.0239531 0.0146527 0.00229933 -0.0257303 0.0133477 0.0011566 -0.024043 0.0146332 0.0020289 -0.0235617 0.0146336 0.00253894 -0.0237014 0.0146402 0.00226938 -0.0238039 0.0146503 0.00254 -0.0262049 0.0130199 0.00220776 -0.0258123 0.0125893 0.000841222 -0.026214 0.0124874 0.00170788 -0.026273 0.0124653 0.00207711 -0.0261043 0.0124835 0.00135053 -0.025944 0.0124438 0.00101356 -0.0261774 0.0123039 0.0015401 -0.0262577 0.012292 0.00190385 -0.026181 0.0121009 0.00154832 -0.0262413 0.0121009 0.0018034 -0.0262898 0.0122622 0.0022836 -0.0262936 0.0121009 0.00254 -0.026292 0.0123436 0.00254 -0.0262758 0.0121009 0.00205495 -0.0262919 0.0121009 0.00230065 -0.0262789 0.0125915 0.00254 -0.0260926 0.0121009 0.00129623 -0.0261907 0.0130993 0.00254 -0.0262467 0.0128445 0.00254 -0.0260462 0.0122838 0.00119416 -0.0259755 0.0121009 0.00105593 -0.02609 0.0133796 0.00219945 -0.0261613 0.0131966 0.00238504 -0.0261086 0.01335 0.00254 -0.0258306 0.0121009 0.000833908 -0.0258659 0.0122266 0.000882217 -0.0249276 0.0127551 0.000232706 -0.0260244 0.01354 0.00239454 -0.0259994 0.0135902 0.00254 -0.0259235 0.0137144 0.00222843 -0.0256587 0.0121009 0.000635247 -0.0257334 0.0123662 0.000718645 -0.0254788 0.0122478 0.000477867 -0.0254606 0.0121009 0.000463125 -0.0255718 0.0124897 0.000566217 -0.0258942 0.0131988 0.00131473 -0.0257045 0.0140069 0.00229704 -0.0257931 0.0138813 0.00207737 -0.0258633 0.0138137 0.00254 -0.0257012 0.0140137 0.00254 -0.0252384 0.0121009 0.000318155 -0.0255451 0.0134783 0.00101725 -0.0255412 0.0141544 0.00216812 -0.0256277 0.0140342 0.00194315 -0.0255134 0.0141875 0.00254 -0.0252899 0.0123489 0.000351785 -0.0249978 0.0121009 0.000201082 -0.025319 0.01338 0.000722818 -0.0252859 0.0131581 0.000566442 -0.0253337 0.0135906 0.000896864 -0.0247194 0.0144219 0.00158913 -0.0252463 0.0143626 0.00230266 -0.0253463 0.0142816 0.00205787 -0.0254391 0.0142435 0.00240803 -0.0253013 0.0143339 0.00254 -0.0250907 0.0134696 0.000620791 -0.0250553 0.0132418 0.00046698 -0.0251015 0.0138833 0.000988049 -0.0251061 0.0136843 0.000795385 -0.0253083 0.0139688 0.00128927 -0.0250688 0.0144527 0.00254 -0.0247609 0.0122323 0.000117663 -0.0247466 0.0121009 0.000112427 -0.0244914 0.0121009 5.15256e-05 -0.0245209 0.0122816 5.89959e-05 -0.0242389 0.0121009 1.61985e-05 -0.0250005 0.0130029 0.000337405 -0.0248148 0.0133094 0.000386322 -0.0244683 0.0144686 0.00153968 -0.0242843 0.0143842 0.00124913 -0.0245366 0.0143481 0.00129302 -0.0250767 0.0140637 0.00119636 -0.0250314 0.0142225 0.00141814 -0.0248617 0.0139608 0.000907201 -0.0248346 0.0141398 0.00112034 -0.0248206 0.0145434 0.00254 -0.024703 0.0145752 0.00241744 -0.0242742 0.0123194 2.24155e-05 -0.0246858 0.0128105 0.000162412 -0.023993 0.0121009 1.73743e-06 -0.0247589 0.0130646 0.000261485 -0.0246031 0.012549 9.33725e-05 -0.0248515 0.0135424 0.000537399 -0.0245686 0.0133633 0.000323852 -0.0248673 0.0137606 0.000711948 -0.0247865 0.0142945 0.0013485 -0.0243848 0.0145614 0.00179653 -0.0241333 0.01458 0.00176108 -0.0242159 0.0144966 0.00149995 -0.0245446 0.0145915 0.00209971 -0.0245639 0.0146061 0.00254 -0.0244396 0.0128538 0.000112642 -0.0243574 0.0125879 5.09242e-05 -0.0245122 0.0131135 0.000204521 -0.0246059 0.0136002 0.000471667 -0.0243194 0.0134054 0.000279205 -0.0246218 0.0138209 0.000645483 -0.0246153 0.0140213 0.000842472 -0.0245864 0.0141981 0.00105948 -0.0243059 0.0146422 0.00254 -0.0241914 0.0128901 8.26555e-05 -0.02411 0.0126202 2.8531e-05 -0.0242632 0.0131532 0.000166409 -0.0238155 0.0134646 0.000253016 -0.0241055 0.0136772 0.000393573 -0.0238522 0.0136983 0.000384415 -0.0243567 0.0136447 0.000423291 -0.0243726 0.0138663 0.000595299 -0.0243654 0.0140656 0.000792567 -0.0243353 0.0142392 0.00101184 -0.0239631 0.014508 0.00146613 -0.0238824 0.0145825 0.00172816 -0.0236956 0.0128692 5.79822e-05 -0.0239429 0.0129249 7.05203e-05 -0.0236765 0.0131189 0.000121737 -0.024013 0.0131866 0.00014613 -0.0240683 0.0134385 0.000253738 -0.0241214 0.0138972 0.000561697 -0.0241138 0.0140932 0.000756831 -0.0240829 0.0142618 0.000975862 -0.0240314 0.0144013 0.00121369 -0.0238292 0.0142642 0.000950332 -0.0237937 0.014626 0.0019965 -0.0238683 0.0139132 0.000545564 -0.0238605 0.0141032 0.000735371 -0.0237785 0.0143949 0.00118457 -0.0237117 0.0144942 0.0014325 -0.023571 0.0145124 0.00151874 -0.0235662 0.0145755 0.00176839 -0.0235631 0.0146136 0.0020237 -0.0235615 0.0146295 0.00228188 -0.0236583 0.0133603 0.000210093 -0.023641 0.0135908 0.000324385 -0.0236246 0.0138059 0.000465668 -0.0236097 0.0140004 0.000634935 -0.023597 0.0141687 0.000829063 -0.0235864 0.0143104 0.00104432 -0.0235778 0.0144246 0.00127586 0.0345289 0.0156773 0.0111879 0.0345602 0.0155481 0.0113822 0.0346171 0.0157066 0.0111746 0.0345966 0.0153981 0.0115571 0.0347701 0.0156361 0.0113325 0.034841 0.015278 0.0117097 0.0347086 0.0154008 0.0115803 0.0346379 0.0152278 0.0117112 0.0349165 0.015542 0.0114838 0.0350564 0.015421 0.0116256 0.0350271 0.0144396 0.0121107 0.0348917 0.0141808 0.0121543 0.0351062 0.0142352 0.0121528 0.0347852 0.01462 0.0120435 0.0348384 0.0144008 0.0121096 0.0349382 0.0146354 0.0120507 0.0345028 0.0157851 0.0109785 0.0349441 0.0139648 0.012179 0.0351791 0.014026 0.012178 0.0349953 0.0137534 0.0121912 0.0352501 0.0138142 0.0121882 0.0349638 0.0157608 0.0112072 0.0348054 0.0158249 0.0110399 0.0347332 0.0148347 0.0119551 0.0348388 0.014819 0.0119733 0.0346835 0.0150394 0.0118441 0.0349639 0.0151297 0.0118277 0.0349892 0.0159256 0.0108965 0.0351544 0.0158647 0.0110707 0.0346504 0.0159776 0.0105386 0.0344663 0.0159357 0.010531 0.0344819 0.0158713 0.0107577 0.035181 0.0147718 0.0120157 0.0344557 0.0159792 0.0103049 0.0346459 0.0160403 0.01019 0.0344496 0.0160045 0.0100821 0.0353526 0.0143674 0.0121287 0.0355124 0.0147075 0.0120281 0.0352725 0.0145736 0.0120815 0.0346419 0.0158663 0.0108702 0.0349964 0.0161304 0.00987288 0.0348798 0.0161111 0.009652 0.0348148 0.0160915 0.0100284 0.0346614 0.0160667 0.009652 0.0344469 0.0160155 0.009652 0.0346381 0.01606 0.0098321 0.0353077 0.0150992 0.0118641 0.0350775 0.0149588 0.0119307 0.0355966 0.0144981 0.0120808 0.0354255 0.0141565 0.0121582 0.0356726 0.0142841 0.0121147 0.0369094 0.0144603 0.0114617 0.0367623 0.0142034 0.0116694 0.0369672 0.0142329 0.0114718 0.0359184 0.0144031 0.0120425 0.035745 0.014069 0.0121307 0.0359924 0.0141851 0.0120618 0.0355313 0.0152289 0.0117714 0.0354164 0.0149092 0.011956 0.0358382 0.0146201 0.0120042 0.0357483 0.0148327 0.0119464 0.0360767 0.014727 0.0118963 0.0361608 0.0145077 0.0119382 0.0362357 0.014287 0.011961 0.0366999 0.0144283 0.0116595 0.0365386 0.0141469 0.0118346 0.0364731 0.0143695 0.0118268 0.0363035 0.014067 0.0119654 0.0366246 0.0146534 0.0116339 0.0363976 0.0145924 0.0118015 0.037147 0.0142349 0.0112464 0.0370097 0.0140058 0.0114704 0.0371814 0.0140056 0.0112476 0.0370377 0.0137775 0.0114597 0.0372972 0.0142124 0.0110001 0.0372531 0.0144443 0.0109933 0.0370955 0.0144648 0.0112375 0.0375266 0.0142823 0.0101994 0.0374987 0.0141129 0.0104709 0.0375502 0.0140486 0.010199 0.0373233 0.013982 0.0110036 0.0374147 0.0141697 0.0107397 0.037574 0.0139826 0.00992646 0.0375551 0.014217 0.00992726 0.0375811 0.0137489 0.00992838 0.0375836 0.013547 0.00989135 0.0375853 0.013547 0.009652 0.0351873 0.015272 0.0117534 0.0354966 0.0139437 0.0121711 0.0352847 0.013547 0.0121903 0.0350453 0.013547 0.012192 0.0355306 0.013547 0.0121758 0.0355703 0.0137324 0.0121705 0.0354034 0.015402 0.0116545 0.0352642 0.0155506 0.0115192 0.0356463 0.0150372 0.0118688 0.0358177 0.0138556 0.0121302 0.0351168 0.0156703 0.0113684 0.0354695 0.0156584 0.0113923 0.0353151 0.0157765 0.0112373 0.0358727 0.0151475 0.0117539 0.0357506 0.0153393 0.0116527 0.0359812 0.0149417 0.011835 0.0357832 0.013547 0.0121405 0.0361314 0.0137535 0.0120491 0.0360628 0.0139685 0.012063 0.0360383 0.013547 0.0120796 0.0348211 0.0159621 0.0107184 0.0355108 0.0158615 0.0110947 0.0353431 0.0159479 0.0109266 0.0356155 0.0155114 0.0115317 0.0359668 0.0154279 0.0115117 0.0358251 0.0155991 0.0113903 0.0362099 0.0150298 0.0116956 0.0360954 0.0152363 0.0116136 0.0363103 0.0148137 0.011758 0.0363664 0.0138482 0.0119532 0.0362895 0.013547 0.0119909 0.0348229 0.0160505 0.010378 0.0349979 0.0160399 0.0105653 0.0353529 0.0160688 0.0105985 0.0351714 0.0160065 0.0107491 0.0356723 0.0157448 0.0112504 0.0360311 0.0156651 0.0112331 0.035872 0.0158103 0.0110961 0.0363125 0.0153019 0.0114511 0.0361786 0.015494 0.0113518 0.0366444 0.0137025 0.0118035 0.0365954 0.0139251 0.0118257 0.0365302 0.013547 0.0118738 0.0344471 0.0160146 0.00986444 0.0349934 0.0161063 0.0102229 0.0351733 0.0160995 0.0104134 0.0351727 0.0161455 0.0100696 0.0357042 0.0159263 0.0109429 0.0357166 0.016056 0.0106188 0.0355305 0.0160118 0.010776 0.0363836 0.0155367 0.0111755 0.0362318 0.0157091 0.0110621 0.0364316 0.0150943 0.0115307 0.0365354 0.0148765 0.0115913 0.0368362 0.0146877 0.0114381 0.0367473 0.0149133 0.0113993 0.0368123 0.0139789 0.0116645 0.0368508 0.0137532 0.0116474 0.0367524 0.013547 0.0117289 0.0351021 0.0161468 0.009652 0.0353532 0.0161407 0.0102606 0.0355353 0.0161119 0.0104443 0.0357187 0.0161342 0.0102833 0.0358948 0.0159709 0.0107816 0.0360677 0.0158549 0.0109301 0.0362577 0.0158776 0.0107526 0.0365209 0.0153429 0.0112693 0.0366423 0.0151332 0.0113436 0.0369407 0.0149233 0.0111856 0.0368373 0.0151461 0.0111371 0.0369504 0.013547 0.0115568 0.0353627 0.0161682 0.00991345 0.0355387 0.0161623 0.0101026 0.0359008 0.0160791 0.010453 0.0360817 0.0159942 0.0106099 0.0362626 0.015994 0.0104267 0.0364246 0.01573 0.0108781 0.0365784 0.0155552 0.0109843 0.0367164 0.0153585 0.0110705 0.0370114 0.015133 0.0109142 0.0370267 0.014695 0.0112182 0.0371102 0.0149076 0.0109542 0.0371907 0.0146768 0.0109794 0.0371997 0.0137759 0.0112438 0.0371224 0.013547 0.0113581 0.035329 0.0161687 0.009652 0.035558 0.0161738 0.009652 0.0355554 0.0161739 0.00974953 0.0359015 0.0161334 0.01011 0.0357258 0.0161632 0.00993375 0.0362569 0.0160523 0.0100841 0.0360819 0.0160785 0.0102751 0.036439 0.0158762 0.010563 0.0366059 0.0157261 0.0106811 0.0367586 0.0155482 0.0107792 0.0370483 0.0153131 0.0106282 0.0368942 0.0153485 0.0108566 0.0374333 0.0139393 0.0107451 0.0373332 0.0137524 0.0110066 0.0372672 0.013547 0.0111361 0.0357865 0.0161604 0.009652 0.0359103 0.0161447 0.00975437 0.0360112 0.016127 0.009652 0.0360812 0.0161094 0.00992472 0.0364336 0.015967 0.01023 0.036607 0.0158481 0.0103597 0.0367705 0.0156959 0.0104704 0.0370513 0.0154578 0.0103247 0.0369186 0.0155154 0.0105599 0.037159 0.0150959 0.010677 0.0372506 0.014869 0.0107088 0.0373236 0.0146368 0.0107268 0.0373783 0.0144027 0.0107353 0.0373843 0.013547 0.0108958 0.0374372 0.013711 0.0107544 0.0362284 0.0160726 0.009652 0.0366254 0.0158986 0.009652 0.036419 0.0160016 0.00987765 0.0365881 0.0159127 0.0100169 0.0367547 0.0157929 0.0101402 0.0370198 0.0155618 0.00999693 0.0369585 0.015637 0.009652 0.0368741 0.0157149 0.0099013 0.0369112 0.0156396 0.0102434 0.0371727 0.0152557 0.0103849 0.0372747 0.015039 0.0104265 0.0373578 0.0148127 0.0104522 0.0374225 0.0145807 0.010465 0.0374693 0.0143464 0.0104692 0.0375597 0.0138176 0.010204 0.0374728 0.013547 0.0106437 0.0375124 0.0136554 0.0104909 0.0375118 0.0138826 0.0104772 0.0364342 0.0159966 0.009652 0.0367195 0.0158381 0.00978567 0.0371502 0.0153823 0.010071 0.0372622 0.0151832 0.0101253 0.0373554 0.0149697 0.0101629 0.0374302 0.014746 0.0101861 0.037487 0.0145158 0.0101971 0.037533 0.013547 0.0103886 0.0368006 0.0157788 0.009652 0.0370988 0.015474 0.009652 0.0372147 0.0153018 0.00979968 0.0373176 0.0151067 0.00985125 0.0372211 0.0152923 0.009652 0.0374031 0.0148975 0.00988777 0.0373252 0.0150944 0.009652 0.0374708 0.0146774 0.00991144 0.0374107 0.0148839 0.009652 0.0375212 0.0144496 0.00992385 0.0374776 0.0146645 0.009652 0.0375266 0.0144406 0.009652 0.0375775 0.0139903 0.009652 0.0375846 0.0137675 0.009652 0.0375676 0.013547 0.0101371 0.0375592 0.0142152 0.009652 0.0354086 9.17429e-05 0.00165051 0.035585 7.04373e-05 0.00182484 0.0353812 2.47322e-05 0.00202798 0.0363204 0.000281987 0.00181055 0.0361441 0.000278333 0.00162245 0.0363173 0.000427125 0.00145369 0.0359349 9.1826e-05 0.0021747 0.0358329 6.2314e-05 0.00254 0.0357368 4.44855e-05 0.00237583 0.0361045 0.000133478 0.00254 0.0361064 0.000134489 0.00235821 0.0363704 0.000236909 0.00254 0.0355636 2.09875e-05 0.00254 0.0355572 2.47496e-05 0.00220322 0.0351711 5.27627e-06 0.0022358 0.0353498 5.28758e-06 0.00241377 0.0362976 0.000211065 0.00217411 0.0361305 0.000169066 0.00198521 0.0353009 2.36152e-06 0.00254 0.03576 7.04634e-05 0.00199901 0.0364526 0.00027706 0.0023744 0.0364849 0.000316908 0.00200526 0.0350453 0 0.00254 0.0357791 0.00015409 0.00162781 0.0364956 0.000429089 0.0016489 0.0368161 0.000640579 0.00170979 0.0368047 0.000524794 0.00206087 0.0366599 0.00045988 0.00185038 0.036633 0.00038509 0.00221008 0.0370642 0.00107663 0.00148363 0.0371985 0.00114038 0.00171673 0.0370913 0.000908684 0.0018131 0.0372025 0.000992502 0.002049 0.0373067 0.0012238 0.00195901 0.0369607 0.000700216 0.001928 0.0369508 0.000848544 0.00158717 0.0375 0.00165076 0.00240967 0.037549 0.00190406 0.00235724 0.0375238 0.0017513 0.00254 0.0370749 0.000786078 0.00215798 0.037583 0.00228447 0.00254 0.0375816 0.00241825 0.00227025 0.0375853 0.00254 0.00254 0.0375607 0.00232267 0.00200063 0.0375598 0.00254043 0.0020248 0.0375774 0.00254053 0.00228163 0.0366509 0.000606847 0.0015008 0.0364724 0.000594229 0.00130026 0.0364157 0.000791033 0.000973006 0.0366091 0.000791021 0.00116587 0.0355977 0.000168954 0.00145442 0.0357719 0.00028184 0.00126396 0.0359566 0.000154134 0.00180455 0.0362818 0.000594186 0.00111021 0.0359606 0.000278264 0.00143968 0.0356533 0.000700485 0.000623679 0.0358716 0.000640682 0.000767698 0.0357314 0.000459889 0.000924339 0.0359331 0.000428949 0.00108818 0.03621 0.000810131 0.000794475 0.0363195 0.00103475 0.000676307 0.0358637 0.00114064 0.000385102 0.0357678 0.000908965 0.000492662 0.0356216 0.00122359 0.000277832 0.0355318 0.000992465 0.00038231 0.0353694 0.00131618 0.000201643 0.0355366 0.00206583 3.55741e-05 0.035801 0.00197487 9.27436e-05 0.0357523 0.00171967 0.00013247 0.0356939 0.0014678 0.000193959 0.0354368 0.00155942 0.000122683 0.0352685 0.00215852 1.06213e-05 0.035044 0.00226475 7.91452e-06 0.0353128 0.00241431 3.55813e-06 0.0354909 0.0018112 6.75007e-05 0.0352244 0.00190168 3.65902e-05 0.0350378 3.42363e-06 0.0022649 0.0350405 2.34983e-05 0.00199033 0.0350441 6.87597e-05 0.00171874 0.0352079 4.44118e-05 0.00184892 0.0352246 0.000134333 0.00147937 0.036621 0.000372749 0.00254 0.0354083 0.000210946 0.00128768 0.0350456 0.00014192 0.00145331 0.0350458 0.000244298 0.00119772 0.0368478 0.000539977 0.00254 0.0367607 0.000469701 0.00242925 0.0361289 0.000427052 0.00126591 0.035208 0.000276932 0.00113292 0.035372 0.000385144 0.000952073 0.0355768 0.000316844 0.00109986 0.0350456 0.000377186 0.000956699 0.0370453 0.000737502 0.00254 0.0369243 0.000612415 0.00228523 0.0371597 0.000885436 0.00240038 0.0372125 0.00096366 0.00254 0.0360808 0.000606786 0.000932238 0.0355209 0.000524995 0.000779939 0.0352964 0.000612504 0.00066083 0.0351528 0.000469654 0.000824678 0.0350453 0.000541295 0.000736055 0.0372821 0.0010892 0.0022962 0.0373483 0.00121347 0.00254 0.0362526 0.00157101 0.000350111 0.0364862 0.00152512 0.000499798 0.0364112 0.00127513 0.000578682 0.0354232 0.000786167 0.000510135 0.0351808 0.000885059 0.000425872 0.0350456 0.000735861 0.000541493 0.0374521 0.00147912 0.00254 0.0373838 0.00131714 0.00221132 0.0367882 0.000810058 0.00137117 0.0360969 0.00107694 0.000518693 0.0359938 0.000848764 0.000632503 0.0350465 0.000957043 0.000377499 0.0352846 0.00108858 0.00030341 0.0367662 0.00175648 0.000614001 0.0368117 0.00201504 0.000570233 0.0369663 0.00175628 0.000813169 0.0369059 0.00103455 0.00126115 0.0367265 0.00101421 0.00105102 0.03653 0.00101428 0.000855079 0.0359427 0.00138485 0.000296259 0.0350464 0.0011982 0.000244788 0.0375108 0.0022321 0.00173511 0.0375491 0.00206723 0.00204472 0.0374908 0.00197542 0.00177951 0.0373903 0.00146807 0.0018865 0.037287 0.00138463 0.00163751 0.0371578 0.00131933 0.00139753 0.0370031 0.00127483 0.00116895 0.0368246 0.00125243 0.000954375 0.0366261 0.00125254 0.000756508 0.0361825 0.00131969 0.000424705 0.0351716 0.00164841 8.58921e-05 0.0350457 0.00145364 0.000142488 0.0374626 0.00156056 0.00214396 0.0375657 0.00202154 0.00254 0.0374514 0.00171993 0.00182812 0.0373548 0.00163683 0.00157308 0.0375174 0.00181219 0.00209006 0.0372321 0.00157061 0.00132708 0.0370817 0.00152472 0.00109342 0.0369044 0.00150133 0.000875428 0.0367046 0.00150149 0.000676289 0.0360069 0.00163698 0.000228021 0.0350446 0.00199061 2.65911e-05 0.0350456 0.00171911 6.85803e-05 0.0375748 0.00216108 0.0023138 0.0374027 0.00189316 0.00152025 0.0372875 0.00182687 0.00126979 0.0371419 0.00178032 0.00103276 0.0365463 0.00178081 0.000439441 0.0363095 0.00182734 0.000294613 0.0360596 0.00189327 0.000179888 0.0358457 0.00223109 7.3044e-05 0.0361048 0.0021517 0.000151303 0.0374317 0.00215159 0.0014749 0.0373232 0.0020859 0.001223 0.0371823 0.00203918 0.000985497 0.0370097 0.00201481 0.00076712 0.036593 0.00203975 0.000398978 0.0363559 0.00208649 0.000259081 0.0355814 0.00232019 2.40635e-05 0.0350463 0.00254 -2.2678e-08 0.0375274 0.00253981 0.00176962 0.0374354 0.00241071 0.00143297 0.0373322 0.00234671 0.00118554 0.0371982 0.00230071 0.000951478 0.0370338 0.00227622 0.000736525 0.0368419 0.0022765 0.000545634 0.0366267 0.0023014 0.000382615 0.0363931 0.00234738 0.000250016 0.0361468 0.00241076 0.000148014 0.0355616 0.00254017 1.99727e-05 0.0358169 0.00253996 5.82534e-05 0.0353035 0.00254052 3.89248e-06 0.0374637 0.00253999 0.00151912 0.0373754 0.0025398 0.00127698 0.0372611 0.00253966 0.00104591 0.0371198 0.00253979 0.000830191 0.0369505 0.00254 0.000635039 0.0367563 0.0025399 0.000466277 0.036541 0.00253975 0.000324176 0.0363095 0.00253974 0.000209562 0.0360666 0.00253996 0.000121579 -0.0246431 9.17429e-05 0.00217675 -0.0244688 7.04373e-05 0.00200029 -0.0242656 2.47322e-05 0.00220412 -0.0244831 0.000281987 0.0012649 -0.0246712 0.000278333 0.00144121 -0.0248399 0.000427125 0.00126807 -0.0241189 9.1826e-05 0.00165047 -0.0237536 6.2314e-05 0.00175249 -0.0239178 4.44855e-05 0.00184852 -0.0237536 0.000133478 0.00148085 -0.0239354 0.000134489 0.00147894 -0.0237536 0.000236909 0.00121497 -0.0237536 2.09875e-05 0.0020217 -0.0240904 2.47496e-05 0.00202816 -0.0240578 5.27627e-06 0.00241423 -0.0238798 5.28758e-06 0.00223559 -0.0241195 0.000211065 0.0012877 -0.0243084 0.000169066 0.0014548 -0.0237536 2.36152e-06 0.00228447 -0.0242946 7.04634e-05 0.00182538 -0.0239192 0.00027706 0.00113271 -0.0242883 0.000316908 0.00110041 -0.0237536 0 0.00254 -0.0246658 0.00015409 0.00180628 -0.0246447 0.000429089 0.00108974 -0.0245838 0.000640579 0.000769275 -0.0242327 0.000524794 0.000780633 -0.0244432 0.00045988 0.000925435 -0.0240835 0.00038509 0.000952365 -0.02481 0.00107663 0.000521181 -0.0245769 0.00114038 0.000386854 -0.0244805 0.000908684 0.000494005 -0.0242446 0.000992502 0.000382866 -0.0243346 0.0012238 0.000278663 -0.0243656 0.000700216 0.00062465 -0.0247064 0.000848544 0.000634545 -0.0238839 0.00165076 8.53526e-05 -0.0239364 0.00190406 3.63109e-05 -0.0237536 0.0017513 6.15456e-05 -0.0241356 0.000786078 0.000510471 -0.0237536 0.00228447 2.36152e-06 -0.0240234 0.00241825 3.70824e-06 -0.0237536 0.00254 0 -0.024293 0.00232267 2.4655e-05 -0.0242688 0.00254043 2.55395e-05 -0.024012 0.00254053 7.89794e-06 -0.0247928 0.000606847 0.000934404 -0.0249934 0.000594229 0.00111295 -0.0253206 0.000791033 0.00116967 -0.0251277 0.000791021 0.000976291 -0.0248392 0.000168954 0.00198769 -0.0250296 0.00028184 0.00181349 -0.0244891 0.000154134 0.00162879 -0.0251834 0.000594186 0.00130355 -0.0248539 0.000278264 0.00162472 -0.0256699 0.000700485 0.00193205 -0.0255259 0.000640682 0.00171377 -0.0253693 0.000459889 0.00185398 -0.0252054 0.000428949 0.00165226 -0.0254991 0.000810131 0.00137536 -0.0256173 0.00103475 0.00126584 -0.0259085 0.00114064 0.00172159 -0.0258009 0.000908965 0.00181758 -0.0260158 0.00122359 0.00196378 -0.0259113 0.000992465 0.00205353 -0.026092 0.00131618 0.00221592 -0.026258 0.00206583 0.00204873 -0.0262009 0.00197487 0.0017843 -0.0261611 0.00171967 0.00183306 -0.0260997 0.0014678 0.00189143 -0.0261709 0.00155942 0.00214853 -0.026283 0.00215852 0.00231685 -0.0262857 0.00226475 0.00254134 -0.0262901 0.00241431 0.0022725 -0.0262261 0.0018112 0.00209444 -0.026257 0.00190168 0.00236092 -0.0240287 3.42363e-06 0.00254757 -0.0243033 2.34983e-05 0.00254486 -0.0245749 6.87597e-05 0.00254124 -0.0244447 4.44118e-05 0.00237745 -0.0248142 0.000134333 0.00236071 -0.0237536 0.000372749 0.000964355 -0.0250059 0.000210946 0.002177 -0.0248403 0.00014192 0.00253979 -0.0250959 0.000244298 0.00253957 -0.0237536 0.000539977 0.000737579 -0.0238644 0.000469701 0.000824635 -0.0250277 0.000427052 0.00145649 -0.0251607 0.000276932 0.00237738 -0.0253415 0.000385144 0.00221335 -0.0251938 0.000316844 0.00200851 -0.0253369 0.000377186 0.00253979 -0.0237536 0.000737502 0.000540054 -0.0240084 0.000612415 0.000661037 -0.0238932 0.000885436 0.000425658 -0.0237536 0.00096366 0.000372871 -0.0253614 0.000606786 0.00150454 -0.0255137 0.000524995 0.00206449 -0.0256328 0.000612504 0.0022889 -0.0254689 0.000469654 0.00243254 -0.0255576 0.000541295 0.00254002 -0.0239974 0.0010892 0.000303247 -0.0237536 0.00121347 0.000237025 -0.0259435 0.00157101 0.00133279 -0.0257938 0.00152512 0.00109915 -0.0257149 0.00127513 0.00117415 -0.0257835 0.000786167 0.00216212 -0.0258677 0.000885059 0.00240459 -0.0257521 0.000735861 0.00253973 -0.0237536 0.00147912 0.000133281 -0.0240823 0.00131714 0.00020157 -0.0249224 0.000810058 0.000797161 -0.0257749 0.00107694 0.00148849 -0.0256611 0.000848764 0.00159157 -0.0259161 0.000957043 0.00253886 -0.0259902 0.00108858 0.00230074 -0.0256796 0.00175648 0.000819095 -0.0257234 0.00201504 0.000773624 -0.0254804 0.00175628 0.000619035 -0.0250325 0.00103455 0.000679457 -0.0252426 0.00101421 0.000858869 -0.0254385 0.00101428 0.00105534 -0.0259974 0.00138485 0.00164268 -0.0260488 0.0011982 0.00253898 -0.0245585 0.0022321 7.45309e-05 -0.0242489 0.00206723 3.62129e-05 -0.0245141 0.00197542 9.45263e-05 -0.0244071 0.00146807 0.000195079 -0.0246561 0.00138463 0.00029838 -0.0248961 0.00131933 0.000427585 -0.0251247 0.00127483 0.000582248 -0.0253392 0.00125243 0.000760766 -0.0255371 0.00125254 0.00095921 -0.0258689 0.00131969 0.00140283 -0.0262077 0.00164841 0.00241373 -0.0261511 0.00145364 0.00253969 -0.0241496 0.00156056 0.000122788 -0.0237536 0.00202154 1.96765e-05 -0.0244655 0.00171993 0.000133963 -0.0247205 0.00163683 0.000230524 -0.0242036 0.00181219 6.79037e-05 -0.0249665 0.00157061 0.000353284 -0.0252002 0.00152472 0.000503651 -0.0254182 0.00150133 0.000680961 -0.0256173 0.00150149 0.000880787 -0.0260656 0.00163698 0.00157848 -0.026267 0.00199061 0.00254073 -0.026225 0.00171911 0.00253978 -0.0239798 0.00216108 1.05799e-05 -0.0247734 0.00189316 0.000182636 -0.0250238 0.00182687 0.00029787 -0.0252609 0.00178032 0.000443395 -0.0258542 0.00178081 0.00103905 -0.025999 0.00182734 0.00127589 -0.0261137 0.00189327 0.00152576 -0.0262206 0.00223109 0.00173962 -0.0261423 0.0021517 0.00148053 -0.0248187 0.00215159 0.000153667 -0.0250706 0.0020859 0.000262112 -0.0253081 0.00203918 0.00040302 -0.0255265 0.00201481 0.000575682 -0.0258946 0.00203975 0.000992324 -0.0260345 0.00208649 0.00122948 -0.0262695 0.00232019 0.00200397 -0.0262936 0.00254 0.002539 -0.024524 0.00253981 5.79193e-05 -0.0248606 0.00241071 0.000149957 -0.0251081 0.00234671 0.000253149 -0.0253421 0.00230071 0.000387159 -0.0255571 0.00227622 0.000551585 -0.025748 0.0022765 0.000743446 -0.025911 0.0023014 0.000958664 -0.0260436 0.00234738 0.00119222 -0.0261456 0.00241076 0.00143858 -0.0262736 0.00254017 0.00202372 -0.0262354 0.00253996 0.00176841 -0.0262897 0.00254052 0.00228187 -0.0247745 0.00253999 0.000121651 -0.0250166 0.0025398 0.000209958 -0.0252477 0.00253966 0.000324239 -0.0254634 0.00253979 0.000465579 -0.0256586 0.00254 0.000634888 -0.0258273 0.0025399 0.000829036 -0.0259694 0.00253975 0.0010443 -0.026084 0.00253974 0.00127584 -0.026172 0.00253996 0.00151873 -0.0254895 0.0135925 0.0111106 -0.025592 0.0133537 0.0111934 -0.0254109 0.0133545 0.0113846 -0.0253705 0.0138187 0.0110113 -0.0253091 0.0135926 0.0112987 -0.0248721 0.0140061 0.0112451 -0.0250023 0.0137988 0.0113681 -0.0248056 0.0137607 0.0115262 -0.0255371 0.0138005 0.0108161 -0.0256544 0.0135725 0.0109096 -0.0258007 0.0135327 0.0106976 -0.0256881 0.0137635 0.0106113 -0.0256961 0.0139224 0.0103011 -0.0258197 0.0137074 0.0103979 -0.0259259 0.0134743 0.0104763 -0.0248609 0.0129849 0.0119036 -0.0246906 0.0126599 0.0120468 -0.0246318 0.0129079 0.0120094 -0.0259287 0.013633 0.0101754 -0.0258111 0.0138478 0.0100861 -0.0247888 0.0132319 0.0118432 -0.0250057 0.0132923 0.0117106 -0.0260273 0.0134001 0.0102463 -0.0244524 0.0125726 0.0121212 -0.024396 0.012818 0.0120921 -0.0259006 0.013753 0.00985778 -0.0260112 0.0135465 0.00994202 -0.0242099 0.0124786 0.0121677 -0.0257726 0.0139319 0.00975433 -0.0257013 0.0140132 0.009652 -0.0258634 0.0138128 0.009652 -0.0239651 0.0123826 0.0121869 -0.0239829 0.0121043 0.0121849 -0.0237536 0.0121009 0.012192 -0.0261506 0.0132294 0.0097584 -0.0261086 0.0133493 0.009652 -0.0261905 0.0130981 0.009652 -0.0259994 0.0135899 0.009652 -0.0262589 0.0127415 0.00984707 -0.0262601 0.0125715 0.0101298 -0.0262264 0.0128238 0.0100979 -0.026215 0.0129898 0.00980822 -0.0262459 0.0128435 0.009652 -0.0261028 0.0133147 0.010007 -0.0262775 0.0125913 0.009652 -0.0262836 0.0124881 0.00987669 -0.0255139 0.0141874 0.009652 -0.0255275 0.0141741 0.00985344 -0.0253022 0.0143339 0.009652 -0.026292 0.0123436 0.009652 -0.0262936 0.0121009 0.009652 -0.0262905 0.012234 0.00990675 -0.0256769 0.0140274 0.00997879 -0.0250528 0.0144595 0.00974731 -0.0250691 0.0144527 0.009652 -0.0255544 0.0141066 0.0101874 -0.0254097 0.0141607 0.0103847 -0.0253974 0.0142563 0.010057 -0.0252287 0.0143718 0.00990979 -0.0252467 0.0143149 0.0102459 -0.0250746 0.0144315 0.0100948 -0.0248965 0.0145151 0.00992957 -0.0248212 0.0145434 0.009652 -0.0247318 0.0145515 0.0101041 -0.0247471 0.0144785 0.0104438 -0.0245638 0.0145674 0.0102662 -0.024052 0.014656 0.009652 -0.0243068 0.014643 0.009652 -0.0241834 0.0146499 0.00987293 -0.0242066 0.0146217 0.010228 -0.0243753 0.0146229 0.0100747 -0.0243959 0.0145662 0.010422 -0.0235619 0.0146319 0.00989135 -0.0238109 0.0146495 0.0098194 -0.0236458 0.0146339 0.0099862 -0.0235617 0.0146336 0.009652 -0.0261742 0.0130727 0.0100581 -0.0262723 0.0123196 0.0101631 -0.02628 0.0120977 0.0101108 -0.0262929 0.012097 0.00988159 -0.0261685 0.0129055 0.0103456 -0.0261343 0.012726 0.010628 -0.0260839 0.0129794 0.0105881 -0.0261072 0.0131557 0.0103019 -0.0262106 0.0126525 0.0103814 -0.0262307 0.0124003 0.0104157 -0.026251 0.0120998 0.0103381 -0.0255582 0.0139744 0.0105076 -0.026014 0.0132301 0.0105387 -0.0261632 0.0124723 0.0106622 -0.0262037 0.0121008 0.0105628 -0.0261642 0.0122221 0.0106984 -0.0247149 0.0145728 0.00974898 -0.0245651 0.0146064 0.009652 -0.0252521 0.0141916 0.0105748 -0.0254032 0.0140092 0.0107051 -0.0258959 0.0132899 0.0107675 -0.0260313 0.0127873 0.0108669 -0.0259733 0.0130402 0.0108231 -0.0260691 0.0125335 0.010902 -0.0259024 0.0128325 0.0110969 -0.0260748 0.0122815 0.010934 -0.0261365 0.0121014 0.0107824 -0.0245467 0.0146066 0.00991754 -0.0249129 0.0144643 0.0102739 -0.0250873 0.0143441 0.0104297 -0.0249218 0.0143575 0.0106078 -0.0252349 0.0140265 0.0108944 -0.0252142 0.0133337 0.0115574 -0.025083 0.0130456 0.011776 -0.0257546 0.0133318 0.0109866 -0.0258377 0.0130839 0.0110487 -0.0259475 0.0125795 0.011133 -0.0257476 0.0128577 0.0113144 -0.0260489 0.0121017 0.010994 -0.0259593 0.012326 0.0111593 -0.0247483 0.0143592 0.0107794 -0.0245769 0.0144789 0.0106069 -0.0250849 0.0142068 0.0107589 -0.0250568 0.0140255 0.0110748 -0.0251913 0.0138181 0.0111958 -0.0256783 0.0131075 0.0112609 -0.0257981 0.012607 0.0113516 -0.025817 0.012353 0.0113704 -0.0259404 0.0121014 0.0111967 -0.0238039 0.0146503 0.009652 -0.0235631 0.0146159 0.0101371 -0.0238483 0.0146303 0.0101878 -0.0242301 0.0145502 0.0105793 -0.0240444 0.0146038 0.0103857 -0.0244025 0.0144661 0.0107674 -0.024566 0.0143473 0.0109441 -0.0249086 0.0142072 0.0109358 -0.0247244 0.0141916 0.0111037 -0.0249137 0.0135324 0.0116279 -0.0251163 0.0135725 0.0114718 -0.025497 0.0131091 0.011455 -0.0255677 0.0128604 0.0115112 -0.0253651 0.0128389 0.0116802 -0.025649 0.0123581 0.0115613 -0.0258099 0.0121011 0.0113857 -0.0256586 0.0121009 0.0115571 -0.0256215 0.0126115 0.0115496 -0.024011 0.014648 0.0100267 -0.0236888 0.0145976 0.0103525 -0.0235657 0.0145814 0.0103886 -0.024383 0.0143152 0.0111013 -0.0242275 0.0144327 0.010924 -0.0246816 0.0139699 0.0114045 -0.0245374 0.014158 0.0112623 -0.0252967 0.0130878 0.0116267 -0.0254203 0.0125896 0.0117198 -0.0251476 0.0127961 0.0118242 -0.0254577 0.0123381 0.0117265 -0.025486 0.0121011 0.0117091 -0.0238824 0.014568 0.0105457 -0.0240632 0.0145148 0.0107369 -0.0242052 0.0142566 0.0112492 -0.0240537 0.0143722 0.011074 -0.0243944 0.0136268 0.0117892 -0.0242837 0.0138433 0.011677 -0.0244857 0.0139174 0.0115507 -0.0241553 0.0127224 0.0121466 -0.0252031 0.012546 0.0118622 -0.0249224 0.0127354 0.0119469 -0.0252494 0.012297 0.0118647 -0.0252969 0.0121011 0.0118386 -0.0237132 0.014514 0.0107032 -0.0235702 0.0145214 0.0106437 -0.0238913 0.0144559 0.0108903 -0.0243509 0.014104 0.0114099 -0.024603 0.0137034 0.0116678 -0.0247035 0.0134729 0.0117649 -0.024747 0.0124136 0.0120685 -0.0250303 0.0122402 0.011976 -0.0249781 0.0124865 0.0119784 -0.025095 0.012101 0.0119465 -0.0235769 0.0144331 0.0108958 -0.02371 0.0143802 0.0110337 -0.0238726 0.0142909 0.0112115 -0.0235858 0.0143164 0.0111361 -0.0241593 0.0140265 0.0115393 -0.0240222 0.0141747 0.0113817 -0.0241783 0.0135329 0.0118864 -0.0239506 0.0134304 0.0119557 -0.0240739 0.013745 0.0117766 -0.0244873 0.0133955 0.0118815 -0.0245653 0.0131543 0.0119549 -0.0248822 0.0121003 0.0120333 -0.0235967 0.014172 0.0113581 -0.0238231 0.014076 0.0114933 -0.0237382 0.0138172 0.0117243 -0.0236097 0.0140005 0.0115568 -0.0239556 0.0139261 0.0116438 -0.024265 0.013303 0.0119759 -0.0243358 0.0130629 0.0120443 -0.0245098 0.0123291 0.0121327 -0.0246627 0.0121036 0.0120987 -0.0236247 0.013803 0.0117289 -0.0236414 0.0135814 0.0118738 -0.023852 0.0136365 0.0118492 -0.0240329 0.013204 0.0120417 -0.0240991 0.0129658 0.0121053 -0.0244388 0.0121068 0.0121443 -0.0242673 0.0122359 0.0121718 -0.0236596 0.0133415 0.0119909 -0.0237891 0.0131069 0.0120768 -0.023855 0.0128715 0.0121348 -0.0239119 0.0126284 0.0121709 -0.0242113 0.0121063 0.012169 -0.0236786 0.013091 0.0120796 -0.0236979 0.0128366 0.0121405 -0.023717 0.0125847 0.0121758 -0.0237355 0.0123395 0.0121903 0.0355363 0.000992502 0.0118091 0.0358686 0.00114038 0.0118051 0.0356263 0.0012238 0.0119133 0.0354106 9.1826e-05 0.0105415 0.0350453 6.2314e-05 0.0104395 0.0352095 4.44855e-05 0.0103435 0.0358755 0.000640579 0.0114227 0.0359982 0.000848544 0.0115575 0.0356573 0.000700216 0.0115674 0.0354274 0.000786078 0.0116815 0.0357722 0.000908684 0.011698 0.0361017 0.00107663 0.0116708 0.0353151 0.00241825 0.0121883 0.0355847 0.00232267 0.0121673 0.0355605 0.00254043 0.0121665 0.0353753 0.00038509 0.0112396 0.0355801 0.000316908 0.0110916 0.035735 0.00045988 0.0112666 0.0355245 0.000524794 0.0114114 0.0351757 0.00165076 0.0121066 0.0352281 0.00190406 0.0121557 0.0350453 0.0017513 0.0121305 0.0350453 0.00254 0.012192 0.0350453 0.00228447 0.0121896 0.0359364 0.000429089 0.0111023 0.0360845 0.000606847 0.0112576 0.0353037 0.00254053 0.0121841 0.0357748 0.000281987 0.0109271 0.0354112 0.000211065 0.0109043 0.0356001 0.000169066 0.0107372 0.0361317 0.000427125 0.0109239 0.0359629 0.000278333 0.0107508 0.0352271 0.000134489 0.0107131 0.0364751 0.000594186 0.0108884 0.0362851 0.000594229 0.011079 0.0361457 0.000278264 0.0105673 0.0357808 0.000154134 0.0105632 0.0359575 0.00015409 0.0103857 0.0367909 0.000810131 0.0108166 0.036909 0.00103475 0.0109262 0.0366123 0.000791033 0.0110223 0.0368176 0.000640682 0.0104782 0.036661 0.000459889 0.010338 0.0369617 0.000700485 0.0102599 0.0363214 0.00028184 0.0103785 0.0364972 0.000428949 0.0105397 0.0373837 0.00131618 0.00997608 0.0373075 0.00122359 0.0102282 0.037203 0.000992465 0.0101385 0.0374627 0.00155942 0.0100435 0.0373914 0.0014678 0.0103006 0.0375498 0.00206583 0.0101433 0.0374926 0.00197487 0.0104077 0.0374529 0.00171967 0.0103589 0.0372002 0.00114064 0.0104704 0.0370927 0.000908965 0.0103744 0.0375488 0.00190168 0.00983108 0.0375747 0.00215852 0.00987515 0.0375178 0.0018112 0.0100976 0.0361309 0.000168954 0.0102043 0.0375774 0.00226475 0.00965066 0.0375818 0.00241431 0.0099195 0.0355863 7.04634e-05 0.0103666 0.0357605 7.04373e-05 0.0101917 0.0364195 0.000791021 0.0112157 0.0352109 0.00027706 0.0110593 0.0353821 2.47496e-05 0.0101638 0.0355574 2.47322e-05 0.00998788 0.0359348 9.17429e-05 0.0100153 0.0350453 0.000133478 0.0107112 0.0350453 0.000236909 0.010977 0.0350453 2.09875e-05 0.0101703 0.0350453 2.36152e-06 0.00990753 0.0351716 5.28758e-06 0.00995641 0.0353495 5.27627e-06 0.00977777 0.0350453 0 0.009652 0.0353204 3.42363e-06 0.00964443 0.035595 2.34983e-05 0.00964713 0.0358666 6.87597e-05 0.00965076 0.0357364 4.44118e-05 0.00981455 0.036106 0.000134333 0.00983129 0.0350453 0.000372749 0.0112276 0.0362977 0.000210946 0.010015 0.036132 0.00014192 0.00965221 0.0363876 0.000244298 0.00965243 0.0350453 0.000539977 0.0114544 0.0351561 0.000469701 0.0113674 0.0363194 0.000427052 0.0107355 0.0364524 0.000276932 0.00981462 0.0366333 0.000385144 0.00997865 0.0364855 0.000316844 0.0101835 0.0366286 0.000377186 0.00965221 0.0350453 0.000737502 0.0116519 0.0353001 0.000612415 0.011531 0.035185 0.000885436 0.0117663 0.0350453 0.00096366 0.0118191 0.0366531 0.000606786 0.0106875 0.0368054 0.000524995 0.0101275 0.0369245 0.000612504 0.0099031 0.0367607 0.000469654 0.00975946 0.0368493 0.000541295 0.00965198 0.0352891 0.0010892 0.0118888 0.0350453 0.00121347 0.011955 0.0372352 0.00157101 0.0108592 0.0370855 0.00152512 0.0110929 0.0370067 0.00127513 0.0110179 0.0370752 0.000786167 0.0100299 0.0371595 0.000885059 0.00978741 0.0370439 0.000735861 0.00965227 0.0350453 0.00147912 0.0120587 0.035374 0.00131714 0.0119904 0.0362142 0.000810058 0.0113948 0.0370666 0.00107694 0.0107035 0.0369528 0.000848764 0.0106004 0.0372078 0.000957043 0.00965314 0.0372819 0.00108858 0.00989126 0.0369713 0.00175648 0.0113729 0.0370151 0.00201504 0.0114184 0.0367722 0.00175628 0.011573 0.0363242 0.00103455 0.0115125 0.0365343 0.00101421 0.0113331 0.0367303 0.00101428 0.0111367 0.0372891 0.00138485 0.0105493 0.0373406 0.0011982 0.00965302 0.0358502 0.0022321 0.0121175 0.0355406 0.00206723 0.0121558 0.0358058 0.00197542 0.0120975 0.0356988 0.00146807 0.0119969 0.0359478 0.00138463 0.0118936 0.0361878 0.00131933 0.0117644 0.0364164 0.00127483 0.0116098 0.036631 0.00125243 0.0114312 0.0368288 0.00125254 0.0112328 0.0371606 0.00131969 0.0107892 0.0374995 0.00164841 0.00977827 0.0374429 0.00145364 0.00965231 0.0354414 0.00156056 0.0120692 0.0350453 0.00202154 0.0121723 0.0357572 0.00171993 0.012058 0.0360123 0.00163683 0.0119615 0.0354953 0.00181219 0.0121241 0.0362583 0.00157061 0.0118387 0.0364919 0.00152472 0.0116883 0.0367099 0.00150133 0.011511 0.0369091 0.00150149 0.0113112 0.0373573 0.00163698 0.0106135 0.0375588 0.00199061 0.00965127 0.0375168 0.00171911 0.00965222 0.0352715 0.00216108 0.0121814 0.0360651 0.00189316 0.0120094 0.0363155 0.00182687 0.0118941 0.0365526 0.00178032 0.0117486 0.0371459 0.00178081 0.0111529 0.0372907 0.00182734 0.0109161 0.0374055 0.00189327 0.0106662 0.0375123 0.00223109 0.0104524 0.037434 0.0021517 0.0107115 0.0361104 0.00215159 0.0120383 0.0363623 0.0020859 0.0119299 0.0365998 0.00203918 0.011789 0.0368182 0.00201481 0.0116163 0.0371864 0.00203975 0.0111997 0.0373263 0.00208649 0.0109625 0.0375613 0.00232019 0.010188 0.0375854 0.00254 0.009653 0.0358157 0.00253981 0.0121341 0.0361524 0.00241071 0.012042 0.0363998 0.00234671 0.0119389 0.0366339 0.00230071 0.0118048 0.0368488 0.00227622 0.0116404 0.0370397 0.0022765 0.0114486 0.0372027 0.0023014 0.0112333 0.0373353 0.00234738 0.0109998 0.0374373 0.00241076 0.0107534 0.0375654 0.00254017 0.0101683 0.0375271 0.00253996 0.0104236 0.0375815 0.00254052 0.00991013 0.0360662 0.00253999 0.0120703 0.0363084 0.0025398 0.011982 0.0365394 0.00253966 0.0118678 0.0367552 0.00253979 0.0117264 0.0369503 0.00254 0.0115571 0.0371191 0.0025399 0.011363 0.0372612 0.00253975 0.0111477 0.0373758 0.00253974 0.0109162 0.0374638 0.00253996 0.0106733 -0.0259107 0.000992502 0.010143 -0.0259068 0.00114038 0.0104753 -0.0260149 0.0012238 0.010233 -0.0246431 9.1826e-05 0.0100173 -0.0245411 6.2314e-05 0.009652 -0.0244451 4.44855e-05 0.00981617 -0.0255243 0.000640579 0.0104822 -0.0256591 0.000848544 0.0106048 -0.025669 0.000700216 0.010264 -0.0257831 0.000786078 0.010034 -0.0257996 0.000908684 0.0103789 -0.0257724 0.00107663 0.0107084 -0.0262899 0.00241825 0.00992175 -0.026269 0.00232267 0.0101914 -0.0262681 0.00254043 0.0101672 -0.0253412 0.00038509 0.00998192 -0.0251932 0.000316908 0.0101867 -0.0253682 0.00045988 0.0103416 -0.025513 0.000524794 0.0101311 -0.0262083 0.00165076 0.00978233 -0.0262573 0.00190406 0.00983476 -0.0262321 0.0017513 0.009652 -0.0262936 0.00254 0.009652 -0.0262912 0.00228447 0.009652 -0.0252039 0.000429089 0.0105431 -0.0253592 0.000606847 0.0106912 -0.0262857 0.00254053 0.00991037 -0.0250287 0.000281987 0.0103815 -0.0250059 0.000211065 0.0100179 -0.0248388 0.000169066 0.0102068 -0.0250255 0.000427125 0.0107383 -0.0248524 0.000278333 0.0105696 -0.0248147 0.000134489 0.00983379 -0.0249901 0.000594186 0.0110818 -0.0251807 0.000594229 0.0108917 -0.0246689 0.000278264 0.0107523 -0.0246648 0.000154134 0.0103875 -0.0244873 0.00015409 0.0105642 -0.0249183 0.000810131 0.0113975 -0.0250278 0.00103475 0.0115157 -0.0251239 0.000791033 0.011219 -0.0245798 0.000640682 0.0114243 -0.0244396 0.000459889 0.0112677 -0.0243616 0.000700485 0.0115683 -0.0244801 0.00028184 0.010928 -0.0246413 0.000428949 0.0111038 -0.0240777 0.00131618 0.0119904 -0.0243298 0.00122359 0.0119142 -0.0242401 0.000992465 0.0118097 -0.0241451 0.00155942 0.0120693 -0.0244022 0.0014678 0.011998 -0.0242449 0.00206583 0.0121564 -0.0245093 0.00197487 0.0120993 -0.0244606 0.00171967 0.0120595 -0.024572 0.00114064 0.0118069 -0.024476 0.000908965 0.0116993 -0.0239327 0.00190168 0.0121554 -0.0239768 0.00215852 0.0121814 -0.0241992 0.0018112 0.0121245 -0.0243059 0.000168954 0.0107376 -0.0237523 0.00226475 0.0121841 -0.0240211 0.00241431 0.0121884 -0.0244682 7.04634e-05 0.010193 -0.0242933 7.04373e-05 0.0103672 -0.0253173 0.000791021 0.0110261 -0.0251609 0.00027706 0.0098176 -0.0242655 2.47496e-05 0.00998878 -0.0240895 2.47322e-05 0.010164 -0.0241169 9.17429e-05 0.0105415 -0.0248128 0.000133478 0.009652 -0.0250786 0.000236909 0.009652 -0.0242719 2.09875e-05 0.009652 -0.0240091 2.36152e-06 0.009652 -0.024058 5.28758e-06 0.00977823 -0.0238794 5.27627e-06 0.0099562 -0.0237536 0 0.009652 -0.023746 3.42363e-06 0.0099271 -0.0237487 2.34983e-05 0.0102017 -0.0237524 6.87597e-05 0.0104733 -0.0239162 4.44118e-05 0.0103431 -0.0239329 0.000134333 0.0107126 -0.0253293 0.000372749 0.009652 -0.0241166 0.000210946 0.0109043 -0.0237538 0.00014192 0.0107387 -0.023754 0.000244298 0.0109943 -0.025556 0.000539977 0.009652 -0.025469 0.000469701 0.00976275 -0.0248371 0.000427052 0.0109261 -0.0239162 0.000276932 0.0110591 -0.0240803 0.000385144 0.0112399 -0.0242851 0.000316844 0.0110921 -0.0237538 0.000377186 0.0112353 -0.0257536 0.000737502 0.009652 -0.0256326 0.000612415 0.00990677 -0.025868 0.000885436 0.00979162 -0.0259207 0.00096366 0.009652 -0.0247891 0.000606786 0.0112598 -0.0242291 0.000524995 0.0114121 -0.0240047 0.000612504 0.0115312 -0.0238611 0.000469654 0.0113673 -0.0237536 0.000541295 0.0114559 -0.0259904 0.0010892 0.0098958 -0.0260566 0.00121347 0.009652 -0.0249608 0.00157101 0.0118419 -0.0251945 0.00152512 0.0116922 -0.0251195 0.00127513 0.0116133 -0.0241315 0.000786167 0.0116819 -0.023889 0.000885059 0.0117661 -0.0237539 0.000735861 0.0116505 -0.0261603 0.00147912 0.009652 -0.026092 0.00131714 0.00998068 -0.0254965 0.000810058 0.0108208 -0.0248051 0.00107694 0.0116733 -0.024702 0.000848764 0.0115595 -0.0237547 0.000957043 0.0118145 -0.0239929 0.00108858 0.0118886 -0.0254745 0.00175648 0.011578 -0.02552 0.00201504 0.0116218 -0.0256746 0.00175628 0.0113788 -0.0256142 0.00103455 0.0109308 -0.0254347 0.00101421 0.011141 -0.0252383 0.00101428 0.0113369 -0.0246509 0.00138485 0.0118957 -0.0237546 0.0011982 0.0119472 -0.0262191 0.0022321 0.0104569 -0.0262574 0.00206723 0.0101473 -0.0261991 0.00197542 0.0104125 -0.0260985 0.00146807 0.0103055 -0.0259952 0.00138463 0.0105545 -0.025866 0.00131933 0.0107945 -0.0257114 0.00127483 0.0110231 -0.0255328 0.00125243 0.0112376 -0.0253344 0.00125254 0.0114355 -0.0248908 0.00131969 0.0117673 -0.0238799 0.00164841 0.0121061 -0.0237539 0.00145364 0.0120495 -0.0261708 0.00156056 0.010048 -0.0262739 0.00202154 0.009652 -0.0261596 0.00171993 0.0103639 -0.0260631 0.00163683 0.0106189 -0.0262257 0.00181219 0.0101019 -0.0259403 0.00157061 0.0108649 -0.02579 0.00152472 0.0110986 -0.0256127 0.00150133 0.0113166 -0.0254128 0.00150149 0.0115157 -0.0247151 0.00163698 0.011964 -0.0237529 0.00199061 0.0121654 -0.0237538 0.00171911 0.0121234 -0.026283 0.00216108 0.0098782 -0.026111 0.00189316 0.0106717 -0.0259957 0.00182687 0.0109222 -0.0258502 0.00178032 0.0111592 -0.0252546 0.00178081 0.0117526 -0.0250177 0.00182734 0.0118974 -0.0247679 0.00189327 0.0120121 -0.024554 0.00223109 0.012119 -0.0248131 0.0021517 0.0120407 -0.0261399 0.00215159 0.0107171 -0.0260315 0.0020859 0.010969 -0.0258906 0.00203918 0.0112065 -0.0257179 0.00201481 0.0114249 -0.0253013 0.00203975 0.011793 -0.0250641 0.00208649 0.0119329 -0.0242896 0.00232019 0.0121679 -0.0237546 0.00254 0.012192 -0.0262357 0.00253981 0.0104224 -0.0261437 0.00241071 0.010759 -0.0260405 0.00234671 0.0110065 -0.0259065 0.00230071 0.0112405 -0.025742 0.00227622 0.0114555 -0.0255502 0.0022765 0.0116464 -0.0253349 0.0023014 0.0118094 -0.0251014 0.00234738 0.011942 -0.024855 0.00241076 0.012044 -0.0242699 0.00254017 0.012172 -0.0245252 0.00253996 0.0121337 -0.0240117 0.00254052 0.0121881 -0.026172 0.00253999 0.0106729 -0.0260837 0.0025398 0.010915 -0.0259694 0.00253966 0.0111461 -0.025828 0.00253979 0.0113618 -0.0256587 0.00254 0.011557 -0.0254646 0.0025399 0.0117257 -0.0252493 0.00253975 0.0118678 -0.0250178 0.00253974 0.0119824 -0.0247749 0.00253996 0.0120704</float_array>
          <technique_common>
            <accessor count="2140" source="#ID5" stride="3">
              <param name="X" type="float"/>
              <param name="Y" type="float"/>
              <param name="Z" type="float"/>
            </accessor>
          </technique_common>
        </source>
        <source id="ID6">
          <float_array count="6420" id="ID7">-1 0 0 -1 0 0 -1 0 0 -1 0 0 0 -1 0 0 -1 0 0 -1 0 0 -1 0 1 0 0 1 0 0 1 0 0 1 0 0 -0.2356 0.97185 0 -0.2356 0.97185 0 -0.2356 0.97185 0 -0.2356 0.97185 0 0.0755411 0.997143 0 0.0755411 0.997143 0 0.0755411 0.997143 0 0.0755411 0.997143 0 0 0 1 0 0 1 0 0 1 0 0 1 0 0 1 -0 -0 -1 -0 -0 -1 -0 -0 -1 -0 -0 -1 -0 -0 -1 -0.16576 0.683759 -0.710632 -0.151423 0.62462 -0.766108 -0.137618 0.567675 -0.811669 -0.119701 0.493767 -0.861316 -0.0885163 0.36513 -0.926739 -0.109137 0.45019 -0.886238 -0.0588208 0.242636 -0.968333 -0.0816281 0.336716 -0.938061 -0.0551754 0.227598 -0.972191 -0.0314425 0.1297 -0.991055 -0.00947996 0.0391048 -0.99919 -0.0301098 0.124203 -0.9918 -0.00930263 0.0383734 -0.99922 2.1247e-21 -8.74272e-21 -1 -3.96086e-25 -8.13765e-26 -1 -0.180495 0.744542 -0.642712 -0.190004 0.783768 -0.591274 -0.202926 0.83707 -0.508069 -0.208071 0.858295 -0.469081 -0.21834 0.900651 -0.375706 -0.228139 0.941074 -0.249664 -0.220602 0.909982 -0.351094 -0.228845 0.943986 -0.237739 -0.233492 0.963157 -0.133457 -0.233588 0.963551 -0.130405 -0.235409 0.971063 -0.0402375 -0.235406 0.971051 -0.0405497 -0.2356 0.97185 7.60608e-13 -0.2356 0.97185 -5.46566e-14 0.0531477 0.701549 -0.710637 0.0441162 0.582334 -0.811752 0.0454004 0.599285 -0.799247 0.0755411 0.997143 -1.59661e-14 0.0755411 0.997143 1.90189e-13 0.0755122 0.996761 -0.0276676 0.0371172 0.489947 -0.870961 0.0349509 0.461351 -0.886529 0.02613 0.344915 -0.93827 0.0290049 0.382865 -0.923349 0.0176594 0.233105 -0.972291 0.0212027 0.279876 -0.959802 0.0138101 0.182294 -0.983147 0.00964054 0.127255 -0.991823 0.00208867 0.0275704 -0.999618 0.00299038 0.0394731 -0.999216 1.25894e-32 1.66181e-31 -1 0.00716422 0.0945677 -0.995493 4.00783e-08 5.29034e-07 -1 0.0534143 0.705068 -0.707125 0.0609228 0.80418 -0.591255 0.0603738 0.796934 -0.601041 0.0657917 0.868451 -0.49139 0.0666973 0.880405 -0.46951 0.0697496 0.920695 -0.384 0.070712 0.933399 -0.351805 0.0733653 0.968422 -0.238277 0.0725037 0.957049 -0.280714 0.0742676 0.980332 -0.18285 0.0748953 0.988618 -0.13048 0.0752004 0.992646 -0.0948673 0.075479 0.996323 -0.0405432 -0.165758 0.683751 0.71064 -0.137591 0.567562 0.811753 -0.144445 0.595835 0.79001 -0.186126 0.767771 0.613094 -0.166594 0.687202 0.707107 -0.201875 0.832733 0.51556 -0.190007 0.783778 0.591261 -0.208017 0.85807 0.469516 -0.213898 0.882331 0.419213 -0.222742 0.91881 0.325844 -0.220538 0.909721 0.35181 -0.228937 0.944364 0.236144 -0.228814 0.943858 0.238279 -0.232871 0.960592 0.15177 -0.233586 0.963542 0.13048 -0.235406 0.971051 0.0405432 -0.234894 0.96894 0.0773313 -0.235543 0.971614 0.022046 -0.2356 0.97185 2.53145e-12 -0.2356 0.97185 3.26548e-14 -0.121466 0.501047 0.856854 -0.0987665 0.407412 0.907888 -0.109006 0.449649 0.886529 -0.0814951 0.336167 0.93827 -0.0767689 0.316672 0.945424 -0.0550767 0.227191 0.972291 -0.0556356 0.229497 0.971718 -0.0300671 0.124027 0.991823 -0.0357569 0.147497 0.988416 -0.0093265 0.0384718 0.999216 -0.0182193 0.0751544 0.997005 -0.00519403 0.0214254 0.999757 9.69387e-18 2.35003e-18 1 0 0 1 0.618223 0.786003 -2.06841e-15 0.66649 0.745514 9.15283e-16 0.567503 0.823371 5.68961e-16 0.462548 0.886594 -9.41855e-17 0.510523 0.859864 -3.39724e-15 0.358198 0.933646 1.45153e-15 0.400495 0.916299 -1.37378e-15 0.294062 0.955786 -6.94975e-16 0.258493 0.966013 4.20759e-16 0.165181 0.986263 1.10783e-15 0.194136 0.980975 -7.37381e-16 0.0786954 0.996899 2.80836e-17 0.101602 0.994825 -3.17112e-16 0.0166005 0.999862 -9.28115e-16 -0.000854177 1 -1.49953e-16 -0.0729304 0.997337 2.62199e-16 -0.0604332 0.998172 3.75864e-17 -0.13603 0.990705 -7.3041e-16 -0.128042 0.991769 8.57349e-16 -0.183247 0.983067 -2.0087e-16 -0.187318 0.982299 -1.53765e-15 -0.222437 0.974947 -1.57283e-15 -0.221269 0.975213 3.48881e-16 -0.2356 0.97185 -1.67404e-15 -0.2356 0.97185 -1.21629e-15 0.71538 0.698736 -1.10142e-15 0.75266 0.658409 1.29111e-15 0.796149 0.605101 3.67726e-16 0.8596 0.510968 8.22328e-16 0.822972 0.568082 -2.26019e-16 0.907622 0.419789 -6.84357e-16 0.877919 0.478809 -2.29187e-15 0.919584 0.392894 7.32897e-16 0.942884 0.333122 1.88282e-15 0.967805 0.251701 -3.23425e-15 0.950296 0.311349 8.09822e-16 0.984312 0.176437 -1.64414e-15 0.972051 0.23477 7.33031e-16 0.986445 0.164095 7.11967e-16 0.994017 0.109223 1.20862e-15 0.998567 0.0535223 -1.25116e-15 0.994865 0.101209 -4.41809e-16 0.999892 0.0147198 -1.21008e-15 0.99878 0.0493851 1.29774e-15 0.999909 0.0135218 -1.34115e-15 1 0 2.22045e-16 1 0 8.88178e-16 0.707154 -1.07103e-13 -0.707059 0.613094 9.57993e-16 -0.79001 0.707107 -3.81912e-16 -0.707107 0.799277 -6.90877e-14 -0.600963 0.79001 3.51932e-16 -0.613094 0.856854 1.53407e-16 -0.51556 0.870988 -4.29854e-14 -0.491304 0.907888 1.21618e-15 -0.419213 0.923371 -2.41619e-14 -0.383909 0.959819 -1.15996e-14 -0.28062 0.945424 5.2209e-16 -0.325844 0.971718 9.12943e-16 -0.236144 0.983158 -2.68508e-15 -0.182756 0.988416 -5.03186e-16 -0.15177 0.995498 4.15057e-16 -0.0947819 0.999619 1.20578e-15 -0.0276096 0.997005 1.42481e-15 -0.0773313 0.999757 2.38555e-16 -0.022046 1 6.15656e-16 -3.35022e-07 1 0 0 0.601066 -1.70093e-13 -0.7992 0.51556 -6.6334e-16 -0.856854 0.419213 -9.0043e-16 -0.907888 0.491407 -2.57196e-13 -0.87093 0.384009 -3.4727e-13 -0.923329 0.325844 1.09131e-16 -0.945424 0.280715 -4.09206e-13 -0.959791 0.236144 -4.56348e-16 -0.971718 0.15177 1.00975e-16 -0.988416 0.182844 -4.06402e-13 -0.983142 0.0948572 -3.19727e-13 -0.995491 0.0773313 3.4182e-17 -0.997005 0.0276576 -1.64792e-13 -0.999617 0.022046 -2.10802e-20 -0.999757 1.74704e-20 1.55168e-35 -1 -4.40152e-27 -7.81925e-42 -1 8.59433e-18 -0.758642 -0.651507 1.8443e-17 -0.651507 -0.758642 -4.94305e-18 -0.642712 -0.766108 -2.73723e-32 -1 -0 -5.91644e-19 -0.999521 -0.0309531 3.69779e-32 -1 0 2.62272e-18 -0.535071 -0.844807 -1.26024e-18 -0.508069 -0.861316 1.79219e-19 -0.375706 -0.926739 1.02686e-17 -0.419213 -0.907888 1.08009e-17 -0.307584 -0.951521 1.67979e-18 -0.249664 -0.968333 -7.70046e-19 -0.201584 -0.979471 2.06699e-18 -0.133457 -0.991055 6.12574e-19 -0.0402375 -0.99919 -2.46252e-18 -0.105441 -0.994426 -1.61108e-20 -0.0309532 -0.999521 0 0 -1 0 0 -1 -1.24779e-19 -0.766108 -0.642712 1.95565e-18 -0.861316 -0.508069 6.29151e-18 -0.844807 -0.535071 -2.82416e-19 -0.926739 -0.375706 1.26236e-18 -0.907888 -0.419213 3.81841e-19 -0.951521 -0.307584 3.92999e-18 -0.968333 -0.249664 2.63566e-18 -0.991055 -0.133457 4.48861e-18 -0.979471 -0.201584 1.19093e-18 -0.99919 -0.0402375 2.97309e-19 -0.994426 -0.105441 -0.707107 3.83967e-16 -0.707107 -0.600963 1.23115e-15 -0.799277 -0.600963 2.11637e-15 -0.799277 -1 8.88178e-15 0 -1 2.77556e-16 0 -0.999617 8.79651e-15 -0.0276577 -0.707059 4.02e-15 -0.707154 -0.38391 -4.79894e-17 -0.923371 -0.491304 8.01075e-16 -0.870988 -0.491253 -9.87695e-17 -0.871017 -0.383811 4.13137e-17 -0.923412 -0.28062 5.92999e-16 -0.959819 -0.182756 1.30991e-16 -0.983158 -0.280479 2.25541e-16 -0.95986 -0.18258 4.0435e-17 -0.983191 -0.0276096 1.10433e-16 -0.999619 -0.0947819 2.52108e-16 -0.995498 -0.0945947 1.26796e-16 -0.995516 -0.0274663 1.36486e-17 -0.999623 -3.35129e-07 2.67889e-21 -1 -3.84677e-36 -0 -1 -0.799277 -3.28103e-16 -0.600963 -0.871017 -2.09575e-16 -0.491253 -0.7992 4.67725e-15 -0.601066 -0.87093 7.20569e-15 -0.491407 -0.923412 -4.42497e-16 -0.383811 -0.923329 8.47616e-15 -0.384009 -0.95986 1.07895e-15 -0.280479 -0.959791 7.3646e-15 -0.280715 -0.983142 8.67415e-15 -0.182844 -0.995491 6.70357e-15 -0.0948573 -0.983191 -8.76247e-16 -0.18258 -0.995516 -1.34144e-15 -0.0945947 -0.999623 8.80124e-16 -0.0274663 -0.625185 0.780477 4.33705e-16 -0.731019 0.682357 1.38796e-15 -0.731019 0.682357 4.36202e-16 -0.818439 0.574594 -3.56982e-16 -0.818439 0.574594 2.91142e-15 -0.884747 0.466072 3.32496e-15 -0.884747 0.466072 1.15521e-15 -0.932539 0.36107 4.04037e-15 -0.932539 0.36107 8.99029e-16 -0.965318 0.261075 2.0611e-15 -0.965318 0.261075 5.09668e-15 -0.985832 0.167735 7.10477e-15 -0.985832 0.167735 -8.05426e-16 -0.996327 0.0856284 7.69998e-15 -0.996327 0.0856284 -6.09226e-17 -0.9997 0.0245097 -2.59731e-16 -0.9997 0.0245097 8.34444e-15 -1 0 7.10543e-15 -1 0 -2.22045e-16 -0.625185 0.780477 2.53138e-16 -0.511126 0.859506 -1.80397e-16 -0.511126 0.859506 3.01694e-17 -0.397906 0.917426 9.46087e-17 -0.397906 0.917426 -1.02581e-16 -0.289594 0.95715 1.46312e-15 -0.289594 0.95715 -4.53469e-16 -0.187408 0.982282 5.64379e-16 -0.187408 0.982282 6.33174e-17 -0.0927848 0.995686 -7.28833e-16 -0.0927849 0.995686 2.64608e-15 -0.01012 0.999949 1.65151e-15 -0.01012 0.999949 -7.7824e-16 0.0510788 0.998695 1.78836e-15 0.0510788 0.998695 -1.04072e-15 0.0755411 0.997143 3.925e-16 0.0755411 0.997143 -1.77128e-15 0.0609216 0.804165 0.591276 0.0657976 0.868528 0.491253 0.0603783 0.796993 0.600963 0.0667146 0.880633 0.469078 0.0697556 0.920773 0.383811 0.0707323 0.933666 0.351091 0.0531475 0.701546 0.710639 0.0733753 0.968554 0.237737 0.0725089 0.957118 0.280479 0.0748961 0.988628 0.130404 0.0742714 0.980382 0.18258 0.0752024 0.992671 0.0945947 0.075479 0.996323 0.0405498 0.0755411 0.997143 -4.26972e-14 0.0755126 0.996767 0.0274663 0.0755411 0.997143 1.24227e-14 0.0534156 0.705086 0.707107 0.0441244 0.582442 0.811674 0.0453974 0.599246 0.799277 0.0371098 0.48985 0.871017 0.0349926 0.461902 0.88624 0.0289935 0.382714 0.923412 0.0261726 0.345478 0.938062 0.0176911 0.233522 0.972191 0.0211877 0.279677 0.95986 0.0137923 0.182058 0.983191 0.00965418 0.127435 0.9918 0.00714579 0.0943244 0.995516 0.00298273 0.0393721 0.99922 0 0 1 0.00207483 0.0273878 0.999623 4.58388e-17 -3.47264e-18 1 0.600963 4.30572e-16 0.799277 0.707059 -4.44776e-16 0.707154 0.707107 -8.70911e-17 0.707107 0.491253 7.845e-16 0.871017 0.600963 -1.04745e-15 0.799277 0.491304 -6.26446e-16 0.870988 0.383811 -2.9391e-16 0.923412 0.280479 2.63922e-16 0.95986 0.383909 -2.87928e-16 0.923371 0.18258 -3.06459e-16 0.983191 0.28062 2.03525e-16 0.959819 0.182756 -3.65266e-16 0.983158 0.0945947 3.23261e-16 0.995516 0.0276096 -4.4518e-16 0.999619 0.0947819 4.84054e-16 0.995498 0.0274663 2.11138e-16 0.999623 3.35129e-07 -4.44087e-16 1 0 4.16334e-17 1 0.7992 -5.51646e-16 0.601066 0.799277 6.66554e-16 0.600963 0.87093 1.0157e-15 0.491407 0.923329 4.39709e-15 0.384009 0.871017 6.81331e-16 0.491253 0.959791 5.47035e-15 0.280715 0.923412 7.88623e-16 0.383811 0.95986 -1.94776e-15 0.280479 0.983142 5.92172e-15 0.182844 0.995491 5.55597e-15 0.0948573 0.983191 3.17806e-16 0.18258 0.999617 6.7856e-15 0.0276577 0.995516 -1.03741e-15 0.0945947 0.999623 -8.6734e-16 0.0274663 1 7.10543e-15 0 1 5.55112e-17 0 0.758642 -0.651507 -4.32474e-16 0.642712 -0.766108 -1.31783e-15 0.651507 -0.758642 -1.61491e-16 0.844807 -0.535071 -3.46842e-15 0.766108 -0.642712 -7.00793e-16 0.861316 -0.508069 -6.61074e-16 0.907888 -0.419213 -3.85945e-16 0.951521 -0.307584 -3.18813e-15 0.926739 -0.375706 -8.81825e-16 0.979471 -0.201584 -4.45451e-15 0.968333 -0.249664 3.03429e-15 0.991055 -0.133457 -2.43924e-15 0.994426 -0.105441 -6.10282e-16 0.999521 -0.0309531 -4.34777e-15 0.99919 -0.0402375 -1.66219e-15 1 0 -2.66454e-15 1 0 2.22045e-16 0.535071 -0.844807 -2.82638e-16 0.508069 -0.861316 3.15889e-16 0.419213 -0.907888 4.45988e-16 0.375706 -0.926739 2.73041e-16 0.307584 -0.951521 5.46231e-17 0.201584 -0.979471 -7.6368e-16 0.249664 -0.968333 -8.96828e-16 0.133457 -0.991055 -2.45367e-16 0.105441 -0.994426 -1.86203e-16 0.0402375 -0.99919 -1.10327e-17 0.0309532 -0.999521 -9.61899e-17 1.46866e-30 -1 1.4483e-31 1.77767e-30 -1 -4.93038e-32 -0.642712 -0.766108 4.06991e-15 -0.535071 -0.844807 -1.28738e-16 -0.651507 -0.758642 2.06869e-16 -0.508069 -0.861316 3.45577e-15 -0.419213 -0.907888 -1.46386e-16 -0.307584 -0.951521 -3.35067e-17 -0.375706 -0.926739 2.36172e-15 -0.249664 -0.968333 1.85925e-15 -0.201584 -0.979471 -2.12028e-16 -0.133457 -0.991055 8.15761e-16 -0.105441 -0.994426 -1.48981e-16 -0.0309531 -0.999521 -8.45301e-18 -0.0402375 -0.99919 1.76272e-16 7.37083e-43 -1 0 1.69557e-43 -1 0 -0.758642 -0.651507 -6.63986e-16 -0.844807 -0.535071 -5.23721e-17 -0.766108 -0.642712 6.55706e-15 -0.907888 -0.419213 -8.62683e-16 -0.861316 -0.508069 7.51437e-15 -0.926739 -0.375706 6.48907e-15 -0.951521 -0.307584 -1.56615e-15 -0.979471 -0.201584 -2.02329e-15 -0.968333 -0.249664 8.04826e-15 -0.994426 -0.105441 1.11975e-15 -0.991055 -0.133457 7.70945e-15 -0.99919 -0.0402375 6.65594e-15 -0.999521 -0.0309532 -1.08227e-15 -1 0 7.99361e-15 -1 0 -2.22045e-16 -0.861316 1.03553e-16 0.508069 -0.799277 -3.97201e-16 0.600963 -0.766108 1.03165e-15 0.642712 -0.926739 -7.15181e-16 0.375706 -0.870988 -5.57012e-16 0.491304 -0.959819 1.06062e-15 0.28062 -0.923371 2.6216e-16 0.383909 -0.968333 5.04803e-16 0.249664 -0.983158 1.07387e-15 0.182756 -0.991055 9.59612e-16 0.133457 -0.995498 3.87862e-16 0.0947819 -0.999619 -7.4731e-16 0.0276096 -0.99919 4.17664e-17 0.0402375 -1 0 0 -1 -5.65916e-16 3.35022e-07 -0.642712 1.60046e-16 0.766108 -0.707154 5.23845e-16 0.707059 -0.601066 -4.84215e-17 0.7992 -0.508069 6.42103e-16 0.861316 -0.491407 2.24836e-16 0.87093 -0.375706 -1.31088e-15 0.926739 -0.384009 5.5331e-16 0.923329 -0.280715 -2.54002e-16 0.959791 -0.182844 5.4954e-16 0.983142 -0.249664 -3.71251e-16 0.968333 -0.0948572 1.58882e-16 0.995491 -0.133457 -8.49135e-17 0.991055 -0.0402375 -3.96837e-16 0.99919 -0.0276576 6.51952e-16 0.999617 0 2.22045e-16 1 0 3.88578e-16 1 -1.00312e-16 -0.651507 0.758642 2.87167e-16 -0.642712 0.766108 2.88258e-16 -0.766108 0.642712 -1.11275e-17 -0.535071 0.844807 -6.58608e-17 -0.508069 0.861316 1.09868e-16 -0.375706 0.926739 -8.38346e-17 -0.419213 0.907888 1.71355e-16 -0.307584 0.951521 5.28871e-17 -0.249664 0.968333 -1.38629e-16 -0.201584 0.979471 -4.08905e-16 -0.133457 0.991055 1.11682e-18 -0.0402375 0.99919 -1.00599e-16 -0.105441 0.994426 -2.1359e-16 -0.0309532 0.999521 0 0 1 6.07153e-17 0 1 5.81136e-18 -0.758642 0.651507 -1.01741e-17 -0.844807 0.535071 1.08474e-16 -0.861316 0.508069 4.36784e-19 -0.907888 0.419213 8.76545e-17 -0.926739 0.375706 -6.92699e-19 -0.951521 0.307584 2.63205e-17 -0.979471 0.201584 5.46704e-17 -0.968333 0.249664 -1.93772e-17 -0.991055 0.133457 1.79651e-17 -0.994426 0.105441 -1.43324e-18 -0.99919 0.0402375 5.08475e-18 -0.999521 0.0309531 2.17672e-22 -1 0 -1.05382e-24 -1 0 0.0120464 0.411739 -0.911222 0.0909073 0.407351 -0.908736 -0.00141084 0.301394 -0.953499 0.100015 0.632313 -0.76823 0.0206787 0.526452 -0.849954 0.018676 0.639726 -0.768376 0.353688 0.376938 -0.856051 0.36854 0.477781 -0.797435 0.467492 0.448583 -0.761725 0.153351 0.289948 -0.944676 0.174419 0.401583 -0.89906 0.261807 0.391971 -0.881939 0.551849 0.323113 -0.768805 0.421245 0.254689 -0.870452 0.450845 0.354874 -0.819026 0.0723069 0.295258 -0.952678 0.238881 0.282907 -0.928924 -0.00723824 0.0304906 -0.999509 0.0343019 0.0931166 -0.995064 0.0206861 0.0247907 -0.999479 0.384945 0.152309 -0.910286 0.520717 0.231141 -0.821844 0.477881 0.132732 -0.868338 0.327976 0.271515 -0.904827 0.024642 -0.000360201 -0.999696 -6.5585e-05 -0.000508244 -1 0.568992 0.409396 -0.713192 0.274714 0.498543 -0.822184 0.764043 0.376163 -0.524156 0.843521 0.378249 -0.381313 0.842438 0.307912 -0.442142 0.18631 0.512557 -0.838197 0.738375 0.229901 -0.633994 0.650677 0.279944 -0.705869 0.75598 0.303779 -0.579838 0.667606 0.360096 -0.651639 0.102105 0.521324 -0.847228 0.833513 0.240693 -0.497315 0.903203 0.238901 -0.356583 0.893826 0.177261 -0.41189 0.945852 0.175429 -0.273108 0.93652 0.119275 -0.329702 0.815617 0.174038 -0.551796 0.973775 0.119993 -0.193297 0.965243 0.0694492 -0.25196 -0.0581357 0.418292 -0.90645 -0.0579492 0.313228 -0.947908 0.99006 0.0731787 -0.120105 0.997814 0.0344156 -0.0564132 0.983223 0.0313477 -0.179694 0.999964 0.00849922 -0.000480526 1 0.000217356 -0.000341438 0.999837 0.0103805 -0.0147938 -0.0557035 0.529812 -0.846284 -0.0124053 0.198671 -0.979988 -0.024533 0.101332 -0.99455 -0.0458933 0.189612 -0.980786 -0.0686924 0.283869 -0.956399 -0.059668 0.642351 -0.764085 -0.113655 0.535584 -0.836799 -0.125063 0.643079 -0.755519 -0.116843 0.482301 -0.868178 -0.0921459 0.381186 -0.919895 -0.141448 0.586283 -0.797662 -0.165799 0.687725 -0.706785 -0.141133 0.742494 -0.654816 -0.204417 0.844 -0.49586 -0.163302 0.822795 -0.544371 -0.187201 0.775804 -0.602564 -0.187595 0.881382 -0.43356 -0.216586 0.894091 -0.392037 -0.101231 0.827565 -0.552168 -0.0748272 0.744784 -0.663097 -0.225371 0.929557 -0.291773 -0.209558 0.921924 -0.325793 -0.22279 0.949773 -0.219762 -0.229917 0.953436 -0.195189 -0.235559 0.971349 -0.0314979 -0.23597 0.97176 0.00101484 -0.225191 0.973735 -0.0335979 -0.214155 0.969038 -0.122891 -0.235245 0.966303 -0.104493 0.00190962 0.742306 -0.670059 -0.133575 0.888332 -0.439344 -0.164514 0.930739 -0.326589 -0.192405 0.956431 -0.219592 0.622297 0.194868 -0.758138 -0.0137779 0.106313 -0.994237 -0.0281185 0.826667 -0.561988 -0.0658293 0.890664 -0.449872 -0.10588 0.935674 -0.336606 -0.144738 0.962714 -0.228544 -0.169837 0.977833 -0.122468 -0.185262 0.982194 -0.0312055 -0.222097 0.975025 -0.000122813 0.0794782 0.021387 -0.996607 0.0523722 0.187948 -0.980782 0.165736 0.717848 -0.676185 0.0819062 0.733321 -0.674931 0.184171 0.619443 -0.763133 0.0496033 0.818762 -0.571986 0.00826345 0.886288 -0.463061 -0.0364363 0.935685 -0.35095 -0.0770413 0.968265 -0.237754 -0.106632 0.986734 -0.122414 -0.127557 0.991356 -0.0307126 -0.188136 0.982143 -0.000218933 -0.1347 0.990886 -0.000192728 0.0863258 9.82534e-05 -0.996267 0.152171 0.0192884 -0.988166 0.102054 0.0875082 -0.990922 0.127844 0.182305 -0.974895 0.368775 0.573636 -0.731401 0.27332 0.600314 -0.751611 0.132709 0.803992 -0.579642 0.0899751 0.875423 -0.47491 0.0442345 0.930828 -0.36277 0.00231819 0.969784 -0.243956 -0.0311778 0.99194 -0.122815 -0.0569902 0.997926 -0.0299207 -0.0646441 0.997908 -0.000283033 0.163934 -2.51588e-05 -0.986471 0.234361 0.0151975 -0.972031 0.180349 0.0829226 -0.980101 0.210479 0.176612 -0.961513 0.255805 0.695427 -0.671525 0.28106 0.83125 -0.479613 0.323367 0.751166 -0.575486 0.223434 0.781932 -0.581944 0.180586 0.857697 -0.481398 0.134377 0.919896 -0.368422 0.0912638 0.965161 -0.245225 0.052929 0.991213 -0.121224 0.0221418 0.999367 -0.0278328 0.00206741 0.999998 -0.000285969 0.248568 -3.42953e-05 -0.968614 0.318418 0.010659 -0.947891 0.264917 0.0759419 -0.961276 0.297146 0.16696 -0.940121 0.353458 0.664879 -0.658031 0.341498 0.870612 -0.354139 0.392819 0.792843 -0.465932 0.232711 0.901044 -0.366013 0.187374 0.952846 -0.238695 0.147355 0.98251 -0.113841 0.110738 0.993584 -0.0229685 0.0810617 0.996709 8.41167e-05 0.336151 0.00045337 -0.941808 0.668453 0.0747119 -0.739993 0.579535 0.1045 -0.80822 0.710011 0.152416 -0.687499 0.350328 0.0641938 -0.934425 0.469817 0.537958 -0.69991 0.457864 0.624862 -0.632383 0.432118 0.709792 -0.5563 0.401292 0.89455 -0.196838 0.465397 0.821985 -0.328249 0.287556 0.931578 -0.222429 0.24445 0.964761 -0.0973733 0.204027 0.978798 -0.018074 0.174581 0.984642 -0.000896617 0.426248 0.00028009 -0.904606 0.40169 0.00464194 -0.915764 0.436444 0.0473619 -0.898484 0.573521 0.49237 -0.65471 0.565898 0.574358 -0.5915 0.546281 0.657029 -0.519509 0.513918 0.73981 -0.434246 0.464921 0.884512 -0.0385589 0.344255 0.936161 -0.0713488 0.299284 0.954117 -0.00953882 0.270798 0.962636 -0.000787545 0.51984 0.000113821 -0.854264 0.61622 0.0143566 -0.787444 0.614482 6.22323e-05 -0.788931 0.529322 0.0282039 -0.847952 0.674134 0.437504 -0.595092 0.671178 0.514448 -0.533727 0.658002 0.593319 -0.463687 0.633808 0.674082 -0.379343 0.596663 0.754002 -0.274726 0.736064 0.602183 -0.309168 0.537986 0.829692 -0.148935 0.371743 0.928336 0.000527762 0.695679 0.00441493 -0.71834 0.707113 0.000418241 -0.707101 0.786542 0.106543 -0.608277 0.876355 0.118537 -0.466851 0.763977 0.449176 -0.463228 0.755412 0.5236 -0.393949 0.702943 0.68005 -0.208332 0.820567 0.523945 -0.228368 0.787179 0.600895 -0.138834 0.648879 0.754302 -0.0999187 0.573755 0.818818 -0.018477 0.472848 0.881144 0.000272272 0.810164 0.0176895 -0.585937 0.848592 0.0631585 -0.525264 0.745624 0.0438812 -0.664921 0.950175 0.0329884 -0.309965 0.837447 0.449521 -0.310828 0.898889 0.377086 -0.22317 0.882206 0.446824 -0.148529 0.735382 0.675384 -0.055405 0.668004 0.744134 -0.00597614 0.570339 0.821409 -0.000549534 0.788609 5.79139e-06 -0.614894 0.860913 0.00268436 -0.508746 0.854408 1.65376e-05 -0.519603 0.91977 0.0701208 -0.386143 0.905018 0.306396 -0.295065 0.940753 0.308327 -0.14113 0.948147 0.238711 -0.209844 0.80292 0.595734 -0.0204882 0.850089 0.521034 -0.0766327 0.746532 0.665349 0.000143007 0.663892 0.747828 -0.000464711 0.894433 0.0287403 -0.446276 0.90443 -1.75822e-05 -0.426621 0.927959 0.00726092 -0.372611 0.941861 4.53342e-05 -0.336002 0.975355 0.178709 -0.129408 0.923127 0.376031 -0.0802353 0.89386 0.447333 -0.0301357 0.872583 0.488466 -0.000135584 0.816445 0.577423 0.000192552 0.971143 0.00932974 -0.238317 0.967263 0.243337 -0.072036 0.950178 0.310264 -0.0299711 0.91705 0.398773 5.63975e-05 0.968623 -0.000179472 -0.248535 0.982258 0.185924 -0.0245209 0.989802 0.127684 -0.0631502 0.968176 0.250245 -0.00353798 0.985181 0.171517 0.000155598 0.950203 0.311633 7.10571e-05 0.986523 -3.54151e-05 -0.163622 0.993675 0.00747618 -0.112041 0.99657 0.0809645 -0.0171387 0.994747 0.102368 0.000196337 0.970495 0.241122 -0.000104118 0.996275 -0.000522878 -0.0862338 0.999685 3.16373e-05 -0.0250956 0.999135 0.0415819 0.000272268 -0.62942 0.355814 -0.690816 -0.747198 0.37964 -0.545498 -0.65321 0.423566 -0.627621 -0.9866 0.163019 -0.00673682 -0.979339 0.172914 -0.104863 -0.994288 0.100894 -0.0348069 -0.824757 0.327934 -0.460689 -0.722241 0.313945 -0.616285 -0.938967 0.145792 -0.311586 -0.88761 0.247564 -0.388408 -0.884186 0.158609 -0.439384 -0.813349 0.24665 -0.526903 -0.592457 0.276773 -0.756565 -0.5484 0.137469 -0.824839 -0.702042 0.212502 -0.679691 -0.662293 0.551715 -0.506931 -0.758486 0.470618 -0.450797 -0.73732 0.542764 -0.402201 -0.94206 0.258825 -0.213383 -0.884671 0.335364 -0.323866 -0.882998 0.306839 -0.355198 -0.41744 0.0759466 -0.905525 -0.44617 0.190262 -0.87449 -0.324721 0.099814 -0.940528 -0.484872 0.2951 -0.823296 0.00177841 0.0322024 -0.99948 -0.0353768 0.0279634 -0.998983 -0.0066637 0.117191 -0.993087 -0.822387 0.454479 -0.342241 -0.826835 0.397279 -0.398137 -0.890979 0.380277 -0.248084 -0.409807 0.889962 -0.200067 -0.3785 0.922283 -0.0783018 -0.326089 0.918448 -0.223874 0.00824098 0.104393 -0.994502 0.00046481 -0.000608179 -1 -0.80846 0.537594 -0.239553 -0.710636 0.624595 -0.323847 -0.559563 0.614019 -0.55666 -0.640961 0.624726 -0.445967 -0.611397 0.696872 -0.374917 -0.882545 0.449276 -0.138797 -0.569357 0.770214 -0.287409 -0.452945 0.835738 -0.310455 -0.507486 0.760695 -0.404723 -0.366682 0.872303 -0.323468 -0.282294 0.953622 -0.104476 -0.231859 0.943259 -0.237705 -0.940501 0.210175 -0.26699 -0.979535 0.113062 -0.166516 -0.147773 0.988847 -0.0185589 -0.0599022 0.997898 -0.0247238 -0.0975965 0.9872 -0.126139 -0.941031 0.309475 -0.136699 -0.0172388 0.999851 -0.000101033 0.0167564 0.999447 -0.0287152 -0.762394 0.426836 -0.486381 -0.020126 0.991896 -0.125445 0.0754931 0.997146 0.000448502 0.0676759 0.997146 -0.0334725 0.0488651 0.998805 -0.000178399 -0.971003 0.233797 -0.0499281 -0.790586 0.128129 -0.598796 -0.972328 0.0604211 -0.225671 -0.995225 0.0466115 -0.085753 -0.929689 0.0760627 -0.360407 -0.857605 0.0578269 -0.511048 -0.958904 0.0205923 -0.282981 -0.989111 0.0129219 -0.146602 -0.956451 -0.000532907 -0.291891 -0.980892 -0.000265921 -0.194552 -0.999491 0.0101658 -0.0302487 -1 -5.40212e-05 9.01186e-05 -0.999631 0.0271701 -0.000444415 -0.994579 -0.000190981 -0.103981 -0.999507 0.000430994 -0.0313955 -0.99582 0.0913371 -0.000321645 -0.920068 -1.52536e-05 -0.391759 -0.96339 0.268104 0.000187093 -0.984286 0.176583 0.000586869 -0.903654 0.014854 -0.428005 -0.868423 -0.00013266 -0.495824 -0.926357 0.372225 -0.0575408 -0.954269 0.298739 -0.0112417 -0.930515 0.366254 0.000449023 -0.797837 -0.000257164 -0.602873 -0.817331 0.00640681 -0.576132 -0.364728 0.212395 -0.906566 -0.896457 0.443059 -0.00797371 -0.883832 0.467805 -0.000176249 -0.849512 0.525739 -0.0439009 -0.70716 0.00029321 -0.707053 -0.748083 0.0323257 -0.662817 -0.610675 0.00950027 -0.791825 -0.603093 -0.000165784 -0.797671 -0.660489 0.0765082 -0.746927 -0.827829 0.373348 -0.4187 -0.733238 0.679474 -0.026022 -0.781106 0.613727 -0.114941 -0.81823 0.574891 0.000374866 -0.731023 0.682353 -0.000162933 -0.496051 0.000141926 -0.868293 -0.666659 0.487687 -0.563672 -0.640948 0.764364 -0.0702347 -0.689172 0.693527 -0.209908 -0.624663 0.780895 -8.71933e-05 -0.513137 0.0361561 -0.857545 -0.39211 -9.27329e-06 -0.919918 -0.554587 0.466148 -0.689304 -0.531157 0.385944 -0.754268 -0.564174 0.540885 -0.62382 -0.277163 0.901781 -0.331619 -0.479719 0.876749 -0.0343625 -0.519351 0.843193 -0.138926 -0.583824 0.811849 -0.00704271 -0.51138 0.859355 0.000131028 -0.46148 0.494356 -0.736646 -0.4342 0.405697 -0.804289 -0.466681 0.658876 -0.589992 -0.472425 0.578253 -0.66516 -0.540533 0.687373 -0.485122 -0.399964 0.916531 -0.000259708 -0.286724 0.0109178 -0.957951 -0.291986 0.000303513 -0.956423 -0.195237 9.43902e-05 -0.980756 -0.194137 0.0189333 -0.980792 -0.10504 0.000593053 -0.994468 -0.400392 0.308852 -0.862726 -0.349438 0.416737 -0.83918 -0.193357 0.92385 -0.330325 -0.162069 0.888457 -0.429391 -0.239332 0.870138 -0.430789 -0.444751 0.736548 -0.509602 -0.407841 0.80978 -0.421807 -0.378262 0.693273 -0.613424 -0.35617 0.773317 -0.524521 -0.294739 0.955578 -0.000149437 -0.241935 0.970239 -0.0102324 -0.107688 0.0248596 -0.993874 -0.273435 0.225113 -0.935178 -0.0317483 0.000119629 -0.999496 -0.31379 0.318285 -0.894556 -0.231336 0.114012 -0.96617 -0.373912 0.513891 -0.772078 -0.267873 0.423028 -0.865616 -0.384293 0.60607 -0.696418 -0.321053 0.844196 -0.429254 -0.144521 0.960211 -0.238974 -0.0708972 0.970485 -0.230505 -0.120014 0.940167 -0.318876 -0.18672 0.975048 -0.120074 -0.195278 0.980748 -0.00012724 -0.188477 0.225803 -0.955766 -0.144106 0.118648 -0.982424 -0.23167 0.319738 -0.918747 -0.292249 0.526912 -0.798094 -0.189508 0.426223 -0.884545 -0.302195 0.625927 -0.718953 -0.296043 0.718585 -0.629281 -0.274274 0.800548 -0.53282 -0.101246 0.994861 -0.000300167 -0.113152 0.219237 -0.969088 -0.0672249 0.117725 -0.990768 -0.156957 0.314608 -0.936155 0.000756738 0.434624 -0.900612 -0.12397 0.542295 -0.830992 -0.0203496 0.542988 -0.839494 -0.210263 0.536108 -0.817544 -0.220562 0.64026 -0.735812 -0.214705 0.737479 -0.640333 -0.193202 0.820383 -0.538187 -0.0410679 0.947136 -0.318193 0.00117436 0.976086 -0.217381 0.0147628 0.194686 -0.980754 -0.0363251 0.212728 -0.976436 0.0216997 0.291413 -0.956351 -0.0696904 0.317282 -0.945767 -0.0993478 0.434122 -0.895359 -0.137555 0.64869 -0.748519 -0.132587 0.750876 -0.646998 -0.10965 0.833577 -0.541411 -0.0764162 0.897955 -0.433402 -0.0067913 0.839946 -0.542628 0.0453489 0.99199 -0.117897 -0.0302803 0.652904 -0.756835 -0.0256863 0.757569 -0.65225 0.0230706 0.900604 -0.434027 0.0512105 0.943662 -0.326924 0.0722685 0.953681 -0.292011 0.0737675 0.977957 -0.195344 0.07605 0.991673 -0.103929 0.0750532 0.996676 -0.0316941 0.029829 0.391173 -0.919833 0.037129 0.49419 -0.868561 0.0447125 0.600871 -0.798095 0.0536813 0.70495 -0.707223 0.0594565 0.795443 -0.603105 0.0648687 0.865988 -0.495839 0.0695198 0.917253 -0.39219 -0.20146 0.830398 0.519473 -0.185727 0.766516 0.614783 -0.201155 0.836813 0.509197 -0.166433 0.686916 0.707423 -0.178502 0.788947 0.587963 -0.131828 0.5995 0.789443 -0.160292 0.675437 0.719785 -0.144949 0.597433 0.78871 -0.142297 0.729035 0.669522 -0.0938743 0.656614 0.748362 -0.0423985 0.229624 0.972355 -0.0385258 0.159295 0.986479 -0.019043 0.152373 0.98814 -0.0789581 0.326708 0.941822 -0.0585557 0.241516 0.968629 -0.0671979 0.309851 0.948408 -0.213101 0.879048 0.426454 -0.0205427 0.0838718 0.996265 0.00140228 0.0820353 0.996628 -0.00588736 0.0240546 0.999693 0.0197385 0.0257325 0.999474 -0.142337 0.839421 0.524511 -0.184728 0.87572 0.446083 -0.100469 0.414494 0.904489 -0.09139 0.390712 0.915965 -0.122192 0.50491 0.854479 -0.09551 0.517933 0.850073 -0.144262 0.911616 0.384896 -0.0878247 0.880874 0.465132 -0.217438 0.946366 0.238981 -0.228514 0.941181 0.248918 -0.22197 0.915308 0.336065 -0.0232686 0.353276 0.93523 -0.232152 0.958837 0.163514 -0.224984 0.96784 0.112549 -0.235025 0.968182 0.0859438 0.0357249 0.191952 0.980754 0.0878686 0.323044 0.942296 0.00836692 0.271332 0.96245 -0.211997 0.90333 0.372897 -0.155975 0.987565 0.0196966 -0.182694 0.98317 0.000244667 -0.199147 0.978201 0.0588531 -0.221007 0.975272 0.000187427 -0.236162 0.971713 -0.000746554 -0.224541 0.974343 0.0153636 0.00924859 0.490609 0.871331 -0.0579844 0.435688 0.898228 0.118287 0.240455 0.963426 0.0603612 0.117889 0.991191 0.14427 0.161912 0.976202 0.696018 0.249182 0.6734 0.616942 0.161993 0.770157 0.72287 0.171445 0.669377 0.243958 0.210541 0.946656 0.168444 0.0903778 0.981559 0.269219 0.13303 0.953847 0.0976657 0.550018 0.829422 0.0516073 0.407106 0.911922 0.216729 0.292427 0.931405 0.183994 0.377322 0.90762 0.320368 0.340806 0.883864 0.350054 0.257275 0.900706 0.375141 0.176148 0.910078 0.59185 0.240678 0.769277 0.506627 0.136315 0.851321 0.483891 0.214885 0.848336 0.396989 0.0999466 0.912365 0.561325 0.320364 0.763074 0.45678 0.295716 0.83899 0.811946 0.163075 0.560492 0.74298 0.0952495 0.662502 0.829273 0.0892795 0.551667 0.75604 0.0298189 0.653846 0.883255 0.142492 0.446717 0.862292 0.216639 0.457734 0.786707 0.239343 0.56904 0.984031 0.13193 0.119491 0.971114 0.0905802 0.220753 0.990881 0.0687695 0.115869 0.896092 0.0731457 0.437799 0.935755 0.116197 0.332958 0.998029 0.0523713 0.0345607 0.993231 0.110537 0.0356887 0.999301 0.0122335 0.0353316 0.999504 -1.5574e-05 0.0314794 1 -6.54133e-05 1.27446e-05 -0.0392715 0.573597 0.818196 0.0832816 0.053746 0.995076 0.031385 6.49711e-05 0.999507 -0.000481519 -0.000153561 1 0.104262 -4.73743e-06 0.99455 0.107589 0.01145 0.99413 0.0438871 0.636907 0.76969 -0.0199893 0.720206 0.693472 0.144339 0.463473 0.874276 0.195487 0.031555 0.980199 -0.0856514 0.788511 0.609028 0.0551907 0.76978 0.635919 -0.019335 0.834513 0.550649 0.240447 0.514525 0.823073 0.188063 0.603386 0.774957 0.284309 0.426678 0.858554 0.195114 6.21179e-05 0.98078 0.319016 0.0146372 0.947636 0.294426 0.0625198 0.953627 0.292004 -7.08289e-05 0.956417 -0.187644 0.932117 0.309755 0.0426765 0.866613 0.497153 -0.0337652 0.910749 0.411578 0.12595 0.690568 0.712217 0.272459 0.641979 0.716679 0.202804 0.727437 0.65552 0.382282 0.464832 0.798619 0.332254 0.553141 0.763965 0.423371 0.3789 0.822916 0.419232 0.0358975 0.907169 0.39254 0.000160203 0.919735 -0.195782 0.963557 0.182281 -0.153233 0.954809 0.254674 -0.0476771 0.959829 0.276507 -0.0991452 0.938542 0.330619 0.12473 0.804096 0.581267 0.27894 0.751834 0.597443 0.19523 0.82796 0.525707 0.421518 0.57713 0.699459 0.355134 0.66636 0.655625 0.546925 0.0119559 0.837096 0.527461 0.0620717 0.847309 0.496167 1.24323e-05 0.868227 -0.235532 0.97154 0.0251786 -0.15792 0.979558 0.12461 -0.107859 0.974198 0.198256 -0.107823 0.991721 0.0697327 0.107391 0.890023 0.443087 0.0872414 0.949513 0.301353 0.0243602 0.933322 0.358212 0.437864 0.677563 0.590918 0.355719 0.765187 0.536612 0.477466 0.48844 0.730378 0.523688 0.402654 0.750746 0.662448 0.327844 0.673559 0.621142 0.409735 0.668057 0.63723 0.0850499 0.765967 0.653251 0.0229169 0.756795 0.602983 -9.86128e-05 0.797754 -0.128204 0.991748 0.000278416 -0.0545628 0.988943 0.137891 0.00990326 0.97593 0.21786 0.0772709 0.98555 0.150734 0.174745 0.90593 0.385689 0.26643 0.843276 0.466799 0.342703 0.85062 0.398748 0.509736 0.58632 0.629602 0.570642 0.496135 0.654383 0.712344 0.400307 0.576472 0.661103 0.488502 0.569482 0.706976 -0.000465398 0.707238 -0.0504454 0.998335 0.027966 0.0075531 0.996862 0.0788039 0.157349 0.959618 0.233185 0.246804 0.915236 0.318481 0.322831 0.915972 0.238276 0.437436 0.768649 0.466721 0.523654 0.676769 0.517465 0.598465 0.581639 0.550941 0.7468 0.467909 0.472601 0.753733 0.317703 0.575284 0.795181 0.37789 0.474221 0.833178 0.294521 0.468051 0.838402 0.0280008 0.544332 0.798106 0.000556795 0.602517 -0.0616231 0.9981 -0.000146141 0.0127338 0.999919 -9.42429e-05 0.0155768 0.999873 0.00346024 0.150273 0.985209 0.0823426 0.078612 0.996443 0.0303475 0.308575 0.94801 0.0778343 0.230276 0.960787 0.15447 0.424759 0.847369 0.318663 0.522908 0.761056 0.383875 0.611172 0.663796 0.431096 0.768537 0.535292 0.350447 0.68601 0.564121 0.45952 0.943689 0.052766 0.326599 0.901226 0.0197572 0.4329 0.868428 -2.5144e-07 0.495816 0.0949318 0.995484 -6.39716e-05 0.151154 0.988501 0.00426992 0.185029 0.982733 -7.83243e-05 0.224537 0.974006 0.0299391 0.406364 0.902148 0.144906 0.510217 0.831416 0.22006 0.610255 0.739891 0.283109 0.774448 0.599305 0.202642 0.698092 0.637567 0.325846 0.823371 0.437863 0.36102 0.865456 0.347281 0.361085 0.897216 0.264013 0.353979 0.920388 0.187283 0.343237 0.919893 -0.000282914 0.392169 0.945488 0.010449 0.325489 0.283584 0.958947 9.13339e-05 0.504812 0.863229 0.000315 0.392486 0.919542 0.0199218 0.489468 0.870149 0.0571149 0.591376 0.798768 0.110653 0.754964 0.653464 0.0549018 0.719471 0.694522 -9.58089e-05 0.664002 0.747341 0.0241609 0.693595 0.701008 0.165871 0.836758 0.49877 0.225972 0.883803 0.40317 0.237372 0.918517 0.314407 0.239741 0.943601 0.232565 0.235651 0.960811 0.157682 0.227987 0.992977 0.0204886 0.116518 0.956443 7.48705e-05 0.291919 0.975248 0.00341107 0.221087 0.975268 0.0338414 0.218419 0.391272 0.920275 -0.000321538 0.567657 0.823237 0.006812 0.826987 0.555864 0.0843032 0.881769 0.459956 0.104519 0.922069 0.368855 0.117195 0.951114 0.283389 0.122773 0.971198 0.204168 0.122843 0.980794 2.03223e-05 0.195047 0.618189 0.78603 1.39165e-05 0.80217 0.597096 0.000330603 0.85695 0.515285 0.0109071 0.904781 0.425371 0.0207422 0.865187 0.501449 0.000154329 0.940462 0.338662 0.0289794 0.91151 0.411279 0.000150716 0.965974 0.256362 0.0342433 0.945089 0.326813 -0.000200034 0.982989 0.180065 0.0361805 0.968804 0.247827 9.94483e-06 0.984588 0.174891 7.38675e-05 0.998551 0.05382 0.000101794 0.999886 0.0151267 -0.000228269 0.994521 9.5748e-05 0.104537 0.994022 0.10918 5.28818e-05 0.0586365 -0.969003 -0.239991 0.123477 -0.975409 -0.182569 0.0452119 -0.993726 -0.102298 0.380096 -0.884519 -0.270468 0.34006 -0.875204 -0.34406 0.397999 -0.827373 -0.396296 0.239933 -0.968989 -0.0591041 0.213723 -0.976894 0.000325526 0.16538 -0.986177 -0.0102084 0.318027 -0.948082 -1.4616e-05 0.307769 -0.951387 -0.0118469 0.426088 -0.904682 -0.000221457 0.115368 -0.993323 -0.0001438 0.102177 -0.993727 -0.0454496 0.0069052 -0.9991 -0.0418603 0.0419058 -0.999097 -0.00696702 0.384897 -0.921375 -0.0540612 0.313223 -0.936905 -0.155243 0.0356942 -0.999363 -0.000570731 0.182161 -0.975413 -0.124041 0.455017 -0.890449 -0.0077461 0.470407 -0.872353 -0.133106 -0.000185966 -1 0.000171337 0.241545 -0.930741 -0.274549 0.466785 -0.810148 -0.354644 0.643166 -0.694851 -0.321744 0.633972 -0.765179 -0.112163 0.564821 -0.790294 -0.237515 0.543378 -0.83844 -0.0419277 0.779028 -0.494285 -0.385742 0.842711 -0.453777 -0.289697 0.795684 -0.543455 -0.267477 0.852256 -0.503403 -0.142284 0.890532 -0.415428 -0.185397 0.716779 -0.668005 -0.199993 0.716905 -0.594018 -0.364952 0.970628 -0.240335 -0.0109589 0.989007 -0.146674 -0.0187863 0.976801 -0.214149 -0.000172337 0.779385 -0.622383 -0.0720973 0.99937 -0.035487 -0.00053045 0.99942 -0.00562871 -0.0335819 1 0.000442487 -6.26484e-05 0.992534 -0.0295355 -0.118342 0.994494 0.000552141 -0.104794 0.999487 -0.000961271 -0.0319985 0.5656 -0.72213 -0.398278 0.488956 -0.751729 -0.442521 0.507073 -0.639885 -0.577429 0.575973 -0.639973 -0.508616 0.15434 -0.936968 -0.313481 0.269241 -0.884664 -0.380631 0.273799 -0.930711 -0.242511 0.441247 -0.751768 -0.490048 0.342939 -0.875272 -0.341016 0.198253 -0.667845 -0.717411 0.319781 -0.694806 -0.644194 0.235897 -0.790317 -0.565466 0.353195 -0.810322 -0.46758 0.435507 -0.628268 -0.644681 0.47339 -0.527571 -0.705387 0.287492 -0.454097 -0.843294 0.265237 -0.543804 -0.796195 0.183077 -0.415789 -0.890844 0.140342 -0.503877 -0.852298 0.0740528 -0.37715 -0.923187 0.114591 -0.101958 -0.988167 0.218923 -0.149072 -0.964288 0.218245 -0.233544 -0.947537 0.207021 -0.323191 -0.923412 0.0964061 -0.280981 -0.954859 0.0244124 -0.0640928 -0.997645 0.000106336 -0.0357709 -0.99936 0.0329483 -0.00551117 -0.999442 0.10954 -0.187684 -0.976102 0.0178588 -0.147537 -0.988895 0.000581489 -0.999364 -0.0356654 0.00017096 -0.993339 -0.115229 -0.000315622 -0.976887 -0.213755 0.0100283 -0.986197 -0.16527 0.01159 -0.951449 -0.307588 0.538148 -0.84285 0.000407746 0.0533623 -0.921425 -0.384875 1.29407e-05 -0.948122 -0.317906 0.000214558 -0.904613 -0.426234 0.652482 -0.757804 -0.000249282 0.605908 -0.795524 -0.00421896 0.395156 -0.827445 -0.398982 0.00743631 -0.890499 -0.454924 0.0411362 -0.838408 -0.543489 0.131881 -0.872412 -0.470643 -0.000401218 -0.842754 -0.538299 0.757894 -0.652377 0.000109061 0.693473 -0.720007 -0.0261645 0.819139 -0.57353 -0.00865219 0.842523 -0.53866 0.000126857 0.396634 -0.722208 -0.566654 0.110944 -0.764992 -0.634412 0.0255797 -0.719926 -0.693579 0.00398579 -0.79557 -0.605848 0.000248912 -0.75781 -0.652475 0.88003 -0.473174 -0.0406556 0.904577 -0.42631 -0.000166925 0.407853 -0.31969 -0.855251 0.512117 -0.351311 -0.783784 0.49606 -0.436564 -0.750557 0.0710162 -0.622397 -0.779473 0.00821917 -0.573769 -0.818976 -0.000114074 -0.652387 -0.757886 0.947912 -0.318532 -7.34836e-05 0.923223 -0.376734 -0.0757035 0.643333 -0.628455 -0.437227 0.383722 -0.494388 -0.779961 0.362897 -0.593999 -0.717963 -0.000128073 -0.538503 -0.842623 0.0395334 -0.473577 -0.879865 0.629389 -0.28107 -0.724478 0.644715 -0.190431 -0.740323 0.721356 -0.281605 -0.632728 0.704009 -0.527632 -0.47537 0.627324 -0.546058 -0.555234 0.553352 -0.546015 -0.629022 0.30461 -0.364443 -0.879997 0.000175893 -0.426107 -0.904673 0.973663 -0.0814176 -0.212958 0.987877 -0.101198 -0.117722 0.963625 -0.148483 -0.222217 0.92296 -0.322629 -0.209895 0.879446 -0.363797 -0.306965 0.821575 -0.404605 -0.401633 0.749054 -0.436853 -0.498074 0.669492 -0.453727 -0.588143 0.586004 -0.453559 -0.671479 0.399777 -0.404751 -0.822408 0.0103413 -0.241233 -0.970412 6.61872e-05 -0.318642 -0.947875 0.954793 -0.280492 -0.0984629 0.993216 -0.11628 -0.000279363 0.946966 -0.232631 -0.22167 0.908234 -0.277318 -0.313379 0.975937 -0.186929 -0.112267 0.854603 -0.319832 -0.409098 0.782131 -0.352005 -0.514162 0.699607 -0.367438 -0.612813 0.610227 -0.367108 -0.702036 0.311334 -0.27805 -0.908713 0.000127746 -0.116409 -0.993201 0.000144301 -0.214171 -0.976796 0.99767 -0.0631754 -0.0257718 0.929962 -0.195267 -0.311516 0.879746 -0.238617 -0.411229 0.806207 -0.269406 -0.526735 0.524471 -0.268124 -0.808109 0.41086 -0.237716 -0.880162 0.310449 -0.195339 -0.930303 0.212083 -0.0775318 -0.974171 0.306474 -0.123551 -0.943827 0.943403 -0.127403 -0.306202 0.895884 -0.153534 -0.416917 0.822822 -0.174561 -0.540826 0.736708 -0.190464 -0.648834 0.53755 -0.174217 -0.825038 0.416176 -0.151739 -0.896534 0.11706 -0.0275835 -0.992742 -0.00054025 0.000520838 -1 0.980809 -2.44138e-05 -0.194973 0.944997 -0.0147246 -0.326748 0.900824 -0.0364229 -0.432653 0.836023 -0.0645671 -0.544882 0.751553 -0.088381 -0.653726 0.649758 -0.0886475 -0.754954 0.541094 -0.0652674 -0.838426 0.429837 -0.0370332 -0.902147 0.324622 -0.0147274 -0.945729 0.104641 0.000611589 -0.99451 0.19526 1.02138e-05 -0.980751 0.0317885 -0.00063756 -0.999494 0.956403 -0.00036667 -0.29205 0.919994 0.00022686 -0.391932 0.868345 -0.000496229 -0.49596 0.797998 -0.000981847 -0.602659 0.707206 0.000639025 -0.707008 0.603062 -0.000923003 -0.797694 0.496059 -0.000595541 -0.868289 0.391898 0.00022308 -0.920009 0.292091 -0.000253565 -0.95639 -0.239991 -0.969003 -0.0586365 -0.182569 -0.975409 -0.123477 -0.102298 -0.993726 -0.0452119 -0.270468 -0.884519 -0.380096 -0.34406 -0.875204 -0.34006 -0.396296 -0.827373 -0.397999 -0.0591041 -0.968989 -0.239933 0.000325526 -0.976894 -0.213723 -0.0102084 -0.986177 -0.16538 -1.4616e-05 -0.948082 -0.318027 -0.0118469 -0.951387 -0.307769 -0.000221457 -0.904682 -0.426088 -0.0001438 -0.993323 -0.115368 -0.0454496 -0.993727 -0.102177 -0.0418603 -0.9991 -0.0069052 -0.00696702 -0.999097 -0.0419058 -0.0540612 -0.921375 -0.384897 -0.155243 -0.936905 -0.313223 -0.000570731 -0.999363 -0.0356942 -0.124041 -0.975413 -0.182161 -0.0077461 -0.890449 -0.455017 -0.133106 -0.872353 -0.470407 0.000171337 -1 0.000185966 -0.274549 -0.930741 -0.241545 -0.354644 -0.810148 -0.466785 -0.321744 -0.694851 -0.643166 -0.112163 -0.765179 -0.633972 -0.237515 -0.790294 -0.564821 -0.0419277 -0.83844 -0.543378 -0.385742 -0.494285 -0.779028 -0.289697 -0.453777 -0.842711 -0.267477 -0.543455 -0.795684 -0.142284 -0.503403 -0.852256 -0.185397 -0.415428 -0.890532 -0.199993 -0.668005 -0.716779 -0.364952 -0.594018 -0.716905 -0.0109589 -0.240335 -0.970628 -0.0187863 -0.146674 -0.989007 -0.000172337 -0.214149 -0.976801 -0.0720973 -0.622383 -0.779385 -0.00053045 -0.035487 -0.99937 -0.0335819 -0.00562871 -0.99942 -6.26484e-05 0.000442487 -1 -0.118342 -0.0295355 -0.992534 -0.104794 0.000552141 -0.994494 -0.0319985 -0.000961271 -0.999487 -0.398278 -0.72213 -0.5656 -0.442521 -0.751729 -0.488956 -0.577429 -0.639885 -0.507073 -0.508616 -0.639973 -0.575973 -0.313481 -0.936968 -0.15434 -0.380631 -0.884664 -0.269241 -0.242511 -0.930711 -0.273799 -0.490048 -0.751768 -0.441247 -0.341016 -0.875272 -0.342939 -0.717411 -0.667845 -0.198253 -0.644194 -0.694806 -0.319781 -0.565466 -0.790317 -0.235897 -0.46758 -0.810322 -0.353195 -0.644681 -0.628268 -0.435507 -0.705387 -0.527571 -0.47339 -0.843294 -0.454097 -0.287492 -0.796195 -0.543804 -0.265237 -0.890844 -0.415789 -0.183077 -0.852298 -0.503877 -0.140342 -0.923187 -0.37715 -0.0740528 -0.988167 -0.101958 -0.114591 -0.964288 -0.149072 -0.218923 -0.947537 -0.233544 -0.218245 -0.923412 -0.323191 -0.207021 -0.954859 -0.280981 -0.0964061 -0.997645 -0.0640928 -0.0244124 -0.99936 -0.0357709 -0.000106336 -0.999442 -0.00551117 -0.0329483 -0.976102 -0.187684 -0.10954 -0.988895 -0.147537 -0.0178588 -0.0356654 -0.999364 -0.000581489 -0.115229 -0.993339 -0.00017096 -0.213755 -0.976887 0.000315622 -0.16527 -0.986197 -0.0100283 -0.307588 -0.951449 -0.01159 0.000407746 -0.84285 -0.538148 -0.384875 -0.921425 -0.0533623 -0.317906 -0.948122 -1.29407e-05 -0.426234 -0.904613 -0.000214558 -0.000249282 -0.757804 -0.652482 -0.00421896 -0.795524 -0.605908 -0.398982 -0.827445 -0.395156 -0.454924 -0.890499 -0.00743631 -0.543489 -0.838408 -0.0411362 -0.470643 -0.872412 -0.131881 -0.538299 -0.842754 0.000401218 0.000109061 -0.652377 -0.757894 -0.0261645 -0.720007 -0.693473 -0.00865219 -0.57353 -0.819139 0.000126857 -0.53866 -0.842523 -0.566654 -0.722208 -0.396634 -0.634412 -0.764992 -0.110944 -0.693579 -0.719926 -0.0255797 -0.605848 -0.79557 -0.00398579 -0.652475 -0.75781 -0.000248912 -0.0406556 -0.473174 -0.88003 -0.000166925 -0.42631 -0.904577 -0.855251 -0.31969 -0.407853 -0.783784 -0.351311 -0.512117 -0.750557 -0.436564 -0.49606 -0.779473 -0.622397 -0.0710162 -0.818976 -0.573769 -0.00821917 -0.757886 -0.652387 0.000114074 -7.34836e-05 -0.318532 -0.947912 -0.0757035 -0.376734 -0.923223 -0.437227 -0.628455 -0.643333 -0.779961 -0.494388 -0.383722 -0.717963 -0.593999 -0.362897 -0.842623 -0.538503 0.000128073 -0.879865 -0.473577 -0.0395334 -0.724478 -0.28107 -0.629389 -0.740323 -0.190431 -0.644715 -0.632728 -0.281605 -0.721356 -0.47537 -0.527632 -0.704009 -0.555234 -0.546058 -0.627324 -0.629022 -0.546015 -0.553352 -0.879997 -0.364443 -0.30461 -0.904673 -0.426107 -0.000175893 -0.212958 -0.0814176 -0.973663 -0.117722 -0.101198 -0.987877 -0.222217 -0.148483 -0.963625 -0.209895 -0.322629 -0.92296 -0.306965 -0.363797 -0.879446 -0.401633 -0.404605 -0.821575 -0.498074 -0.436853 -0.749054 -0.588143 -0.453727 -0.669492 -0.671479 -0.453559 -0.586004 -0.822408 -0.404751 -0.399777 -0.970412 -0.241233 -0.0103413 -0.947875 -0.318642 -6.61872e-05 -0.0984629 -0.280492 -0.954793 -0.000279363 -0.11628 -0.993216 -0.22167 -0.232631 -0.946966 -0.313379 -0.277318 -0.908234 -0.112267 -0.186929 -0.975937 -0.409098 -0.319832 -0.854603 -0.514162 -0.352005 -0.782131 -0.612813 -0.367438 -0.699607 -0.702036 -0.367108 -0.610227 -0.908713 -0.27805 -0.311334 -0.993201 -0.116409 -0.000127746 -0.976796 -0.214171 -0.000144301 -0.0257718 -0.0631754 -0.99767 -0.311516 -0.195267 -0.929962 -0.411229 -0.238617 -0.879746 -0.526735 -0.269406 -0.806207 -0.808109 -0.268124 -0.524471 -0.880162 -0.237716 -0.41086 -0.930303 -0.195339 -0.310449 -0.974171 -0.0775318 -0.212083 -0.943827 -0.123551 -0.306474 -0.306202 -0.127403 -0.943403 -0.416917 -0.153534 -0.895884 -0.540826 -0.174561 -0.822822 -0.648834 -0.190464 -0.736708 -0.825038 -0.174217 -0.53755 -0.896534 -0.151739 -0.416176 -0.992742 -0.0275835 -0.11706 -1 0.000520838 0.00054025 -0.194973 -2.44138e-05 -0.980809 -0.326748 -0.0147246 -0.944997 -0.432653 -0.0364229 -0.900824 -0.544882 -0.0645671 -0.836023 -0.653726 -0.088381 -0.751553 -0.754954 -0.0886475 -0.649758 -0.838426 -0.0652674 -0.541094 -0.902147 -0.0370332 -0.429837 -0.945729 -0.0147274 -0.324622 -0.99451 0.000611589 -0.104641 -0.980751 1.02138e-05 -0.19526 -0.999494 -0.00063756 -0.0317885 -0.29205 -0.00036667 -0.956403 -0.391932 0.00022686 -0.919994 -0.49596 -0.000496229 -0.868345 -0.602659 -0.000981847 -0.797998 -0.707008 0.000639025 -0.707206 -0.797694 -0.000923003 -0.603062 -0.868289 -0.000595541 -0.496059 -0.920009 0.00022308 -0.391898 -0.95639 -0.000253565 -0.292091 -0.650361 0.523078 0.550836 -0.690545 0.443814 0.571118 -0.608142 0.446244 0.656528 -0.600724 0.607235 0.519996 -0.577014 0.524942 0.625692 -0.416232 0.690662 0.591385 -0.46717 0.600377 0.649075 -0.400549 0.574073 0.714143 -0.66879 0.591054 0.450971 -0.722622 0.504975 0.472036 -0.790651 0.472908 0.388882 -0.73719 0.56199 0.375124 -0.737393 0.623423 0.259991 -0.803841 0.520002 0.288856 -0.849997 0.433131 0.299837 -0.371895 0.280342 0.884931 -0.286857 0.181902 0.940545 -0.289621 0.241939 0.926059 -0.857147 0.477755 0.192483 -0.800752 0.581269 0.144648 -0.363309 0.359767 0.859403 -0.443736 0.397042 0.803403 -0.898137 0.388546 0.205869 -0.197165 0.127232 0.972079 -0.202817 0.195745 0.959452 -0.839423 0.541972 0.0404285 -0.894086 0.439495 0.0863315 -0.101171 0.0717812 0.992276 -0.770857 0.636956 0.00811795 -0.731559 0.681778 -0.000128979 -0.818215 0.574913 1.01245e-05 -0.0230968 0.0354636 0.999104 -0.0259208 0.000513748 0.999664 0.000890912 -0.000536267 0.999999 -0.949827 0.311841 0.0241476 -0.930572 0.366109 0.000444754 -0.963273 0.268524 9.9361e-05 -0.883513 0.468406 0.000482565 -0.989454 0.139769 0.0380292 -0.988774 0.103675 0.107598 -0.976465 0.183259 0.113719 -0.974249 0.221847 0.0402761 -0.98439 0.176003 1.19244e-05 -0.931996 0.344773 0.111873 -0.99572 0.0924162 0.000121701 -0.997688 0.0621032 0.0276042 -0.625244 0.78043 -4.71238e-05 -0.633707 0.773157 0.0253653 -0.511315 0.859393 7.75726e-05 -0.999631 0.0271403 0.000712877 -1 -0.000115762 -0.000700141 -0.999497 0.00756954 0.0307909 -0.721458 0.688083 0.0777105 -0.390486 0.920598 0.00440431 -0.400339 0.916367 -0.000195523 -0.654891 0.730084 0.195178 -0.581394 0.757816 0.296135 -0.566553 0.81678 0.10903 -0.475278 0.878996 0.0384272 -0.490364 0.843611 0.218779 -0.401859 0.907553 0.121892 -0.322279 0.945641 0.0435833 -0.294686 0.955594 -4.36351e-05 -0.260147 0.959199 0.110726 -0.293391 0.920126 0.259404 -0.199916 0.96436 0.17333 -0.0165501 0.999863 -5.03478e-05 -0.101526 0.994833 -6.87189e-05 -0.0524268 0.998359 0.0230356 -0.0694635 0.988469 0.134553 -0.119905 0.989055 0.0859876 -0.151532 0.965076 0.213699 0.0753322 0.996646 0.0319724 0.0509603 0.998616 0.0130203 0.0729112 0.996092 0.0498516 0.0757405 0.997127 -0.000465409 -0.9577 0.262021 0.118977 -0.994081 0.0266337 0.105322 -0.996301 1.42653e-05 0.08593 -0.999678 2.73426e-05 0.0253663 -0.952304 0.22752 0.20335 -0.936988 0.191083 0.292473 -0.915613 0.270598 0.297373 -0.929069 0.305735 0.208223 -0.969094 0.147563 0.197691 -0.979042 0.0593083 0.194832 -0.986483 4.31951e-05 0.163865 -0.665736 0.661529 0.345217 -0.886999 0.3498 0.30145 -0.95246 0.0958295 0.289201 -0.968649 -2.13089e-05 0.248432 -0.953167 0.0102694 0.302269 -0.246698 0.969082 0.00455744 -0.195244 0.980755 -0.000120745 -0.51525 0.780171 0.354755 -0.599494 0.687815 0.409288 -0.832393 0.390693 0.393041 -0.892215 0.231273 0.387899 -0.866336 0.309825 0.391753 -0.912705 0.131988 0.386716 -0.833732 0.265475 0.484163 -0.916063 0.0228721 0.400383 -0.941762 3.72614e-06 0.336279 -0.180784 0.982863 0.0360176 -0.344627 0.915513 0.20753 -0.428364 0.855118 0.292021 -0.382821 0.861786 0.332827 -0.536004 0.699692 0.472366 -0.524686 0.42829 0.735712 -0.453176 0.315896 0.833571 -0.766301 0.423585 0.483073 -0.802894 0.344166 0.486734 -0.857771 0.160232 0.488422 -0.755562 0.292083 0.586357 -0.904688 -0.000199243 0.426075 -0.863894 0.0362174 0.50237 -0.333847 0.864015 0.37686 -0.244134 0.924393 0.293081 -0.462163 0.789226 0.404385 -0.475298 0.699637 0.53348 -0.533645 0.610639 0.585102 -0.724117 0.368616 0.582903 -0.78372 0.177507 0.59521 -0.793759 0.0437717 0.606655 -0.85433 0.000195439 0.519731 0.0487056 0.998813 0.000233179 0.0749302 0.991689 0.104584 0.0433072 0.992742 0.1122 -0.0975588 0.962777 0.252077 -0.0173264 0.983263 0.181367 -0.189573 0.923244 0.334188 -0.280799 0.857576 0.430947 -0.409669 0.78643 0.462276 -0.356203 0.775152 0.521785 -0.427626 0.48064 0.765586 -0.503362 0.509737 0.697706 -0.631194 0.37334 0.679862 -0.650342 0.301593 0.697206 -0.538646 0.286103 0.792468 -0.701952 0.0455897 0.710764 -0.788532 0.000299368 0.614994 -0.70713 -0.000461906 0.707083 -0.680885 0.185486 0.708513 0.00042766 0.998084 0.0618679 0.0685959 0.983201 0.169144 0.0741011 0.978032 0.194838 -0.208343 0.844318 0.493681 -0.106761 0.911122 0.398069 -0.361491 0.671611 0.646733 -0.298639 0.760456 0.576647 -0.536928 0.351321 0.766996 -0.564461 0.187428 0.803899 -0.451365 0.257856 0.854272 -0.597492 0.0441152 0.80066 -0.614268 -0.000206362 0.789097 0.0354232 0.970263 0.239446 -0.0228589 0.949581 0.312686 -0.111493 0.824208 0.555204 -0.0194169 0.884466 0.466201 -0.239758 0.484246 0.84144 -0.182043 0.592753 0.784541 -0.293093 0.638575 0.711561 -0.0984001 0.145933 0.984389 -0.463437 0.177527 0.868165 -0.37311 0.224781 0.900146 -0.496041 0.0354011 0.867577 -0.519631 0.000376655 0.854391 0.0659453 0.950439 0.303836 0.0722266 0.953722 0.291888 0.0375384 0.923691 0.381295 -0.214617 0.742778 0.634209 -0.329327 0.53075 0.780928 -0.348906 0.442816 0.825941 -0.281032 0.0977333 0.954709 -0.398124 0.0187804 0.91714 -0.372478 0.145348 0.916588 -0.426272 0.000104557 0.904595 0.069471 0.917233 0.392248 0.0631587 0.893751 0.444094 0.037216 0.848464 0.527943 0.0656098 0.865838 0.496004 -0.094229 0.706904 0.701004 -0.0155032 0.788335 0.61505 -0.131945 0.449414 0.883526 -0.0268565 0.4149 0.909471 -0.0620821 0.547875 0.834253 -0.266572 0.402905 0.875561 -0.283735 0.318972 0.904296 -0.336136 -0.000330511 0.941813 0.0602963 0.795537 0.602897 0.0404894 0.738732 0.672782 0.0413363 0.602472 0.797069 0.0534016 0.705172 0.707023 0.00322866 0.653212 0.757168 -0.171983 0.36431 0.91526 -0.195536 0.275507 0.941202 -0.191528 0.0497468 0.980226 -0.248589 8.84099e-06 0.968609 0.0456026 0.601143 0.797839 0.0373817 0.494666 0.868279 0.0146233 0.508411 0.86099 -0.0608653 0.322517 0.944605 -0.0853095 0.230506 0.969324 -0.164349 0.000143721 0.986402 -0.104721 0.0138731 0.994405 0.0296843 0.391109 0.919866 0.0136318 0.283707 0.958814 -0.00106941 0.192364 0.981323 -0.0136722 0.10626 0.994244 -0.0859295 -0.000493295 0.996301 0.0220215 0.291121 0.956433 0.0147746 0.194695 0.980753 0.00787713 0.104698 0.994473 0.00224011 0.0314788 0.999502 0.142284 -0.503403 0.852256 0.289697 -0.453777 0.842711 0.185397 -0.415428 0.890532 0.0591041 -0.968989 0.239933 -0.000325526 -0.976894 0.213723 0.0102084 -0.986177 0.16538 0.321744 -0.694851 0.643166 0.364952 -0.594018 0.716905 0.199993 -0.668005 0.716779 0.0720973 -0.622383 0.779385 0.267477 -0.543455 0.795684 0.385742 -0.494285 0.779028 0.0335819 -0.00562871 0.99942 0.118342 -0.0295355 0.992534 0.104794 0.000552141 0.994494 0.0419277 -0.83844 0.543378 0.133106 -0.872353 0.470407 0.237515 -0.790294 0.564821 0.112163 -0.765179 0.633972 0.0109589 -0.240335 0.970628 0.0187863 -0.146674 0.989007 0.000172337 -0.214149 0.976801 6.26484e-05 0.000442487 1 0.00053045 -0.035487 0.99937 0.354644 -0.810148 0.466785 0.398278 -0.72213 0.5656 0.0319985 -0.000961271 0.999487 0.270468 -0.884519 0.380096 0.0540612 -0.921375 0.384897 0.155243 -0.936905 0.313223 0.396296 -0.827373 0.397999 0.34406 -0.875204 0.34006 0.0118469 -0.951387 0.307769 0.490048 -0.751768 0.441247 0.442521 -0.751729 0.488956 0.341016 -0.875272 0.342939 0.242511 -0.930711 0.273799 0.274549 -0.930741 0.241545 0.644681 -0.628268 0.435507 0.705387 -0.527571 0.47339 0.577429 -0.639885 0.507073 0.644194 -0.694806 0.319781 0.565466 -0.790317 0.235897 0.717411 -0.667845 0.198253 0.380631 -0.884664 0.269241 0.46758 -0.810322 0.353195 0.923187 -0.37715 0.0740528 0.890844 -0.415789 0.183077 0.852298 -0.503877 0.140342 0.954859 -0.280981 0.0964061 0.923412 -0.323191 0.207021 0.988167 -0.101958 0.114591 0.964288 -0.149072 0.218923 0.947537 -0.233544 0.218245 0.843294 -0.454097 0.287492 0.796195 -0.543804 0.265237 0.988895 -0.147537 0.0178588 0.997645 -0.0640928 0.0244124 0.976102 -0.187684 0.10954 0.313481 -0.936968 0.15434 0.99936 -0.0357709 0.000106336 0.999442 -0.00551117 0.0329483 0.124041 -0.975413 0.182161 0.182569 -0.975409 0.123477 0.508616 -0.639973 0.575973 0.0077461 -0.890449 0.455017 0.0454496 -0.993727 0.102177 0.102298 -0.993726 0.0452119 0.239991 -0.969003 0.0586365 1.4616e-05 -0.948082 0.318027 0.000221457 -0.904682 0.426088 0.0001438 -0.993323 0.115368 0.000570731 -0.999363 0.0356942 0.00696702 -0.999097 0.0419058 0.0418603 -0.9991 0.0069052 -0.000171337 -1 -0.000185966 0.0356654 -0.999364 0.000581489 0.115229 -0.993339 0.00017096 0.213755 -0.976887 -0.000315622 0.16527 -0.986197 0.0100283 0.307588 -0.951449 0.01159 -0.000407746 -0.84285 0.538148 0.384875 -0.921425 0.0533623 0.317906 -0.948122 1.29407e-05 0.426234 -0.904613 0.000214558 0.000249282 -0.757804 0.652482 0.00421896 -0.795524 0.605908 0.398982 -0.827445 0.395156 0.454924 -0.890499 0.00743631 0.543489 -0.838408 0.0411362 0.470643 -0.872412 0.131881 0.538299 -0.842754 -0.000401218 -0.000109061 -0.652377 0.757894 0.0261645 -0.720007 0.693473 0.00865219 -0.57353 0.819139 -0.000126857 -0.53866 0.842523 0.566654 -0.722208 0.396634 0.634412 -0.764992 0.110944 0.693579 -0.719926 0.0255797 0.605848 -0.79557 0.00398579 0.652475 -0.75781 0.000248912 0.0406556 -0.473174 0.88003 0.000166925 -0.42631 0.904577 0.855251 -0.31969 0.407853 0.783784 -0.351311 0.512117 0.750557 -0.436564 0.49606 0.779473 -0.622397 0.0710162 0.818976 -0.573769 0.00821917 0.757886 -0.652387 -0.000114074 7.34836e-05 -0.318532 0.947912 0.0757035 -0.376734 0.923223 0.437227 -0.628455 0.643333 0.779961 -0.494388 0.383722 0.717963 -0.593999 0.362897 0.842623 -0.538503 -0.000128073 0.879865 -0.473577 0.0395334 0.724478 -0.28107 0.629389 0.740323 -0.190431 0.644715 0.632728 -0.281605 0.721356 0.47537 -0.527632 0.704009 0.555234 -0.546058 0.627324 0.629022 -0.546015 0.553352 0.879997 -0.364443 0.30461 0.904673 -0.426107 0.000175893 0.212958 -0.0814176 0.973663 0.117722 -0.101198 0.987877 0.222217 -0.148483 0.963625 0.209895 -0.322629 0.92296 0.306965 -0.363797 0.879446 0.401633 -0.404605 0.821575 0.498074 -0.436853 0.749054 0.588143 -0.453727 0.669492 0.671479 -0.453559 0.586004 0.822408 -0.404751 0.399777 0.970412 -0.241233 0.0103413 0.947875 -0.318642 6.61872e-05 0.0984629 -0.280492 0.954793 0.000279363 -0.11628 0.993216 0.22167 -0.232631 0.946966 0.313379 -0.277318 0.908234 0.112267 -0.186929 0.975937 0.409098 -0.319832 0.854603 0.514162 -0.352005 0.782131 0.612813 -0.367438 0.699607 0.702036 -0.367108 0.610227 0.908713 -0.27805 0.311334 0.993201 -0.116409 0.000127746 0.976796 -0.214171 0.000144301 0.0257718 -0.0631754 0.99767 0.311516 -0.195267 0.929962 0.411229 -0.238617 0.879746 0.526735 -0.269406 0.806207 0.808109 -0.268124 0.524471 0.880162 -0.237716 0.41086 0.930303 -0.195339 0.310449 0.974171 -0.0775318 0.212083 0.943827 -0.123551 0.306474 0.306202 -0.127403 0.943403 0.416917 -0.153534 0.895884 0.540826 -0.174561 0.822822 0.648834 -0.190464 0.736708 0.825038 -0.174217 0.53755 0.896534 -0.151739 0.416176 0.992742 -0.0275835 0.11706 1 0.000520838 -0.00054025 0.194973 -2.44138e-05 0.980809 0.326748 -0.0147246 0.944997 0.432653 -0.0364229 0.900824 0.544882 -0.0645671 0.836023 0.653726 -0.088381 0.751553 0.754954 -0.0886475 0.649758 0.838426 -0.0652674 0.541094 0.902147 -0.0370332 0.429837 0.945729 -0.0147274 0.324622 0.99451 0.000611589 0.104641 0.980751 1.02138e-05 0.19526 0.999494 -0.00063756 0.0317885 0.29205 -0.00036667 0.956403 0.391932 0.00022686 0.919994 0.49596 -0.000496229 0.868345 0.602659 -0.000981847 0.797998 0.707008 0.000639025 0.707206 0.797694 -0.000923003 0.603062 0.868289 -0.000595541 0.496059 0.920009 0.00022308 0.391898 0.95639 -0.000253565 0.292091 -0.852256 -0.503403 0.142284 -0.842711 -0.453777 0.289697 -0.890532 -0.415428 0.185397 -0.239933 -0.968989 0.0591041 -0.213723 -0.976894 -0.000325526 -0.16538 -0.986177 0.0102084 -0.643166 -0.694851 0.321744 -0.716905 -0.594018 0.364952 -0.716779 -0.668005 0.199993 -0.779385 -0.622383 0.0720973 -0.795684 -0.543455 0.267477 -0.779028 -0.494285 0.385742 -0.99942 -0.00562871 0.0335819 -0.992534 -0.0295355 0.118342 -0.994494 0.000552141 0.104794 -0.543378 -0.83844 0.0419277 -0.470407 -0.872353 0.133106 -0.564821 -0.790294 0.237515 -0.633972 -0.765179 0.112163 -0.970628 -0.240335 0.0109589 -0.989007 -0.146674 0.0187863 -0.976801 -0.214149 0.000172337 -1 0.000442487 6.26484e-05 -0.99937 -0.035487 0.00053045 -0.466785 -0.810148 0.354644 -0.5656 -0.72213 0.398278 -0.999487 -0.000961271 0.0319985 -0.380096 -0.884519 0.270468 -0.384897 -0.921375 0.0540612 -0.313223 -0.936905 0.155243 -0.397999 -0.827373 0.396296 -0.34006 -0.875204 0.34406 -0.307769 -0.951387 0.0118469 -0.441247 -0.751768 0.490048 -0.488956 -0.751729 0.442521 -0.342939 -0.875272 0.341016 -0.273799 -0.930711 0.242511 -0.241545 -0.930741 0.274549 -0.435507 -0.628268 0.644681 -0.47339 -0.527571 0.705387 -0.507073 -0.639885 0.577429 -0.319781 -0.694806 0.644194 -0.235897 -0.790317 0.565466 -0.198253 -0.667845 0.717411 -0.269241 -0.884664 0.380631 -0.353195 -0.810322 0.46758 -0.0740528 -0.37715 0.923187 -0.183077 -0.415789 0.890844 -0.140342 -0.503877 0.852298 -0.0964061 -0.280981 0.954859 -0.207021 -0.323191 0.923412 -0.114591 -0.101958 0.988167 -0.218923 -0.149072 0.964288 -0.218245 -0.233544 0.947537 -0.287492 -0.454097 0.843294 -0.265237 -0.543804 0.796195 -0.0178588 -0.147537 0.988895 -0.0244124 -0.0640928 0.997645 -0.10954 -0.187684 0.976102 -0.15434 -0.936968 0.313481 -0.000106336 -0.0357709 0.99936 -0.0329483 -0.00551117 0.999442 -0.182161 -0.975413 0.124041 -0.123477 -0.975409 0.182569 -0.575973 -0.639973 0.508616 -0.455017 -0.890449 0.0077461 -0.102177 -0.993727 0.0454496 -0.0452119 -0.993726 0.102298 -0.0586365 -0.969003 0.239991 -0.318027 -0.948082 1.4616e-05 -0.426088 -0.904682 0.000221457 -0.115368 -0.993323 0.0001438 -0.0356942 -0.999363 0.000570731 -0.0419058 -0.999097 0.00696702 -0.0069052 -0.9991 0.0418603 0.000185966 -1 -0.000171337 -0.000581489 -0.999364 0.0356654 -0.00017096 -0.993339 0.115229 0.000315622 -0.976887 0.213755 -0.0100283 -0.986197 0.16527 -0.01159 -0.951449 0.307588 -0.538148 -0.84285 -0.000407746 -0.0533623 -0.921425 0.384875 -1.29407e-05 -0.948122 0.317906 -0.000214558 -0.904613 0.426234 -0.652482 -0.757804 0.000249282 -0.605908 -0.795524 0.00421896 -0.395156 -0.827445 0.398982 -0.00743631 -0.890499 0.454924 -0.0411362 -0.838408 0.543489 -0.131881 -0.872412 0.470643 0.000401218 -0.842754 0.538299 -0.757894 -0.652377 -0.000109061 -0.693473 -0.720007 0.0261645 -0.819139 -0.57353 0.00865219 -0.842523 -0.53866 -0.000126857 -0.396634 -0.722208 0.566654 -0.110944 -0.764992 0.634412 -0.0255797 -0.719926 0.693579 -0.00398579 -0.79557 0.605848 -0.000248912 -0.75781 0.652475 -0.88003 -0.473174 0.0406556 -0.904577 -0.42631 0.000166925 -0.407853 -0.31969 0.855251 -0.512117 -0.351311 0.783784 -0.49606 -0.436564 0.750557 -0.0710162 -0.622397 0.779473 -0.00821917 -0.573769 0.818976 0.000114074 -0.652387 0.757886 -0.947912 -0.318532 7.34836e-05 -0.923223 -0.376734 0.0757035 -0.643333 -0.628455 0.437227 -0.383722 -0.494388 0.779961 -0.362897 -0.593999 0.717963 0.000128073 -0.538503 0.842623 -0.0395334 -0.473577 0.879865 -0.629389 -0.28107 0.724478 -0.644715 -0.190431 0.740323 -0.721356 -0.281605 0.632728 -0.704009 -0.527632 0.47537 -0.627324 -0.546058 0.555234 -0.553352 -0.546015 0.629022 -0.30461 -0.364443 0.879997 -0.000175893 -0.426107 0.904673 -0.973663 -0.0814176 0.212958 -0.987877 -0.101198 0.117722 -0.963625 -0.148483 0.222217 -0.92296 -0.322629 0.209895 -0.879446 -0.363797 0.306965 -0.821575 -0.404605 0.401633 -0.749054 -0.436853 0.498074 -0.669492 -0.453727 0.588143 -0.586004 -0.453559 0.671479 -0.399777 -0.404751 0.822408 -0.0103413 -0.241233 0.970412 -6.61872e-05 -0.318642 0.947875 -0.954793 -0.280492 0.0984629 -0.993216 -0.11628 0.000279363 -0.946966 -0.232631 0.22167 -0.908234 -0.277318 0.313379 -0.975937 -0.186929 0.112267 -0.854603 -0.319832 0.409098 -0.782131 -0.352005 0.514162 -0.699607 -0.367438 0.612813 -0.610227 -0.367108 0.702036 -0.311334 -0.27805 0.908713 -0.000127746 -0.116409 0.993201 -0.000144301 -0.214171 0.976796 -0.99767 -0.0631754 0.0257718 -0.929962 -0.195267 0.311516 -0.879746 -0.238617 0.411229 -0.806207 -0.269406 0.526735 -0.524471 -0.268124 0.808109 -0.41086 -0.237716 0.880162 -0.310449 -0.195339 0.930303 -0.212083 -0.0775318 0.974171 -0.306474 -0.123551 0.943827 -0.943403 -0.127403 0.306202 -0.895884 -0.153534 0.416917 -0.822822 -0.174561 0.540826 -0.736708 -0.190464 0.648834 -0.53755 -0.174217 0.825038 -0.416176 -0.151739 0.896534 -0.11706 -0.0275835 0.992742 0.00054025 0.000520838 1 -0.980809 -2.44138e-05 0.194973 -0.944997 -0.0147246 0.326748 -0.900824 -0.0364229 0.432653 -0.836023 -0.0645671 0.544882 -0.751553 -0.088381 0.653726 -0.649758 -0.0886475 0.754954 -0.541094 -0.0652674 0.838426 -0.429837 -0.0370332 0.902147 -0.324622 -0.0147274 0.945729 -0.104641 0.000611589 0.99451 -0.19526 1.02138e-05 0.980751 -0.0317885 -0.00063756 0.999494 -0.956403 -0.00036667 0.29205 -0.919994 0.00022686 0.391932 -0.868345 -0.000496229 0.49596 -0.797998 -0.000981847 0.602659 -0.707206 0.000639025 0.707008 -0.603062 -0.000923003 0.797694 -0.496059 -0.000595541 0.868289 -0.391898 0.00022308 0.920009 -0.292091 -0.000253565 0.95639</float_array>
          <technique_common>
            <accessor count="2140" source="#ID7" stride="3">
              <param name="X" type="float"/>
              <param name="Y" type="float"/>
              <param name="Z" type="float"/>
            </accessor>
          </technique_common>
        </source>
        <vertices id="ID8">
          <input semantic="POSITION" source="#ID4"/>
          <input semantic="NORMAL" source="#ID6"/>
        </vertices>
        <triangles count="3330" material="ID9">
          <input offset="0" semantic="VERTEX" source="#ID8"/>
          <p>0 1 2 1 0 3 4 5 6 4 6 7 8 9 10 9 8 11 12 13 14 13 12 15 16 17 18 17 16 19 20 21 22 20 23 21 23 20 24 25 26 27 28 29 25 25 29 26 30 31 32 33 34 35 32 33 35 34 36 37 37 35 34 33 32 31 36 38 37 39 40 41 38 39 41 36 39 38 42 41 40 43 42 40 43 44 42 30 45 31 46 47 45 45 30 46 47 48 49 48 47 46 50 49 51 48 51 49 52 53 50 50 51 52 53 54 55 54 53 52 55 56 57 54 56 55 55 57 58 59 60 61 62 63 64 65 60 66 60 65 61 67 68 66 65 66 68 67 69 70 70 68 67 71 69 72 69 71 70 73 74 75 71 72 76 73 76 74 75 77 73 72 74 76 61 78 59 79 59 80 78 80 59 81 82 79 79 80 81 82 83 84 83 82 81 85 84 86 83 86 84 87 88 85 85 86 87 88 89 90 89 88 87 63 90 64 89 64 90 91 92 93 94 91 95 91 93 95 94 96 97 97 91 94 98 96 99 96 98 97 100 101 99 98 99 101 100 102 103 103 101 100 103 104 105 104 103 102 106 105 107 104 107 105 108 109 106 106 107 108 110 109 108 93 92 111 112 111 113 92 113 111 114 115 112 112 113 114 115 116 117 116 115 114 118 119 116 117 116 119 118 120 121 121 119 118 122 120 123 120 122 121 122 123 124 125 126 127 128 129 127 125 127 129 128 130 131 131 129 128 132 130 133 130 132 131 134 135 133 132 133 135 134 136 137 137 135 134 138 136 139 136 138 137 140 141 139 138 139 141 140 142 143 143 141 140 144 142 145 142 144 143 146 147 145 144 145 147 146 148 149 149 147 146 126 125 150 151 150 152 150 151 126 153 154 152 151 152 154 153 155 156 156 154 153 157 155 158 155 157 156 159 160 158 157 158 160 159 161 162 162 160 159 163 161 164 161 163 162 165 166 164 163 164 166 165 167 168 168 166 165 169 167 170 167 169 168 169 170 171 172 173 174 175 172 176 174 176 172 177 178 175 175 176 177 178 179 180 179 178 177 181 180 182 179 182 180 183 184 181 181 182 183 184 185 186 185 184 183 187 186 188 185 188 186 189 190 187 187 188 189 191 190 189 173 192 193 192 173 172 194 193 195 192 195 193 196 197 194 194 195 196 197 198 199 198 197 196 200 199 201 198 201 199 202 203 200 200 201 202 203 204 205 204 203 202 204 206 205 205 206 207 208 209 210 211 212 213 210 214 215 214 210 209 216 215 217 214 217 215 218 219 216 216 217 218 219 220 221 220 219 218 222 221 223 220 223 221 224 225 222 222 223 224 224 226 225 227 208 210 228 229 227 208 227 229 228 230 231 231 229 228 232 230 233 230 232 231 234 235 233 232 233 235 234 236 237 237 235 234 212 236 213 236 212 237 238 239 240 241 242 243 238 240 244 245 246 247 247 246 239 245 247 248 239 246 240 249 245 248 250 251 252 253 254 255 255 254 252 255 256 253 250 252 254 249 251 250 248 251 249 256 257 253 257 256 258 238 244 259 260 259 261 244 261 259 262 263 260 260 261 262 263 264 265 264 263 262 265 266 267 264 266 265 268 269 267 265 267 269 268 243 270 270 269 268 242 271 243 243 271 270 272 273 274 275 274 276 273 276 274 277 278 275 275 276 277 278 279 280 279 278 277 281 280 282 279 282 280 283 284 281 281 282 283 284 285 286 285 284 283 287 286 288 285 288 286 289 290 287 287 288 289 273 272 291 291 292 293 292 291 272 294 293 295 292 295 293 296 297 294 294 295 296 297 298 299 298 297 296 300 299 301 298 301 299 302 303 300 300 301 302 303 304 305 304 303 302 304 306 305 305 306 307 308 309 310 311 312 309 309 308 311 312 311 313 314 308 310 315 316 313 312 313 316 315 317 318 318 316 315 319 317 320 317 319 318 321 322 320 319 320 322 323 322 321 324 314 310 325 314 326 324 326 314 327 328 325 325 326 327 328 329 330 329 328 327 331 330 332 329 332 330 333 334 331 331 332 333 334 335 336 335 334 333 337 336 338 335 338 336 337 338 339 340 341 342 340 343 344 344 341 340 345 343 346 343 345 344 347 348 346 345 346 348 347 349 350 350 348 347 351 349 352 349 351 350 352 353 354 351 352 354 353 355 356 355 353 352 356 355 357 341 358 342 359 358 360 358 359 342 361 362 360 359 360 362 361 363 364 364 362 361 365 363 366 363 365 364 367 368 366 365 366 368 367 369 370 370 368 367 371 369 372 369 371 370 371 372 373 374 375 376 374 377 378 378 375 374 379 377 380 377 379 378 381 382 380 379 380 382 381 383 384 384 382 381 385 383 386 383 385 384 387 388 386 385 386 388 387 389 390 390 388 387 391 376 375 392 393 391 391 375 392 393 394 395 394 393 392 396 395 397 394 397 395 398 399 396 396 397 398 399 400 401 400 399 398 400 402 401 401 402 403 404 405 406 405 407 408 407 405 404 409 408 410 407 410 408 411 412 409 409 410 411 412 413 414 413 412 411 415 414 416 413 416 414 417 418 415 415 416 417 406 419 404 420 421 419 404 419 421 420 422 423 423 421 420 424 422 425 422 424 423 426 427 425 424 425 427 426 428 429 429 427 426 430 428 431 428 430 429 430 431 432 432 431 433 434 435 436 434 437 438 438 435 434 439 440 437 437 440 438 441 442 439 439 437 441 442 443 444 443 442 441 445 444 446 443 446 444 447 448 445 445 446 447 449 436 450 435 450 436 451 452 449 449 450 451 452 453 454 453 452 451 454 455 456 453 455 454 457 458 456 454 456 458 457 459 460 460 458 457 461 459 462 459 461 460 461 462 463 463 462 464 465 466 467 466 468 469 468 466 465 470 469 471 468 471 469 472 473 470 470 471 472 473 474 475 474 473 472 476 475 477 474 477 475 478 479 476 476 477 478 478 480 479 465 467 481 481 467 482 483 484 482 482 467 483 484 485 486 485 484 483 487 486 488 485 488 486 489 490 487 487 488 489 490 491 492 491 490 489 491 493 492 492 493 494 495 496 497 498 499 500 501 502 503 504 505 506 507 508 509 496 505 510 501 511 506 512 513 514 515 516 517 501 509 518 514 519 520 509 503 521 522 502 506 523 524 525 526 522 505 527 528 529 530 528 507 526 496 531 532 533 534 535 536 534 532 537 527 536 538 539 540 495 541 495 499 531 538 542 539 542 543 544 545 546 547 540 548 499 549 550 551 541 551 552 553 554 555 556 554 540 541 552 557 556 558 554 558 555 554 559 555 558 560 555 559 561 562 563 563 560 559 564 561 565 562 560 563 560 566 567 562 561 564 568 569 565 570 568 571 572 573 574 575 576 574 555 560 567 556 540 557 557 540 541 562 566 560 548 540 554 553 577 500 554 553 548 578 564 579 555 567 553 579 569 580 569 568 570 564 565 569 578 562 564 570 575 580 564 569 579 569 570 580 574 576 572 571 576 570 516 528 581 549 582 550 548 553 500 549 541 497 567 577 553 541 495 497 499 498 531 495 540 499 583 566 584 499 548 500 584 578 585 586 585 579 566 562 578 566 583 567 586 580 587 578 584 566 575 574 588 585 578 579 586 579 580 588 574 589 575 570 576 575 588 587 573 589 574 550 582 512 512 514 520 514 590 519 551 541 549 549 497 510 582 549 591 592 498 593 549 510 591 500 577 593 497 496 510 531 594 526 496 495 531 595 583 596 597 596 584 577 567 583 500 593 498 598 597 585 583 595 577 598 586 599 584 596 583 587 588 600 585 597 584 598 585 586 588 601 602 580 575 587 587 600 599 589 601 588 582 513 512 603 519 590 603 590 604 513 582 591 605 514 513 591 510 504 591 606 513 498 594 531 504 606 591 502 522 607 505 504 510 526 608 522 526 505 496 609 595 610 611 610 596 593 577 595 498 592 594 612 611 597 595 609 593 613 598 599 596 610 595 599 600 614 597 611 596 613 612 598 600 602 615 586 587 599 599 614 613 602 600 588 590 514 605 616 603 604 616 604 617 605 513 606 618 590 605 606 504 511 619 605 606 526 594 608 511 619 606 592 620 594 511 504 506 621 622 623 522 506 505 623 609 624 625 624 610 592 593 609 608 594 620 626 625 611 609 623 592 627 612 613 610 624 609 611 625 610 613 614 628 597 598 612 626 612 627 614 615 629 613 628 627 615 614 600 604 590 618 630 616 617 630 617 631 618 605 619 632 604 618 619 511 518 633 618 619 522 608 607 518 633 619 503 509 501 518 511 501 634 620 622 506 502 501 635 636 621 637 621 624 620 592 623 608 620 634 638 637 625 623 622 620 639 626 627 624 621 623 625 637 624 640 627 628 611 612 626 626 639 638 628 629 641 627 640 639 629 628 614 617 604 632 642 630 631 643 644 645 632 618 633 646 617 632 508 515 633 515 632 633 508 507 516 633 518 508 647 607 648 508 518 509 648 634 649 636 649 622 607 608 634 607 647 502 650 651 635 607 634 648 652 635 637 622 649 634 653 638 639 621 636 622 637 635 621 639 640 654 625 626 638 638 653 652 628 641 640 654 653 639 655 640 641 631 617 646 656 642 657 517 658 646 646 632 515 658 631 646 645 581 527 517 646 515 507 528 516 515 508 516 659 647 660 661 660 648 503 502 647 509 521 507 662 661 649 647 659 503 662 636 651 660 647 648 663 650 664 649 661 648 664 652 653 636 662 649 635 651 636 653 654 665 637 638 652 652 664 650 640 655 654 665 664 653 666 654 655 631 658 657 642 631 657 667 668 669 657 658 670 581 644 517 658 517 644 530 521 671 517 516 581 671 659 672 673 672 660 521 503 659 521 530 507 673 661 674 671 521 659 674 662 675 672 659 660 674 676 673 673 660 661 650 677 651 662 674 661 675 651 677 635 652 650 650 663 677 654 666 665 664 678 663 678 665 666 670 656 657 656 670 667 669 679 680 658 644 670 667 670 668 681 645 537 643 670 644 537 534 682 644 581 645 529 530 523 528 527 581 671 683 523 529 528 530 672 684 683 523 530 671 676 674 685 683 671 672 686 676 687 684 672 673 677 688 675 663 689 677 662 651 675 675 688 685 689 663 690 677 689 688 678 664 665 690 663 678 679 691 680 668 670 643 679 669 668 682 692 681 668 643 693 694 539 544 681 643 645 529 525 532 537 645 527 695 524 683 529 532 527 686 695 684 523 525 529 684 673 676 524 523 683 696 695 697 683 684 695 688 698 685 689 699 688 674 675 685 685 698 687 699 689 700 688 699 698 690 700 689 691 701 680 668 693 679 701 702 703 643 681 693 693 691 679 536 704 682 693 681 692 705 533 525 537 682 681 696 705 524 534 537 532 705 706 707 533 532 525 686 697 695 705 525 524 687 698 708 676 685 687 684 676 686 686 709 697 687 708 709 699 710 698 700 711 699 702 691 712 693 692 691 691 702 701 713 714 715 712 691 692 535 533 707 682 704 692 716 538 535 536 682 534 696 706 705 535 534 533 697 717 696 697 709 718 524 695 696 706 696 717 686 687 709 697 718 717 709 719 718 708 710 720 699 711 710 708 698 710 703 702 713 702 714 713 714 721 715 692 704 712 712 714 702 712 704 694 694 704 539 707 716 535 539 704 536 706 722 707 706 717 723 533 705 707 707 722 716 723 717 718 706 723 722 724 718 719 720 719 708 709 708 719 721 725 715 712 694 714 721 714 694 544 721 694 544 539 542 716 722 726 536 535 538 538 727 542 728 729 726 716 726 727 728 723 730 728 726 722 723 724 730 718 724 723 725 721 731 731 721 732 721 544 732 542 727 733 543 732 544 538 716 727 542 733 543 734 727 726 733 727 734 728 735 729 730 735 728 723 728 722 731 732 736 736 547 737 543 547 732 547 736 732 543 733 738 734 726 729 546 737 547 547 738 545 733 734 738 547 543 738 739 740 741 742 743 744 745 740 746 747 748 749 748 745 750 746 739 751 751 752 753 754 755 756 757 758 759 760 761 762 763 761 751 764 765 766 767 768 769 770 771 772 766 773 764 765 764 774 775 776 756 755 767 756 777 754 778 779 778 776 767 780 775 781 782 783 782 770 784 785 786 772 759 748 787 788 787 747 789 790 791 758 792 769 790 793 794 755 795 768 796 790 794 743 757 787 797 798 799 800 757 743 750 801 749 802 803 788 802 747 804 805 804 749 806 802 804 807 802 806 808 809 806 803 810 744 811 812 810 807 809 813 810 813 814 814 811 810 807 810 803 815 744 812 810 812 744 808 806 816 807 813 810 807 806 809 815 742 744 803 802 807 788 744 743 817 742 818 815 818 742 819 816 806 820 816 819 819 806 804 821 792 822 800 743 742 803 744 788 788 747 802 788 743 787 822 800 817 742 817 800 800 792 757 823 822 817 824 820 825 805 820 819 825 820 805 763 826 761 819 804 805 780 821 827 804 747 749 822 792 800 787 748 747 759 787 757 823 827 821 823 821 822 758 757 792 821 780 769 828 829 827 823 828 827 830 824 831 832 833 830 753 834 801 805 831 825 835 745 759 749 801 805 758 768 835 750 749 748 836 837 829 748 759 745 758 835 759 780 827 829 792 821 769 769 768 758 767 769 780 838 836 829 829 828 838 837 775 829 839 836 838 825 831 824 832 840 833 805 801 831 832 830 831 750 746 753 831 801 834 795 740 835 750 753 801 754 841 755 750 745 746 756 778 754 745 835 740 842 843 836 768 795 835 767 755 768 780 829 775 756 767 775 776 837 843 844 842 836 844 836 839 840 845 846 831 834 832 845 840 832 845 752 760 834 845 832 847 848 741 834 753 752 841 741 795 746 751 753 777 849 754 746 740 739 850 784 772 741 740 795 781 843 842 841 795 755 851 852 853 837 836 843 775 837 776 778 756 776 844 853 842 779 843 781 781 842 852 854 853 844 834 752 845 760 846 845 763 739 848 760 752 761 855 856 847 751 761 752 847 841 849 739 763 751 857 858 777 739 741 848 777 778 859 741 841 847 783 859 779 849 841 754 770 852 851 771 770 851 776 843 779 778 779 859 842 853 852 783 779 781 853 854 851 852 770 782 860 851 854 846 861 862 863 864 865 864 863 861 762 861 760 848 866 763 762 761 826 855 867 856 866 826 763 855 849 858 856 866 848 868 869 870 847 856 848 857 859 871 849 855 847 871 783 872 777 858 849 873 871 874 777 859 857 871 859 783 875 876 771 781 852 782 784 872 782 851 860 771 770 772 784 771 876 785 875 771 860 861 846 760 862 861 863 864 877 865 826 866 878 865 877 879 866 856 880 881 826 878 867 882 883 878 866 880 858 882 855 880 856 867 857 884 858 882 867 855 871 873 857 884 882 858 872 874 871 884 857 873 784 885 872 886 887 888 783 782 872 885 874 872 889 876 789 850 885 784 786 850 772 771 785 772 876 889 785 890 876 875 762 881 864 864 861 762 878 880 891 762 826 881 881 892 877 867 893 880 878 891 892 894 895 883 891 880 893 882 884 894 893 867 883 884 873 896 883 882 894 874 897 873 896 894 884 874 885 898 896 873 897 885 850 870 897 874 898 786 868 850 898 885 870 889 886 786 850 868 870 886 868 786 789 876 890 785 889 786 789 791 889 899 789 890 877 864 881 765 774 879 893 900 891 881 878 892 901 765 892 883 902 893 891 900 901 903 904 905 900 893 902 894 896 906 902 883 895 896 897 907 895 894 906 898 908 897 896 907 906 870 909 898 907 897 908 910 887 911 908 898 909 868 886 888 909 870 869 791 887 886 869 868 888 796 911 887 790 789 899 889 791 886 791 790 796 793 790 899 892 765 877 879 877 765 912 766 913 891 901 892 901 766 765 913 766 900 914 915 903 902 915 913 906 907 904 895 916 915 908 917 907 906 904 916 909 918 908 907 917 904 869 919 909 908 918 917 920 921 919 909 919 918 920 888 910 869 888 920 796 922 911 888 887 910 798 922 794 799 798 794 791 796 887 796 794 922 793 799 794 912 773 766 900 766 901 914 912 913 902 913 900 914 913 915 895 915 902 915 916 903 906 916 895 904 903 916 905 917 923 917 905 904 923 918 924 918 923 917 924 919 921 919 924 918 921 920 925 926 925 910 869 920 919 910 925 920 911 927 926 911 926 910 928 922 929 929 798 930 929 922 798 798 797 930 914 903 931 931 903 932 903 905 932 932 905 933 905 923 933 933 923 934 934 924 935 934 923 924 935 921 936 935 924 921 936 925 937 936 921 925 937 926 927 937 925 926 927 911 928 911 922 928 938 939 940 939 941 942 943 944 945 946 942 944 946 943 947 948 949 950 951 952 953 940 939 942 949 948 952 938 940 954 955 956 950 956 957 958 955 950 949 959 960 942 961 951 962 943 963 964 965 959 966 967 968 969 948 970 953 967 971 968 953 962 951 972 973 971 974 975 976 969 977 967 978 979 980 953 952 948 981 982 983 984 985 970 976 948 950 986 987 988 989 990 991 992 993 994 995 984 996 997 998 986 997 988 992 999 992 1000 1000 994 1001 990 1002 1003 1003 1004 1005 1006 1004 1002 1001 1004 1007 1008 991 1009 1010 1009 1011 1010 1012 1008 1008 1013 1014 1015 1016 1017 1018 1019 1012 1017 1020 1021 1022 1023 1024 984 1025 985 961 964 963 963 943 945 962 953 985 964 961 962 958 987 956 962 985 964 956 955 957 985 953 970 948 976 970 1026 958 1027 1028 958 957 950 956 974 958 1026 987 1029 1030 1027 958 1028 1027 1025 1031 1032 945 944 941 941 944 942 947 964 1025 944 943 946 1033 995 996 943 964 947 996 970 976 964 985 1025 1026 1030 993 974 956 987 976 950 974 984 970 996 1026 1027 1030 996 976 975 987 986 974 1026 993 988 1029 1034 1030 954 977 969 1035 959 946 977 954 940 1032 1036 1037 942 960 940 1035 947 1032 946 959 942 995 1031 984 947 1035 946 1033 1038 1039 947 1025 1032 1033 975 998 1025 984 1031 999 1040 997 1041 1042 1043 975 974 986 1033 996 975 986 998 975 1034 993 1030 987 1026 988 988 997 986 992 988 993 1041 1043 1034 1034 1029 1041 1043 994 1034 1044 1042 1041 960 965 1045 977 940 960 967 977 1045 1046 1047 1037 1045 977 960 1035 1037 966 959 965 960 1048 1036 1031 1035 966 959 1039 1049 1050 1032 1037 1035 995 1039 1048 1031 1036 1032 1040 1051 1052 995 1048 1031 998 1040 1038 1039 995 1033 1053 999 1000 1033 998 1038 1054 1005 1042 1040 998 997 992 999 997 993 1034 994 1000 992 994 1001 1043 1005 1055 1042 1044 1045 1056 967 972 971 967 1045 965 1057 972 967 1056 1047 1058 1059 1045 1057 1056 966 1047 1059 1057 965 1059 1060 1046 1036 1059 965 966 1061 1062 1050 1047 966 1037 1048 1050 1060 1036 1046 1037 1052 1063 1064 1048 1060 1036 1038 1052 1049 1039 1050 1048 1053 1051 999 1038 1049 1039 1007 1053 1000 1052 1038 1040 1006 1007 1004 1051 1040 999 1054 1065 1066 1043 1042 1005 994 1043 1001 1001 1007 1000 1042 1055 1054 1004 1001 1005 1054 1066 1003 1067 1054 1055 973 983 1068 983 982 1068 1069 1070 1071 972 980 983 1069 1056 1057 1056 1069 980 1070 1057 1059 1069 1057 1070 1072 1073 1074 1070 1059 1058 1046 1072 1074 1058 1047 1074 1060 1062 1072 1074 1047 1046 1075 1076 1064 1072 1046 1060 1049 1064 1061 1050 1062 1060 1077 1063 1051 1049 1061 1050 1078 1077 1053 1052 1064 1049 1079 1080 1006 1063 1052 1051 1007 1006 1078 1051 1053 1077 1002 1079 1006 1053 1007 1078 1081 1065 1082 1067 1065 1054 1005 1054 1003 1002 1004 1003 990 1066 1081 1083 1065 1067 973 972 983 978 1084 979 972 1056 980 979 983 980 1070 1058 1085 1069 1071 978 1086 1073 1087 1070 1085 1071 1074 1086 1058 1085 1058 1086 1062 1088 1072 1086 1074 1073 1089 1076 1090 1073 1072 1088 1061 1076 1089 1089 1088 1062 1091 1075 1063 1061 1089 1062 1091 1077 1092 1076 1061 1064 1093 1094 1080 1075 1064 1063 1078 1080 1092 1077 1091 1063 1002 989 1079 1077 1078 1092 1009 1081 1082 1080 1078 1006 1009 1082 1011 1066 1065 1081 1003 1066 990 989 1002 990 1065 1083 1082 1081 1009 991 1095 1082 1083 981 983 979 1069 978 980 1071 1085 1096 1084 1071 1096 1097 1085 1086 1096 1085 1097 1073 1088 1098 1086 1087 1097 1099 1090 1100 1073 1098 1087 1089 1099 1088 1098 1088 1099 1075 1101 1076 1099 1089 1090 1102 1091 1103 1090 1076 1101 1103 1092 1094 1101 1075 1102 1093 1104 1094 1091 1102 1075 1105 1093 1079 1092 1103 1091 1105 989 1014 1094 1092 1080 1106 1105 1107 1080 1079 1093 1079 989 1105 1011 1108 1010 990 1081 991 1008 1014 991 1082 1095 1011 1009 1010 1008 1109 1011 1095 1084 978 1071 1084 1096 1110 1111 1110 1112 1112 1096 1097 1096 1112 1110 1098 1113 1087 1114 1112 1097 1100 1115 1116 1087 1113 1114 1116 1098 1099 1113 1098 1116 1090 1101 1117 1116 1099 1100 1101 1102 1118 1100 1090 1117 1102 1103 1119 1117 1101 1118 1104 1120 1121 1102 1119 1118 1121 1103 1094 1119 1103 1121 1105 1106 1093 1121 1094 1104 1014 1107 1105 1104 1093 1106 1122 1016 1019 1018 1010 1108 989 991 1014 1014 1013 1107 1108 1123 1018 1012 1013 1008 1011 1109 1108 1010 1018 1012 1124 1108 1109 1111 1112 1125 1114 1125 1112 1126 1127 1125 1087 1114 1097 1125 1114 1126 1127 1126 1128 1128 1126 1113 1100 1117 1129 1116 1115 1128 1117 1118 1130 1100 1129 1115 1118 1119 1131 1117 1130 1129 1120 1132 1133 1118 1131 1130 1133 1119 1121 1131 1119 1133 1104 1106 1134 1133 1121 1120 1106 1107 1135 1120 1104 1134 1107 1013 1136 1134 1106 1135 1013 1012 1137 1136 1135 1107 1122 1018 1123 1137 1136 1013 1138 1139 1123 1137 1012 1019 1108 1124 1123 1018 1122 1019 1138 1123 1124 1128 1140 1127 1113 1126 1114 1140 1128 1115 1116 1128 1113 1141 1142 1143 1115 1142 1140 1131 1144 1130 1143 1142 1129 1145 1146 1147 1130 1144 1143 1148 1131 1133 1144 1131 1148 1120 1134 1149 1148 1133 1132 1134 1135 1150 1132 1120 1149 1135 1136 1151 1149 1134 1150 1136 1137 1152 1135 1151 1150 1137 1019 1153 1136 1152 1151 1154 1022 1020 1153 1152 1137 1155 1156 1139 1016 1153 1019 1122 1139 1157 1138 1155 1139 1123 1139 1122 1140 1142 1158 1141 1158 1142 1129 1142 1115 1159 1141 1143 1130 1143 1129 1159 1143 1144 1144 1147 1159 1148 1147 1144 1132 1149 1160 1145 1147 1148 1149 1150 1161 1132 1160 1145 1150 1151 1162 1149 1161 1160 1152 1163 1151 1150 1162 1161 1153 1164 1152 1151 1163 1162 1016 1015 1153 1152 1164 1163 1157 1017 1016 1164 1153 1015 1139 1156 1157 1122 1157 1016 1156 1154 1157 1155 1165 1156 1141 1159 1166 1159 1147 1166 1166 1147 1146 1167 1146 1145 1160 1168 1167 1132 1145 1148 1169 1170 1168 1145 1160 1167 1171 1172 1169 1169 1168 1161 1173 1174 1171 1171 1169 1162 1175 1176 1173 1173 1171 1163 1021 1177 1175 1175 1173 1164 1178 1021 1020 1021 1175 1015 1022 1024 1179 1154 1156 1180 1157 1154 1017 1154 1180 1022 1165 1180 1156 1168 1170 1167 1169 1172 1170 1161 1168 1160 1171 1174 1172 1162 1169 1161 1173 1176 1174 1163 1171 1162 1175 1177 1176 1164 1173 1163 1021 1181 1177 1015 1175 1164 1178 1181 1021 1017 1021 1015 1179 1178 1020 1154 1020 1017 1179 1020 1022 1022 1180 1023 1182 1183 1184 1185 1186 1187 1188 1189 1190 1191 1192 1193 1194 1195 1190 1189 1192 1191 1196 1184 1197 1198 1192 1199 1200 1197 1194 1190 1195 1201 1199 1186 1185 1202 1198 1203 1197 1204 1196 1183 1205 1201 1197 1200 1204 1185 1206 1203 1185 1198 1199 1207 1208 1209 1210 1203 1209 1211 1212 1213 1214 1212 1215 1216 1207 1217 1218 1219 1220 1221 1216 1213 1222 1223 1224 1225 1226 1223 1226 1227 1223 1206 1228 1209 1199 1192 1188 1229 1230 1231 1224 1223 1227 1205 1232 1233 1234 1188 1201 1235 1229 1187 1236 1234 1205 1237 1238 1239 1233 1240 1236 1230 1241 1242 1243 1244 1245 1246 1247 1245 1248 1249 1250 1251 1245 1252 1253 1254 1255 1253 1256 1257 1194 1190 1189 1204 1258 1196 1194 1197 1195 1259 1196 1258 1184 1196 1259 1197 1184 1195 1189 1188 1192 1190 1201 1188 1260 1261 1259 1184 1259 1261 1195 1184 1183 1261 1262 1182 1263 1193 1202 1192 1198 1202 1192 1202 1193 1262 1264 1182 1261 1182 1184 1201 1195 1183 1188 1234 1199 1201 1205 1234 1265 1262 1260 1260 1262 1261 1183 1182 1232 1266 1262 1265 1267 1263 1268 1202 1210 1263 1210 1268 1263 1234 1186 1199 1210 1202 1203 1269 1187 1186 1198 1185 1203 1270 1271 1264 1232 1182 1264 1205 1183 1232 1186 1234 1236 1264 1262 1270 1233 1236 1205 1272 1232 1264 1273 1270 1266 1262 1266 1270 1274 1267 1275 1276 1274 1221 1274 1276 1277 1208 1216 1275 1268 1208 1275 1278 1241 1235 1209 1208 1210 1269 1186 1236 1203 1206 1209 1279 1239 1272 1187 1206 1185 1280 1281 1282 1272 1264 1271 1233 1232 1272 1236 1240 1269 1270 1273 1271 1239 1233 1272 1279 1271 1280 1282 1281 1273 1273 1281 1271 1267 1268 1275 1277 1283 1284 1268 1210 1208 1275 1221 1274 1285 1286 1287 1221 1275 1216 1229 1206 1187 1216 1208 1207 1269 1235 1187 1207 1209 1228 1278 1269 1240 1229 1228 1206 1288 1237 1279 1289 1280 1290 1240 1233 1239 1235 1269 1278 1240 1239 1238 1271 1281 1280 1272 1271 1279 1239 1279 1237 1289 1288 1280 1290 1280 1282 1291 1284 1292 1276 1283 1277 1283 1215 1292 1276 1214 1283 1293 1207 1228 1214 1221 1213 1231 1228 1229 1216 1217 1213 1230 1229 1235 1217 1207 1293 1243 1294 1295 1228 1231 1293 1278 1238 1295 1243 1295 1244 1278 1240 1238 1241 1230 1235 1289 1296 1297 1241 1278 1295 1237 1244 1238 1279 1280 1288 1288 1297 1246 1296 1289 1290 1292 1218 1291 1276 1221 1214 1298 1299 1300 1214 1215 1283 1217 1301 1211 1213 1212 1214 1293 1302 1301 1217 1211 1213 1231 1303 1302 1293 1301 1217 1230 1242 1303 1302 1293 1231 1241 1294 1242 1230 1303 1231 1250 1304 1251 1244 1237 1246 1295 1238 1244 1295 1294 1241 1305 1247 1297 1288 1289 1297 1237 1288 1246 1244 1246 1245 1296 1305 1297 1292 1284 1283 1220 1291 1218 1306 1307 1308 1309 1215 1310 1310 1212 1311 1215 1309 1292 1311 1211 1312 1212 1310 1215 1312 1301 1313 1311 1212 1211 1302 1314 1313 1301 1312 1211 1314 1303 1287 1302 1313 1301 1287 1242 1315 1314 1302 1303 1315 1294 1304 1287 1303 1242 1304 1243 1251 1242 1294 1315 1294 1243 1304 1245 1251 1243 1246 1297 1247 1247 1316 1252 1317 1247 1305 1318 1218 1292 1319 1220 1219 1320 1309 1321 1318 1292 1309 1322 1218 1318 1321 1310 1323 1320 1318 1309 1311 1324 1323 1321 1309 1310 1324 1312 1325 1323 1310 1311 1325 1313 1326 1324 1311 1312 1314 1286 1326 1313 1325 1312 1327 1285 1315 1326 1313 1314 1250 1327 1304 1286 1314 1287 1256 1250 1251 1285 1287 1315 1257 1328 1253 1327 1315 1304 1329 1257 1316 1316 1247 1317 1245 1247 1252 1252 1257 1256 1317 1329 1316 1219 1218 1322 1330 1222 1319 1308 1320 1331 1322 1318 1320 1219 1322 1307 1321 1332 1331 1322 1320 1308 1323 1333 1332 1320 1321 1331 1324 1300 1333 1332 1321 1323 1300 1325 1298 1333 1323 1324 1326 1334 1298 1300 1324 1325 1286 1335 1334 1298 1325 1326 1285 1336 1335 1326 1286 1334 1327 1249 1336 1286 1285 1335 1336 1337 1338 1285 1327 1336 1256 1248 1250 1252 1316 1257 1251 1252 1256 1256 1253 1248 1329 1328 1257 1219 1307 1330 1330 1319 1219 1330 1307 1225 1322 1308 1307 1307 1306 1225 1339 1308 1331 1308 1339 1306 1340 1331 1332 1331 1340 1339 1341 1332 1333 1332 1341 1340 1342 1333 1300 1341 1333 1342 1298 1334 1343 1342 1300 1299 1335 1344 1334 1299 1298 1343 1336 1338 1335 1343 1334 1344 1249 1337 1336 1335 1338 1344 1248 1345 1249 1248 1253 1255 1327 1250 1249 1249 1345 1337 1254 1346 1255 1248 1255 1345 1328 1254 1253 1330 1225 1223 1222 1330 1223 1226 1225 1347 1225 1306 1347 1339 1348 1306 1340 1349 1339 1339 1349 1348 1341 1350 1340 1340 1350 1349 1342 1351 1341 1341 1351 1350 1299 1352 1342 1342 1352 1351 1343 1353 1299 1299 1353 1352 1344 1354 1343 1343 1354 1353 1355 1344 1338 1344 1355 1354 1337 1355 1338 1345 1356 1357 1357 1337 1345 1255 1358 1356 1356 1345 1255 1346 1358 1255 1347 1306 1359 1359 1306 1348 1359 1348 1360 1348 1349 1360 1360 1349 1361 1349 1350 1361 1361 1350 1362 1362 1351 1363 1362 1350 1351 1363 1352 1364 1363 1351 1352 1364 1353 1365 1364 1352 1353 1365 1354 1366 1365 1353 1354 1366 1355 1367 1366 1354 1355 1367 1355 1357 1337 1357 1355 1368 1369 1370 1371 1372 1373 1374 1375 1376 1377 1378 1379 1380 1381 1376 1375 1378 1377 1382 1370 1383 1384 1378 1385 1386 1383 1380 1376 1381 1387 1385 1372 1371 1388 1384 1389 1383 1390 1382 1369 1391 1387 1383 1386 1390 1371 1392 1389 1371 1384 1385 1393 1394 1395 1396 1389 1395 1397 1398 1399 1400 1398 1401 1402 1393 1403 1404 1405 1406 1407 1402 1399 1408 1409 1410 1411 1412 1409 1412 1413 1409 1392 1414 1395 1385 1378 1374 1415 1416 1417 1410 1409 1413 1391 1418 1419 1420 1374 1387 1421 1415 1373 1422 1420 1391 1423 1424 1425 1419 1426 1422 1416 1427 1428 1429 1430 1431 1432 1433 1431 1434 1435 1436 1437 1431 1438 1439 1440 1441 1439 1442 1443 1380 1376 1375 1390 1444 1382 1380 1383 1381 1445 1382 1444 1370 1382 1445 1383 1370 1381 1375 1374 1378 1376 1387 1374 1446 1447 1445 1370 1445 1447 1381 1370 1369 1447 1448 1368 1449 1379 1388 1378 1384 1388 1378 1388 1379 1448 1450 1368 1447 1368 1370 1387 1381 1369 1374 1420 1385 1387 1391 1420 1451 1448 1446 1446 1448 1447 1369 1368 1418 1452 1448 1451 1453 1449 1454 1388 1396 1449 1396 1454 1449 1420 1372 1385 1396 1388 1389 1455 1373 1372 1384 1371 1389 1456 1457 1450 1418 1368 1450 1391 1369 1418 1372 1420 1422 1450 1448 1456 1419 1422 1391 1458 1418 1450 1459 1456 1452 1448 1452 1456 1460 1453 1461 1462 1460 1407 1460 1462 1463 1394 1402 1461 1454 1394 1461 1464 1427 1421 1395 1394 1396 1455 1372 1422 1389 1392 1395 1465 1425 1458 1373 1392 1371 1466 1467 1468 1458 1450 1457 1419 1418 1458 1422 1426 1455 1456 1459 1457 1425 1419 1458 1465 1457 1466 1468 1467 1459 1459 1467 1457 1453 1454 1461 1463 1469 1470 1454 1396 1394 1461 1407 1460 1471 1472 1473 1407 1461 1402 1415 1392 1373 1402 1394 1393 1455 1421 1373 1393 1395 1414 1464 1455 1426 1415 1414 1392 1474 1423 1465 1475 1466 1476 1426 1419 1425 1421 1455 1464 1426 1425 1424 1457 1467 1466 1458 1457 1465 1425 1465 1423 1475 1474 1466 1476 1466 1468 1477 1470 1478 1462 1469 1463 1469 1401 1478 1462 1400 1469 1479 1393 1414 1400 1407 1399 1417 1414 1415 1402 1403 1399 1416 1415 1421 1403 1393 1479 1429 1480 1481 1414 1417 1479 1464 1424 1481 1429 1481 1430 1464 1426 1424 1427 1416 1421 1475 1482 1483 1427 1464 1481 1423 1430 1424 1465 1466 1474 1474 1483 1432 1482 1475 1476 1478 1404 1477 1462 1407 1400 1484 1485 1486 1400 1401 1469 1403 1487 1397 1399 1398 1400 1479 1488 1487 1403 1397 1399 1417 1489 1488 1479 1487 1403 1416 1428 1489 1488 1479 1417 1427 1480 1428 1416 1489 1417 1436 1490 1437 1430 1423 1432 1481 1424 1430 1481 1480 1427 1491 1433 1483 1474 1475 1483 1423 1474 1432 1430 1432 1431 1482 1491 1483 1478 1470 1469 1406 1477 1404 1492 1493 1494 1495 1401 1496 1496 1398 1497 1401 1495 1478 1497 1397 1498 1398 1496 1401 1498 1487 1499 1497 1398 1397 1488 1500 1499 1487 1498 1397 1500 1489 1473 1488 1499 1487 1473 1428 1501 1500 1488 1489 1501 1480 1490 1473 1489 1428 1490 1429 1437 1428 1480 1501 1480 1429 1490 1431 1437 1429 1432 1483 1433 1433 1502 1438 1503 1433 1491 1504 1404 1478 1505 1406 1405 1506 1495 1507 1504 1478 1495 1508 1404 1504 1507 1496 1509 1506 1504 1495 1497 1510 1509 1507 1495 1496 1510 1498 1511 1509 1496 1497 1511 1499 1512 1510 1497 1498 1500 1472 1512 1499 1511 1498 1513 1471 1501 1512 1499 1500 1436 1513 1490 1472 1500 1473 1442 1436 1437 1471 1473 1501 1443 1514 1439 1513 1501 1490 1515 1443 1502 1502 1433 1503 1431 1433 1438 1438 1443 1442 1503 1515 1502 1405 1404 1508 1516 1408 1505 1494 1506 1517 1508 1504 1506 1405 1508 1493 1507 1518 1517 1508 1506 1494 1509 1519 1518 1506 1507 1517 1510 1486 1519 1518 1507 1509 1486 1511 1484 1519 1509 1510 1512 1520 1484 1486 1510 1511 1472 1521 1520 1484 1511 1512 1471 1522 1521 1512 1472 1520 1513 1435 1522 1472 1471 1521 1522 1523 1524 1471 1513 1522 1442 1434 1436 1438 1502 1443 1437 1438 1442 1442 1439 1434 1515 1514 1443 1405 1493 1516 1516 1505 1405 1516 1493 1411 1508 1494 1493 1493 1492 1411 1525 1494 1517 1494 1525 1492 1526 1517 1518 1517 1526 1525 1527 1518 1519 1518 1527 1526 1528 1519 1486 1527 1519 1528 1484 1520 1529 1528 1486 1485 1521 1530 1520 1485 1484 1529 1522 1524 1521 1529 1520 1530 1435 1523 1522 1521 1524 1530 1434 1531 1435 1434 1439 1441 1513 1436 1435 1435 1531 1523 1440 1532 1441 1434 1441 1531 1514 1440 1439 1516 1411 1409 1408 1516 1409 1412 1411 1533 1411 1492 1533 1525 1534 1492 1526 1535 1525 1525 1535 1534 1527 1536 1526 1526 1536 1535 1528 1537 1527 1527 1537 1536 1485 1538 1528 1528 1538 1537 1529 1539 1485 1485 1539 1538 1530 1540 1529 1529 1540 1539 1541 1530 1524 1530 1541 1540 1523 1541 1524 1531 1542 1543 1543 1523 1531 1441 1544 1542 1542 1531 1441 1532 1544 1441 1533 1492 1545 1545 1492 1534 1545 1534 1546 1534 1535 1546 1546 1535 1547 1535 1536 1547 1547 1536 1548 1548 1537 1549 1548 1536 1537 1549 1538 1550 1549 1537 1538 1550 1539 1551 1550 1538 1539 1551 1540 1552 1551 1539 1540 1552 1541 1553 1552 1540 1541 1553 1541 1543 1523 1543 1541 1554 1555 1556 1557 1554 1558 1559 1560 1561 1554 1562 1563 1564 1563 1565 1565 1566 1567 1568 1564 1567 1569 1570 1571 1572 1567 1573 1569 1574 1575 1572 1576 1568 1571 1577 1578 1579 1580 1572 1581 1578 1577 1582 1583 1584 1585 1586 1587 1588 1580 1589 1590 1588 1589 1579 1591 1580 1592 1593 1594 1589 1580 1591 1595 1588 1590 1595 1596 1592 1576 1580 1597 1598 1592 1596 1590 1596 1595 1592 1598 1599 1600 1601 1602 1598 1603 1599 1573 1582 1579 1603 1604 1605 1573 1566 1606 1583 1582 1606 1607 1608 1602 1609 1610 1611 1609 1601 1606 1612 1611 1613 1614 1607 1612 1607 1615 1616 1617 1618 1619 1620 1621 1622 1623 1624 1625 1626 1627 1628 1626 1629 1627 1584 1579 1582 1630 1588 1595 1584 1591 1579 1576 1572 1580 1580 1588 1597 1605 1631 1599 1588 1630 1597 1605 1599 1603 1594 1595 1592 1599 1631 1593 1632 1605 1633 1605 1604 1633 1600 1583 1601 1634 1635 1636 1630 1637 1597 1606 1582 1573 1638 1634 1594 1572 1573 1579 1639 1638 1593 1631 1639 1593 1630 1595 1594 1576 1597 1637 1594 1634 1630 1605 1632 1631 1592 1599 1593 1594 1593 1638 1640 1631 1632 1607 1616 1608 1583 1606 1601 1602 1612 1607 1609 1566 1641 1602 1601 1612 1565 1563 1562 1611 1601 1609 1637 1642 1576 1606 1566 1609 1567 1564 1565 1573 1567 1566 1568 1567 1572 1635 1638 1643 1637 1630 1634 1576 1642 1568 1644 1645 1639 1634 1636 1637 1631 1640 1639 1635 1634 1638 1639 1645 1643 1644 1639 1640 1616 1646 1647 1611 1612 1601 1615 1646 1616 1610 1648 1613 1615 1607 1614 1641 1649 1610 1614 1612 1613 1641 1565 1562 1610 1613 1611 1642 1650 1568 1610 1609 1641 1651 1652 1636 1566 1565 1641 1653 1651 1635 1654 1652 1651 1642 1637 1636 1564 1568 1650 1655 1645 1656 1636 1652 1642 1635 1651 1636 1638 1639 1643 1643 1655 1653 1656 1645 1644 1657 1621 1647 1614 1658 1615 1659 1660 1658 1615 1617 1646 1614 1613 1659 1615 1658 1617 1649 1661 1648 1658 1614 1659 1662 1663 1575 1648 1659 1613 1650 1664 1564 1649 1648 1610 1562 1554 1557 1649 1641 1562 1665 1652 1654 1654 1651 1666 1650 1642 1652 1564 1664 1563 1665 1654 1667 1652 1665 1650 1668 1669 1655 1643 1645 1655 1635 1643 1653 1653 1669 1666 1656 1668 1655 1646 1617 1657 1657 1647 1646 1622 1621 1657 1657 1619 1624 1618 1670 1671 1617 1619 1657 1672 1659 1648 1658 1618 1617 1661 1673 1672 1658 1660 1618 1557 1649 1562 1660 1659 1672 1563 1664 1555 1648 1661 1672 1557 1558 1674 1557 1661 1649 1675 1665 1667 1676 1667 1654 1664 1650 1665 1563 1555 1554 1666 1669 1677 1665 1675 1664 1678 1677 1669 1653 1655 1669 1651 1653 1666 1666 1677 1676 1668 1678 1669 1620 1627 1679 1680 1628 1681 1623 1682 1683 1657 1624 1622 1620 1622 1627 1625 1619 1671 1623 1622 1624 1684 1671 1685 1619 1625 1624 1686 1660 1672 1671 1619 1618 1686 1559 1687 1660 1670 1618 1674 1661 1557 1660 1686 1670 1575 1688 1689 1686 1672 1673 1560 1674 1689 1673 1661 1674 1690 1675 1691 1692 1690 1691 1555 1664 1675 1554 1556 1558 1693 1676 1677 1675 1690 1555 1667 1691 1675 1677 1694 1695 1654 1666 1676 1696 1676 1693 1678 1694 1677 1697 1627 1622 1629 1679 1627 1680 1698 1699 1697 1622 1623 1627 1697 1681 1682 1625 1684 1697 1623 1683 1684 1700 1701 1682 1623 1625 1685 1670 1687 1684 1625 1671 1687 1702 1703 1670 1685 1671 1673 1560 1559 1686 1687 1670 1689 1674 1558 1686 1673 1559 1662 1556 1704 1560 1673 1674 1705 1692 1691 1706 1704 1692 1556 1555 1690 1556 1662 1558 1691 1667 1696 1704 1556 1690 1696 1693 1707 1708 1693 1695 1667 1676 1696 1705 1696 1707 1695 1693 1677 1628 1627 1681 1626 1628 1680 1709 1699 1698 1697 1683 1681 1698 1680 1681 1682 1701 1710 1683 1709 1681 1701 1711 1712 1710 1683 1682 1700 1685 1703 1701 1682 1684 1713 1714 1715 1700 1684 1685 1702 1559 1561 1703 1685 1687 1561 1560 1688 1702 1687 1559 1578 1581 1716 1692 1717 1706 1689 1558 1662 1560 1689 1688 1704 1690 1692 1575 1689 1662 1706 1718 1663 1663 1662 1704 1705 1707 1719 1707 1693 1708 1691 1696 1705 1705 1719 1717 1720 1707 1708 1699 1721 1722 1681 1709 1698 1721 1709 1723 1683 1710 1709 1709 1721 1699 1709 1710 1723 1710 1712 1723 1700 1724 1711 1710 1701 1712 1703 1715 1724 1711 1701 1700 1715 1702 1725 1724 1700 1703 1725 1561 1726 1715 1703 1702 1726 1688 1574 1561 1725 1702 1718 1569 1663 1726 1561 1688 1663 1704 1706 1575 1574 1688 1570 1718 1727 1569 1575 1663 1717 1719 1728 1719 1707 1720 1692 1705 1717 1728 1729 1717 1730 1719 1720 1722 1721 1731 1723 1731 1721 1731 1723 1732 1732 1733 1734 1723 1733 1732 1712 1733 1723 1724 1714 1735 1711 1736 1712 1737 1738 1739 1735 1711 1724 1713 1725 1740 1714 1724 1715 1740 1726 1741 1713 1715 1725 1574 1571 1741 1726 1740 1725 1727 1718 1729 1574 1741 1726 1718 1706 1729 1571 1574 1569 1727 1729 1728 1719 1730 1728 1706 1717 1729 1742 1728 1730 1731 1732 1734 1743 1734 1733 1733 1744 1743 1712 1736 1733 1744 1745 1746 1711 1735 1736 1736 1744 1733 1744 1747 1745 1736 1735 1747 1737 1713 1748 1735 1714 1739 1740 1749 1748 1737 1714 1713 1741 1578 1749 1713 1740 1748 1749 1740 1741 1578 1741 1571 1750 1727 1751 1569 1718 1570 1570 1750 1577 1727 1728 1742 1751 1727 1742 1744 1746 1743 1746 1745 1752 1736 1747 1744 1753 1745 1754 1735 1739 1747 1714 1737 1739 1747 1739 1754 1755 1737 1748 1737 1755 1738 1756 1748 1749 1748 1756 1755 1716 1749 1578 1716 1756 1749 1757 1758 1750 1570 1727 1750 1571 1570 1577 1577 1758 1581 1751 1757 1750 1753 1752 1745 1747 1754 1745 1759 1753 1754 1739 1738 1754 1738 1759 1754 1738 1760 1759 1755 1760 1738 1761 1760 1755 1756 1761 1755 1716 1762 1756 1756 1762 1761 1581 1585 1716 1762 1716 1585 1577 1750 1758 1586 1585 1758 1757 1763 1758 1759 1760 1764 1764 1760 1765 1760 1761 1765 1765 1761 1766 1761 1762 1766 1766 1762 1767 1762 1585 1767 1587 1767 1585 1585 1581 1758 1763 1586 1758 1768 1769 1770 1771 1772 1773 1774 1775 1776 1777 1776 1778 1769 1778 1779 1780 1781 1782 1783 1784 1785 1786 1785 1774 1787 1788 1789 1790 1791 1780 1792 1793 1785 1780 1782 1794 1795 1792 1784 1796 1797 1795 1780 1794 1790 1798 1795 1799 1797 1800 1771 1798 1801 1802 1803 1804 1805 1806 1807 1808 1809 1810 1811 1812 1813 1803 1814 1815 1816 1817 1818 1815 1819 1820 1821 1822 1823 1815 1824 1825 1826 1827 1812 1805 1828 1829 1825 1804 1771 1830 1805 1830 1831 1832 1802 1808 1799 1795 1797 1796 1784 1833 1797 1796 1800 1830 1773 1834 1835 1836 1831 1800 1837 1772 1800 1838 1837 1839 1834 1773 1839 1840 1841 1841 1842 1835 1840 1843 1841 1841 1843 1842 1839 1773 1772 1843 1844 1842 1839 1841 1834 1845 1842 1844 1835 1842 1845 1841 1835 1834 1772 1771 1800 1773 1830 1771 1846 1847 1845 1835 1845 1847 1834 1835 1831 1847 1848 1836 1849 1838 1833 1800 1796 1833 1800 1833 1838 1848 1850 1836 1847 1836 1835 1830 1834 1831 1771 1804 1797 1830 1805 1804 1851 1848 1846 1846 1848 1847 1831 1836 1827 1852 1848 1851 1853 1849 1854 1833 1783 1849 1783 1854 1849 1804 1799 1797 1783 1833 1784 1855 1798 1799 1796 1795 1784 1856 1857 1850 1827 1836 1850 1805 1831 1827 1799 1804 1803 1850 1848 1856 1812 1803 1805 1858 1827 1850 1859 1856 1852 1848 1852 1856 1860 1853 1861 1862 1860 1777 1860 1862 1863 1786 1776 1861 1854 1786 1861 1864 1806 1801 1785 1786 1783 1855 1799 1803 1784 1792 1785 1865 1810 1858 1798 1792 1795 1866 1867 1868 1858 1850 1857 1812 1827 1858 1803 1813 1855 1856 1859 1857 1810 1812 1858 1865 1857 1866 1868 1867 1859 1859 1867 1857 1853 1854 1861 1863 1869 1870 1854 1783 1786 1861 1777 1860 1871 1872 1873 1777 1861 1776 1802 1792 1798 1776 1786 1774 1855 1801 1798 1774 1785 1793 1864 1855 1813 1802 1793 1792 1874 1811 1865 1875 1866 1876 1813 1812 1810 1801 1855 1864 1813 1810 1809 1857 1867 1866 1858 1857 1865 1810 1865 1811 1875 1874 1866 1876 1866 1868 1877 1870 1878 1862 1869 1863 1869 1770 1878 1862 1768 1869 1879 1774 1793 1768 1777 1778 1832 1793 1802 1776 1775 1778 1808 1802 1801 1775 1774 1879 1822 1880 1881 1793 1832 1879 1864 1809 1881 1822 1881 1823 1864 1813 1809 1806 1808 1801 1875 1882 1883 1806 1864 1881 1811 1823 1809 1865 1866 1874 1874 1883 1816 1882 1875 1876 1878 1787 1877 1862 1777 1768 1884 1885 1886 1768 1770 1869 1775 1887 1779 1778 1769 1768 1879 1888 1887 1775 1779 1778 1832 1889 1888 1879 1887 1775 1808 1807 1889 1888 1879 1832 1806 1880 1807 1808 1889 1832 1821 1890 1818 1823 1811 1816 1881 1809 1823 1881 1880 1806 1891 1814 1883 1874 1875 1883 1811 1874 1816 1823 1816 1815 1882 1891 1883 1878 1870 1869 1789 1877 1787 1892 1893 1894 1895 1770 1896 1896 1769 1897 1770 1895 1878 1897 1779 1898 1769 1896 1770 1898 1887 1899 1897 1769 1779 1888 1900 1899 1887 1898 1779 1900 1889 1873 1888 1899 1887 1873 1807 1901 1900 1888 1889 1901 1880 1890 1873 1889 1807 1890 1822 1818 1807 1880 1901 1880 1822 1890 1815 1818 1822 1816 1883 1814 1814 1902 1817 1903 1814 1891 1904 1787 1878 1905 1789 1788 1906 1895 1907 1904 1878 1895 1908 1787 1904 1907 1896 1909 1906 1904 1895 1897 1910 1909 1907 1895 1896 1910 1898 1911 1909 1896 1897 1911 1899 1912 1910 1897 1898 1900 1872 1912 1899 1911 1898 1913 1871 1901 1912 1899 1900 1821 1913 1890 1872 1900 1873 1826 1821 1818 1871 1873 1901 1824 1914 1825 1913 1901 1890 1915 1824 1902 1902 1814 1903 1815 1814 1817 1817 1824 1826 1903 1915 1902 1788 1787 1908 1916 1791 1905 1894 1906 1917 1908 1904 1906 1788 1908 1893 1907 1918 1917 1908 1906 1894 1909 1919 1918 1906 1907 1917 1910 1886 1919 1918 1907 1909 1886 1911 1884 1919 1909 1910 1912 1920 1884 1886 1910 1911 1872 1921 1920 1884 1911 1912 1871 1922 1921 1912 1872 1920 1913 1820 1922 1872 1871 1921 1922 1923 1924 1871 1913 1922 1826 1819 1821 1817 1902 1824 1818 1817 1826 1826 1825 1819 1915 1914 1824 1788 1893 1916 1916 1905 1788 1916 1893 1781 1908 1894 1893 1893 1892 1781 1925 1894 1917 1894 1925 1892 1926 1917 1918 1917 1926 1925 1927 1918 1919 1918 1927 1926 1928 1919 1886 1927 1919 1928 1884 1920 1929 1928 1886 1885 1921 1930 1920 1885 1884 1929 1922 1924 1921 1929 1920 1930 1820 1923 1922 1921 1924 1930 1819 1931 1820 1819 1825 1829 1913 1821 1820 1820 1931 1923 1828 1932 1829 1819 1829 1931 1914 1828 1825 1916 1781 1780 1791 1916 1780 1782 1781 1933 1781 1892 1933 1925 1934 1892 1926 1935 1925 1925 1935 1934 1927 1936 1926 1926 1936 1935 1928 1937 1927 1927 1937 1936 1885 1938 1928 1928 1938 1937 1929 1939 1885 1885 1939 1938 1930 1940 1929 1929 1940 1939 1941 1930 1924 1930 1941 1940 1923 1941 1924 1931 1942 1943 1943 1923 1931 1829 1944 1942 1942 1931 1829 1932 1944 1829 1933 1892 1945 1945 1892 1934 1945 1934 1946 1934 1935 1946 1946 1935 1947 1935 1936 1947 1947 1936 1948 1948 1937 1949 1948 1936 1937 1949 1938 1950 1949 1937 1938 1950 1939 1951 1950 1938 1939 1951 1940 1952 1951 1939 1940 1952 1941 1953 1952 1940 1941 1953 1941 1943 1923 1943 1941 1954 1955 1956 1957 1958 1959 1960 1961 1962 1963 1962 1964 1955 1964 1965 1966 1967 1968 1969 1970 1971 1972 1971 1960 1973 1974 1975 1976 1977 1966 1978 1979 1971 1966 1968 1980 1981 1978 1970 1982 1983 1981 1966 1980 1976 1984 1981 1985 1983 1986 1957 1984 1987 1988 1989 1990 1991 1992 1993 1994 1995 1996 1997 1998 1999 1989 2000 2001 2002 2003 2004 2001 2005 2006 2007 2008 2009 2001 2010 2011 2012 2013 1998 1991 2014 2015 2011 1990 1957 2016 1991 2016 2017 2018 1988 1994 1985 1981 1983 1982 1970 2019 1983 1982 1986 2016 1959 2020 2021 2022 2017 1986 2023 1958 1986 2024 2023 2025 2020 1959 2025 2026 2027 2027 2028 2021 2026 2029 2027 2027 2029 2028 2025 1959 1958 2029 2030 2028 2025 2027 2020 2031 2028 2030 2021 2028 2031 2027 2021 2020 1958 1957 1986 1959 2016 1957 2032 2033 2031 2021 2031 2033 2020 2021 2017 2033 2034 2022 2035 2024 2019 1986 1982 2019 1986 2019 2024 2034 2036 2022 2033 2022 2021 2016 2020 2017 1957 1990 1983 2016 1991 1990 2037 2034 2032 2032 2034 2033 2017 2022 2013 2038 2034 2037 2039 2035 2040 2019 1969 2035 1969 2040 2035 1990 1985 1983 1969 2019 1970 2041 1984 1985 1982 1981 1970 2042 2043 2036 2013 2022 2036 1991 2017 2013 1985 1990 1989 2036 2034 2042 1998 1989 1991 2044 2013 2036 2045 2042 2038 2034 2038 2042 2046 2039 2047 2048 2046 1963 2046 2048 2049 1972 1962 2047 2040 1972 2047 2050 1992 1987 1971 1972 1969 2041 1985 1989 1970 1978 1971 2051 1996 2044 1984 1978 1981 2052 2053 2054 2044 2036 2043 1998 2013 2044 1989 1999 2041 2042 2045 2043 1996 1998 2044 2051 2043 2052 2054 2053 2045 2045 2053 2043 2039 2040 2047 2049 2055 2056 2040 1969 1972 2047 1963 2046 2057 2058 2059 1963 2047 1962 1988 1978 1984 1962 1972 1960 2041 1987 1984 1960 1971 1979 2050 2041 1999 1988 1979 1978 2060 1997 2051 2061 2052 2062 1999 1998 1996 1987 2041 2050 1999 1996 1995 2043 2053 2052 2044 2043 2051 1996 2051 1997 2061 2060 2052 2062 2052 2054 2063 2056 2064 2048 2055 2049 2055 1956 2064 2048 1954 2055 2065 1960 1979 1954 1963 1964 2018 1979 1988 1962 1961 1964 1994 1988 1987 1961 1960 2065 2008 2066 2067 1979 2018 2065 2050 1995 2067 2008 2067 2009 2050 1999 1995 1992 1994 1987 2061 2068 2069 1992 2050 2067 1997 2009 1995 2051 2052 2060 2060 2069 2002 2068 2061 2062 2064 1973 2063 2048 1963 1954 2070 2071 2072 1954 1956 2055 1961 2073 1965 1964 1955 1954 2065 2074 2073 1961 1965 1964 2018 2075 2074 2065 2073 1961 1994 1993 2075 2074 2065 2018 1992 2066 1993 1994 2075 2018 2007 2076 2004 2009 1997 2002 2067 1995 2009 2067 2066 1992 2077 2000 2069 2060 2061 2069 1997 2060 2002 2009 2002 2001 2068 2077 2069 2064 2056 2055 1975 2063 1973 2078 2079 2080 2081 1956 2082 2082 1955 2083 1956 2081 2064 2083 1965 2084 1955 2082 1956 2084 2073 2085 2083 1955 1965 2074 2086 2085 2073 2084 1965 2086 2075 2059 2074 2085 2073 2059 1993 2087 2086 2074 2075 2087 2066 2076 2059 2075 1993 2076 2008 2004 1993 2066 2087 2066 2008 2076 2001 2004 2008 2002 2069 2000 2000 2088 2003 2089 2000 2077 2090 1973 2064 2091 1975 1974 2092 2081 2093 2090 2064 2081 2094 1973 2090 2093 2082 2095 2092 2090 2081 2083 2096 2095 2093 2081 2082 2096 2084 2097 2095 2082 2083 2097 2085 2098 2096 2083 2084 2086 2058 2098 2085 2097 2084 2099 2057 2087 2098 2085 2086 2007 2099 2076 2058 2086 2059 2012 2007 2004 2057 2059 2087 2010 2100 2011 2099 2087 2076 2101 2010 2088 2088 2000 2089 2001 2000 2003 2003 2010 2012 2089 2101 2088 1974 1973 2094 2102 1977 2091 2080 2092 2103 2094 2090 2092 1974 2094 2079 2093 2104 2103 2094 2092 2080 2095 2105 2104 2092 2093 2103 2096 2072 2105 2104 2093 2095 2072 2097 2070 2105 2095 2096 2098 2106 2070 2072 2096 2097 2058 2107 2106 2070 2097 2098 2057 2108 2107 2098 2058 2106 2099 2006 2108 2058 2057 2107 2108 2109 2110 2057 2099 2108 2012 2005 2007 2003 2088 2010 2004 2003 2012 2012 2011 2005 2101 2100 2010 1974 2079 2102 2102 2091 1974 2102 2079 1967 2094 2080 2079 2079 2078 1967 2111 2080 2103 2080 2111 2078 2112 2103 2104 2103 2112 2111 2113 2104 2105 2104 2113 2112 2114 2105 2072 2113 2105 2114 2070 2106 2115 2114 2072 2071 2107 2116 2106 2071 2070 2115 2108 2110 2107 2115 2106 2116 2006 2109 2108 2107 2110 2116 2005 2117 2006 2005 2011 2015 2099 2007 2006 2006 2117 2109 2014 2118 2015 2005 2015 2117 2100 2014 2011 2102 1967 1966 1977 2102 1966 1968 1967 2119 1967 2078 2119 2111 2120 2078 2112 2121 2111 2111 2121 2120 2113 2122 2112 2112 2122 2121 2114 2123 2113 2113 2123 2122 2071 2124 2114 2114 2124 2123 2115 2125 2071 2071 2125 2124 2116 2126 2115 2115 2126 2125 2127 2116 2110 2116 2127 2126 2109 2127 2110 2117 2128 2129 2129 2109 2117 2015 2130 2128 2128 2117 2015 2118 2130 2015 2119 2078 2131 2131 2078 2120 2131 2120 2132 2120 2121 2132 2132 2121 2133 2121 2122 2133 2133 2122 2134 2134 2123 2135 2134 2122 2123 2135 2124 2136 2135 2123 2124 2136 2125 2137 2136 2124 2125 2137 2126 2138 2137 2125 2126 2138 2127 2139 2138 2126 2127 2139 2127 2129 2109 2129 2127</p>
        </triangles>
      </mesh>
    </geometry>
  </library_geometries>

  <library_visual_scenes>
    <visual_scene id="ID1">
      <node id="ID2">
        <instance_geometry url="#ID3">
          <bind_material>
            <technique_common>
              <instance_material symbol="ID9" target="#ID9"/>
            </technique_common>
          </bind_material>
        </instance_geometry>
      </node>
    </visual_scene>
  </library_visual_scenes>

  <scene>
    <instance_visual_scene url="#ID1"/>
  </scene>

  <library_nodes/>

</COLLADA>
